Total ETFs in foreign_etfs: 1000
Existing ETFs with data: 3, Need to fetch: 998
CAIQ: 108 rows fetched
CAMX: 501 rows fetched
CAFG: 501 rows fetched
CAIE: 212 rows fetched
CANC: 501 rows fetched
CALI: 501 rows fetched
CAFX: 406 rows fetched
CAM: 141 rows fetched
CAML: 501 rows fetched
CALF: 501 rows fetched
POST status 409: {"code":"23505","details":"Key (symbol, date)=(CAIQ, 2025-11-20) already exists.","hint":null,"messa
POST status 409: {"code":"23505","details":"Key (symbol, date)=(CAIQ, 2025-11-20) already exists.","hint":null,"messa
POST status 409: {"code":"23505","details":"Key (symbol, date)=(CAIQ, 2025-11-20) already exists.","hint":null,"messa
FAILED after 3 retries for CAIQ
CAIQ: INSERT FAILED
POST status 409: {"code":"23505","details":"Key (symbol, date)=(CAMX, 2024-04-29) already exists.","hint":null,"messa
POST status 409: {"code":"23505","details":"Key (symbol, date)=(CAMX, 2024-04-29) already exists.","hint":null,"messa
POST status 409: {"code":"23505","details":"Key (symbol, date)=(CAMX, 2024-04-29) already exists.","hint":null,"messa
FAILED after 3 retries for CAMX
CAMX: INSERT FAILED
POST status 409: {"code":"23505","details":"Key (symbol, date)=(CAFG, 2024-04-29) already exists.","hint":null,"messa
POST status 409: {"code":"23505","details":"Key (symbol, date)=(CAFG, 2024-04-29) already exists.","hint":null,"messa
POST status 409: {"code":"23505","details":"Key (symbol, date)=(CAFG, 2024-04-29) already exists.","hint":null,"messa
FAILED after 3 retries for CAFG
CAFG: INSERT FAILED
POST status 409: {"code":"23505","details":"Key (symbol, date)=(CAIE, 2025-06-25) already exists.","hint":null,"messa
POST status 409: {"code":"23505","details":"Key (symbol, date)=(CAIE, 2025-06-25) already exists.","hint":null,"messa
POST status 409: {"code":"23505","details":"Key (symbol, date)=(CAIE, 2025-06-25) already exists.","hint":null,"messa
FAILED after 3 retries for CAIE
CAIE: INSERT FAILED
POST status 409: {"code":"23505","details":"Key (symbol, date)=(CANC, 2024-04-29) already exists.","hint":null,"messa
POST status 409: {"code":"23505","details":"Key (symbol, date)=(CANC, 2024-04-29) already exists.","hint":null,"messa
POST status 409: {"code":"23505","details":"Key (symbol, date)=(CANC, 2024-04-29) already exists.","hint":null,"messa
FAILED after 3 retries for CANC
CANC: INSERT FAILED
POST status 409: {"code":"23505","details":"Key (symbol, date)=(CALI, 2024-04-29) already exists.","hint":null,"messa
POST status 409: {"code":"23505","details":"Key (symbol, date)=(CALI, 2024-04-29) already exists.","hint":null,"messa
POST status 409: {"code":"23505","details":"Key (symbol, date)=(CALI, 2024-04-29) already exists.","hint":null,"messa
FAILED after 3 retries for CALI
CALI: INSERT FAILED
POST status 409: {"code":"23505","details":"Key (symbol, date)=(CAFX, 2024-09-13) already exists.","hint":null,"messa
POST status 409: {"code":"23505","details":"Key (symbol, date)=(CAFX, 2024-09-13) already exists.","hint":null,"messa
POST status 409: {"code":"23505","details":"Key (symbol, date)=(CAFX, 2024-09-13) already exists.","hint":null,"messa
FAILED after 3 retries for CAFX
CAFX: INSERT FAILED
POST status 409: {"code":"23505","details":"Key (symbol, date)=(CAM, 2025-10-06) already exists.","hint":null,"messag
POST status 409: {"code":"23505","details":"Key (symbol, date)=(CAM, 2025-10-06) already exists.","hint":null,"messag
POST status 409: {"code":"23505","details":"Key (symbol, date)=(CAM, 2025-10-06) already exists.","hint":null,"messag
FAILED after 3 retries for CAM
CAM: INSERT FAILED
POST status 409: {"code":"23505","details":"Key (symbol, date)=(CAML, 2024-04-29) already exists.","hint":null,"messa
POST status 409: {"code":"23505","details":"Key (symbol, date)=(CAML, 2024-04-29) already exists.","hint":null,"messa
POST status 409: {"code":"23505","details":"Key (symbol, date)=(CAML, 2024-04-29) already exists.","hint":null,"messa
FAILED after 3 retries for CAML
CAML: INSERT FAILED
POST status 409: {"code":"23505","details":"Key (symbol, date)=(CALF, 2024-04-29) already exists.","hint":null,"messa
POST status 409: {"code":"23505","details":"Key (symbol, date)=(CALF, 2024-04-29) already exists.","hint":null,"messa
POST status 409: {"code":"23505","details":"Key (symbol, date)=(CALF, 2024-04-29) already exists.","hint":null,"messa
FAILED after 3 retries for CALF
CALF: INSERT FAILED
CARU: 450 rows fetched
CAOS: 501 rows fetched
CARD: 451 rows fetched
CANE: 501 rows fetched
CARZ: 501 rows fetched
CANQ: 501 rows fetched
CARK: 501 rows fetched
CAPE: 501 rows fetched
CAS: 323 rows fetched
CARY: 501 rows fetched
POST status 409: {"code":"23505","details":"Key (symbol, date)=(CARU, 2024-07-12) already exists.","hint":null,"messa
POST status 409: {"code":"23505","details":"Key (symbol, date)=(CARU, 2024-07-12) already exists.","hint":null,"messa
POST status 409: {"code":"23505","details":"Key (symbol, date)=(CARU, 2024-07-12) already exists.","hint":null,"messa
FAILED after 3 retries for CARU
CARU: INSERT FAILED
POST status 409: {"code":"23505","details":"Key (symbol, date)=(CAOS, 2024-04-29) already exists.","hint":null,"messa
POST status 409: {"code":"23505","details":"Key (symbol, date)=(CAOS, 2024-04-29) already exists.","hint":null,"messa
POST status 409: {"code":"23505","details":"Key (symbol, date)=(CAOS, 2024-04-29) already exists.","hint":null,"messa
FAILED after 3 retries for CAOS
CAOS: INSERT FAILED
POST status 409: {"code":"23505","details":"Key (symbol, date)=(CARD, 2024-07-11) already exists.","hint":null,"messa
POST status 409: {"code":"23505","details":"Key (symbol, date)=(CARD, 2024-07-11) already exists.","hint":null,"messa
POST status 409: {"code":"23505","details":"Key (symbol, date)=(CARD, 2024-07-11) already exists.","hint":null,"messa
FAILED after 3 retries for CARD
CARD: INSERT FAILED
POST status 409: {"code":"23505","details":"Key (symbol, date)=(CANE, 2024-04-29) already exists.","hint":null,"messa
POST status 409: {"code":"23505","details":"Key (symbol, date)=(CANE, 2024-04-29) already exists.","hint":null,"messa
POST status 409: {"code":"23505","details":"Key (symbol, date)=(CANE, 2024-04-29) already exists.","hint":null,"messa
FAILED after 3 retries for CANE
CANE: INSERT FAILED
POST status 409: {"code":"23505","details":"Key (symbol, date)=(CARZ, 2024-04-29) already exists.","hint":null,"messa
POST status 409: {"code":"23505","details":"Key (symbol, date)=(CARZ, 2024-04-29) already exists.","hint":null,"messa
POST status 409: {"code":"23505","details":"Key (symbol, date)=(CARZ, 2024-04-29) already exists.","hint":null,"messa
FAILED after 3 retries for CARZ
CARZ: INSERT FAILED
POST status 409: {"code":"23505","details":"Key (symbol, date)=(CANQ, 2024-04-29) already exists.","hint":null,"messa
POST status 409: {"code":"23505","details":"Key (symbol, date)=(CANQ, 2024-04-29) already exists.","hint":null,"messa
POST status 409: {"code":"23505","details":"Key (symbol, date)=(CANQ, 2024-04-29) already exists.","hint":null,"messa
FAILED after 3 retries for CANQ
CANQ: INSERT FAILED
POST status 409: {"code":"23505","details":"Key (symbol, date)=(CARK, 2024-04-29) already exists.","hint":null,"messa
POST status 409: {"code":"23505","details":"Key (symbol, date)=(CARK, 2024-04-29) already exists.","hint":null,"messa
POST status 409: {"code":"23505","details":"Key (symbol, date)=(CARK, 2024-04-29) already exists.","hint":null,"messa
FAILED after 3 retries for CARK
CARK: INSERT FAILED
POST status 409: {"code":"23505","details":"Key (symbol, date)=(CAPE, 2024-04-29) already exists.","hint":null,"messa
POST status 409: {"code":"23505","details":"Key (symbol, date)=(CAPE, 2024-04-29) already exists.","hint":null,"messa
POST status 409: {"code":"23505","details":"Key (symbol, date)=(CAPE, 2024-04-29) already exists.","hint":null,"messa
FAILED after 3 retries for CAPE
CAPE: INSERT FAILED
POST status 409: {"code":"23505","details":"Key (symbol, date)=(CAS, 2025-01-14) already exists.","hint":null,"messag
POST status 409: {"code":"23505","details":"Key (symbol, date)=(CAS, 2025-01-14) already exists.","hint":null,"messag
POST status 409: {"code":"23505","details":"Key (symbol, date)=(CAS, 2025-01-14) already exists.","hint":null,"messag
FAILED after 3 retries for CAS
CAS: INSERT FAILED
POST status 409: {"code":"23505","details":"Key (symbol, date)=(CARY, 2024-04-29) already exists.","hint":null,"messa
POST status 409: {"code":"23505","details":"Key (symbol, date)=(CARY, 2024-04-29) already exists.","hint":null,"messa
POST status 409: {"code":"23505","details":"Key (symbol, date)=(CARY, 2024-04-29) already exists.","hint":null,"messa
FAILED after 3 retries for CARY
CARY: INSERT FAILED
CBOY: 204 rows fetched
CBOL: 135 rows fetched
CBOA: 266 rows fetched
CATF: 446 rows fetched
CBOX: 8 rows fetched
CBOJ: 318 rows fetched
CATH: 501 rows fetched
CBON: 501 rows fetched
CBOO: 140 rows fetched
CBLS: 501 rows fetched
POST status 409: {"code":"23505","details":"Key (symbol, date)=(CBOY, 2025-07-08) already exists.","hint":null,"messa
POST status 409: {"code":"23505","details":"Key (symbol, date)=(CBOY, 2025-07-08) already exists.","hint":null,"messa
POST status 409: {"code":"23505","details":"Key (symbol, date)=(CBOY, 2025-07-08) already exists.","hint":null,"messa
FAILED after 3 retries for CBOY
CBOY: INSERT FAILED
POST status 409: {"code":"23505","details":"Key (symbol, date)=(CBOL, 2025-10-14) already exists.","hint":null,"messa
POST status 409: {"code":"23505","details":"Key (symbol, date)=(CBOL, 2025-10-14) already exists.","hint":null,"messa
POST status 409: {"code":"23505","details":"Key (symbol, date)=(CBOL, 2025-10-14) already exists.","hint":null,"messa
FAILED after 3 retries for CBOL
CBOL: INSERT FAILED
POST status 409: {"code":"23505","details":"Key (symbol, date)=(CBOA, 2025-04-07) already exists.","hint":null,"messa
POST status 409: {"code":"23505","details":"Key (symbol, date)=(CBOA, 2025-04-07) already exists.","hint":null,"messa
POST status 409: {"code":"23505","details":"Key (symbol, date)=(CBOA, 2025-04-07) already exists.","hint":null,"messa
FAILED after 3 retries for CBOA
CBOA: INSERT FAILED
POST status 409: {"code":"23505","details":"Key (symbol, date)=(CATF, 2024-07-18) already exists.","hint":null,"messa
POST status 409: {"code":"23505","details":"Key (symbol, date)=(CATF, 2024-07-18) already exists.","hint":null,"messa
POST status 409: {"code":"23505","details":"Key (symbol, date)=(CATF, 2024-07-18) already exists.","hint":null,"messa
FAILED after 3 retries for CATF
CATF: INSERT FAILED
POST status 409: {"code":"23505","details":"Key (symbol, date)=(CBOX, 2026-04-17) already exists.","hint":null,"messa
POST status 409: {"code":"23505","details":"Key (symbol, date)=(CBOX, 2026-04-17) already exists.","hint":null,"messa
POST status 409: {"code":"23505","details":"Key (symbol, date)=(CBOX, 2026-04-17) already exists.","hint":null,"messa
FAILED after 3 retries for CBOX
CBOX: INSERT FAILED
POST status 409: {"code":"23505","details":"Key (symbol, date)=(CBOJ, 2025-01-22) already exists.","hint":null,"messa
POST status 409: {"code":"23505","details":"Key (symbol, date)=(CBOJ, 2025-01-22) already exists.","hint":null,"messa
POST status 409: {"code":"23505","details":"Key (symbol, date)=(CBOJ, 2025-01-22) already exists.","hint":null,"messa
FAILED after 3 retries for CBOJ
CBOJ: INSERT FAILED
POST status 409: {"code":"23505","details":"Key (symbol, date)=(CATH, 2024-04-29) already exists.","hint":null,"messa
POST status 409: {"code":"23505","details":"Key (symbol, date)=(CATH, 2024-04-29) already exists.","hint":null,"messa
POST status 409: {"code":"23505","details":"Key (symbol, date)=(CATH, 2024-04-29) already exists.","hint":null,"messa
FAILED after 3 retries for CATH
CATH: INSERT FAILED
POST status 409: {"code":"23505","details":"Key (symbol, date)=(CBON, 2024-04-29) already exists.","hint":null,"messa
POST status 409: {"code":"23505","details":"Key (symbol, date)=(CBON, 2024-04-29) already exists.","hint":null,"messa
POST status 409: {"code":"23505","details":"Key (symbol, date)=(CBON, 2024-04-29) already exists.","hint":null,"messa
FAILED after 3 retries for CBON
CBON: INSERT FAILED
POST status 409: {"code":"23505","details":"Key (symbol, date)=(CBOO, 2025-10-07) already exists.","hint":null,"messa
POST status 409: {"code":"23505","details":"Key (symbol, date)=(CBOO, 2025-10-07) already exists.","hint":null,"messa
POST status 409: {"code":"23505","details":"Key (symbol, date)=(CBOO, 2025-10-07) already exists.","hint":null,"messa
FAILED after 3 retries for CBOO
CBOO: INSERT FAILED
POST status 409: {"code":"23505","details":"Key (symbol, date)=(CBLS, 2024-04-29) already exists.","hint":null,"messa
POST status 409: {"code":"23505","details":"Key (symbol, date)=(CBLS, 2024-04-29) already exists.","hint":null,"messa
POST status 409: {"code":"23505","details":"Key (symbol, date)=(CBLS, 2024-04-29) already exists.","hint":null,"messa
FAILED after 3 retries for CBLS
CBLS: INSERT FAILED
CBXJ: 309 rows fetched
CBTA: 266 rows fetched
CBXL: 135 rows fetched
CBTY: 204 rows fetched
CBXA: 266 rows fetched
CBSE: 501 rows fetched
CBTO: 140 rows fetched
CBXO: 140 rows fetched
CBTL: 135 rows fetched
CBTJ: 309 rows fetched
POST status 409: {"code":"23505","details":"Key (symbol, date)=(CBXJ, 2025-02-04) already exists.","hint":null,"messa
POST status 409: {"code":"23505","details":"Key (symbol, date)=(CBXJ, 2025-02-04) already exists.","hint":null,"messa
POST status 409: {"code":"23505","details":"Key (symbol, date)=(CBXJ, 2025-02-04) already exists.","hint":null,"messa
FAILED after 3 retries for CBXJ
CBXJ: INSERT FAILED
POST status 409: {"code":"23505","details":"Key (symbol, date)=(CBTA, 2025-04-07) already exists.","hint":null,"messa
POST status 409: {"code":"23505","details":"Key (symbol, date)=(CBTA, 2025-04-07) already exists.","hint":null,"messa
POST status 409: {"code":"23505","details":"Key (symbol, date)=(CBTA, 2025-04-07) already exists.","hint":null,"messa
FAILED after 3 retries for CBTA
CBTA: INSERT FAILED
POST status 409: {"code":"23505","details":"Key (symbol, date)=(CBXL, 2025-10-14) already exists.","hint":null,"messa
POST status 409: {"code":"23505","details":"Key (symbol, date)=(CBXL, 2025-10-14) already exists.","hint":null,"messa
POST status 409: {"code":"23505","details":"Key (symbol, date)=(CBXL, 2025-10-14) already exists.","hint":null,"messa
FAILED after 3 retries for CBXL
CBXL: INSERT FAILED
POST status 409: {"code":"23505","details":"Key (symbol, date)=(CBTY, 2025-07-08) already exists.","hint":null,"messa
POST status 409: {"code":"23505","details":"Key (symbol, date)=(CBTY, 2025-07-08) already exists.","hint":null,"messa
POST status 409: {"code":"23505","details":"Key (symbol, date)=(CBTY, 2025-07-08) already exists.","hint":null,"messa
FAILED after 3 retries for CBTY
CBTY: INSERT FAILED
POST status 409: {"code":"23505","details":"Key (symbol, date)=(CBXA, 2025-04-07) already exists.","hint":null,"messa
POST status 409: {"code":"23505","details":"Key (symbol, date)=(CBXA, 2025-04-07) already exists.","hint":null,"messa
POST status 409: {"code":"23505","details":"Key (symbol, date)=(CBXA, 2025-04-07) already exists.","hint":null,"messa
FAILED after 3 retries for CBXA
CBXA: INSERT FAILED
POST status 409: {"code":"23505","details":"Key (symbol, date)=(CBSE, 2024-04-29) already exists.","hint":null,"messa
POST status 409: {"code":"23505","details":"Key (symbol, date)=(CBSE, 2024-04-29) already exists.","hint":null,"messa
POST status 409: {"code":"23505","details":"Key (symbol, date)=(CBSE, 2024-04-29) already exists.","hint":null,"messa
FAILED after 3 retries for CBSE
CBSE: INSERT FAILED
POST status 409: {"code":"23505","details":"Key (symbol, date)=(CBTO, 2025-10-07) already exists.","hint":null,"messa
POST status 409: {"code":"23505","details":"Key (symbol, date)=(CBTO, 2025-10-07) already exists.","hint":null,"messa
POST status 409: {"code":"23505","details":"Key (symbol, date)=(CBTO, 2025-10-07) already exists.","hint":null,"messa
FAILED after 3 retries for CBTO
CBTO: INSERT FAILED
POST status 409: {"code":"23505","details":"Key (symbol, date)=(CBXO, 2025-10-07) already exists.","hint":null,"messa
POST status 409: {"code":"23505","details":"Key (symbol, date)=(CBXO, 2025-10-07) already exists.","hint":null,"messa
POST status 409: {"code":"23505","details":"Key (symbol, date)=(CBXO, 2025-10-07) already exists.","hint":null,"messa
FAILED after 3 retries for CBXO
CBXO: INSERT FAILED
POST status 409: {"code":"23505","details":"Key (symbol, date)=(CBTL, 2025-10-14) already exists.","hint":null,"messa
POST status 409: {"code":"23505","details":"Key (symbol, date)=(CBTL, 2025-10-14) already exists.","hint":null,"messa
POST status 409: {"code":"23505","details":"Key (symbol, date)=(CBTL, 2025-10-14) already exists.","hint":null,"messa
FAILED after 3 retries for CBTL
CBTL: INSERT FAILED
POST status 409: {"code":"23505","details":"Key (symbol, date)=(CBTJ, 2025-02-04) already exists.","hint":null,"messa
POST status 409: {"code":"23505","details":"Key (symbol, date)=(CBTJ, 2025-02-04) already exists.","hint":null,"messa
POST status 409: {"code":"23505","details":"Key (symbol, date)=(CBTJ, 2025-02-04) already exists.","hint":null,"messa
FAILED after 3 retries for CBTJ
CBTJ: INSERT FAILED
CCOR: 501 rows fetched
CCUP: 180 rows fetched
CBXY: 204 rows fetched
CCEF: 501 rows fetched
CCFE: 220 rows fetched
CCNR: 451 rows fetched
CDC: 501 rows fetched
CCOM: 63 rows fetched
CCSO: 501 rows fetched
CCSB: 501 rows fetched
POST status 409: {"code":"23505","details":"Key (symbol, date)=(CCOR, 2024-04-29) already exists.","hint":null,"messa
POST status 409: {"code":"23505","details":"Key (symbol, date)=(CCOR, 2024-04-29) already exists.","hint":null,"messa
POST status 409: {"code":"23505","details":"Key (symbol, date)=(CCOR, 2024-04-29) already exists.","hint":null,"messa
FAILED after 3 retries for CCOR
CCOR: INSERT FAILED
POST status 409: {"code":"23505","details":"Key (symbol, date)=(CCUP, 2025-08-11) already exists.","hint":null,"messa
POST status 409: {"code":"23505","details":"Key (symbol, date)=(CCUP, 2025-08-11) already exists.","hint":null,"messa
POST status 409: {"code":"23505","details":"Key (symbol, date)=(CCUP, 2025-08-11) already exists.","hint":null,"messa
FAILED after 3 retries for CCUP
CCUP: INSERT FAILED
POST status 409: {"code":"23505","details":"Key (symbol, date)=(CBXY, 2025-07-08) already exists.","hint":null,"messa
POST status 409: {"code":"23505","details":"Key (symbol, date)=(CBXY, 2025-07-08) already exists.","hint":null,"messa
POST status 409: {"code":"23505","details":"Key (symbol, date)=(CBXY, 2025-07-08) already exists.","hint":null,"messa
FAILED after 3 retries for CBXY
CBXY: INSERT FAILED
POST status 409: {"code":"23505","details":"Key (symbol, date)=(CCEF, 2024-04-29) already exists.","hint":null,"messa
POST status 409: {"code":"23505","details":"Key (symbol, date)=(CCEF, 2024-04-29) already exists.","hint":null,"messa
POST status 409: {"code":"23505","details":"Key (symbol, date)=(CCEF, 2024-04-29) already exists.","hint":null,"messa
FAILED after 3 retries for CCEF
CCEF: INSERT FAILED
POST status 409: {"code":"23505","details":"Key (symbol, date)=(CCFE, 2025-06-12) already exists.","hint":null,"messa
POST status 409: {"code":"23505","details":"Key (symbol, date)=(CCFE, 2025-06-12) already exists.","hint":null,"messa
POST status 409: {"code":"23505","details":"Key (symbol, date)=(CCFE, 2025-06-12) already exists.","hint":null,"messa
FAILED after 3 retries for CCFE
CCFE: INSERT FAILED
POST status 409: {"code":"23505","details":"Key (symbol, date)=(CCNR, 2024-07-11) already exists.","hint":null,"messa
POST status 409: {"code":"23505","details":"Key (symbol, date)=(CCNR, 2024-07-11) already exists.","hint":null,"messa
POST status 409: {"code":"23505","details":"Key (symbol, date)=(CCNR, 2024-07-11) already exists.","hint":null,"messa
FAILED after 3 retries for CCNR
CCNR: INSERT FAILED
POST status 409: {"code":"23505","details":"Key (symbol, date)=(CDC, 2024-04-29) already exists.","hint":null,"messag
POST status 409: {"code":"23505","details":"Key (symbol, date)=(CDC, 2024-04-29) already exists.","hint":null,"messag
POST status 409: {"code":"23505","details":"Key (symbol, date)=(CDC, 2024-04-29) already exists.","hint":null,"messag
FAILED after 3 retries for CDC
CDC: INSERT FAILED
POST status 409: {"code":"23505","details":"Key (symbol, date)=(CCOM, 2026-01-28) already exists.","hint":null,"messa
POST status 409: {"code":"23505","details":"Key (symbol, date)=(CCOM, 2026-01-28) already exists.","hint":null,"messa
POST status 409: {"code":"23505","details":"Key (symbol, date)=(CCOM, 2026-01-28) already exists.","hint":null,"messa
FAILED after 3 retries for CCOM
CCOM: INSERT FAILED
POST status 409: {"code":"23505","details":"Key (symbol, date)=(CCSO, 2024-04-29) already exists.","hint":null,"messa
POST status 409: {"code":"23505","details":"Key (symbol, date)=(CCSO, 2024-04-29) already exists.","hint":null,"messa
POST status 409: {"code":"23505","details":"Key (symbol, date)=(CCSO, 2024-04-29) already exists.","hint":null,"messa
FAILED after 3 retries for CCSO
CCSO: INSERT FAILED
POST status 409: {"code":"23505","details":"Key (symbol, date)=(CCSB, 2024-04-29) already exists.","hint":null,"messa
POST status 409: {"code":"23505","details":"Key (symbol, date)=(CCSB, 2024-04-29) already exists.","hint":null,"messa
POST status 409: {"code":"23505","details":"Key (symbol, date)=(CCSB, 2024-04-29) already exists.","hint":null,"messa
FAILED after 3 retries for CCSB
CCSB: INSERT FAILED
CDEI: 501 rows fetched
CDX: 501 rows fetched
CEFD: 501 rows fetched
CEFZ: 185 rows fetched
CEGX: 201 rows fetched
CEFA: 501 rows fetched
CDIG: 154 rows fetched
CEMB: 501 rows fetched
CEFS: 501 rows fetched
CDL: 501 rows fetched
POST status 409: {"code":"23505","details":"Key (symbol, date)=(CDEI, 2024-04-29) already exists.","hint":null,"messa
POST status 409: {"code":"23505","details":"Key (symbol, date)=(CDEI, 2024-04-29) already exists.","hint":null,"messa
POST status 409: {"code":"23505","details":"Key (symbol, date)=(CDEI, 2024-04-29) already exists.","hint":null,"messa
FAILED after 3 retries for CDEI
CDEI: INSERT FAILED
POST status 409: {"code":"23505","details":"Key (symbol, date)=(CDX, 2024-04-29) already exists.","hint":null,"messag
POST status 409: {"code":"23505","details":"Key (symbol, date)=(CDX, 2024-04-29) already exists.","hint":null,"messag
POST status 409: {"code":"23505","details":"Key (symbol, date)=(CDX, 2024-04-29) already exists.","hint":null,"messag
FAILED after 3 retries for CDX
CDX: INSERT FAILED
POST status 409: {"code":"23505","details":"Key (symbol, date)=(CEFD, 2024-04-29) already exists.","hint":null,"messa
POST status 409: {"code":"23505","details":"Key (symbol, date)=(CEFD, 2024-04-29) already exists.","hint":null,"messa
POST status 409: {"code":"23505","details":"Key (symbol, date)=(CEFD, 2024-04-29) already exists.","hint":null,"messa
FAILED after 3 retries for CEFD
CEFD: INSERT FAILED
POST status 409: {"code":"23505","details":"Key (symbol, date)=(CEFZ, 2025-08-04) already exists.","hint":null,"messa
POST status 409: {"code":"23505","details":"Key (symbol, date)=(CEFZ, 2025-08-04) already exists.","hint":null,"messa
POST status 409: {"code":"23505","details":"Key (symbol, date)=(CEFZ, 2025-08-04) already exists.","hint":null,"messa
FAILED after 3 retries for CEFZ
CEFZ: INSERT FAILED
POST status 409: {"code":"23505","details":"Key (symbol, date)=(CEGX, 2025-07-11) already exists.","hint":null,"messa
POST status 409: {"code":"23505","details":"Key (symbol, date)=(CEGX, 2025-07-11) already exists.","hint":null,"messa
POST status 409: {"code":"23505","details":"Key (symbol, date)=(CEGX, 2025-07-11) already exists.","hint":null,"messa
FAILED after 3 retries for CEGX
CEGX: INSERT FAILED
POST status 409: {"code":"23505","details":"Key (symbol, date)=(CEFA, 2024-04-29) already exists.","hint":null,"messa
POST status 409: {"code":"23505","details":"Key (symbol, date)=(CEFA, 2024-04-29) already exists.","hint":null,"messa
POST status 409: {"code":"23505","details":"Key (symbol, date)=(CEFA, 2024-04-29) already exists.","hint":null,"messa
FAILED after 3 retries for CEFA
CEFA: INSERT FAILED
POST status 409: {"code":"23505","details":"Key (symbol, date)=(CDIG, 2025-09-17) already exists.","hint":null,"messa
POST status 409: {"code":"23505","details":"Key (symbol, date)=(CDIG, 2025-09-17) already exists.","hint":null,"messa
POST status 409: {"code":"23505","details":"Key (symbol, date)=(CDIG, 2025-09-17) already exists.","hint":null,"messa
FAILED after 3 retries for CDIG
CDIG: INSERT FAILED
POST status 409: {"code":"23505","details":"Key (symbol, date)=(CEMB, 2024-04-29) already exists.","hint":null,"messa
POST status 409: {"code":"23505","details":"Key (symbol, date)=(CEMB, 2024-04-29) already exists.","hint":null,"messa
POST status 409: {"code":"23505","details":"Key (symbol, date)=(CEMB, 2024-04-29) already exists.","hint":null,"messa
FAILED after 3 retries for CEMB
CEMB: INSERT FAILED
POST status 409: {"code":"23505","details":"Key (symbol, date)=(CEFS, 2024-04-29) already exists.","hint":null,"messa
POST status 409: {"code":"23505","details":"Key (symbol, date)=(CEFS, 2024-04-29) already exists.","hint":null,"messa
POST status 409: {"code":"23505","details":"Key (symbol, date)=(CEFS, 2024-04-29) already exists.","hint":null,"messa
FAILED after 3 retries for CEFS
CEFS: INSERT FAILED
POST status 409: {"code":"23505","details":"Key (symbol, date)=(CDL, 2024-04-29) already exists.","hint":null,"messag
POST status 409: {"code":"23505","details":"Key (symbol, date)=(CDL, 2024-04-29) already exists.","hint":null,"messag
POST status 409: {"code":"23505","details":"Key (symbol, date)=(CDL, 2024-04-29) already exists.","hint":null,"messag
FAILED after 3 retries for CDL
CDL: INSERT FAILED
CGBL: 501 rows fetched
CGCB: 501 rows fetched
CGCV: 460 rows fetched
CERY: 412 rows fetched
CFIT: 272 rows fetched
CEPI: 349 rows fetched
CEW: 501 rows fetched
CFA: 501 rows fetched
CFO: 501 rows fetched
CGCP: 501 rows fetched
POST status 409: {"code":"23505","details":"Key (symbol, date)=(CGBL, 2024-04-29) already exists.","hint":null,"messa
POST status 409: {"code":"23505","details":"Key (symbol, date)=(CGBL, 2024-04-29) already exists.","hint":null,"messa
POST status 409: {"code":"23505","details":"Key (symbol, date)=(CGBL, 2024-04-29) already exists.","hint":null,"messa
FAILED after 3 retries for CGBL
CGBL: INSERT FAILED
POST status 409: {"code":"23505","details":"Key (symbol, date)=(CGCB, 2024-04-29) already exists.","hint":null,"messa
POST status 409: {"code":"23505","details":"Key (symbol, date)=(CGCB, 2024-04-29) already exists.","hint":null,"messa
POST status 409: {"code":"23505","details":"Key (symbol, date)=(CGCB, 2024-04-29) already exists.","hint":null,"messa
FAILED after 3 retries for CGCB
CGCB: INSERT FAILED
POST status 409: {"code":"23505","details":"Key (symbol, date)=(CGCV, 2024-06-27) already exists.","hint":null,"messa
POST status 409: {"code":"23505","details":"Key (symbol, date)=(CGCV, 2024-06-27) already exists.","hint":null,"messa
POST status 409: {"code":"23505","details":"Key (symbol, date)=(CGCV, 2024-06-27) already exists.","hint":null,"messa
FAILED after 3 retries for CGCV
CGCV: INSERT FAILED
POST status 409: {"code":"23505","details":"Key (symbol, date)=(CERY, 2024-09-05) already exists.","hint":null,"messa
POST status 409: {"code":"23505","details":"Key (symbol, date)=(CERY, 2024-09-05) already exists.","hint":null,"messa
POST status 409: {"code":"23505","details":"Key (symbol, date)=(CERY, 2024-09-05) already exists.","hint":null,"messa
FAILED after 3 retries for CERY
CERY: INSERT FAILED
POST status 409: {"code":"23505","details":"Key (symbol, date)=(CFIT, 2025-03-28) already exists.","hint":null,"messa
POST status 409: {"code":"23505","details":"Key (symbol, date)=(CFIT, 2025-03-28) already exists.","hint":null,"messa
POST status 409: {"code":"23505","details":"Key (symbol, date)=(CFIT, 2025-03-28) already exists.","hint":null,"messa
FAILED after 3 retries for CFIT
CFIT: INSERT FAILED
POST status 409: {"code":"23505","details":"Key (symbol, date)=(CEPI, 2024-12-04) already exists.","hint":null,"messa
POST status 409: {"code":"23505","details":"Key (symbol, date)=(CEPI, 2024-12-04) already exists.","hint":null,"messa
POST status 409: {"code":"23505","details":"Key (symbol, date)=(CEPI, 2024-12-04) already exists.","hint":null,"messa
FAILED after 3 retries for CEPI
CEPI: INSERT FAILED
POST status 409: {"code":"23505","details":"Key (symbol, date)=(CEW, 2024-04-29) already exists.","hint":null,"messag
POST status 409: {"code":"23505","details":"Key (symbol, date)=(CEW, 2024-04-29) already exists.","hint":null,"messag
POST status 409: {"code":"23505","details":"Key (symbol, date)=(CEW, 2024-04-29) already exists.","hint":null,"messag
FAILED after 3 retries for CEW
CEW: INSERT FAILED
POST status 409: {"code":"23505","details":"Key (symbol, date)=(CFA, 2024-04-29) already exists.","hint":null,"messag
POST status 409: {"code":"23505","details":"Key (symbol, date)=(CFA, 2024-04-29) already exists.","hint":null,"messag
POST status 409: {"code":"23505","details":"Key (symbol, date)=(CFA, 2024-04-29) already exists.","hint":null,"messag
FAILED after 3 retries for CFA
CFA: INSERT FAILED
POST status 409: {"code":"23505","details":"Key (symbol, date)=(CFO, 2024-04-29) already exists.","hint":null,"messag
POST status 409: {"code":"23505","details":"Key (symbol, date)=(CFO, 2024-04-29) already exists.","hint":null,"messag
POST status 409: {"code":"23505","details":"Key (symbol, date)=(CFO, 2024-04-29) already exists.","hint":null,"messag
FAILED after 3 retries for CFO
CFO: INSERT FAILED
POST status 409: {"code":"23505","details":"Key (symbol, date)=(CGCP, 2024-04-29) already exists.","hint":null,"messa
POST status 409: {"code":"23505","details":"Key (symbol, date)=(CGCP, 2024-04-29) already exists.","hint":null,"messa
POST status 409: {"code":"23505","details":"Key (symbol, date)=(CGCP, 2024-04-29) already exists.","hint":null,"messa
FAILED after 3 retries for CGCP
CGCP: INSERT FAILED
CGDG: 501 rows fetched
CGGR: 501 rows fetched
CGIB: 460 rows fetched
CGIC: 460 rows fetched
CGGG: 211 rows fetched
CGGO: 501 rows fetched
CGHY: 211 rows fetched
CGGE: 460 rows fetched
CGDV: 501 rows fetched
CGHM: 460 rows fetched
POST status 409: {"code":"23505","details":"Key (symbol, date)=(CGDG, 2024-04-29) already exists.","hint":null,"messa
POST status 409: {"code":"23505","details":"Key (symbol, date)=(CGDG, 2024-04-29) already exists.","hint":null,"messa
POST status 409: {"code":"23505","details":"Key (symbol, date)=(CGDG, 2024-04-29) already exists.","hint":null,"messa
FAILED after 3 retries for CGDG
CGDG: INSERT FAILED
POST status 409: {"code":"23505","details":"Key (symbol, date)=(CGGR, 2024-04-29) already exists.","hint":null,"messa
POST status 409: {"code":"23505","details":"Key (symbol, date)=(CGGR, 2024-04-29) already exists.","hint":null,"messa
POST status 409: {"code":"23505","details":"Key (symbol, date)=(CGGR, 2024-04-29) already exists.","hint":null,"messa
FAILED after 3 retries for CGGR
CGGR: INSERT FAILED
POST status 409: {"code":"23505","details":"Key (symbol, date)=(CGIB, 2024-06-27) already exists.","hint":null,"messa
POST status 409: {"code":"23505","details":"Key (symbol, date)=(CGIB, 2024-06-27) already exists.","hint":null,"messa
POST status 409: {"code":"23505","details":"Key (symbol, date)=(CGIB, 2024-06-27) already exists.","hint":null,"messa
FAILED after 3 retries for CGIB
CGIB: INSERT FAILED
POST status 409: {"code":"23505","details":"Key (symbol, date)=(CGIC, 2024-06-27) already exists.","hint":null,"messa
POST status 409: {"code":"23505","details":"Key (symbol, date)=(CGIC, 2024-06-27) already exists.","hint":null,"messa
POST status 409: {"code":"23505","details":"Key (symbol, date)=(CGIC, 2024-06-27) already exists.","hint":null,"messa
FAILED after 3 retries for CGIC
CGIC: INSERT FAILED
POST status 409: {"code":"23505","details":"Key (symbol, date)=(CGGG, 2025-06-26) already exists.","hint":null,"messa
POST status 409: {"code":"23505","details":"Key (symbol, date)=(CGGG, 2025-06-26) already exists.","hint":null,"messa
POST status 409: {"code":"23505","details":"Key (symbol, date)=(CGGG, 2025-06-26) already exists.","hint":null,"messa
FAILED after 3 retries for CGGG
CGGG: INSERT FAILED
POST status 409: {"code":"23505","details":"Key (symbol, date)=(CGGO, 2024-04-29) already exists.","hint":null,"messa
POST status 409: {"code":"23505","details":"Key (symbol, date)=(CGGO, 2024-04-29) already exists.","hint":null,"messa
POST status 409: {"code":"23505","details":"Key (symbol, date)=(CGGO, 2024-04-29) already exists.","hint":null,"messa
FAILED after 3 retries for CGGO
CGGO: INSERT FAILED
POST status 409: {"code":"23505","details":"Key (symbol, date)=(CGHY, 2025-06-26) already exists.","hint":null,"messa
POST status 409: {"code":"23505","details":"Key (symbol, date)=(CGHY, 2025-06-26) already exists.","hint":null,"messa
POST status 409: {"code":"23505","details":"Key (symbol, date)=(CGHY, 2025-06-26) already exists.","hint":null,"messa
FAILED after 3 retries for CGHY
CGHY: INSERT FAILED
POST status 409: {"code":"23505","details":"Key (symbol, date)=(CGGE, 2024-06-27) already exists.","hint":null,"messa
POST status 409: {"code":"23505","details":"Key (symbol, date)=(CGGE, 2024-06-27) already exists.","hint":null,"messa
POST status 409: {"code":"23505","details":"Key (symbol, date)=(CGGE, 2024-06-27) already exists.","hint":null,"messa
FAILED after 3 retries for CGGE
CGGE: INSERT FAILED
POST status 409: {"code":"23505","details":"Key (symbol, date)=(CGDV, 2024-04-29) already exists.","hint":null,"messa
POST status 409: {"code":"23505","details":"Key (symbol, date)=(CGDV, 2024-04-29) already exists.","hint":null,"messa
POST status 409: {"code":"23505","details":"Key (symbol, date)=(CGDV, 2024-04-29) already exists.","hint":null,"messa
FAILED after 3 retries for CGDV
CGDV: INSERT FAILED
POST status 409: {"code":"23505","details":"Key (symbol, date)=(CGHM, 2024-06-27) already exists.","hint":null,"messa
POST status 409: {"code":"23505","details":"Key (symbol, date)=(CGHM, 2024-06-27) already exists.","hint":null,"messa
POST status 409: {"code":"23505","details":"Key (symbol, date)=(CGHM, 2024-06-27) already exists.","hint":null,"messa
FAILED after 3 retries for CGHM
CGHM: INSERT FAILED
CGSD: 501 rows fetched
CGMM: 321 rows fetched
CGIE: 501 rows fetched
CGMS: 501 rows fetched
CGRO: 501 rows fetched
CGUI: 460 rows fetched
CGNG: 460 rows fetched
CGMU: 501 rows fetched
CGUS: 501 rows fetched
CGSM: 501 rows fetched
POST status 409: {"code":"23505","details":"Key (symbol, date)=(CGSD, 2024-04-29) already exists.","hint":null,"messa
POST status 409: {"code":"23505","details":"Key (symbol, date)=(CGSD, 2024-04-29) already exists.","hint":null,"messa
POST status 409: {"code":"23505","details":"Key (symbol, date)=(CGSD, 2024-04-29) already exists.","hint":null,"messa
FAILED after 3 retries for CGSD
CGSD: INSERT FAILED
POST status 409: {"code":"23505","details":"Key (symbol, date)=(CGMM, 2025-01-16) already exists.","hint":null,"messa
POST status 409: {"code":"23505","details":"Key (symbol, date)=(CGMM, 2025-01-16) already exists.","hint":null,"messa
POST status 409: {"code":"23505","details":"Key (symbol, date)=(CGMM, 2025-01-16) already exists.","hint":null,"messa
FAILED after 3 retries for CGMM
CGMM: INSERT FAILED
POST status 409: {"code":"23505","details":"Key (symbol, date)=(CGIE, 2024-04-29) already exists.","hint":null,"messa
POST status 409: {"code":"23505","details":"Key (symbol, date)=(CGIE, 2024-04-29) already exists.","hint":null,"messa
POST status 409: {"code":"23505","details":"Key (symbol, date)=(CGIE, 2024-04-29) already exists.","hint":null,"messa
FAILED after 3 retries for CGIE
CGIE: INSERT FAILED
POST status 409: {"code":"23505","details":"Key (symbol, date)=(CGMS, 2024-04-29) already exists.","hint":null,"messa
POST status 409: {"code":"23505","details":"Key (symbol, date)=(CGMS, 2024-04-29) already exists.","hint":null,"messa
POST status 409: {"code":"23505","details":"Key (symbol, date)=(CGMS, 2024-04-29) already exists.","hint":null,"messa
FAILED after 3 retries for CGMS
CGMS: INSERT FAILED
POST status 409: {"code":"23505","details":"Key (symbol, date)=(CGRO, 2024-04-29) already exists.","hint":null,"messa
POST status 409: {"code":"23505","details":"Key (symbol, date)=(CGRO, 2024-04-29) already exists.","hint":null,"messa
POST status 409: {"code":"23505","details":"Key (symbol, date)=(CGRO, 2024-04-29) already exists.","hint":null,"messa
FAILED after 3 retries for CGRO
CGRO: INSERT FAILED
POST status 409: {"code":"23505","details":"Key (symbol, date)=(CGUI, 2024-06-27) already exists.","hint":null,"messa
POST status 409: {"code":"23505","details":"Key (symbol, date)=(CGUI, 2024-06-27) already exists.","hint":null,"messa
POST status 409: {"code":"23505","details":"Key (symbol, date)=(CGUI, 2024-06-27) already exists.","hint":null,"messa
FAILED after 3 retries for CGUI
CGUI: INSERT FAILED
POST status 409: {"code":"23505","details":"Key (symbol, date)=(CGNG, 2024-06-27) already exists.","hint":null,"messa
POST status 409: {"code":"23505","details":"Key (symbol, date)=(CGNG, 2024-06-27) already exists.","hint":null,"messa
POST status 409: {"code":"23505","details":"Key (symbol, date)=(CGNG, 2024-06-27) already exists.","hint":null,"messa
FAILED after 3 retries for CGNG
CGNG: INSERT FAILED
POST status 409: {"code":"23505","details":"Key (symbol, date)=(CGMU, 2024-04-29) already exists.","hint":null,"messa
POST status 409: {"code":"23505","details":"Key (symbol, date)=(CGMU, 2024-04-29) already exists.","hint":null,"messa
POST status 409: {"code":"23505","details":"Key (symbol, date)=(CGMU, 2024-04-29) already exists.","hint":null,"messa
FAILED after 3 retries for CGMU
CGMU: INSERT FAILED
POST status 409: {"code":"23505","details":"Key (symbol, date)=(CGUS, 2024-04-29) already exists.","hint":null,"messa
POST status 409: {"code":"23505","details":"Key (symbol, date)=(CGUS, 2024-04-29) already exists.","hint":null,"messa
POST status 409: {"code":"23505","details":"Key (symbol, date)=(CGUS, 2024-04-29) already exists.","hint":null,"messa
FAILED after 3 retries for CGUS
CGUS: INSERT FAILED
POST status 409: {"code":"23505","details":"Key (symbol, date)=(CGSM, 2024-04-29) already exists.","hint":null,"messa
POST status 409: {"code":"23505","details":"Key (symbol, date)=(CGSM, 2024-04-29) already exists.","hint":null,"messa
POST status 409: {"code":"23505","details":"Key (symbol, date)=(CGSM, 2024-04-29) already exists.","hint":null,"messa
FAILED after 3 retries for CGSM
CGSM: INSERT FAILED
CGVV: 211 rows fetched
CHNL: 19 rows fetched
CHAT: 501 rows fetched
CHIQ: 501 rows fetched
CGV: 501 rows fetched
CHGX: 501 rows fetched
CHAU: 501 rows fetched
CGXU: 501 rows fetched
CGW: 501 rows fetched
CHNU: 19 rows fetched
POST status 409: {"code":"23505","details":"Key (symbol, date)=(CGVV, 2025-06-26) already exists.","hint":null,"messa
POST status 409: {"code":"23505","details":"Key (symbol, date)=(CGVV, 2025-06-26) already exists.","hint":null,"messa
POST status 409: {"code":"23505","details":"Key (symbol, date)=(CGVV, 2025-06-26) already exists.","hint":null,"messa
FAILED after 3 retries for CGVV
CGVV: INSERT FAILED
POST status 409: {"code":"23505","details":"Key (symbol, date)=(CHNL, 2026-04-01) already exists.","hint":null,"messa
POST status 409: {"code":"23505","details":"Key (symbol, date)=(CHNL, 2026-04-01) already exists.","hint":null,"messa
POST status 409: {"code":"23505","details":"Key (symbol, date)=(CHNL, 2026-04-01) already exists.","hint":null,"messa
FAILED after 3 retries for CHNL
CHNL: INSERT FAILED
POST status 409: {"code":"23505","details":"Key (symbol, date)=(CHAT, 2024-04-29) already exists.","hint":null,"messa
POST status 409: {"code":"23505","details":"Key (symbol, date)=(CHAT, 2024-04-29) already exists.","hint":null,"messa
POST status 409: {"code":"23505","details":"Key (symbol, date)=(CHAT, 2024-04-29) already exists.","hint":null,"messa
FAILED after 3 retries for CHAT
CHAT: INSERT FAILED
POST status 409: {"code":"23505","details":"Key (symbol, date)=(CHIQ, 2024-04-29) already exists.","hint":null,"messa
POST status 409: {"code":"23505","details":"Key (symbol, date)=(CHIQ, 2024-04-29) already exists.","hint":null,"messa
POST status 409: {"code":"23505","details":"Key (symbol, date)=(CHIQ, 2024-04-29) already exists.","hint":null,"messa
FAILED after 3 retries for CHIQ
CHIQ: INSERT FAILED
POST status 409: {"code":"23505","details":"Key (symbol, date)=(CGV, 2024-04-29) already exists.","hint":null,"messag
POST status 409: {"code":"23505","details":"Key (symbol, date)=(CGV, 2024-04-29) already exists.","hint":null,"messag
POST status 409: {"code":"23505","details":"Key (symbol, date)=(CGV, 2024-04-29) already exists.","hint":null,"messag
FAILED after 3 retries for CGV
CGV: INSERT FAILED
POST status 409: {"code":"23505","details":"Key (symbol, date)=(CHGX, 2024-04-29) already exists.","hint":null,"messa
POST status 409: {"code":"23505","details":"Key (symbol, date)=(CHGX, 2024-04-29) already exists.","hint":null,"messa
POST status 409: {"code":"23505","details":"Key (symbol, date)=(CHGX, 2024-04-29) already exists.","hint":null,"messa
FAILED after 3 retries for CHGX
CHGX: INSERT FAILED
POST status 409: {"code":"23505","details":"Key (symbol, date)=(CHAU, 2024-04-29) already exists.","hint":null,"messa
POST status 409: {"code":"23505","details":"Key (symbol, date)=(CHAU, 2024-04-29) already exists.","hint":null,"messa
POST status 409: {"code":"23505","details":"Key (symbol, date)=(CHAU, 2024-04-29) already exists.","hint":null,"messa
FAILED after 3 retries for CHAU
CHAU: INSERT FAILED
POST status 409: {"code":"23505","details":"Key (symbol, date)=(CGXU, 2024-04-29) already exists.","hint":null,"messa
POST status 409: {"code":"23505","details":"Key (symbol, date)=(CGXU, 2024-04-29) already exists.","hint":null,"messa
POST status 409: {"code":"23505","details":"Key (symbol, date)=(CGXU, 2024-04-29) already exists.","hint":null,"messa
FAILED after 3 retries for CGXU
CGXU: INSERT FAILED
POST status 409: {"code":"23505","details":"Key (symbol, date)=(CGW, 2024-04-29) already exists.","hint":null,"messag
POST status 409: {"code":"23505","details":"Key (symbol, date)=(CGW, 2024-04-29) already exists.","hint":null,"messag
POST status 409: {"code":"23505","details":"Key (symbol, date)=(CGW, 2024-04-29) already exists.","hint":null,"messag
FAILED after 3 retries for CGW
CGW: INSERT FAILED
POST status 409: {"code":"23505","details":"Key (symbol, date)=(CHNU, 2026-04-01) already exists.","hint":null,"messa
POST status 409: {"code":"23505","details":"Key (symbol, date)=(CHNU, 2026-04-01) already exists.","hint":null,"messa
POST status 409: {"code":"23505","details":"Key (symbol, date)=(CHNU, 2026-04-01) already exists.","hint":null,"messa
FAILED after 3 retries for CHNU
CHNU: INSERT FAILED
CIFU: 107 rows fetched
CLCG: 193 rows fetched
CIFG: 94 rows fetched
CLIP: 501 rows fetched
CHPY: 265 rows fetched
CHRI: 149 rows fetched
CHPX: 144 rows fetched
CLCV: 193 rows fetched
CIBR: 501 rows fetched
CHPS: 501 rows fetched
POST status 409: {"code":"23505","details":"Key (symbol, date)=(CIFU, 2025-11-21) already exists.","hint":null,"messa
POST status 409: {"code":"23505","details":"Key (symbol, date)=(CIFU, 2025-11-21) already exists.","hint":null,"messa
POST status 409: {"code":"23505","details":"Key (symbol, date)=(CIFU, 2025-11-21) already exists.","hint":null,"messa
FAILED after 3 retries for CIFU
CIFU: INSERT FAILED
POST status 409: {"code":"23505","details":"Key (symbol, date)=(CLCG, 2025-07-23) already exists.","hint":null,"messa
POST status 409: {"code":"23505","details":"Key (symbol, date)=(CLCG, 2025-07-23) already exists.","hint":null,"messa
POST status 409: {"code":"23505","details":"Key (symbol, date)=(CLCG, 2025-07-23) already exists.","hint":null,"messa
FAILED after 3 retries for CLCG
CLCG: INSERT FAILED
POST status 409: {"code":"23505","details":"Key (symbol, date)=(CIFG, 2025-12-11) already exists.","hint":null,"messa
POST status 409: {"code":"23505","details":"Key (symbol, date)=(CIFG, 2025-12-11) already exists.","hint":null,"messa
POST status 409: {"code":"23505","details":"Key (symbol, date)=(CIFG, 2025-12-11) already exists.","hint":null,"messa
FAILED after 3 retries for CIFG
CIFG: INSERT FAILED
POST status 409: {"code":"23505","details":"Key (symbol, date)=(CLIP, 2024-04-29) already exists.","hint":null,"messa
POST status 409: {"code":"23505","details":"Key (symbol, date)=(CLIP, 2024-04-29) already exists.","hint":null,"messa
POST status 409: {"code":"23505","details":"Key (symbol, date)=(CLIP, 2024-04-29) already exists.","hint":null,"messa
FAILED after 3 retries for CLIP
CLIP: INSERT FAILED
POST status 409: {"code":"23505","details":"Key (symbol, date)=(CHPY, 2025-04-08) already exists.","hint":null,"messa
POST status 409: {"code":"23505","details":"Key (symbol, date)=(CHPY, 2025-04-08) already exists.","hint":null,"messa
POST status 409: {"code":"23505","details":"Key (symbol, date)=(CHPY, 2025-04-08) already exists.","hint":null,"messa
FAILED after 3 retries for CHPY
CHPY: INSERT FAILED
POST status 409: {"code":"23505","details":"Key (symbol, date)=(CHRI, 2025-09-24) already exists.","hint":null,"messa
POST status 409: {"code":"23505","details":"Key (symbol, date)=(CHRI, 2025-09-24) already exists.","hint":null,"messa
POST status 409: {"code":"23505","details":"Key (symbol, date)=(CHRI, 2025-09-24) already exists.","hint":null,"messa
FAILED after 3 retries for CHRI
CHRI: INSERT FAILED
POST status 409: {"code":"23505","details":"Key (symbol, date)=(CHPX, 2025-10-01) already exists.","hint":null,"messa
POST status 409: {"code":"23505","details":"Key (symbol, date)=(CHPX, 2025-10-01) already exists.","hint":null,"messa
POST status 409: {"code":"23505","details":"Key (symbol, date)=(CHPX, 2025-10-01) already exists.","hint":null,"messa
FAILED after 3 retries for CHPX
CHPX: INSERT FAILED
POST status 409: {"code":"23505","details":"Key (symbol, date)=(CLCV, 2025-07-23) already exists.","hint":null,"messa
POST status 409: {"code":"23505","details":"Key (symbol, date)=(CLCV, 2025-07-23) already exists.","hint":null,"messa
POST status 409: {"code":"23505","details":"Key (symbol, date)=(CLCV, 2025-07-23) already exists.","hint":null,"messa
FAILED after 3 retries for CLCV
CLCV: INSERT FAILED
POST status 409: {"code":"23505","details":"Key (symbol, date)=(CIBR, 2024-04-29) already exists.","hint":null,"messa
POST status 409: {"code":"23505","details":"Key (symbol, date)=(CIBR, 2024-04-29) already exists.","hint":null,"messa
POST status 409: {"code":"23505","details":"Key (symbol, date)=(CIBR, 2024-04-29) already exists.","hint":null,"messa
FAILED after 3 retries for CIBR
CIBR: INSERT FAILED
POST status 409: {"code":"23505","details":"Key (symbol, date)=(CHPS, 2024-04-29) already exists.","hint":null,"messa
POST status 409: {"code":"23505","details":"Key (symbol, date)=(CHPS, 2024-04-29) already exists.","hint":null,"messa
POST status 409: {"code":"23505","details":"Key (symbol, date)=(CHPS, 2024-04-29) already exists.","hint":null,"messa
FAILED after 3 retries for CHPS
CHPS: INSERT FAILED
CLOX: 501 rows fetched
CLSM: 501 rows fetched
CLOI: 501 rows fetched
CLOD: 501 rows fetched
CLOB: 398 rows fetched
CLOU: 501 rows fetched
CLSE: 501 rows fetched
CLOA: 501 rows fetched
CLOZ: 501 rows fetched
CLIX: 501 rows fetched
POST status 409: {"code":"23505","details":"Key (symbol, date)=(CLOX, 2024-04-29) already exists.","hint":null,"messa
POST status 409: {"code":"23505","details":"Key (symbol, date)=(CLOX, 2024-04-29) already exists.","hint":null,"messa
POST status 409: {"code":"23505","details":"Key (symbol, date)=(CLOX, 2024-04-29) already exists.","hint":null,"messa
FAILED after 3 retries for CLOX
CLOX: INSERT FAILED
POST status 409: {"code":"23505","details":"Key (symbol, date)=(CLSM, 2024-04-29) already exists.","hint":null,"messa
POST status 409: {"code":"23505","details":"Key (symbol, date)=(CLSM, 2024-04-29) already exists.","hint":null,"messa
POST status 409: {"code":"23505","details":"Key (symbol, date)=(CLSM, 2024-04-29) already exists.","hint":null,"messa
FAILED after 3 retries for CLSM
CLSM: INSERT FAILED
POST status 409: {"code":"23505","details":"Key (symbol, date)=(CLOI, 2024-04-29) already exists.","hint":null,"messa
POST status 409: {"code":"23505","details":"Key (symbol, date)=(CLOI, 2024-04-29) already exists.","hint":null,"messa
POST status 409: {"code":"23505","details":"Key (symbol, date)=(CLOI, 2024-04-29) already exists.","hint":null,"messa
FAILED after 3 retries for CLOI
CLOI: INSERT FAILED
POST status 409: {"code":"23505","details":"Key (symbol, date)=(CLOD, 2024-04-29) already exists.","hint":null,"messa
POST status 409: {"code":"23505","details":"Key (symbol, date)=(CLOD, 2024-04-29) already exists.","hint":null,"messa
POST status 409: {"code":"23505","details":"Key (symbol, date)=(CLOD, 2024-04-29) already exists.","hint":null,"messa
FAILED after 3 retries for CLOD
CLOD: INSERT FAILED
POST status 409: {"code":"23505","details":"Key (symbol, date)=(CLOB, 2024-09-25) already exists.","hint":null,"messa
POST status 409: {"code":"23505","details":"Key (symbol, date)=(CLOB, 2024-09-25) already exists.","hint":null,"messa
POST status 409: {"code":"23505","details":"Key (symbol, date)=(CLOB, 2024-09-25) already exists.","hint":null,"messa
FAILED after 3 retries for CLOB
CLOB: INSERT FAILED
POST status 409: {"code":"23505","details":"Key (symbol, date)=(CLOU, 2024-04-29) already exists.","hint":null,"messa
POST status 409: {"code":"23505","details":"Key (symbol, date)=(CLOU, 2024-04-29) already exists.","hint":null,"messa
POST status 409: {"code":"23505","details":"Key (symbol, date)=(CLOU, 2024-04-29) already exists.","hint":null,"messa
FAILED after 3 retries for CLOU
CLOU: INSERT FAILED
POST status 409: {"code":"23505","details":"Key (symbol, date)=(CLSE, 2024-04-29) already exists.","hint":null,"messa
POST status 409: {"code":"23505","details":"Key (symbol, date)=(CLSE, 2024-04-29) already exists.","hint":null,"messa
POST status 409: {"code":"23505","details":"Key (symbol, date)=(CLSE, 2024-04-29) already exists.","hint":null,"messa
FAILED after 3 retries for CLSE
CLSE: INSERT FAILED
POST status 409: {"code":"23505","details":"Key (symbol, date)=(CLOA, 2024-04-29) already exists.","hint":null,"messa
POST status 409: {"code":"23505","details":"Key (symbol, date)=(CLOA, 2024-04-29) already exists.","hint":null,"messa
POST status 409: {"code":"23505","details":"Key (symbol, date)=(CLOA, 2024-04-29) already exists.","hint":null,"messa
FAILED after 3 retries for CLOA
CLOA: INSERT FAILED
POST status 409: {"code":"23505","details":"Key (symbol, date)=(CLOZ, 2024-04-29) already exists.","hint":null,"messa
POST status 409: {"code":"23505","details":"Key (symbol, date)=(CLOZ, 2024-04-29) already exists.","hint":null,"messa
POST status 409: {"code":"23505","details":"Key (symbol, date)=(CLOZ, 2024-04-29) already exists.","hint":null,"messa
FAILED after 3 retries for CLOZ
CLOZ: INSERT FAILED
POST status 409: {"code":"23505","details":"Key (symbol, date)=(CLIX, 2024-04-29) already exists.","hint":null,"messa
POST status 409: {"code":"23505","details":"Key (symbol, date)=(CLIX, 2024-04-29) already exists.","hint":null,"messa
POST status 409: {"code":"23505","details":"Key (symbol, date)=(CLIX, 2024-04-29) already exists.","hint":null,"messa
FAILED after 3 retries for CLIX
CLIX: INSERT FAILED
CMGG: 111 rows fetched
CLSZ: 48 rows fetched
CMBO: 120 rows fetched
CLSX: 155 rows fetched
CMCI: 501 rows fetched
CMDT: 501 rows fetched
CMDY: 501 rows fetched
CMBS: 501 rows fetched
CMF: 501 rows fetched
CNAV: 394 rows fetched
POST status 409: {"code":"23505","details":"Key (symbol, date)=(CMGG, 2025-11-17) already exists.","hint":null,"messa
POST status 409: {"code":"23505","details":"Key (symbol, date)=(CMGG, 2025-11-17) already exists.","hint":null,"messa
POST status 409: {"code":"23505","details":"Key (symbol, date)=(CMGG, 2025-11-17) already exists.","hint":null,"messa
FAILED after 3 retries for CMGG
CMGG: INSERT FAILED
POST status 409: {"code":"23505","details":"Key (symbol, date)=(CLSZ, 2026-02-19) already exists.","hint":null,"messa
POST status 409: {"code":"23505","details":"Key (symbol, date)=(CLSZ, 2026-02-19) already exists.","hint":null,"messa
POST status 409: {"code":"23505","details":"Key (symbol, date)=(CLSZ, 2026-02-19) already exists.","hint":null,"messa
FAILED after 3 retries for CLSZ
CLSZ: INSERT FAILED
POST status 409: {"code":"23505","details":"Key (symbol, date)=(CMBO, 2025-11-04) already exists.","hint":null,"messa
POST status 409: {"code":"23505","details":"Key (symbol, date)=(CMBO, 2025-11-04) already exists.","hint":null,"messa
POST status 409: {"code":"23505","details":"Key (symbol, date)=(CMBO, 2025-11-04) already exists.","hint":null,"messa
FAILED after 3 retries for CMBO
CMBO: INSERT FAILED
POST status 409: {"code":"23505","details":"Key (symbol, date)=(CLSX, 2025-09-16) already exists.","hint":null,"messa
POST status 409: {"code":"23505","details":"Key (symbol, date)=(CLSX, 2025-09-16) already exists.","hint":null,"messa
POST status 409: {"code":"23505","details":"Key (symbol, date)=(CLSX, 2025-09-16) already exists.","hint":null,"messa
FAILED after 3 retries for CLSX
CLSX: INSERT FAILED
POST status 409: {"code":"23505","details":"Key (symbol, date)=(CMCI, 2024-04-29) already exists.","hint":null,"messa
POST status 409: {"code":"23505","details":"Key (symbol, date)=(CMCI, 2024-04-29) already exists.","hint":null,"messa
POST status 409: {"code":"23505","details":"Key (symbol, date)=(CMCI, 2024-04-29) already exists.","hint":null,"messa
FAILED after 3 retries for CMCI
CMCI: INSERT FAILED
POST status 409: {"code":"23505","details":"Key (symbol, date)=(CMDT, 2024-04-29) already exists.","hint":null,"messa
POST status 409: {"code":"23505","details":"Key (symbol, date)=(CMDT, 2024-04-29) already exists.","hint":null,"messa
POST status 409: {"code":"23505","details":"Key (symbol, date)=(CMDT, 2024-04-29) already exists.","hint":null,"messa
FAILED after 3 retries for CMDT
CMDT: INSERT FAILED
POST status 409: {"code":"23505","details":"Key (symbol, date)=(CMDY, 2024-04-29) already exists.","hint":null,"messa
POST status 409: {"code":"23505","details":"Key (symbol, date)=(CMDY, 2024-04-29) already exists.","hint":null,"messa
POST status 409: {"code":"23505","details":"Key (symbol, date)=(CMDY, 2024-04-29) already exists.","hint":null,"messa
FAILED after 3 retries for CMDY
CMDY: INSERT FAILED
POST status 409: {"code":"23505","details":"Key (symbol, date)=(CMBS, 2024-04-29) already exists.","hint":null,"messa
POST status 409: {"code":"23505","details":"Key (symbol, date)=(CMBS, 2024-04-29) already exists.","hint":null,"messa
POST status 409: {"code":"23505","details":"Key (symbol, date)=(CMBS, 2024-04-29) already exists.","hint":null,"messa
FAILED after 3 retries for CMBS
CMBS: INSERT FAILED
POST status 409: {"code":"23505","details":"Key (symbol, date)=(CMF, 2024-04-29) already exists.","hint":null,"messag
POST status 409: {"code":"23505","details":"Key (symbol, date)=(CMF, 2024-04-29) already exists.","hint":null,"messag
POST status 409: {"code":"23505","details":"Key (symbol, date)=(CMF, 2024-04-29) already exists.","hint":null,"messag
FAILED after 3 retries for CMF
CMF: INSERT FAILED
POST status 409: {"code":"23505","details":"Key (symbol, date)=(CNAV, 2024-10-01) already exists.","hint":null,"messa
POST status 409: {"code":"23505","details":"Key (symbol, date)=(CNAV, 2024-10-01) already exists.","hint":null,"messa
POST status 409: {"code":"23505","details":"Key (symbol, date)=(CNAV, 2024-10-01) already exists.","hint":null,"messa
FAILED after 3 retries for CNAV
CNAV: INSERT FAILED
CNQQ: 147 rows fetched
CNYA: 501 rows fetched
COIG: 281 rows fetched
CNCG: 89 rows fetched
COAL: 501 rows fetched
CNEQ: 501 rows fetched
CNXT: 501 rows fetched
COHX: 48 rows fetched
CNBS: 501 rows fetched
CNRG: 501 rows fetched
POST status 409: {"code":"23505","details":"Key (symbol, date)=(CNQQ, 2025-09-26) already exists.","hint":null,"messa
POST status 409: {"code":"23505","details":"Key (symbol, date)=(CNQQ, 2025-09-26) already exists.","hint":null,"messa
POST status 409: {"code":"23505","details":"Key (symbol, date)=(CNQQ, 2025-09-26) already exists.","hint":null,"messa
FAILED after 3 retries for CNQQ
CNQQ: INSERT FAILED
POST status 409: {"code":"23505","details":"Key (symbol, date)=(CNYA, 2024-04-29) already exists.","hint":null,"messa
POST status 409: {"code":"23505","details":"Key (symbol, date)=(CNYA, 2024-04-29) already exists.","hint":null,"messa
POST status 409: {"code":"23505","details":"Key (symbol, date)=(CNYA, 2024-04-29) already exists.","hint":null,"messa
FAILED after 3 retries for CNYA
CNYA: INSERT FAILED
POST status 409: {"code":"23505","details":"Key (symbol, date)=(COIG, 2025-03-17) already exists.","hint":null,"messa
POST status 409: {"code":"23505","details":"Key (symbol, date)=(COIG, 2025-03-17) already exists.","hint":null,"messa
POST status 409: {"code":"23505","details":"Key (symbol, date)=(COIG, 2025-03-17) already exists.","hint":null,"messa
FAILED after 3 retries for COIG
COIG: INSERT FAILED
POST status 409: {"code":"23505","details":"Key (symbol, date)=(CNCG, 2025-12-18) already exists.","hint":null,"messa
POST status 409: {"code":"23505","details":"Key (symbol, date)=(CNCG, 2025-12-18) already exists.","hint":null,"messa
POST status 409: {"code":"23505","details":"Key (symbol, date)=(CNCG, 2025-12-18) already exists.","hint":null,"messa
FAILED after 3 retries for CNCG
CNCG: INSERT FAILED
POST status 409: {"code":"23505","details":"Key (symbol, date)=(COAL, 2024-04-29) already exists.","hint":null,"messa
POST status 409: {"code":"23505","details":"Key (symbol, date)=(COAL, 2024-04-29) already exists.","hint":null,"messa
POST status 409: {"code":"23505","details":"Key (symbol, date)=(COAL, 2024-04-29) already exists.","hint":null,"messa
FAILED after 3 retries for COAL
COAL: INSERT FAILED
POST status 409: {"code":"23505","details":"Key (symbol, date)=(CNEQ, 2024-04-29) already exists.","hint":null,"messa
POST status 409: {"code":"23505","details":"Key (symbol, date)=(CNEQ, 2024-04-29) already exists.","hint":null,"messa
POST status 409: {"code":"23505","details":"Key (symbol, date)=(CNEQ, 2024-04-29) already exists.","hint":null,"messa
FAILED after 3 retries for CNEQ
CNEQ: INSERT FAILED
POST status 409: {"code":"23505","details":"Key (symbol, date)=(CNXT, 2024-04-29) already exists.","hint":null,"messa
POST status 409: {"code":"23505","details":"Key (symbol, date)=(CNXT, 2024-04-29) already exists.","hint":null,"messa
POST status 409: {"code":"23505","details":"Key (symbol, date)=(CNXT, 2024-04-29) already exists.","hint":null,"messa
FAILED after 3 retries for CNXT
CNXT: INSERT FAILED
POST status 409: {"code":"23505","details":"Key (symbol, date)=(COHX, 2026-02-19) already exists.","hint":null,"messa
POST status 409: {"code":"23505","details":"Key (symbol, date)=(COHX, 2026-02-19) already exists.","hint":null,"messa
POST status 409: {"code":"23505","details":"Key (symbol, date)=(COHX, 2026-02-19) already exists.","hint":null,"messa
FAILED after 3 retries for COHX
COHX: INSERT FAILED
POST status 409: {"code":"23505","details":"Key (symbol, date)=(CNBS, 2024-04-29) already exists.","hint":null,"messa
POST status 409: {"code":"23505","details":"Key (symbol, date)=(CNBS, 2024-04-29) already exists.","hint":null,"messa
POST status 409: {"code":"23505","details":"Key (symbol, date)=(CNBS, 2024-04-29) already exists.","hint":null,"messa
FAILED after 3 retries for CNBS
CNBS: INSERT FAILED
POST status 409: {"code":"23505","details":"Key (symbol, date)=(CNRG, 2024-04-29) already exists.","hint":null,"messa
POST status 409: {"code":"23505","details":"Key (symbol, date)=(CNRG, 2024-04-29) already exists.","hint":null,"messa
POST status 409: {"code":"23505","details":"Key (symbol, date)=(CNRG, 2024-04-29) already exists.","hint":null,"messa
FAILED after 3 retries for CNRG
CNRG: INSERT FAILED
COMD: 53 rows fetched
CONL: 501 rows fetched
COIW: 299 rows fetched
COLO: 501 rows fetched
COIO: 178 rows fetched
COMB: 501 rows fetched
COMT: 501 rows fetched
COM: 501 rows fetched
COII: 226 rows fetched
CONI: 413 rows fetched
POST status 409: {"code":"23505","details":"Key (symbol, date)=(COMD, 2026-02-11) already exists.","hint":null,"messa
POST status 409: {"code":"23505","details":"Key (symbol, date)=(COMD, 2026-02-11) already exists.","hint":null,"messa
POST status 409: {"code":"23505","details":"Key (symbol, date)=(COMD, 2026-02-11) already exists.","hint":null,"messa
FAILED after 3 retries for COMD
COMD: INSERT FAILED
POST status 409: {"code":"23505","details":"Key (symbol, date)=(CONL, 2024-04-29) already exists.","hint":null,"messa
POST status 409: {"code":"23505","details":"Key (symbol, date)=(CONL, 2024-04-29) already exists.","hint":null,"messa
POST status 409: {"code":"23505","details":"Key (symbol, date)=(CONL, 2024-04-29) already exists.","hint":null,"messa
FAILED after 3 retries for CONL
CONL: INSERT FAILED
POST status 409: {"code":"23505","details":"Key (symbol, date)=(COIW, 2025-02-19) already exists.","hint":null,"messa
POST status 409: {"code":"23505","details":"Key (symbol, date)=(COIW, 2025-02-19) already exists.","hint":null,"messa
POST status 409: {"code":"23505","details":"Key (symbol, date)=(COIW, 2025-02-19) already exists.","hint":null,"messa
FAILED after 3 retries for COIW
COIW: INSERT FAILED
POST status 409: {"code":"23505","details":"Key (symbol, date)=(COLO, 2024-04-29) already exists.","hint":null,"messa
POST status 409: {"code":"23505","details":"Key (symbol, date)=(COLO, 2024-04-29) already exists.","hint":null,"messa
POST status 409: {"code":"23505","details":"Key (symbol, date)=(COLO, 2024-04-29) already exists.","hint":null,"messa
FAILED after 3 retries for COLO
COLO: INSERT FAILED
POST status 409: {"code":"23505","details":"Key (symbol, date)=(COIO, 2025-08-13) already exists.","hint":null,"messa
POST status 409: {"code":"23505","details":"Key (symbol, date)=(COIO, 2025-08-13) already exists.","hint":null,"messa
POST status 409: {"code":"23505","details":"Key (symbol, date)=(COIO, 2025-08-13) already exists.","hint":null,"messa
FAILED after 3 retries for COIO
COIO: INSERT FAILED
POST status 409: {"code":"23505","details":"Key (symbol, date)=(COMB, 2024-04-29) already exists.","hint":null,"messa
POST status 409: {"code":"23505","details":"Key (symbol, date)=(COMB, 2024-04-29) already exists.","hint":null,"messa
POST status 409: {"code":"23505","details":"Key (symbol, date)=(COMB, 2024-04-29) already exists.","hint":null,"messa
FAILED after 3 retries for COMB
COMB: INSERT FAILED
POST status 409: {"code":"23505","details":"Key (symbol, date)=(COMT, 2024-04-29) already exists.","hint":null,"messa
POST status 409: {"code":"23505","details":"Key (symbol, date)=(COMT, 2024-04-29) already exists.","hint":null,"messa
POST status 409: {"code":"23505","details":"Key (symbol, date)=(COMT, 2024-04-29) already exists.","hint":null,"messa
FAILED after 3 retries for COMT
COMT: INSERT FAILED
POST status 409: {"code":"23505","details":"Key (symbol, date)=(COM, 2024-04-29) already exists.","hint":null,"messag
POST status 409: {"code":"23505","details":"Key (symbol, date)=(COM, 2024-04-29) already exists.","hint":null,"messag
POST status 409: {"code":"23505","details":"Key (symbol, date)=(COM, 2024-04-29) already exists.","hint":null,"messag
FAILED after 3 retries for COM
COM: INSERT FAILED
POST status 409: {"code":"23505","details":"Key (symbol, date)=(COII, 2025-06-04) already exists.","hint":null,"messa
POST status 409: {"code":"23505","details":"Key (symbol, date)=(COII, 2025-06-04) already exists.","hint":null,"messa
POST status 409: {"code":"23505","details":"Key (symbol, date)=(COII, 2025-06-04) already exists.","hint":null,"messa
FAILED after 3 retries for COII
COII: INSERT FAILED
POST status 409: {"code":"23505","details":"Key (symbol, date)=(CONI, 2024-09-04) already exists.","hint":null,"messa
POST status 409: {"code":"23505","details":"Key (symbol, date)=(CONI, 2024-09-04) already exists.","hint":null,"messa
POST status 409: {"code":"23505","details":"Key (symbol, date)=(CONI, 2024-09-04) already exists.","hint":null,"messa
FAILED after 3 retries for CONI
CONI: INSERT FAILED
CORN: 501 rows fetched
COPJ: 501 rows fetched
CORD: 147 rows fetched
COPX: 501 rows fetched
COPY: 333 rows fetched
CORB: 116 rows fetched
CONY: 501 rows fetched
COPP: 501 rows fetched
COPA: 399 rows fetched
CONX: 109 rows fetched
POST status 409: {"code":"23505","details":"Key (symbol, date)=(CORN, 2024-04-29) already exists.","hint":null,"messa
POST status 409: {"code":"23505","details":"Key (symbol, date)=(CORN, 2024-04-29) already exists.","hint":null,"messa
POST status 409: {"code":"23505","details":"Key (symbol, date)=(CORN, 2024-04-29) already exists.","hint":null,"messa
FAILED after 3 retries for CORN
CORN: INSERT FAILED
POST status 409: {"code":"23505","details":"Key (symbol, date)=(COPJ, 2024-04-29) already exists.","hint":null,"messa
POST status 409: {"code":"23505","details":"Key (symbol, date)=(COPJ, 2024-04-29) already exists.","hint":null,"messa
POST status 409: {"code":"23505","details":"Key (symbol, date)=(COPJ, 2024-04-29) already exists.","hint":null,"messa
FAILED after 3 retries for COPJ
COPJ: INSERT FAILED
POST status 409: {"code":"23505","details":"Key (symbol, date)=(CORD, 2025-09-26) already exists.","hint":null,"messa
POST status 409: {"code":"23505","details":"Key (symbol, date)=(CORD, 2025-09-26) already exists.","hint":null,"messa
POST status 409: {"code":"23505","details":"Key (symbol, date)=(CORD, 2025-09-26) already exists.","hint":null,"messa
FAILED after 3 retries for CORD
CORD: INSERT FAILED
POST status 409: {"code":"23505","details":"Key (symbol, date)=(COPX, 2024-04-29) already exists.","hint":null,"messa
POST status 409: {"code":"23505","details":"Key (symbol, date)=(COPX, 2024-04-29) already exists.","hint":null,"messa
POST status 409: {"code":"23505","details":"Key (symbol, date)=(COPX, 2024-04-29) already exists.","hint":null,"messa
FAILED after 3 retries for COPX
COPX: INSERT FAILED
POST status 409: {"code":"23505","details":"Key (symbol, date)=(COPY, 2024-12-27) already exists.","hint":null,"messa
POST status 409: {"code":"23505","details":"Key (symbol, date)=(COPY, 2024-12-27) already exists.","hint":null,"messa
POST status 409: {"code":"23505","details":"Key (symbol, date)=(COPY, 2024-12-27) already exists.","hint":null,"messa
FAILED after 3 retries for COPY
COPY: INSERT FAILED
POST status 409: {"code":"23505","details":"Key (symbol, date)=(CORB, 2025-11-10) already exists.","hint":null,"messa
POST status 409: {"code":"23505","details":"Key (symbol, date)=(CORB, 2025-11-10) already exists.","hint":null,"messa
POST status 409: {"code":"23505","details":"Key (symbol, date)=(CORB, 2025-11-10) already exists.","hint":null,"messa
FAILED after 3 retries for CORB
CORB: INSERT FAILED
POST status 409: {"code":"23505","details":"Key (symbol, date)=(CONY, 2024-04-29) already exists.","hint":null,"messa
POST status 409: {"code":"23505","details":"Key (symbol, date)=(CONY, 2024-04-29) already exists.","hint":null,"messa
POST status 409: {"code":"23505","details":"Key (symbol, date)=(CONY, 2024-04-29) already exists.","hint":null,"messa
FAILED after 3 retries for CONY
CONY: INSERT FAILED
POST status 409: {"code":"23505","details":"Key (symbol, date)=(COPP, 2024-04-29) already exists.","hint":null,"messa
POST status 409: {"code":"23505","details":"Key (symbol, date)=(COPP, 2024-04-29) already exists.","hint":null,"messa
POST status 409: {"code":"23505","details":"Key (symbol, date)=(COPP, 2024-04-29) already exists.","hint":null,"messa
FAILED after 3 retries for COPP
COPP: INSERT FAILED
POST status 409: {"code":"23505","details":"Key (symbol, date)=(COPA, 2024-09-24) already exists.","hint":null,"messa
POST status 409: {"code":"23505","details":"Key (symbol, date)=(COPA, 2024-09-24) already exists.","hint":null,"messa
POST status 409: {"code":"23505","details":"Key (symbol, date)=(COPA, 2024-09-24) already exists.","hint":null,"messa
FAILED after 3 retries for COPA
COPA: INSERT FAILED
POST status 409: {"code":"23505","details":"Key (symbol, date)=(CONX, 2025-11-19) already exists.","hint":null,"messa
POST status 409: {"code":"23505","details":"Key (symbol, date)=(CONX, 2025-11-19) already exists.","hint":null,"messa
POST status 409: {"code":"23505","details":"Key (symbol, date)=(CONX, 2025-11-19) already exists.","hint":null,"messa
FAILED after 3 retries for CONX
CONX: INSERT FAILED
COYY: 189 rows fetched
CORO: 347 rows fetched
COSW: 128 rows fetched
COWS: 501 rows fetched
CPAG: 179 rows fetched
COWG: 501 rows fetched
COZX: 119 rows fetched
COWZ: 501 rows fetched
COTG: 153 rows fetched
CORP: 501 rows fetched
POST status 409: {"code":"23505","details":"Key (symbol, date)=(COYY, 2025-07-29) already exists.","hint":null,"messa
POST status 409: {"code":"23505","details":"Key (symbol, date)=(COYY, 2025-07-29) already exists.","hint":null,"messa
POST status 409: {"code":"23505","details":"Key (symbol, date)=(COYY, 2025-07-29) already exists.","hint":null,"messa
FAILED after 3 retries for COYY
COYY: INSERT FAILED
POST status 409: {"code":"23505","details":"Key (symbol, date)=(CORO, 2024-12-06) already exists.","hint":null,"messa
POST status 409: {"code":"23505","details":"Key (symbol, date)=(CORO, 2024-12-06) already exists.","hint":null,"messa
POST status 409: {"code":"23505","details":"Key (symbol, date)=(CORO, 2024-12-06) already exists.","hint":null,"messa
FAILED after 3 retries for CORO
CORO: INSERT FAILED
POST status 409: {"code":"23505","details":"Key (symbol, date)=(COSW, 2025-10-23) already exists.","hint":null,"messa
POST status 409: {"code":"23505","details":"Key (symbol, date)=(COSW, 2025-10-23) already exists.","hint":null,"messa
POST status 409: {"code":"23505","details":"Key (symbol, date)=(COSW, 2025-10-23) already exists.","hint":null,"messa
FAILED after 3 retries for COSW
COSW: INSERT FAILED
POST status 409: {"code":"23505","details":"Key (symbol, date)=(COWS, 2024-04-29) already exists.","hint":null,"messa
POST status 409: {"code":"23505","details":"Key (symbol, date)=(COWS, 2024-04-29) already exists.","hint":null,"messa
POST status 409: {"code":"23505","details":"Key (symbol, date)=(COWS, 2024-04-29) already exists.","hint":null,"messa
FAILED after 3 retries for COWS
COWS: INSERT FAILED
POST status 409: {"code":"23505","details":"Key (symbol, date)=(CPAG, 2025-08-12) already exists.","hint":null,"messa
POST status 409: {"code":"23505","details":"Key (symbol, date)=(CPAG, 2025-08-12) already exists.","hint":null,"messa
POST status 409: {"code":"23505","details":"Key (symbol, date)=(CPAG, 2025-08-12) already exists.","hint":null,"messa
FAILED after 3 retries for CPAG
CPAG: INSERT FAILED
POST status 409: {"code":"23505","details":"Key (symbol, date)=(COWG, 2024-04-29) already exists.","hint":null,"messa
POST status 409: {"code":"23505","details":"Key (symbol, date)=(COWG, 2024-04-29) already exists.","hint":null,"messa
POST status 409: {"code":"23505","details":"Key (symbol, date)=(COWG, 2024-04-29) already exists.","hint":null,"messa
FAILED after 3 retries for COWG
COWG: INSERT FAILED
POST status 409: {"code":"23505","details":"Key (symbol, date)=(COZX, 2025-11-05) already exists.","hint":null,"messa
POST status 409: {"code":"23505","details":"Key (symbol, date)=(COZX, 2025-11-05) already exists.","hint":null,"messa
POST status 409: {"code":"23505","details":"Key (symbol, date)=(COZX, 2025-11-05) already exists.","hint":null,"messa
FAILED after 3 retries for COZX
COZX: INSERT FAILED
POST status 409: {"code":"23505","details":"Key (symbol, date)=(COWZ, 2024-04-29) already exists.","hint":null,"messa
POST status 409: {"code":"23505","details":"Key (symbol, date)=(COWZ, 2024-04-29) already exists.","hint":null,"messa
POST status 409: {"code":"23505","details":"Key (symbol, date)=(COWZ, 2024-04-29) already exists.","hint":null,"messa
FAILED after 3 retries for COWZ
COWZ: INSERT FAILED
POST status 409: {"code":"23505","details":"Key (symbol, date)=(COTG, 2025-09-18) already exists.","hint":null,"messa
POST status 409: {"code":"23505","details":"Key (symbol, date)=(COTG, 2025-09-18) already exists.","hint":null,"messa
POST status 409: {"code":"23505","details":"Key (symbol, date)=(COTG, 2025-09-18) already exists.","hint":null,"messa
FAILED after 3 retries for COTG
COTG: INSERT FAILED
POST status 409: {"code":"23505","details":"Key (symbol, date)=(CORP, 2024-04-29) already exists.","hint":null,"messa
POST status 409: {"code":"23505","details":"Key (symbol, date)=(CORP, 2024-04-29) already exists.","hint":null,"messa
POST status 409: {"code":"23505","details":"Key (symbol, date)=(CORP, 2024-04-29) already exists.","hint":null,"messa
FAILED after 3 retries for CORP
CORP: INSERT FAILED
CPNQ: 351 rows fetched
CPNS: 414 rows fetched
CPHY: 179 rows fetched
CPNJ: 477 rows fetched
CPER: 501 rows fetched
CPII: 501 rows fetched
CPLB: 501 rows fetched
CPAI: 501 rows fetched
CPNM: 291 rows fetched
CPLS: 501 rows fetched
POST status 409: {"code":"23505","details":"Key (symbol, date)=(CPNQ, 2024-12-02) already exists.","hint":null,"messa
POST status 409: {"code":"23505","details":"Key (symbol, date)=(CPNQ, 2024-12-02) already exists.","hint":null,"messa
POST status 409: {"code":"23505","details":"Key (symbol, date)=(CPNQ, 2024-12-02) already exists.","hint":null,"messa
FAILED after 3 retries for CPNQ
CPNQ: INSERT FAILED
POST status 409: {"code":"23505","details":"Key (symbol, date)=(CPNS, 2024-09-03) already exists.","hint":null,"messa
POST status 409: {"code":"23505","details":"Key (symbol, date)=(CPNS, 2024-09-03) already exists.","hint":null,"messa
POST status 409: {"code":"23505","details":"Key (symbol, date)=(CPNS, 2024-09-03) already exists.","hint":null,"messa
FAILED after 3 retries for CPNS
CPNS: INSERT FAILED
POST status 409: {"code":"23505","details":"Key (symbol, date)=(CPHY, 2025-08-12) already exists.","hint":null,"messa
POST status 409: {"code":"23505","details":"Key (symbol, date)=(CPHY, 2025-08-12) already exists.","hint":null,"messa
POST status 409: {"code":"23505","details":"Key (symbol, date)=(CPHY, 2025-08-12) already exists.","hint":null,"messa
FAILED after 3 retries for CPHY
CPHY: INSERT FAILED
POST status 409: {"code":"23505","details":"Key (symbol, date)=(CPNJ, 2024-06-03) already exists.","hint":null,"messa
POST status 409: {"code":"23505","details":"Key (symbol, date)=(CPNJ, 2024-06-03) already exists.","hint":null,"messa
POST status 409: {"code":"23505","details":"Key (symbol, date)=(CPNJ, 2024-06-03) already exists.","hint":null,"messa
FAILED after 3 retries for CPNJ
CPNJ: INSERT FAILED
POST status 409: {"code":"23505","details":"Key (symbol, date)=(CPER, 2024-04-29) already exists.","hint":null,"messa
POST status 409: {"code":"23505","details":"Key (symbol, date)=(CPER, 2024-04-29) already exists.","hint":null,"messa
POST status 409: {"code":"23505","details":"Key (symbol, date)=(CPER, 2024-04-29) already exists.","hint":null,"messa
FAILED after 3 retries for CPER
CPER: INSERT FAILED
POST status 409: {"code":"23505","details":"Key (symbol, date)=(CPII, 2024-04-29) already exists.","hint":null,"messa
POST status 409: {"code":"23505","details":"Key (symbol, date)=(CPII, 2024-04-29) already exists.","hint":null,"messa
POST status 409: {"code":"23505","details":"Key (symbol, date)=(CPII, 2024-04-29) already exists.","hint":null,"messa
FAILED after 3 retries for CPII
CPII: INSERT FAILED
POST status 409: {"code":"23505","details":"Key (symbol, date)=(CPLB, 2024-04-29) already exists.","hint":null,"messa
POST status 409: {"code":"23505","details":"Key (symbol, date)=(CPLB, 2024-04-29) already exists.","hint":null,"messa
POST status 409: {"code":"23505","details":"Key (symbol, date)=(CPLB, 2024-04-29) already exists.","hint":null,"messa
FAILED after 3 retries for CPLB
CPLB: INSERT FAILED
POST status 409: {"code":"23505","details":"Key (symbol, date)=(CPAI, 2024-04-29) already exists.","hint":null,"messa
POST status 409: {"code":"23505","details":"Key (symbol, date)=(CPAI, 2024-04-29) already exists.","hint":null,"messa
POST status 409: {"code":"23505","details":"Key (symbol, date)=(CPAI, 2024-04-29) already exists.","hint":null,"messa
FAILED after 3 retries for CPAI
CPAI: INSERT FAILED
POST status 409: {"code":"23505","details":"Key (symbol, date)=(CPNM, 2025-03-03) already exists.","hint":null,"messa
POST status 409: {"code":"23505","details":"Key (symbol, date)=(CPNM, 2025-03-03) already exists.","hint":null,"messa
POST status 409: {"code":"23505","details":"Key (symbol, date)=(CPNM, 2025-03-03) already exists.","hint":null,"messa
FAILED after 3 retries for CPNM
CPNM: INSERT FAILED
POST status 409: {"code":"23505","details":"Key (symbol, date)=(CPLS, 2024-04-29) already exists.","hint":null,"messa
POST status 409: {"code":"23505","details":"Key (symbol, date)=(CPLS, 2024-04-29) already exists.","hint":null,"messa
POST status 409: {"code":"23505","details":"Key (symbol, date)=(CPLS, 2024-04-29) already exists.","hint":null,"messa
FAILED after 3 retries for CPLS
CPLS: INSERT FAILED
CPRY: 330 rows fetched
CPSA: 436 rows fetched
CPSJ: 458 rows fetched
CPSL: 410 rows fetched
CPSM: 499 rows fetched
CPRJ: 458 rows fetched
CPSD: 351 rows fetched
CPRO: 394 rows fetched
CPSF: 310 rows fetched
CPRA: 270 rows fetched
POST status 409: {"code":"23505","details":"Key (symbol, date)=(CPRY, 2025-01-02) already exists.","hint":null,"messa
POST status 409: {"code":"23505","details":"Key (symbol, date)=(CPRY, 2025-01-02) already exists.","hint":null,"messa
POST status 409: {"code":"23505","details":"Key (symbol, date)=(CPRY, 2025-01-02) already exists.","hint":null,"messa
FAILED after 3 retries for CPRY
CPRY: INSERT FAILED
POST status 409: {"code":"23505","details":"Key (symbol, date)=(CPSA, 2024-08-01) already exists.","hint":null,"messa
POST status 409: {"code":"23505","details":"Key (symbol, date)=(CPSA, 2024-08-01) already exists.","hint":null,"messa
POST status 409: {"code":"23505","details":"Key (symbol, date)=(CPSA, 2024-08-01) already exists.","hint":null,"messa
FAILED after 3 retries for CPSA
CPSA: INSERT FAILED
POST status 409: {"code":"23505","details":"Key (symbol, date)=(CPSJ, 2024-07-01) already exists.","hint":null,"messa
POST status 409: {"code":"23505","details":"Key (symbol, date)=(CPSJ, 2024-07-01) already exists.","hint":null,"messa
POST status 409: {"code":"23505","details":"Key (symbol, date)=(CPSJ, 2024-07-01) already exists.","hint":null,"messa
FAILED after 3 retries for CPSJ
CPSJ: INSERT FAILED
POST status 409: {"code":"23505","details":"Key (symbol, date)=(CPSL, 2024-09-09) already exists.","hint":null,"messa
POST status 409: {"code":"23505","details":"Key (symbol, date)=(CPSL, 2024-09-09) already exists.","hint":null,"messa
POST status 409: {"code":"23505","details":"Key (symbol, date)=(CPSL, 2024-09-09) already exists.","hint":null,"messa
FAILED after 3 retries for CPSL
CPSL: INSERT FAILED
POST status 409: {"code":"23505","details":"Key (symbol, date)=(CPSM, 2024-05-01) already exists.","hint":null,"messa
POST status 409: {"code":"23505","details":"Key (symbol, date)=(CPSM, 2024-05-01) already exists.","hint":null,"messa
POST status 409: {"code":"23505","details":"Key (symbol, date)=(CPSM, 2024-05-01) already exists.","hint":null,"messa
FAILED after 3 retries for CPSM
CPSM: INSERT FAILED
POST status 409: {"code":"23505","details":"Key (symbol, date)=(CPRJ, 2024-07-01) already exists.","hint":null,"messa
POST status 409: {"code":"23505","details":"Key (symbol, date)=(CPRJ, 2024-07-01) already exists.","hint":null,"messa
POST status 409: {"code":"23505","details":"Key (symbol, date)=(CPRJ, 2024-07-01) already exists.","hint":null,"messa
FAILED after 3 retries for CPRJ
CPRJ: INSERT FAILED
POST status 409: {"code":"23505","details":"Key (symbol, date)=(CPSD, 2024-12-02) already exists.","hint":null,"messa
POST status 409: {"code":"23505","details":"Key (symbol, date)=(CPSD, 2024-12-02) already exists.","hint":null,"messa
POST status 409: {"code":"23505","details":"Key (symbol, date)=(CPSD, 2024-12-02) already exists.","hint":null,"messa
FAILED after 3 retries for CPSD
CPSD: INSERT FAILED
POST status 409: {"code":"23505","details":"Key (symbol, date)=(CPRO, 2024-10-01) already exists.","hint":null,"messa
POST status 409: {"code":"23505","details":"Key (symbol, date)=(CPRO, 2024-10-01) already exists.","hint":null,"messa
POST status 409: {"code":"23505","details":"Key (symbol, date)=(CPRO, 2024-10-01) already exists.","hint":null,"messa
FAILED after 3 retries for CPRO
CPRO: INSERT FAILED
POST status 409: {"code":"23505","details":"Key (symbol, date)=(CPSF, 2025-02-03) already exists.","hint":null,"messa
POST status 409: {"code":"23505","details":"Key (symbol, date)=(CPSF, 2025-02-03) already exists.","hint":null,"messa
POST status 409: {"code":"23505","details":"Key (symbol, date)=(CPSF, 2025-02-03) already exists.","hint":null,"messa
FAILED after 3 retries for CPSF
CPSF: INSERT FAILED
POST status 409: {"code":"23505","details":"Key (symbol, date)=(CPRA, 2025-04-01) already exists.","hint":null,"messa
POST status 409: {"code":"23505","details":"Key (symbol, date)=(CPRA, 2025-04-01) already exists.","hint":null,"messa
POST status 409: {"code":"23505","details":"Key (symbol, date)=(CPRA, 2025-04-01) already exists.","hint":null,"messa
FAILED after 3 retries for CPRA
CPRA: INSERT FAILED
CPXR: 318 rows fetched
CPSR: 291 rows fetched
CPSN: 371 rows fetched
CRAK: 501 rows fetched
CPST: 414 rows fetched
CPSY: 330 rows fetched
CPSO: 394 rows fetched
CPSP: 270 rows fetched
CPSU: 228 rows fetched
CQQQ: 501 rows fetched
POST status 409: {"code":"23505","details":"Key (symbol, date)=(CPXR, 2025-01-22) already exists.","hint":null,"messa
POST status 409: {"code":"23505","details":"Key (symbol, date)=(CPXR, 2025-01-22) already exists.","hint":null,"messa
POST status 409: {"code":"23505","details":"Key (symbol, date)=(CPXR, 2025-01-22) already exists.","hint":null,"messa
FAILED after 3 retries for CPXR
CPXR: INSERT FAILED
POST status 409: {"code":"23505","details":"Key (symbol, date)=(CPSR, 2025-03-03) already exists.","hint":null,"messa
POST status 409: {"code":"23505","details":"Key (symbol, date)=(CPSR, 2025-03-03) already exists.","hint":null,"messa
POST status 409: {"code":"23505","details":"Key (symbol, date)=(CPSR, 2025-03-03) already exists.","hint":null,"messa
FAILED after 3 retries for CPSR
CPSR: INSERT FAILED
POST status 409: {"code":"23505","details":"Key (symbol, date)=(CPSN, 2024-11-01) already exists.","hint":null,"messa
POST status 409: {"code":"23505","details":"Key (symbol, date)=(CPSN, 2024-11-01) already exists.","hint":null,"messa
POST status 409: {"code":"23505","details":"Key (symbol, date)=(CPSN, 2024-11-01) already exists.","hint":null,"messa
FAILED after 3 retries for CPSN
CPSN: INSERT FAILED
POST status 409: {"code":"23505","details":"Key (symbol, date)=(CRAK, 2024-04-29) already exists.","hint":null,"messa
POST status 409: {"code":"23505","details":"Key (symbol, date)=(CRAK, 2024-04-29) already exists.","hint":null,"messa
POST status 409: {"code":"23505","details":"Key (symbol, date)=(CRAK, 2024-04-29) already exists.","hint":null,"messa
FAILED after 3 retries for CRAK
CRAK: INSERT FAILED
POST status 409: {"code":"23505","details":"Key (symbol, date)=(CPST, 2024-09-03) already exists.","hint":null,"messa
POST status 409: {"code":"23505","details":"Key (symbol, date)=(CPST, 2024-09-03) already exists.","hint":null,"messa
POST status 409: {"code":"23505","details":"Key (symbol, date)=(CPST, 2024-09-03) already exists.","hint":null,"messa
FAILED after 3 retries for CPST
CPST: INSERT FAILED
POST status 409: {"code":"23505","details":"Key (symbol, date)=(CPSY, 2025-01-02) already exists.","hint":null,"messa
POST status 409: {"code":"23505","details":"Key (symbol, date)=(CPSY, 2025-01-02) already exists.","hint":null,"messa
POST status 409: {"code":"23505","details":"Key (symbol, date)=(CPSY, 2025-01-02) already exists.","hint":null,"messa
FAILED after 3 retries for CPSY
CPSY: INSERT FAILED
POST status 409: {"code":"23505","details":"Key (symbol, date)=(CPSO, 2024-10-01) already exists.","hint":null,"messa
POST status 409: {"code":"23505","details":"Key (symbol, date)=(CPSO, 2024-10-01) already exists.","hint":null,"messa
POST status 409: {"code":"23505","details":"Key (symbol, date)=(CPSO, 2024-10-01) already exists.","hint":null,"messa
FAILED after 3 retries for CPSO
CPSO: INSERT FAILED
POST status 409: {"code":"23505","details":"Key (symbol, date)=(CPSP, 2025-04-01) already exists.","hint":null,"messa
POST status 409: {"code":"23505","details":"Key (symbol, date)=(CPSP, 2025-04-01) already exists.","hint":null,"messa
POST status 409: {"code":"23505","details":"Key (symbol, date)=(CPSP, 2025-04-01) already exists.","hint":null,"messa
FAILED after 3 retries for CPSP
CPSP: INSERT FAILED
POST status 409: {"code":"23505","details":"Key (symbol, date)=(CPSU, 2025-06-02) already exists.","hint":null,"messa
POST status 409: {"code":"23505","details":"Key (symbol, date)=(CPSU, 2025-06-02) already exists.","hint":null,"messa
POST status 409: {"code":"23505","details":"Key (symbol, date)=(CPSU, 2025-06-02) already exists.","hint":null,"messa
FAILED after 3 retries for CPSU
CPSU: INSERT FAILED
POST status 409: {"code":"23505","details":"Key (symbol, date)=(CQQQ, 2024-04-29) already exists.","hint":null,"messa
POST status 409: {"code":"23505","details":"Key (symbol, date)=(CQQQ, 2024-04-29) already exists.","hint":null,"messa
POST status 409: {"code":"23505","details":"Key (symbol, date)=(CQQQ, 2024-04-29) already exists.","hint":null,"messa
FAILED after 3 retries for CQQQ
CQQQ: INSERT FAILED
CRMU: 54 rows fetched
CRCD: 147 rows fetched
CRDD: 19 rows fetched
CRMG: 267 rows fetched
CRDU: 155 rows fetched
CRED: 501 rows fetched
CRCG: 180 rows fetched
CRDX: 19 rows fetched
CRDT: 501 rows fetched
CRBN: 501 rows fetched
POST status 409: {"code":"23505","details":"Key (symbol, date)=(CRMU, 2026-02-10) already exists.","hint":null,"messa
POST status 409: {"code":"23505","details":"Key (symbol, date)=(CRMU, 2026-02-10) already exists.","hint":null,"messa
POST status 409: {"code":"23505","details":"Key (symbol, date)=(CRMU, 2026-02-10) already exists.","hint":null,"messa
FAILED after 3 retries for CRMU
CRMU: INSERT FAILED
POST status 409: {"code":"23505","details":"Key (symbol, date)=(CRCD, 2025-09-26) already exists.","hint":null,"messa
POST status 409: {"code":"23505","details":"Key (symbol, date)=(CRCD, 2025-09-26) already exists.","hint":null,"messa
POST status 409: {"code":"23505","details":"Key (symbol, date)=(CRCD, 2025-09-26) already exists.","hint":null,"messa
FAILED after 3 retries for CRCD
CRCD: INSERT FAILED
POST status 409: {"code":"23505","details":"Key (symbol, date)=(CRDD, 2026-04-01) already exists.","hint":null,"messa
POST status 409: {"code":"23505","details":"Key (symbol, date)=(CRDD, 2026-04-01) already exists.","hint":null,"messa
POST status 409: {"code":"23505","details":"Key (symbol, date)=(CRDD, 2026-04-01) already exists.","hint":null,"messa
FAILED after 3 retries for CRDD
CRDD: INSERT FAILED
POST status 409: {"code":"23505","details":"Key (symbol, date)=(CRMG, 2025-04-04) already exists.","hint":null,"messa
POST status 409: {"code":"23505","details":"Key (symbol, date)=(CRMG, 2025-04-04) already exists.","hint":null,"messa
POST status 409: {"code":"23505","details":"Key (symbol, date)=(CRMG, 2025-04-04) already exists.","hint":null,"messa
FAILED after 3 retries for CRMG
CRMG: INSERT FAILED
POST status 409: {"code":"23505","details":"Key (symbol, date)=(CRDU, 2025-09-16) already exists.","hint":null,"messa
POST status 409: {"code":"23505","details":"Key (symbol, date)=(CRDU, 2025-09-16) already exists.","hint":null,"messa
POST status 409: {"code":"23505","details":"Key (symbol, date)=(CRDU, 2025-09-16) already exists.","hint":null,"messa
FAILED after 3 retries for CRDU
CRDU: INSERT FAILED
POST status 409: {"code":"23505","details":"Key (symbol, date)=(CRED, 2024-04-29) already exists.","hint":null,"messa
POST status 409: {"code":"23505","details":"Key (symbol, date)=(CRED, 2024-04-29) already exists.","hint":null,"messa
POST status 409: {"code":"23505","details":"Key (symbol, date)=(CRED, 2024-04-29) already exists.","hint":null,"messa
FAILED after 3 retries for CRED
CRED: INSERT FAILED
POST status 409: {"code":"23505","details":"Key (symbol, date)=(CRCG, 2025-08-11) already exists.","hint":null,"messa
POST status 409: {"code":"23505","details":"Key (symbol, date)=(CRCG, 2025-08-11) already exists.","hint":null,"messa
POST status 409: {"code":"23505","details":"Key (symbol, date)=(CRCG, 2025-08-11) already exists.","hint":null,"messa
FAILED after 3 retries for CRCG
CRCG: INSERT FAILED
POST status 409: {"code":"23505","details":"Key (symbol, date)=(CRDX, 2026-04-01) already exists.","hint":null,"messa
POST status 409: {"code":"23505","details":"Key (symbol, date)=(CRDX, 2026-04-01) already exists.","hint":null,"messa
POST status 409: {"code":"23505","details":"Key (symbol, date)=(CRDX, 2026-04-01) already exists.","hint":null,"messa
FAILED after 3 retries for CRDX
CRDX: INSERT FAILED
POST status 409: {"code":"23505","details":"Key (symbol, date)=(CRDT, 2024-04-29) already exists.","hint":null,"messa
POST status 409: {"code":"23505","details":"Key (symbol, date)=(CRDT, 2024-04-29) already exists.","hint":null,"messa
POST status 409: {"code":"23505","details":"Key (symbol, date)=(CRDT, 2024-04-29) already exists.","hint":null,"messa
FAILED after 3 retries for CRDT
CRDT: INSERT FAILED
POST status 409: {"code":"23505","details":"Key (symbol, date)=(CRBN, 2024-04-29) already exists.","hint":null,"messa
POST status 409: {"code":"23505","details":"Key (symbol, date)=(CRBN, 2024-04-29) already exists.","hint":null,"messa
POST status 409: {"code":"23505","details":"Key (symbol, date)=(CRBN, 2024-04-29) already exists.","hint":null,"messa
FAILED after 3 retries for CRBN
CRBN: INSERT FAILED
CRWL: 364 rows fetched
CRUX: 31 rows fetched
CSCL: 212 rows fetched
CRSH: 498 rows fetched
CRMX: 73 rows fetched
CRWU: 190 rows fetched
CRPT: 501 rows fetched
CRTC: 501 rows fetched
CSB: 501 rows fetched
CRWG: 180 rows fetched
POST status 409: {"code":"23505","details":"Key (symbol, date)=(CRWL, 2024-11-12) already exists.","hint":null,"messa
POST status 409: {"code":"23505","details":"Key (symbol, date)=(CRWL, 2024-11-12) already exists.","hint":null,"messa
POST status 409: {"code":"23505","details":"Key (symbol, date)=(CRWL, 2024-11-12) already exists.","hint":null,"messa
FAILED after 3 retries for CRWL
CRWL: INSERT FAILED
POST status 409: {"code":"23505","details":"Key (symbol, date)=(CRUX, 2026-03-16) already exists.","hint":null,"messa
POST status 409: {"code":"23505","details":"Key (symbol, date)=(CRUX, 2026-03-16) already exists.","hint":null,"messa
POST status 409: {"code":"23505","details":"Key (symbol, date)=(CRUX, 2026-03-16) already exists.","hint":null,"messa
FAILED after 3 retries for CRUX
CRUX: INSERT FAILED
POST status 409: {"code":"23505","details":"Key (symbol, date)=(CSCL, 2025-06-25) already exists.","hint":null,"messa
POST status 409: {"code":"23505","details":"Key (symbol, date)=(CSCL, 2025-06-25) already exists.","hint":null,"messa
POST status 409: {"code":"23505","details":"Key (symbol, date)=(CSCL, 2025-06-25) already exists.","hint":null,"messa
FAILED after 3 retries for CSCL
CSCL: INSERT FAILED
POST status 409: {"code":"23505","details":"Key (symbol, date)=(CRSH, 2024-05-02) already exists.","hint":null,"messa
POST status 409: {"code":"23505","details":"Key (symbol, date)=(CRSH, 2024-05-02) already exists.","hint":null,"messa
POST status 409: {"code":"23505","details":"Key (symbol, date)=(CRSH, 2024-05-02) already exists.","hint":null,"messa
FAILED after 3 retries for CRSH
CRSH: INSERT FAILED
POST status 409: {"code":"23505","details":"Key (symbol, date)=(CRMX, 2026-01-13) already exists.","hint":null,"messa
POST status 409: {"code":"23505","details":"Key (symbol, date)=(CRMX, 2026-01-13) already exists.","hint":null,"messa
POST status 409: {"code":"23505","details":"Key (symbol, date)=(CRMX, 2026-01-13) already exists.","hint":null,"messa
FAILED after 3 retries for CRMX
CRMX: INSERT FAILED
POST status 409: {"code":"23505","details":"Key (symbol, date)=(CRWU, 2025-07-28) already exists.","hint":null,"messa
POST status 409: {"code":"23505","details":"Key (symbol, date)=(CRWU, 2025-07-28) already exists.","hint":null,"messa
POST status 409: {"code":"23505","details":"Key (symbol, date)=(CRWU, 2025-07-28) already exists.","hint":null,"messa
FAILED after 3 retries for CRWU
CRWU: INSERT FAILED
POST status 409: {"code":"23505","details":"Key (symbol, date)=(CRPT, 2024-04-29) already exists.","hint":null,"messa
POST status 409: {"code":"23505","details":"Key (symbol, date)=(CRPT, 2024-04-29) already exists.","hint":null,"messa
POST status 409: {"code":"23505","details":"Key (symbol, date)=(CRPT, 2024-04-29) already exists.","hint":null,"messa
FAILED after 3 retries for CRPT
CRPT: INSERT FAILED
POST status 409: {"code":"23505","details":"Key (symbol, date)=(CRTC, 2024-04-29) already exists.","hint":null,"messa
POST status 409: {"code":"23505","details":"Key (symbol, date)=(CRTC, 2024-04-29) already exists.","hint":null,"messa
POST status 409: {"code":"23505","details":"Key (symbol, date)=(CRTC, 2024-04-29) already exists.","hint":null,"messa
FAILED after 3 retries for CRTC
CRTC: INSERT FAILED
POST status 409: {"code":"23505","details":"Key (symbol, date)=(CSB, 2024-04-29) already exists.","hint":null,"messag
POST status 409: {"code":"23505","details":"Key (symbol, date)=(CSB, 2024-04-29) already exists.","hint":null,"messag
POST status 409: {"code":"23505","details":"Key (symbol, date)=(CSB, 2024-04-29) already exists.","hint":null,"messag
FAILED after 3 retries for CSB
CSB: INSERT FAILED
POST status 409: {"code":"23505","details":"Key (symbol, date)=(CRWG, 2025-08-11) already exists.","hint":null,"messa
POST status 409: {"code":"23505","details":"Key (symbol, date)=(CRWG, 2025-08-11) already exists.","hint":null,"messa
POST status 409: {"code":"23505","details":"Key (symbol, date)=(CRWG, 2025-08-11) already exists.","hint":null,"messa
FAILED after 3 retries for CRWG
CRWG: INSERT FAILED
CSPF: 308 rows fetched
CSMD: 501 rows fetched
CSHP: 436 rows fetched
CSD: 501 rows fetched
CSEX: 113 rows fetched
CSM: 501 rows fetched
CSNR: 308 rows fetched
CSCS: 212 rows fetched
CSHI: 501 rows fetched
CSRE: 308 rows fetched
POST status 409: {"code":"23505","details":"Key (symbol, date)=(CSPF, 2025-02-05) already exists.","hint":null,"messa
POST status 409: {"code":"23505","details":"Key (symbol, date)=(CSPF, 2025-02-05) already exists.","hint":null,"messa
POST status 409: {"code":"23505","details":"Key (symbol, date)=(CSPF, 2025-02-05) already exists.","hint":null,"messa
FAILED after 3 retries for CSPF
CSPF: INSERT FAILED
POST status 409: {"code":"23505","details":"Key (symbol, date)=(CSMD, 2024-04-29) already exists.","hint":null,"messa
POST status 409: {"code":"23505","details":"Key (symbol, date)=(CSMD, 2024-04-29) already exists.","hint":null,"messa
POST status 409: {"code":"23505","details":"Key (symbol, date)=(CSMD, 2024-04-29) already exists.","hint":null,"messa
FAILED after 3 retries for CSMD
CSMD: INSERT FAILED
POST status 409: {"code":"23505","details":"Key (symbol, date)=(CSHP, 2024-08-01) already exists.","hint":null,"messa
POST status 409: {"code":"23505","details":"Key (symbol, date)=(CSHP, 2024-08-01) already exists.","hint":null,"messa
POST status 409: {"code":"23505","details":"Key (symbol, date)=(CSHP, 2024-08-01) already exists.","hint":null,"messa
FAILED after 3 retries for CSHP
CSHP: INSERT FAILED
POST status 409: {"code":"23505","details":"Key (symbol, date)=(CSD, 2024-04-29) already exists.","hint":null,"messag
POST status 409: {"code":"23505","details":"Key (symbol, date)=(CSD, 2024-04-29) already exists.","hint":null,"messag
POST status 409: {"code":"23505","details":"Key (symbol, date)=(CSD, 2024-04-29) already exists.","hint":null,"messag
FAILED after 3 retries for CSD
CSD: INSERT FAILED
POST status 409: {"code":"23505","details":"Key (symbol, date)=(CSEX, 2025-11-13) already exists.","hint":null,"messa
POST status 409: {"code":"23505","details":"Key (symbol, date)=(CSEX, 2025-11-13) already exists.","hint":null,"messa
POST status 409: {"code":"23505","details":"Key (symbol, date)=(CSEX, 2025-11-13) already exists.","hint":null,"messa
FAILED after 3 retries for CSEX
CSEX: INSERT FAILED
POST status 409: {"code":"23505","details":"Key (symbol, date)=(CSM, 2024-04-29) already exists.","hint":null,"messag
POST status 409: {"code":"23505","details":"Key (symbol, date)=(CSM, 2024-04-29) already exists.","hint":null,"messag
POST status 409: {"code":"23505","details":"Key (symbol, date)=(CSM, 2024-04-29) already exists.","hint":null,"messag
FAILED after 3 retries for CSM
CSM: INSERT FAILED
POST status 409: {"code":"23505","details":"Key (symbol, date)=(CSNR, 2025-02-05) already exists.","hint":null,"messa
POST status 409: {"code":"23505","details":"Key (symbol, date)=(CSNR, 2025-02-05) already exists.","hint":null,"messa
POST status 409: {"code":"23505","details":"Key (symbol, date)=(CSNR, 2025-02-05) already exists.","hint":null,"messa
FAILED after 3 retries for CSNR
CSNR: INSERT FAILED
POST status 409: {"code":"23505","details":"Key (symbol, date)=(CSCS, 2025-06-25) already exists.","hint":null,"messa
POST status 409: {"code":"23505","details":"Key (symbol, date)=(CSCS, 2025-06-25) already exists.","hint":null,"messa
POST status 409: {"code":"23505","details":"Key (symbol, date)=(CSCS, 2025-06-25) already exists.","hint":null,"messa
FAILED after 3 retries for CSCS
CSCS: INSERT FAILED
POST status 409: {"code":"23505","details":"Key (symbol, date)=(CSHI, 2024-04-29) already exists.","hint":null,"messa
POST status 409: {"code":"23505","details":"Key (symbol, date)=(CSHI, 2024-04-29) already exists.","hint":null,"messa
POST status 409: {"code":"23505","details":"Key (symbol, date)=(CSHI, 2024-04-29) already exists.","hint":null,"messa
FAILED after 3 retries for CSHI
CSHI: INSERT FAILED
POST status 409: {"code":"23505","details":"Key (symbol, date)=(CSRE, 2025-02-05) already exists.","hint":null,"messa
POST status 409: {"code":"23505","details":"Key (symbol, date)=(CSRE, 2025-02-05) already exists.","hint":null,"messa
POST status 409: {"code":"23505","details":"Key (symbol, date)=(CSRE, 2025-02-05) already exists.","hint":null,"messa
FAILED after 3 retries for CSRE
CSRE: INSERT FAILED
CTWO: 215 rows fetched
CTEF: 216 rows fetched
CTEX: 501 rows fetched
CTEC: 501 rows fetched
CSTK: 245 rows fetched
CTIF: 212 rows fetched
CTA: 501 rows fetched
CUSD: 501 rows fetched
CURE: 501 rows fetched
CUT: 501 rows fetched
POST status 409: {"code":"23505","details":"Key (symbol, date)=(CTWO, 2025-06-20) already exists.","hint":null,"messa
POST status 409: {"code":"23505","details":"Key (symbol, date)=(CTWO, 2025-06-20) already exists.","hint":null,"messa
POST status 409: {"code":"23505","details":"Key (symbol, date)=(CTWO, 2025-06-20) already exists.","hint":null,"messa
FAILED after 3 retries for CTWO
CTWO: INSERT FAILED
POST status 409: {"code":"23505","details":"Key (symbol, date)=(CTEF, 2025-06-18) already exists.","hint":null,"messa
POST status 409: {"code":"23505","details":"Key (symbol, date)=(CTEF, 2025-06-18) already exists.","hint":null,"messa
POST status 409: {"code":"23505","details":"Key (symbol, date)=(CTEF, 2025-06-18) already exists.","hint":null,"messa
FAILED after 3 retries for CTEF
CTEF: INSERT FAILED
POST status 409: {"code":"23505","details":"Key (symbol, date)=(CTEX, 2024-04-29) already exists.","hint":null,"messa
POST status 409: {"code":"23505","details":"Key (symbol, date)=(CTEX, 2024-04-29) already exists.","hint":null,"messa
POST status 409: {"code":"23505","details":"Key (symbol, date)=(CTEX, 2024-04-29) already exists.","hint":null,"messa
FAILED after 3 retries for CTEX
CTEX: INSERT FAILED
POST status 409: {"code":"23505","details":"Key (symbol, date)=(CTEC, 2024-04-29) already exists.","hint":null,"messa
POST status 409: {"code":"23505","details":"Key (symbol, date)=(CTEC, 2024-04-29) already exists.","hint":null,"messa
POST status 409: {"code":"23505","details":"Key (symbol, date)=(CTEC, 2024-04-29) already exists.","hint":null,"messa
FAILED after 3 retries for CTEC
CTEC: INSERT FAILED
POST status 409: {"code":"23505","details":"Key (symbol, date)=(CSTK, 2025-05-07) already exists.","hint":null,"messa
POST status 409: {"code":"23505","details":"Key (symbol, date)=(CSTK, 2025-05-07) already exists.","hint":null,"messa
POST status 409: {"code":"23505","details":"Key (symbol, date)=(CSTK, 2025-05-07) already exists.","hint":null,"messa
FAILED after 3 retries for CSTK
CSTK: INSERT FAILED
POST status 409: {"code":"23505","details":"Key (symbol, date)=(CTIF, 2025-06-25) already exists.","hint":null,"messa
POST status 409: {"code":"23505","details":"Key (symbol, date)=(CTIF, 2025-06-25) already exists.","hint":null,"messa
POST status 409: {"code":"23505","details":"Key (symbol, date)=(CTIF, 2025-06-25) already exists.","hint":null,"messa
FAILED after 3 retries for CTIF
CTIF: INSERT FAILED
POST status 409: {"code":"23505","details":"Key (symbol, date)=(CTA, 2024-04-29) already exists.","hint":null,"messag
POST status 409: {"code":"23505","details":"Key (symbol, date)=(CTA, 2024-04-29) already exists.","hint":null,"messag
POST status 409: {"code":"23505","details":"Key (symbol, date)=(CTA, 2024-04-29) already exists.","hint":null,"messag
FAILED after 3 retries for CTA
CTA: INSERT FAILED
POST status 409: {"code":"23505","details":"Key (symbol, date)=(CUSD, 2024-04-29) already exists.","hint":null,"messa
POST status 409: {"code":"23505","details":"Key (symbol, date)=(CUSD, 2024-04-29) already exists.","hint":null,"messa
POST status 409: {"code":"23505","details":"Key (symbol, date)=(CUSD, 2024-04-29) already exists.","hint":null,"messa
FAILED after 3 retries for CUSD
CUSD: INSERT FAILED
POST status 409: {"code":"23505","details":"Key (symbol, date)=(CURE, 2024-04-29) already exists.","hint":null,"messa
POST status 409: {"code":"23505","details":"Key (symbol, date)=(CURE, 2024-04-29) already exists.","hint":null,"messa
POST status 409: {"code":"23505","details":"Key (symbol, date)=(CURE, 2024-04-29) already exists.","hint":null,"messa
FAILED after 3 retries for CURE
CURE: INSERT FAILED
POST status 409: {"code":"23505","details":"Key (symbol, date)=(CUT, 2024-04-29) already exists.","hint":null,"messag
POST status 409: {"code":"23505","details":"Key (symbol, date)=(CUT, 2024-04-29) already exists.","hint":null,"messag
POST status 409: {"code":"23505","details":"Key (symbol, date)=(CUT, 2024-04-29) already exists.","hint":null,"messag
FAILED after 3 retries for CUT
CUT: INSERT FAILED
CVNX: 230 rows fetched
CVLC: 501 rows fetched
CVNY: 311 rows fetched
CVY: 501 rows fetched
CVSB: 501 rows fetched
CVRT: 501 rows fetched
CVIE: 501 rows fetched
CVMC: 501 rows fetched
CVAR: 501 rows fetched
CVRD: 501 rows fetched
POST status 409: {"code":"23505","details":"Key (symbol, date)=(CVNX, 2025-05-29) already exists.","hint":null,"messa
POST status 409: {"code":"23505","details":"Key (symbol, date)=(CVNX, 2025-05-29) already exists.","hint":null,"messa
POST status 409: {"code":"23505","details":"Key (symbol, date)=(CVNX, 2025-05-29) already exists.","hint":null,"messa
FAILED after 3 retries for CVNX
CVNX: INSERT FAILED
POST status 409: {"code":"23505","details":"Key (symbol, date)=(CVLC, 2024-04-29) already exists.","hint":null,"messa
POST status 409: {"code":"23505","details":"Key (symbol, date)=(CVLC, 2024-04-29) already exists.","hint":null,"messa
POST status 409: {"code":"23505","details":"Key (symbol, date)=(CVLC, 2024-04-29) already exists.","hint":null,"messa
FAILED after 3 retries for CVLC
CVLC: INSERT FAILED
POST status 409: {"code":"23505","details":"Key (symbol, date)=(CVNY, 2025-01-31) already exists.","hint":null,"messa
POST status 409: {"code":"23505","details":"Key (symbol, date)=(CVNY, 2025-01-31) already exists.","hint":null,"messa
POST status 409: {"code":"23505","details":"Key (symbol, date)=(CVNY, 2025-01-31) already exists.","hint":null,"messa
FAILED after 3 retries for CVNY
CVNY: INSERT FAILED
POST status 409: {"code":"23505","details":"Key (symbol, date)=(CVY, 2024-04-29) already exists.","hint":null,"messag
POST status 409: {"code":"23505","details":"Key (symbol, date)=(CVY, 2024-04-29) already exists.","hint":null,"messag
POST status 409: {"code":"23505","details":"Key (symbol, date)=(CVY, 2024-04-29) already exists.","hint":null,"messag
FAILED after 3 retries for CVY
CVY: INSERT FAILED
POST status 409: {"code":"23505","details":"Key (symbol, date)=(CVSB, 2024-04-29) already exists.","hint":null,"messa
POST status 409: {"code":"23505","details":"Key (symbol, date)=(CVSB, 2024-04-29) already exists.","hint":null,"messa
POST status 409: {"code":"23505","details":"Key (symbol, date)=(CVSB, 2024-04-29) already exists.","hint":null,"messa
FAILED after 3 retries for CVSB
CVSB: INSERT FAILED
POST status 409: {"code":"23505","details":"Key (symbol, date)=(CVRT, 2024-04-29) already exists.","hint":null,"messa
POST status 409: {"code":"23505","details":"Key (symbol, date)=(CVRT, 2024-04-29) already exists.","hint":null,"messa
POST status 409: {"code":"23505","details":"Key (symbol, date)=(CVRT, 2024-04-29) already exists.","hint":null,"messa
FAILED after 3 retries for CVRT
CVRT: INSERT FAILED
POST status 409: {"code":"23505","details":"Key (symbol, date)=(CVIE, 2024-04-29) already exists.","hint":null,"messa
POST status 409: {"code":"23505","details":"Key (symbol, date)=(CVIE, 2024-04-29) already exists.","hint":null,"messa
POST status 409: {"code":"23505","details":"Key (symbol, date)=(CVIE, 2024-04-29) already exists.","hint":null,"messa
FAILED after 3 retries for CVIE
CVIE: INSERT FAILED
POST status 409: {"code":"23505","details":"Key (symbol, date)=(CVMC, 2024-04-29) already exists.","hint":null,"messa
POST status 409: {"code":"23505","details":"Key (symbol, date)=(CVMC, 2024-04-29) already exists.","hint":null,"messa
POST status 409: {"code":"23505","details":"Key (symbol, date)=(CVMC, 2024-04-29) already exists.","hint":null,"messa
FAILED after 3 retries for CVMC
CVMC: INSERT FAILED
POST status 409: {"code":"23505","details":"Key (symbol, date)=(CVAR, 2024-04-29) already exists.","hint":null,"messa
POST status 409: {"code":"23505","details":"Key (symbol, date)=(CVAR, 2024-04-29) already exists.","hint":null,"messa
POST status 409: {"code":"23505","details":"Key (symbol, date)=(CVAR, 2024-04-29) already exists.","hint":null,"messa
FAILED after 3 retries for CVAR
CVAR: INSERT FAILED
POST status 409: {"code":"23505","details":"Key (symbol, date)=(CVRD, 2024-04-29) already exists.","hint":null,"messa
POST status 409: {"code":"23505","details":"Key (symbol, date)=(CVRD, 2024-04-29) already exists.","hint":null,"messa
POST status 409: {"code":"23505","details":"Key (symbol, date)=(CVRD, 2024-04-29) already exists.","hint":null,"messa
FAILED after 3 retries for CVRD
CVRD: INSERT FAILED
CXRN: 296 rows fetched
CWII: 120 rows fetched
CWY: 10 rows fetched
CXSE: 501 rows fetched
CWEB: 501 rows fetched
CWS: 501 rows fetched
CWI: 501 rows fetched
CZA: 501 rows fetched
CWB: 501 rows fetched
CWVX: 201 rows fetched
POST status 409: {"code":"23505","details":"Key (symbol, date)=(CXRN, 2025-02-24) already exists.","hint":null,"messa
POST status 409: {"code":"23505","details":"Key (symbol, date)=(CXRN, 2025-02-24) already exists.","hint":null,"messa
POST status 409: {"code":"23505","details":"Key (symbol, date)=(CXRN, 2025-02-24) already exists.","hint":null,"messa
FAILED after 3 retries for CXRN
CXRN: INSERT FAILED
POST status 409: {"code":"23505","details":"Key (symbol, date)=(CWII, 2025-11-04) already exists.","hint":null,"messa
POST status 409: {"code":"23505","details":"Key (symbol, date)=(CWII, 2025-11-04) already exists.","hint":null,"messa
POST status 409: {"code":"23505","details":"Key (symbol, date)=(CWII, 2025-11-04) already exists.","hint":null,"messa
FAILED after 3 retries for CWII
CWII: INSERT FAILED
POST status 409: {"code":"23505","details":"Key (symbol, date)=(CWY, 2026-04-15) already exists.","hint":null,"messag
POST status 409: {"code":"23505","details":"Key (symbol, date)=(CWY, 2026-04-15) already exists.","hint":null,"messag
POST status 409: {"code":"23505","details":"Key (symbol, date)=(CWY, 2026-04-15) already exists.","hint":null,"messag
FAILED after 3 retries for CWY
CWY: INSERT FAILED
POST status 409: {"code":"23505","details":"Key (symbol, date)=(CXSE, 2024-04-29) already exists.","hint":null,"messa
POST status 409: {"code":"23505","details":"Key (symbol, date)=(CXSE, 2024-04-29) already exists.","hint":null,"messa
POST status 409: {"code":"23505","details":"Key (symbol, date)=(CXSE, 2024-04-29) already exists.","hint":null,"messa
FAILED after 3 retries for CXSE
CXSE: INSERT FAILED
POST status 409: {"code":"23505","details":"Key (symbol, date)=(CWEB, 2024-04-29) already exists.","hint":null,"messa
POST status 409: {"code":"23505","details":"Key (symbol, date)=(CWEB, 2024-04-29) already exists.","hint":null,"messa
POST status 409: {"code":"23505","details":"Key (symbol, date)=(CWEB, 2024-04-29) already exists.","hint":null,"messa
FAILED after 3 retries for CWEB
CWEB: INSERT FAILED
POST status 409: {"code":"23505","details":"Key (symbol, date)=(CWS, 2024-04-29) already exists.","hint":null,"messag
POST status 409: {"code":"23505","details":"Key (symbol, date)=(CWS, 2024-04-29) already exists.","hint":null,"messag
POST status 409: {"code":"23505","details":"Key (symbol, date)=(CWS, 2024-04-29) already exists.","hint":null,"messag
FAILED after 3 retries for CWS
CWS: INSERT FAILED
POST status 409: {"code":"23505","details":"Key (symbol, date)=(CWI, 2024-04-29) already exists.","hint":null,"messag
POST status 409: {"code":"23505","details":"Key (symbol, date)=(CWI, 2024-04-29) already exists.","hint":null,"messag
POST status 409: {"code":"23505","details":"Key (symbol, date)=(CWI, 2024-04-29) already exists.","hint":null,"messag
FAILED after 3 retries for CWI
CWI: INSERT FAILED
POST status 409: {"code":"23505","details":"Key (symbol, date)=(CZA, 2024-04-29) already exists.","hint":null,"messag
POST status 409: {"code":"23505","details":"Key (symbol, date)=(CZA, 2024-04-29) already exists.","hint":null,"messag
POST status 409: {"code":"23505","details":"Key (symbol, date)=(CZA, 2024-04-29) already exists.","hint":null,"messag
FAILED after 3 retries for CZA
CZA: INSERT FAILED
POST status 409: {"code":"23505","details":"Key (symbol, date)=(CWB, 2024-04-29) already exists.","hint":null,"messag
POST status 409: {"code":"23505","details":"Key (symbol, date)=(CWB, 2024-04-29) already exists.","hint":null,"messag
POST status 409: {"code":"23505","details":"Key (symbol, date)=(CWB, 2024-04-29) already exists.","hint":null,"messag
FAILED after 3 retries for CWB
CWB: INSERT FAILED
POST status 409: {"code":"23505","details":"Key (symbol, date)=(CWVX, 2025-07-11) already exists.","hint":null,"messa
POST status 409: {"code":"23505","details":"Key (symbol, date)=(CWVX, 2025-07-11) already exists.","hint":null,"messa
POST status 409: {"code":"23505","details":"Key (symbol, date)=(CWVX, 2025-07-11) already exists.","hint":null,"messa
FAILED after 3 retries for CWVX
CWVX: INSERT FAILED
DAPR: 501 rows fetched
DADS: 183 rows fetched
DALI: 501 rows fetched
DARP: 501 rows fetched
DAK: 188 rows fetched
DABS: 290 rows fetched
CZAR: 501 rows fetched
DAPP: 501 rows fetched
DANA: 100 rows fetched
DAT: 501 rows fetched
POST status 409: {"code":"23505","details":"Key (symbol, date)=(DAPR, 2024-04-29) already exists.","hint":null,"messa
POST status 409: {"code":"23505","details":"Key (symbol, date)=(DAPR, 2024-04-29) already exists.","hint":null,"messa
POST status 409: {"code":"23505","details":"Key (symbol, date)=(DAPR, 2024-04-29) already exists.","hint":null,"messa
FAILED after 3 retries for DAPR
DAPR: INSERT FAILED
POST status 409: {"code":"23505","details":"Key (symbol, date)=(DADS, 2025-08-06) already exists.","hint":null,"messa
POST status 409: {"code":"23505","details":"Key (symbol, date)=(DADS, 2025-08-06) already exists.","hint":null,"messa
POST status 409: {"code":"23505","details":"Key (symbol, date)=(DADS, 2025-08-06) already exists.","hint":null,"messa
FAILED after 3 retries for DADS
DADS: INSERT FAILED
POST status 409: {"code":"23505","details":"Key (symbol, date)=(DALI, 2024-04-29) already exists.","hint":null,"messa
POST status 409: {"code":"23505","details":"Key (symbol, date)=(DALI, 2024-04-29) already exists.","hint":null,"messa
POST status 409: {"code":"23505","details":"Key (symbol, date)=(DALI, 2024-04-29) already exists.","hint":null,"messa
FAILED after 3 retries for DALI
DALI: INSERT FAILED
POST status 409: {"code":"23505","details":"Key (symbol, date)=(DARP, 2024-04-29) already exists.","hint":null,"messa
POST status 409: {"code":"23505","details":"Key (symbol, date)=(DARP, 2024-04-29) already exists.","hint":null,"messa
POST status 409: {"code":"23505","details":"Key (symbol, date)=(DARP, 2024-04-29) already exists.","hint":null,"messa
FAILED after 3 retries for DARP
DARP: INSERT FAILED
POST status 409: {"code":"23505","details":"Key (symbol, date)=(DAK, 2025-07-30) already exists.","hint":null,"messag
POST status 409: {"code":"23505","details":"Key (symbol, date)=(DAK, 2025-07-30) already exists.","hint":null,"messag
POST status 409: {"code":"23505","details":"Key (symbol, date)=(DAK, 2025-07-30) already exists.","hint":null,"messag
FAILED after 3 retries for DAK
DAK: INSERT FAILED
POST status 409: {"code":"23505","details":"Key (symbol, date)=(DABS, 2025-03-04) already exists.","hint":null,"messa
POST status 409: {"code":"23505","details":"Key (symbol, date)=(DABS, 2025-03-04) already exists.","hint":null,"messa
POST status 409: {"code":"23505","details":"Key (symbol, date)=(DABS, 2025-03-04) already exists.","hint":null,"messa
FAILED after 3 retries for DABS
DABS: INSERT FAILED
POST status 409: {"code":"23505","details":"Key (symbol, date)=(CZAR, 2024-04-29) already exists.","hint":null,"messa
POST status 409: {"code":"23505","details":"Key (symbol, date)=(CZAR, 2024-04-29) already exists.","hint":null,"messa
POST status 409: {"code":"23505","details":"Key (symbol, date)=(CZAR, 2024-04-29) already exists.","hint":null,"messa
FAILED after 3 retries for CZAR
CZAR: INSERT FAILED
POST status 409: {"code":"23505","details":"Key (symbol, date)=(DAPP, 2024-04-29) already exists.","hint":null,"messa
POST status 409: {"code":"23505","details":"Key (symbol, date)=(DAPP, 2024-04-29) already exists.","hint":null,"messa
POST status 409: {"code":"23505","details":"Key (symbol, date)=(DAPP, 2024-04-29) already exists.","hint":null,"messa
FAILED after 3 retries for DAPP
DAPP: INSERT FAILED
POST status 409: {"code":"23505","details":"Key (symbol, date)=(DANA, 2025-12-03) already exists.","hint":null,"messa
POST status 409: {"code":"23505","details":"Key (symbol, date)=(DANA, 2025-12-03) already exists.","hint":null,"messa
POST status 409: {"code":"23505","details":"Key (symbol, date)=(DANA, 2025-12-03) already exists.","hint":null,"messa
FAILED after 3 retries for DANA
DANA: INSERT FAILED
POST status 409: {"code":"23505","details":"Key (symbol, date)=(DAT, 2024-04-29) already exists.","hint":null,"messag
POST status 409: {"code":"23505","details":"Key (symbol, date)=(DAT, 2024-04-29) already exists.","hint":null,"messag
POST status 409: {"code":"23505","details":"Key (symbol, date)=(DAT, 2024-04-29) already exists.","hint":null,"messag
FAILED after 3 retries for DAT
DAT: INSERT FAILED
DAUG: 501 rows fetched
DBEU: 501 rows fetched
DAX: 501 rows fetched
DBB: 501 rows fetched
DBEM: 501 rows fetched
DBEF: 501 rows fetched
DBC: 501 rows fetched
DBA: 501 rows fetched
DBE: 501 rows fetched
DBAW: 501 rows fetched
POST status 409: {"code":"23505","details":"Key (symbol, date)=(DAUG, 2024-04-29) already exists.","hint":null,"messa
POST status 409: {"code":"23505","details":"Key (symbol, date)=(DAUG, 2024-04-29) already exists.","hint":null,"messa
POST status 409: {"code":"23505","details":"Key (symbol, date)=(DAUG, 2024-04-29) already exists.","hint":null,"messa
FAILED after 3 retries for DAUG
DAUG: INSERT FAILED
POST status 409: {"code":"23505","details":"Key (symbol, date)=(DBEU, 2024-04-29) already exists.","hint":null,"messa
POST status 409: {"code":"23505","details":"Key (symbol, date)=(DBEU, 2024-04-29) already exists.","hint":null,"messa
POST status 409: {"code":"23505","details":"Key (symbol, date)=(DBEU, 2024-04-29) already exists.","hint":null,"messa
FAILED after 3 retries for DBEU
DBEU: INSERT FAILED
POST status 409: {"code":"23505","details":"Key (symbol, date)=(DAX, 2024-04-29) already exists.","hint":null,"messag
POST status 409: {"code":"23505","details":"Key (symbol, date)=(DAX, 2024-04-29) already exists.","hint":null,"messag
POST status 409: {"code":"23505","details":"Key (symbol, date)=(DAX, 2024-04-29) already exists.","hint":null,"messag
FAILED after 3 retries for DAX
DAX: INSERT FAILED
POST status 409: {"code":"23505","details":"Key (symbol, date)=(DBB, 2024-04-29) already exists.","hint":null,"messag
POST status 409: {"code":"23505","details":"Key (symbol, date)=(DBB, 2024-04-29) already exists.","hint":null,"messag
POST status 409: {"code":"23505","details":"Key (symbol, date)=(DBB, 2024-04-29) already exists.","hint":null,"messag
FAILED after 3 retries for DBB
DBB: INSERT FAILED
POST status 409: {"code":"23505","details":"Key (symbol, date)=(DBEM, 2024-04-29) already exists.","hint":null,"messa
POST status 409: {"code":"23505","details":"Key (symbol, date)=(DBEM, 2024-04-29) already exists.","hint":null,"messa
POST status 409: {"code":"23505","details":"Key (symbol, date)=(DBEM, 2024-04-29) already exists.","hint":null,"messa
FAILED after 3 retries for DBEM
DBEM: INSERT FAILED
POST status 409: {"code":"23505","details":"Key (symbol, date)=(DBEF, 2024-04-29) already exists.","hint":null,"messa
POST status 409: {"code":"23505","details":"Key (symbol, date)=(DBEF, 2024-04-29) already exists.","hint":null,"messa
POST status 409: {"code":"23505","details":"Key (symbol, date)=(DBEF, 2024-04-29) already exists.","hint":null,"messa
FAILED after 3 retries for DBEF
DBEF: INSERT FAILED
POST status 409: {"code":"23505","details":"Key (symbol, date)=(DBC, 2024-04-29) already exists.","hint":null,"messag
POST status 409: {"code":"23505","details":"Key (symbol, date)=(DBC, 2024-04-29) already exists.","hint":null,"messag
POST status 409: {"code":"23505","details":"Key (symbol, date)=(DBC, 2024-04-29) already exists.","hint":null,"messag
FAILED after 3 retries for DBC
DBC: INSERT FAILED
POST status 409: {"code":"23505","details":"Key (symbol, date)=(DBA, 2024-04-29) already exists.","hint":null,"messag
POST status 409: {"code":"23505","details":"Key (symbol, date)=(DBA, 2024-04-29) already exists.","hint":null,"messag
POST status 409: {"code":"23505","details":"Key (symbol, date)=(DBA, 2024-04-29) already exists.","hint":null,"messag
FAILED after 3 retries for DBA
DBA: INSERT FAILED
POST status 409: {"code":"23505","details":"Key (symbol, date)=(DBE, 2024-04-29) already exists.","hint":null,"messag
POST status 409: {"code":"23505","details":"Key (symbol, date)=(DBE, 2024-04-29) already exists.","hint":null,"messag
POST status 409: {"code":"23505","details":"Key (symbol, date)=(DBE, 2024-04-29) already exists.","hint":null,"messag
FAILED after 3 retries for DBE
DBE: INSERT FAILED
POST status 409: {"code":"23505","details":"Key (symbol, date)=(DBAW, 2024-04-29) already exists.","hint":null,"messa
POST status 409: {"code":"23505","details":"Key (symbol, date)=(DBAW, 2024-04-29) already exists.","hint":null,"messa
POST status 409: {"code":"23505","details":"Key (symbol, date)=(DBAW, 2024-04-29) already exists.","hint":null,"messa
FAILED after 3 retries for DBAW
DBAW: INSERT FAILED
DBMF: 501 rows fetched
DCRE: 501 rows fetched
DBND: 501 rows fetched
DBJP: 501 rows fetched
DBSC: 91 rows fetched
DBP: 501 rows fetched
DBO: 501 rows fetched
DCOR: 501 rows fetched
DBEZ: 501 rows fetched
DCMT: 501 rows fetched
POST status 409: {"code":"23505","details":"Key (symbol, date)=(DBMF, 2024-04-29) already exists.","hint":null,"messa
POST status 409: {"code":"23505","details":"Key (symbol, date)=(DBMF, 2024-04-29) already exists.","hint":null,"messa
POST status 409: {"code":"23505","details":"Key (symbol, date)=(DBMF, 2024-04-29) already exists.","hint":null,"messa
FAILED after 3 retries for DBMF
DBMF: INSERT FAILED
POST status 409: {"code":"23505","details":"Key (symbol, date)=(DCRE, 2024-04-29) already exists.","hint":null,"messa
POST status 409: {"code":"23505","details":"Key (symbol, date)=(DCRE, 2024-04-29) already exists.","hint":null,"messa
POST status 409: {"code":"23505","details":"Key (symbol, date)=(DCRE, 2024-04-29) already exists.","hint":null,"messa
FAILED after 3 retries for DCRE
DCRE: INSERT FAILED
POST status 409: {"code":"23505","details":"Key (symbol, date)=(DBND, 2024-04-29) already exists.","hint":null,"messa
POST status 409: {"code":"23505","details":"Key (symbol, date)=(DBND, 2024-04-29) already exists.","hint":null,"messa
POST status 409: {"code":"23505","details":"Key (symbol, date)=(DBND, 2024-04-29) already exists.","hint":null,"messa
FAILED after 3 retries for DBND
DBND: INSERT FAILED
POST status 409: {"code":"23505","details":"Key (symbol, date)=(DBJP, 2024-04-29) already exists.","hint":null,"messa
POST status 409: {"code":"23505","details":"Key (symbol, date)=(DBJP, 2024-04-29) already exists.","hint":null,"messa
POST status 409: {"code":"23505","details":"Key (symbol, date)=(DBJP, 2024-04-29) already exists.","hint":null,"messa
FAILED after 3 retries for DBJP
DBJP: INSERT FAILED
POST status 409: {"code":"23505","details":"Key (symbol, date)=(DBSC, 2025-12-16) already exists.","hint":null,"messa
POST status 409: {"code":"23505","details":"Key (symbol, date)=(DBSC, 2025-12-16) already exists.","hint":null,"messa
POST status 409: {"code":"23505","details":"Key (symbol, date)=(DBSC, 2025-12-16) already exists.","hint":null,"messa
FAILED after 3 retries for DBSC
DBSC: INSERT FAILED
POST status 409: {"code":"23505","details":"Key (symbol, date)=(DBP, 2024-04-29) already exists.","hint":null,"messag
POST status 409: {"code":"23505","details":"Key (symbol, date)=(DBP, 2024-04-29) already exists.","hint":null,"messag
POST status 409: {"code":"23505","details":"Key (symbol, date)=(DBP, 2024-04-29) already exists.","hint":null,"messag
FAILED after 3 retries for DBP
DBP: INSERT FAILED
POST status 409: {"code":"23505","details":"Key (symbol, date)=(DBO, 2024-04-29) already exists.","hint":null,"messag
POST status 409: {"code":"23505","details":"Key (symbol, date)=(DBO, 2024-04-29) already exists.","hint":null,"messag
POST status 409: {"code":"23505","details":"Key (symbol, date)=(DBO, 2024-04-29) already exists.","hint":null,"messag
FAILED after 3 retries for DBO
DBO: INSERT FAILED
POST status 409: {"code":"23505","details":"Key (symbol, date)=(DCOR, 2024-04-29) already exists.","hint":null,"messa
POST status 409: {"code":"23505","details":"Key (symbol, date)=(DCOR, 2024-04-29) already exists.","hint":null,"messa
POST status 409: {"code":"23505","details":"Key (symbol, date)=(DCOR, 2024-04-29) already exists.","hint":null,"messa
FAILED after 3 retries for DCOR
DCOR: INSERT FAILED
POST status 409: {"code":"23505","details":"Key (symbol, date)=(DBEZ, 2024-04-29) already exists.","hint":null,"messa
POST status 409: {"code":"23505","details":"Key (symbol, date)=(DBEZ, 2024-04-29) already exists.","hint":null,"messa
POST status 409: {"code":"23505","details":"Key (symbol, date)=(DBEZ, 2024-04-29) already exists.","hint":null,"messa
FAILED after 3 retries for DBEZ
DBEZ: INSERT FAILED
POST status 409: {"code":"23505","details":"Key (symbol, date)=(DCMT, 2024-04-29) already exists.","hint":null,"messa
POST status 409: {"code":"23505","details":"Key (symbol, date)=(DCMT, 2024-04-29) already exists.","hint":null,"messa
POST status 409: {"code":"23505","details":"Key (symbol, date)=(DCMT, 2024-04-29) already exists.","hint":null,"messa
FAILED after 3 retries for DCMT
DCMT: INSERT FAILED
DDFN: 121 rows fetched
DDFL: 208 rows fetched
DDFM: 41 rows fetched
DDFF: 60 rows fetched
DDFJ: 80 rows fetched
DDFS: 165 rows fetched
DDFD: 101 rows fetched
DDFO: 144 rows fetched
DDEC: 501 rows fetched
DDFA: 19 rows fetched
POST status 409: {"code":"23505","details":"Key (symbol, date)=(DDFN, 2025-11-03) already exists.","hint":null,"messa
POST status 409: {"code":"23505","details":"Key (symbol, date)=(DDFN, 2025-11-03) already exists.","hint":null,"messa
POST status 409: {"code":"23505","details":"Key (symbol, date)=(DDFN, 2025-11-03) already exists.","hint":null,"messa
FAILED after 3 retries for DDFN
DDFN: INSERT FAILED
POST status 409: {"code":"23505","details":"Key (symbol, date)=(DDFL, 2025-07-01) already exists.","hint":null,"messa
POST status 409: {"code":"23505","details":"Key (symbol, date)=(DDFL, 2025-07-01) already exists.","hint":null,"messa
POST status 409: {"code":"23505","details":"Key (symbol, date)=(DDFL, 2025-07-01) already exists.","hint":null,"messa
FAILED after 3 retries for DDFL
DDFL: INSERT FAILED
POST status 409: {"code":"23505","details":"Key (symbol, date)=(DDFM, 2026-03-02) already exists.","hint":null,"messa
POST status 409: {"code":"23505","details":"Key (symbol, date)=(DDFM, 2026-03-02) already exists.","hint":null,"messa
POST status 409: {"code":"23505","details":"Key (symbol, date)=(DDFM, 2026-03-02) already exists.","hint":null,"messa
FAILED after 3 retries for DDFM
DDFM: INSERT FAILED
POST status 409: {"code":"23505","details":"Key (symbol, date)=(DDFF, 2026-02-02) already exists.","hint":null,"messa
POST status 409: {"code":"23505","details":"Key (symbol, date)=(DDFF, 2026-02-02) already exists.","hint":null,"messa
POST status 409: {"code":"23505","details":"Key (symbol, date)=(DDFF, 2026-02-02) already exists.","hint":null,"messa
FAILED after 3 retries for DDFF
DDFF: INSERT FAILED
POST status 409: {"code":"23505","details":"Key (symbol, date)=(DDFJ, 2026-01-02) already exists.","hint":null,"messa
POST status 409: {"code":"23505","details":"Key (symbol, date)=(DDFJ, 2026-01-02) already exists.","hint":null,"messa
POST status 409: {"code":"23505","details":"Key (symbol, date)=(DDFJ, 2026-01-02) already exists.","hint":null,"messa
FAILED after 3 retries for DDFJ
DDFJ: INSERT FAILED
POST status 409: {"code":"23505","details":"Key (symbol, date)=(DDFS, 2025-09-02) already exists.","hint":null,"messa
POST status 409: {"code":"23505","details":"Key (symbol, date)=(DDFS, 2025-09-02) already exists.","hint":null,"messa
POST status 409: {"code":"23505","details":"Key (symbol, date)=(DDFS, 2025-09-02) already exists.","hint":null,"messa
FAILED after 3 retries for DDFS
DDFS: INSERT FAILED
POST status 409: {"code":"23505","details":"Key (symbol, date)=(DDFD, 2025-12-02) already exists.","hint":null,"messa
POST status 409: {"code":"23505","details":"Key (symbol, date)=(DDFD, 2025-12-02) already exists.","hint":null,"messa
POST status 409: {"code":"23505","details":"Key (symbol, date)=(DDFD, 2025-12-02) already exists.","hint":null,"messa
FAILED after 3 retries for DDFD
DDFD: INSERT FAILED
POST status 409: {"code":"23505","details":"Key (symbol, date)=(DDFO, 2025-10-01) already exists.","hint":null,"messa
POST status 409: {"code":"23505","details":"Key (symbol, date)=(DDFO, 2025-10-01) already exists.","hint":null,"messa
POST status 409: {"code":"23505","details":"Key (symbol, date)=(DDFO, 2025-10-01) already exists.","hint":null,"messa
FAILED after 3 retries for DDFO
DDFO: INSERT FAILED
POST status 409: {"code":"23505","details":"Key (symbol, date)=(DDEC, 2024-04-29) already exists.","hint":null,"messa
POST status 409: {"code":"23505","details":"Key (symbol, date)=(DDEC, 2024-04-29) already exists.","hint":null,"messa
POST status 409: {"code":"23505","details":"Key (symbol, date)=(DDEC, 2024-04-29) already exists.","hint":null,"messa
FAILED after 3 retries for DDEC
DDEC: INSERT FAILED
POST status 409: {"code":"23505","details":"Key (symbol, date)=(DDFA, 2026-04-01) already exists.","hint":null,"messa
POST status 409: {"code":"23505","details":"Key (symbol, date)=(DDFA, 2026-04-01) already exists.","hint":null,"messa
POST status 409: {"code":"23505","details":"Key (symbol, date)=(DDFA, 2026-04-01) already exists.","hint":null,"messa
FAILED after 3 retries for DDFA
DDFA: INSERT FAILED
DDLS: 501 rows fetched
DDIV: 501 rows fetched
DDNQ: 80 rows fetched
DDTA: 19 rows fetched
DDTD: 101 rows fetched
DDSQ: 80 rows fetched
DDTF: 60 rows fetched
DDTJ: 80 rows fetched
DDTL: 208 rows fetched
DDM: 501 rows fetched
POST status 409: {"code":"23505","details":"Key (symbol, date)=(DDLS, 2024-04-29) already exists.","hint":null,"messa
POST status 409: {"code":"23505","details":"Key (symbol, date)=(DDLS, 2024-04-29) already exists.","hint":null,"messa
POST status 409: {"code":"23505","details":"Key (symbol, date)=(DDLS, 2024-04-29) already exists.","hint":null,"messa
FAILED after 3 retries for DDLS
DDLS: INSERT FAILED
POST status 409: {"code":"23505","details":"Key (symbol, date)=(DDIV, 2024-04-29) already exists.","hint":null,"messa
POST status 409: {"code":"23505","details":"Key (symbol, date)=(DDIV, 2024-04-29) already exists.","hint":null,"messa
POST status 409: {"code":"23505","details":"Key (symbol, date)=(DDIV, 2024-04-29) already exists.","hint":null,"messa
FAILED after 3 retries for DDIV
DDIV: INSERT FAILED
POST status 409: {"code":"23505","details":"Key (symbol, date)=(DDNQ, 2026-01-02) already exists.","hint":null,"messa
POST status 409: {"code":"23505","details":"Key (symbol, date)=(DDNQ, 2026-01-02) already exists.","hint":null,"messa
POST status 409: {"code":"23505","details":"Key (symbol, date)=(DDNQ, 2026-01-02) already exists.","hint":null,"messa
FAILED after 3 retries for DDNQ
DDNQ: INSERT FAILED
POST status 409: {"code":"23505","details":"Key (symbol, date)=(DDTA, 2026-04-01) already exists.","hint":null,"messa
POST status 409: {"code":"23505","details":"Key (symbol, date)=(DDTA, 2026-04-01) already exists.","hint":null,"messa
POST status 409: {"code":"23505","details":"Key (symbol, date)=(DDTA, 2026-04-01) already exists.","hint":null,"messa
FAILED after 3 retries for DDTA
DDTA: INSERT FAILED
POST status 409: {"code":"23505","details":"Key (symbol, date)=(DDTD, 2025-12-02) already exists.","hint":null,"messa
POST status 409: {"code":"23505","details":"Key (symbol, date)=(DDTD, 2025-12-02) already exists.","hint":null,"messa
POST status 409: {"code":"23505","details":"Key (symbol, date)=(DDTD, 2025-12-02) already exists.","hint":null,"messa
FAILED after 3 retries for DDTD
DDTD: INSERT FAILED
POST status 409: {"code":"23505","details":"Key (symbol, date)=(DDSQ, 2026-01-02) already exists.","hint":null,"messa
POST status 409: {"code":"23505","details":"Key (symbol, date)=(DDSQ, 2026-01-02) already exists.","hint":null,"messa
POST status 409: {"code":"23505","details":"Key (symbol, date)=(DDSQ, 2026-01-02) already exists.","hint":null,"messa
FAILED after 3 retries for DDSQ
DDSQ: INSERT FAILED
POST status 409: {"code":"23505","details":"Key (symbol, date)=(DDTF, 2026-02-02) already exists.","hint":null,"messa
POST status 409: {"code":"23505","details":"Key (symbol, date)=(DDTF, 2026-02-02) already exists.","hint":null,"messa
POST status 409: {"code":"23505","details":"Key (symbol, date)=(DDTF, 2026-02-02) already exists.","hint":null,"messa
FAILED after 3 retries for DDTF
DDTF: INSERT FAILED
POST status 409: {"code":"23505","details":"Key (symbol, date)=(DDTJ, 2026-01-02) already exists.","hint":null,"messa
POST status 409: {"code":"23505","details":"Key (symbol, date)=(DDTJ, 2026-01-02) already exists.","hint":null,"messa
POST status 409: {"code":"23505","details":"Key (symbol, date)=(DDTJ, 2026-01-02) already exists.","hint":null,"messa
FAILED after 3 retries for DDTJ
DDTJ: INSERT FAILED
POST status 409: {"code":"23505","details":"Key (symbol, date)=(DDTL, 2025-07-01) already exists.","hint":null,"messa
POST status 409: {"code":"23505","details":"Key (symbol, date)=(DDTL, 2025-07-01) already exists.","hint":null,"messa
POST status 409: {"code":"23505","details":"Key (symbol, date)=(DDTL, 2025-07-01) already exists.","hint":null,"messa
FAILED after 3 retries for DDTL
DDTL: INSERT FAILED
POST status 409: {"code":"23505","details":"Key (symbol, date)=(DDM, 2024-04-29) already exists.","hint":null,"messag
POST status 409: {"code":"23505","details":"Key (symbol, date)=(DDM, 2024-04-29) already exists.","hint":null,"messag
POST status 409: {"code":"23505","details":"Key (symbol, date)=(DDM, 2024-04-29) already exists.","hint":null,"messag
FAILED after 3 retries for DDM
DDM: INSERT FAILED
DDV: 113 rows fetched
DDXX: 113 rows fetched
DDTN: 121 rows fetched
DDTS: 165 rows fetched
DECO: 409 rows fetched
DDTO: 144 rows fetched
DECM: 336 rows fetched
DDTM: 41 rows fetched
DDX: 501 rows fetched
DDWM: 501 rows fetched
POST status 409: {"code":"23505","details":"Key (symbol, date)=(DDV, 2025-11-13) already exists.","hint":null,"messag
POST status 409: {"code":"23505","details":"Key (symbol, date)=(DDV, 2025-11-13) already exists.","hint":null,"messag
POST status 409: {"code":"23505","details":"Key (symbol, date)=(DDV, 2025-11-13) already exists.","hint":null,"messag
FAILED after 3 retries for DDV
DDV: INSERT FAILED
POST status 409: {"code":"23505","details":"Key (symbol, date)=(DDXX, 2025-11-13) already exists.","hint":null,"messa
POST status 409: {"code":"23505","details":"Key (symbol, date)=(DDXX, 2025-11-13) already exists.","hint":null,"messa
POST status 409: {"code":"23505","details":"Key (symbol, date)=(DDXX, 2025-11-13) already exists.","hint":null,"messa
FAILED after 3 retries for DDXX
DDXX: INSERT FAILED
POST status 409: {"code":"23505","details":"Key (symbol, date)=(DDTN, 2025-11-03) already exists.","hint":null,"messa
POST status 409: {"code":"23505","details":"Key (symbol, date)=(DDTN, 2025-11-03) already exists.","hint":null,"messa
POST status 409: {"code":"23505","details":"Key (symbol, date)=(DDTN, 2025-11-03) already exists.","hint":null,"messa
FAILED after 3 retries for DDTN
DDTN: INSERT FAILED
POST status 409: {"code":"23505","details":"Key (symbol, date)=(DDTS, 2025-09-02) already exists.","hint":null,"messa
POST status 409: {"code":"23505","details":"Key (symbol, date)=(DDTS, 2025-09-02) already exists.","hint":null,"messa
POST status 409: {"code":"23505","details":"Key (symbol, date)=(DDTS, 2025-09-02) already exists.","hint":null,"messa
FAILED after 3 retries for DDTS
DDTS: INSERT FAILED
POST status 409: {"code":"23505","details":"Key (symbol, date)=(DECO, 2024-09-10) already exists.","hint":null,"messa
POST status 409: {"code":"23505","details":"Key (symbol, date)=(DECO, 2024-09-10) already exists.","hint":null,"messa
POST status 409: {"code":"23505","details":"Key (symbol, date)=(DECO, 2024-09-10) already exists.","hint":null,"messa
FAILED after 3 retries for DECO
DECO: INSERT FAILED
POST status 409: {"code":"23505","details":"Key (symbol, date)=(DDTO, 2025-10-01) already exists.","hint":null,"messa
POST status 409: {"code":"23505","details":"Key (symbol, date)=(DDTO, 2025-10-01) already exists.","hint":null,"messa
POST status 409: {"code":"23505","details":"Key (symbol, date)=(DDTO, 2025-10-01) already exists.","hint":null,"messa
FAILED after 3 retries for DDTO
DDTO: INSERT FAILED
POST status 409: {"code":"23505","details":"Key (symbol, date)=(DECM, 2024-12-23) already exists.","hint":null,"messa
POST status 409: {"code":"23505","details":"Key (symbol, date)=(DECM, 2024-12-23) already exists.","hint":null,"messa
POST status 409: {"code":"23505","details":"Key (symbol, date)=(DECM, 2024-12-23) already exists.","hint":null,"messa
FAILED after 3 retries for DECM
DECM: INSERT FAILED
POST status 409: {"code":"23505","details":"Key (symbol, date)=(DDTM, 2026-03-02) already exists.","hint":null,"messa
POST status 409: {"code":"23505","details":"Key (symbol, date)=(DDTM, 2026-03-02) already exists.","hint":null,"messa
POST status 409: {"code":"23505","details":"Key (symbol, date)=(DDTM, 2026-03-02) already exists.","hint":null,"messa
FAILED after 3 retries for DDTM
DDTM: INSERT FAILED
POST status 409: {"code":"23505","details":"Key (symbol, date)=(DDX, 2024-04-29) already exists.","hint":null,"messag
POST status 409: {"code":"23505","details":"Key (symbol, date)=(DDX, 2024-04-29) already exists.","hint":null,"messag
POST status 409: {"code":"23505","details":"Key (symbol, date)=(DDX, 2024-04-29) already exists.","hint":null,"messag
FAILED after 3 retries for DDX
DDX: INSERT FAILED
POST status 409: {"code":"23505","details":"Key (symbol, date)=(DDWM, 2024-04-29) already exists.","hint":null,"messa
POST status 409: {"code":"23505","details":"Key (symbol, date)=(DDWM, 2024-04-29) already exists.","hint":null,"messa
POST status 409: {"code":"23505","details":"Key (symbol, date)=(DDWM, 2024-04-29) already exists.","hint":null,"messa
FAILED after 3 retries for DDWM
DDWM: INSERT FAILED
DECP: 469 rows fetched
DEFR: 240 rows fetched
DEFI: 501 rows fetched
DECU: 351 rows fetched
DECZ: 501 rows fetched
DEED: 501 rows fetched
DEEF: 501 rows fetched
DEEP: 501 rows fetched
DECT: 501 rows fetched
DECW: 501 rows fetched
POST status 409: {"code":"23505","details":"Key (symbol, date)=(DECP, 2024-06-13) already exists.","hint":null,"messa
POST status 409: {"code":"23505","details":"Key (symbol, date)=(DECP, 2024-06-13) already exists.","hint":null,"messa
POST status 409: {"code":"23505","details":"Key (symbol, date)=(DECP, 2024-06-13) already exists.","hint":null,"messa
FAILED after 3 retries for DECP
DECP: INSERT FAILED
POST status 409: {"code":"23505","details":"Key (symbol, date)=(DEFR, 2025-05-14) already exists.","hint":null,"messa
POST status 409: {"code":"23505","details":"Key (symbol, date)=(DEFR, 2025-05-14) already exists.","hint":null,"messa
POST status 409: {"code":"23505","details":"Key (symbol, date)=(DEFR, 2025-05-14) already exists.","hint":null,"messa
FAILED after 3 retries for DEFR
DEFR: INSERT FAILED
POST status 409: {"code":"23505","details":"Key (symbol, date)=(DEFI, 2024-04-29) already exists.","hint":null,"messa
POST status 409: {"code":"23505","details":"Key (symbol, date)=(DEFI, 2024-04-29) already exists.","hint":null,"messa
POST status 409: {"code":"23505","details":"Key (symbol, date)=(DEFI, 2024-04-29) already exists.","hint":null,"messa
FAILED after 3 retries for DEFI
DEFI: INSERT FAILED
POST status 409: {"code":"23505","details":"Key (symbol, date)=(DECU, 2024-12-02) already exists.","hint":null,"messa
POST status 409: {"code":"23505","details":"Key (symbol, date)=(DECU, 2024-12-02) already exists.","hint":null,"messa
POST status 409: {"code":"23505","details":"Key (symbol, date)=(DECU, 2024-12-02) already exists.","hint":null,"messa
FAILED after 3 retries for DECU
DECU: INSERT FAILED
POST status 409: {"code":"23505","details":"Key (symbol, date)=(DECZ, 2024-04-29) already exists.","hint":null,"messa
POST status 409: {"code":"23505","details":"Key (symbol, date)=(DECZ, 2024-04-29) already exists.","hint":null,"messa
POST status 409: {"code":"23505","details":"Key (symbol, date)=(DECZ, 2024-04-29) already exists.","hint":null,"messa
FAILED after 3 retries for DECZ
DECZ: INSERT FAILED
POST status 409: {"code":"23505","details":"Key (symbol, date)=(DEED, 2024-04-29) already exists.","hint":null,"messa
POST status 409: {"code":"23505","details":"Key (symbol, date)=(DEED, 2024-04-29) already exists.","hint":null,"messa
POST status 409: {"code":"23505","details":"Key (symbol, date)=(DEED, 2024-04-29) already exists.","hint":null,"messa
FAILED after 3 retries for DEED
DEED: INSERT FAILED
POST status 409: {"code":"23505","details":"Key (symbol, date)=(DEEF, 2024-04-29) already exists.","hint":null,"messa
POST status 409: {"code":"23505","details":"Key (symbol, date)=(DEEF, 2024-04-29) already exists.","hint":null,"messa
POST status 409: {"code":"23505","details":"Key (symbol, date)=(DEEF, 2024-04-29) already exists.","hint":null,"messa
FAILED after 3 retries for DEEF
DEEF: INSERT FAILED
POST status 409: {"code":"23505","details":"Key (symbol, date)=(DEEP, 2024-04-29) already exists.","hint":null,"messa
POST status 409: {"code":"23505","details":"Key (symbol, date)=(DEEP, 2024-04-29) already exists.","hint":null,"messa
POST status 409: {"code":"23505","details":"Key (symbol, date)=(DEEP, 2024-04-29) already exists.","hint":null,"messa
FAILED after 3 retries for DEEP
DEEP: INSERT FAILED
POST status 409: {"code":"23505","details":"Key (symbol, date)=(DECT, 2024-04-29) already exists.","hint":null,"messa
POST status 409: {"code":"23505","details":"Key (symbol, date)=(DECT, 2024-04-29) already exists.","hint":null,"messa
POST status 409: {"code":"23505","details":"Key (symbol, date)=(DECT, 2024-04-29) already exists.","hint":null,"messa
FAILED after 3 retries for DECT
DECT: INSERT FAILED
POST status 409: {"code":"23505","details":"Key (symbol, date)=(DECW, 2024-04-29) already exists.","hint":null,"messa
POST status 409: {"code":"23505","details":"Key (symbol, date)=(DECW, 2024-04-29) already exists.","hint":null,"messa
POST status 409: {"code":"23505","details":"Key (symbol, date)=(DECW, 2024-04-29) already exists.","hint":null,"messa
FAILED after 3 retries for DECW
DECW: INSERT FAILED
DESK: 501 rows fetched
DEMZ: 501 rows fetched
DFAC: 501 rows fetched
DEXC: 362 rows fetched
DFAE: 501 rows fetched
DEM: 501 rows fetched
DEW: 501 rows fetched
DEUS: 501 rows fetched
DEHP: 501 rows fetched
DES: 501 rows fetched
POST status 409: {"code":"23505","details":"Key (symbol, date)=(DESK, 2024-04-29) already exists.","hint":null,"messa
POST status 409: {"code":"23505","details":"Key (symbol, date)=(DESK, 2024-04-29) already exists.","hint":null,"messa
POST status 409: {"code":"23505","details":"Key (symbol, date)=(DESK, 2024-04-29) already exists.","hint":null,"messa
FAILED after 3 retries for DESK
DESK: INSERT FAILED
POST status 409: {"code":"23505","details":"Key (symbol, date)=(DEMZ, 2024-04-29) already exists.","hint":null,"messa
POST status 409: {"code":"23505","details":"Key (symbol, date)=(DEMZ, 2024-04-29) already exists.","hint":null,"messa
POST status 409: {"code":"23505","details":"Key (symbol, date)=(DEMZ, 2024-04-29) already exists.","hint":null,"messa
FAILED after 3 retries for DEMZ
DEMZ: INSERT FAILED
POST status 409: {"code":"23505","details":"Key (symbol, date)=(DFAC, 2024-04-29) already exists.","hint":null,"messa
POST status 409: {"code":"23505","details":"Key (symbol, date)=(DFAC, 2024-04-29) already exists.","hint":null,"messa
POST status 409: {"code":"23505","details":"Key (symbol, date)=(DFAC, 2024-04-29) already exists.","hint":null,"messa
FAILED after 3 retries for DFAC
DFAC: INSERT FAILED
POST status 409: {"code":"23505","details":"Key (symbol, date)=(DEXC, 2024-11-14) already exists.","hint":null,"messa
POST status 409: {"code":"23505","details":"Key (symbol, date)=(DEXC, 2024-11-14) already exists.","hint":null,"messa
POST status 409: {"code":"23505","details":"Key (symbol, date)=(DEXC, 2024-11-14) already exists.","hint":null,"messa
FAILED after 3 retries for DEXC
DEXC: INSERT FAILED
POST status 409: {"code":"23505","details":"Key (symbol, date)=(DFAE, 2024-04-29) already exists.","hint":null,"messa
POST status 409: {"code":"23505","details":"Key (symbol, date)=(DFAE, 2024-04-29) already exists.","hint":null,"messa
POST status 409: {"code":"23505","details":"Key (symbol, date)=(DFAE, 2024-04-29) already exists.","hint":null,"messa
FAILED after 3 retries for DFAE
DFAE: INSERT FAILED
POST status 409: {"code":"23505","details":"Key (symbol, date)=(DEM, 2024-04-29) already exists.","hint":null,"messag
POST status 409: {"code":"23505","details":"Key (symbol, date)=(DEM, 2024-04-29) already exists.","hint":null,"messag
POST status 409: {"code":"23505","details":"Key (symbol, date)=(DEM, 2024-04-29) already exists.","hint":null,"messag
FAILED after 3 retries for DEM
DEM: INSERT FAILED
POST status 409: {"code":"23505","details":"Key (symbol, date)=(DEW, 2024-04-29) already exists.","hint":null,"messag
POST status 409: {"code":"23505","details":"Key (symbol, date)=(DEW, 2024-04-29) already exists.","hint":null,"messag
POST status 409: {"code":"23505","details":"Key (symbol, date)=(DEW, 2024-04-29) already exists.","hint":null,"messag
FAILED after 3 retries for DEW
DEW: INSERT FAILED
POST status 409: {"code":"23505","details":"Key (symbol, date)=(DEUS, 2024-04-29) already exists.","hint":null,"messa
POST status 409: {"code":"23505","details":"Key (symbol, date)=(DEUS, 2024-04-29) already exists.","hint":null,"messa
POST status 409: {"code":"23505","details":"Key (symbol, date)=(DEUS, 2024-04-29) already exists.","hint":null,"messa
FAILED after 3 retries for DEUS
DEUS: INSERT FAILED
POST status 409: {"code":"23505","details":"Key (symbol, date)=(DEHP, 2024-04-29) already exists.","hint":null,"messa
POST status 409: {"code":"23505","details":"Key (symbol, date)=(DEHP, 2024-04-29) already exists.","hint":null,"messa
POST status 409: {"code":"23505","details":"Key (symbol, date)=(DEHP, 2024-04-29) already exists.","hint":null,"messa
FAILED after 3 retries for DEHP
DEHP: INSERT FAILED
POST status 409: {"code":"23505","details":"Key (symbol, date)=(DES, 2024-04-29) already exists.","hint":null,"messag
POST status 409: {"code":"23505","details":"Key (symbol, date)=(DES, 2024-04-29) already exists.","hint":null,"messag
POST status 409: {"code":"23505","details":"Key (symbol, date)=(DES, 2024-04-29) already exists.","hint":null,"messag
FAILED after 3 retries for DES
DES: INSERT FAILED
DFAS: 501 rows fetched
DFAI: 501 rows fetched
DFCF: 501 rows fetched
DFCA: 501 rows fetched
DFAT: 501 rows fetched
DFE: 501 rows fetched
DFAU: 501 rows fetched
DFAX: 501 rows fetched
DFAW: 501 rows fetched
DFAR: 501 rows fetched
POST status 409: {"code":"23505","details":"Key (symbol, date)=(DFAS, 2024-04-29) already exists.","hint":null,"messa
POST status 409: {"code":"23505","details":"Key (symbol, date)=(DFAS, 2024-04-29) already exists.","hint":null,"messa
POST status 409: {"code":"23505","details":"Key (symbol, date)=(DFAS, 2024-04-29) already exists.","hint":null,"messa
FAILED after 3 retries for DFAS
DFAS: INSERT FAILED
POST status 409: {"code":"23505","details":"Key (symbol, date)=(DFAI, 2024-04-29) already exists.","hint":null,"messa
POST status 409: {"code":"23505","details":"Key (symbol, date)=(DFAI, 2024-04-29) already exists.","hint":null,"messa
POST status 409: {"code":"23505","details":"Key (symbol, date)=(DFAI, 2024-04-29) already exists.","hint":null,"messa
FAILED after 3 retries for DFAI
DFAI: INSERT FAILED
POST status 409: {"code":"23505","details":"Key (symbol, date)=(DFCF, 2024-04-29) already exists.","hint":null,"messa
POST status 409: {"code":"23505","details":"Key (symbol, date)=(DFCF, 2024-04-29) already exists.","hint":null,"messa
POST status 409: {"code":"23505","details":"Key (symbol, date)=(DFCF, 2024-04-29) already exists.","hint":null,"messa
FAILED after 3 retries for DFCF
DFCF: INSERT FAILED
POST status 409: {"code":"23505","details":"Key (symbol, date)=(DFCA, 2024-04-29) already exists.","hint":null,"messa
POST status 409: {"code":"23505","details":"Key (symbol, date)=(DFCA, 2024-04-29) already exists.","hint":null,"messa
POST status 409: {"code":"23505","details":"Key (symbol, date)=(DFCA, 2024-04-29) already exists.","hint":null,"messa
FAILED after 3 retries for DFCA
DFCA: INSERT FAILED
POST status 409: {"code":"23505","details":"Key (symbol, date)=(DFAT, 2024-04-29) already exists.","hint":null,"messa
POST status 409: {"code":"23505","details":"Key (symbol, date)=(DFAT, 2024-04-29) already exists.","hint":null,"messa
POST status 409: {"code":"23505","details":"Key (symbol, date)=(DFAT, 2024-04-29) already exists.","hint":null,"messa
FAILED after 3 retries for DFAT
DFAT: INSERT FAILED
POST status 409: {"code":"23505","details":"Key (symbol, date)=(DFE, 2024-04-29) already exists.","hint":null,"messag
POST status 409: {"code":"23505","details":"Key (symbol, date)=(DFE, 2024-04-29) already exists.","hint":null,"messag
POST status 409: {"code":"23505","details":"Key (symbol, date)=(DFE, 2024-04-29) already exists.","hint":null,"messag
FAILED after 3 retries for DFE
DFE: INSERT FAILED
POST status 409: {"code":"23505","details":"Key (symbol, date)=(DFAU, 2024-04-29) already exists.","hint":null,"messa
POST status 409: {"code":"23505","details":"Key (symbol, date)=(DFAU, 2024-04-29) already exists.","hint":null,"messa
POST status 409: {"code":"23505","details":"Key (symbol, date)=(DFAU, 2024-04-29) already exists.","hint":null,"messa
FAILED after 3 retries for DFAU
DFAU: INSERT FAILED
POST status 409: {"code":"23505","details":"Key (symbol, date)=(DFAX, 2024-04-29) already exists.","hint":null,"messa
POST status 409: {"code":"23505","details":"Key (symbol, date)=(DFAX, 2024-04-29) already exists.","hint":null,"messa
POST status 409: {"code":"23505","details":"Key (symbol, date)=(DFAX, 2024-04-29) already exists.","hint":null,"messa
FAILED after 3 retries for DFAX
DFAX: INSERT FAILED
POST status 409: {"code":"23505","details":"Key (symbol, date)=(DFAW, 2024-04-29) already exists.","hint":null,"messa
POST status 409: {"code":"23505","details":"Key (symbol, date)=(DFAW, 2024-04-29) already exists.","hint":null,"messa
POST status 409: {"code":"23505","details":"Key (symbol, date)=(DFAW, 2024-04-29) already exists.","hint":null,"messa
FAILED after 3 retries for DFAW
DFAW: INSERT FAILED
POST status 409: {"code":"23505","details":"Key (symbol, date)=(DFAR, 2024-04-29) already exists.","hint":null,"messa
POST status 409: {"code":"23505","details":"Key (symbol, date)=(DFAR, 2024-04-29) already exists.","hint":null,"messa
POST status 409: {"code":"23505","details":"Key (symbol, date)=(DFAR, 2024-04-29) already exists.","hint":null,"messa
FAILED after 3 retries for DFAR
DFAR: INSERT FAILED
DFEV: 501 rows fetched
DFII: 268 rows fetched
DFGX: 501 rows fetched
DFEM: 501 rows fetched
DFGP: 501 rows fetched
DFEN: 501 rows fetched
DFEB: 501 rows fetched
DFIP: 501 rows fetched
DFIC: 501 rows fetched
DFGR: 501 rows fetched
POST status 409: {"code":"23505","details":"Key (symbol, date)=(DFEV, 2024-04-29) already exists.","hint":null,"messa
POST status 409: {"code":"23505","details":"Key (symbol, date)=(DFEV, 2024-04-29) already exists.","hint":null,"messa
POST status 409: {"code":"23505","details":"Key (symbol, date)=(DFEV, 2024-04-29) already exists.","hint":null,"messa
FAILED after 3 retries for DFEV
DFEV: INSERT FAILED
POST status 409: {"code":"23505","details":"Key (symbol, date)=(DFII, 2025-04-03) already exists.","hint":null,"messa
POST status 409: {"code":"23505","details":"Key (symbol, date)=(DFII, 2025-04-03) already exists.","hint":null,"messa
POST status 409: {"code":"23505","details":"Key (symbol, date)=(DFII, 2025-04-03) already exists.","hint":null,"messa
FAILED after 3 retries for DFII
DFII: INSERT FAILED
POST status 409: {"code":"23505","details":"Key (symbol, date)=(DFGX, 2024-04-29) already exists.","hint":null,"messa
POST status 409: {"code":"23505","details":"Key (symbol, date)=(DFGX, 2024-04-29) already exists.","hint":null,"messa
POST status 409: {"code":"23505","details":"Key (symbol, date)=(DFGX, 2024-04-29) already exists.","hint":null,"messa
FAILED after 3 retries for DFGX
DFGX: INSERT FAILED
POST status 409: {"code":"23505","details":"Key (symbol, date)=(DFEM, 2024-04-29) already exists.","hint":null,"messa
POST status 409: {"code":"23505","details":"Key (symbol, date)=(DFEM, 2024-04-29) already exists.","hint":null,"messa
POST status 409: {"code":"23505","details":"Key (symbol, date)=(DFEM, 2024-04-29) already exists.","hint":null,"messa
FAILED after 3 retries for DFEM
DFEM: INSERT FAILED
POST status 409: {"code":"23505","details":"Key (symbol, date)=(DFGP, 2024-04-29) already exists.","hint":null,"messa
POST status 409: {"code":"23505","details":"Key (symbol, date)=(DFGP, 2024-04-29) already exists.","hint":null,"messa
POST status 409: {"code":"23505","details":"Key (symbol, date)=(DFGP, 2024-04-29) already exists.","hint":null,"messa
FAILED after 3 retries for DFGP
DFGP: INSERT FAILED
POST status 409: {"code":"23505","details":"Key (symbol, date)=(DFEN, 2024-04-29) already exists.","hint":null,"messa
POST status 409: {"code":"23505","details":"Key (symbol, date)=(DFEN, 2024-04-29) already exists.","hint":null,"messa
POST status 409: {"code":"23505","details":"Key (symbol, date)=(DFEN, 2024-04-29) already exists.","hint":null,"messa
FAILED after 3 retries for DFEN
DFEN: INSERT FAILED
POST status 409: {"code":"23505","details":"Key (symbol, date)=(DFEB, 2024-04-29) already exists.","hint":null,"messa
POST status 409: {"code":"23505","details":"Key (symbol, date)=(DFEB, 2024-04-29) already exists.","hint":null,"messa
POST status 409: {"code":"23505","details":"Key (symbol, date)=(DFEB, 2024-04-29) already exists.","hint":null,"messa
FAILED after 3 retries for DFEB
DFEB: INSERT FAILED
POST status 409: {"code":"23505","details":"Key (symbol, date)=(DFIP, 2024-04-29) already exists.","hint":null,"messa
POST status 409: {"code":"23505","details":"Key (symbol, date)=(DFIP, 2024-04-29) already exists.","hint":null,"messa
POST status 409: {"code":"23505","details":"Key (symbol, date)=(DFIP, 2024-04-29) already exists.","hint":null,"messa
FAILED after 3 retries for DFIP
DFIP: INSERT FAILED
POST status 409: {"code":"23505","details":"Key (symbol, date)=(DFIC, 2024-04-29) already exists.","hint":null,"messa
POST status 409: {"code":"23505","details":"Key (symbol, date)=(DFIC, 2024-04-29) already exists.","hint":null,"messa
POST status 409: {"code":"23505","details":"Key (symbol, date)=(DFIC, 2024-04-29) already exists.","hint":null,"messa
FAILED after 3 retries for DFIC
DFIC: INSERT FAILED
POST status 409: {"code":"23505","details":"Key (symbol, date)=(DFGR, 2024-04-29) already exists.","hint":null,"messa
POST status 409: {"code":"23505","details":"Key (symbol, date)=(DFGR, 2024-04-29) already exists.","hint":null,"messa
POST status 409: {"code":"23505","details":"Key (symbol, date)=(DFGR, 2024-04-29) already exists.","hint":null,"messa
FAILED after 3 retries for DFGR
DFGR: INSERT FAILED
DFSD: 501 rows fetched
DFNM: 501 rows fetched
DFJ: 501 rows fetched
DFLV: 501 rows fetched
DFSI: 501 rows fetched
DFSB: 501 rows fetched
DFIS: 501 rows fetched
DFSE: 501 rows fetched
DFIV: 501 rows fetched
DFNL: 501 rows fetched
POST status 409: {"code":"23505","details":"Key (symbol, date)=(DFSD, 2024-04-29) already exists.","hint":null,"messa
POST status 409: {"code":"23505","details":"Key (symbol, date)=(DFSD, 2024-04-29) already exists.","hint":null,"messa
POST status 409: {"code":"23505","details":"Key (symbol, date)=(DFSD, 2024-04-29) already exists.","hint":null,"messa
FAILED after 3 retries for DFSD
DFSD: INSERT FAILED
POST status 409: {"code":"23505","details":"Key (symbol, date)=(DFNM, 2024-04-29) already exists.","hint":null,"messa
POST status 409: {"code":"23505","details":"Key (symbol, date)=(DFNM, 2024-04-29) already exists.","hint":null,"messa
POST status 409: {"code":"23505","details":"Key (symbol, date)=(DFNM, 2024-04-29) already exists.","hint":null,"messa
FAILED after 3 retries for DFNM
DFNM: INSERT FAILED
POST status 409: {"code":"23505","details":"Key (symbol, date)=(DFJ, 2024-04-29) already exists.","hint":null,"messag
POST status 409: {"code":"23505","details":"Key (symbol, date)=(DFJ, 2024-04-29) already exists.","hint":null,"messag
POST status 409: {"code":"23505","details":"Key (symbol, date)=(DFJ, 2024-04-29) already exists.","hint":null,"messag
FAILED after 3 retries for DFJ
DFJ: INSERT FAILED
POST status 409: {"code":"23505","details":"Key (symbol, date)=(DFLV, 2024-04-29) already exists.","hint":null,"messa
POST status 409: {"code":"23505","details":"Key (symbol, date)=(DFLV, 2024-04-29) already exists.","hint":null,"messa
POST status 409: {"code":"23505","details":"Key (symbol, date)=(DFLV, 2024-04-29) already exists.","hint":null,"messa
FAILED after 3 retries for DFLV
DFLV: INSERT FAILED
POST status 409: {"code":"23505","details":"Key (symbol, date)=(DFSI, 2024-04-29) already exists.","hint":null,"messa
POST status 409: {"code":"23505","details":"Key (symbol, date)=(DFSI, 2024-04-29) already exists.","hint":null,"messa
POST status 409: {"code":"23505","details":"Key (symbol, date)=(DFSI, 2024-04-29) already exists.","hint":null,"messa
FAILED after 3 retries for DFSI
DFSI: INSERT FAILED
POST status 409: {"code":"23505","details":"Key (symbol, date)=(DFSB, 2024-04-29) already exists.","hint":null,"messa
POST status 409: {"code":"23505","details":"Key (symbol, date)=(DFSB, 2024-04-29) already exists.","hint":null,"messa
POST status 409: {"code":"23505","details":"Key (symbol, date)=(DFSB, 2024-04-29) already exists.","hint":null,"messa
FAILED after 3 retries for DFSB
DFSB: INSERT FAILED
POST status 409: {"code":"23505","details":"Key (symbol, date)=(DFIS, 2024-04-29) already exists.","hint":null,"messa
POST status 409: {"code":"23505","details":"Key (symbol, date)=(DFIS, 2024-04-29) already exists.","hint":null,"messa
POST status 409: {"code":"23505","details":"Key (symbol, date)=(DFIS, 2024-04-29) already exists.","hint":null,"messa
FAILED after 3 retries for DFIS
DFIS: INSERT FAILED
POST status 409: {"code":"23505","details":"Key (symbol, date)=(DFSE, 2024-04-29) already exists.","hint":null,"messa
POST status 409: {"code":"23505","details":"Key (symbol, date)=(DFSE, 2024-04-29) already exists.","hint":null,"messa
POST status 409: {"code":"23505","details":"Key (symbol, date)=(DFSE, 2024-04-29) already exists.","hint":null,"messa
FAILED after 3 retries for DFSE
DFSE: INSERT FAILED
POST status 409: {"code":"23505","details":"Key (symbol, date)=(DFIV, 2024-04-29) already exists.","hint":null,"messa
POST status 409: {"code":"23505","details":"Key (symbol, date)=(DFIV, 2024-04-29) already exists.","hint":null,"messa
POST status 409: {"code":"23505","details":"Key (symbol, date)=(DFIV, 2024-04-29) already exists.","hint":null,"messa
FAILED after 3 retries for DFIV
DFIV: INSERT FAILED
POST status 409: {"code":"23505","details":"Key (symbol, date)=(DFNL, 2024-04-29) already exists.","hint":null,"messa
POST status 409: {"code":"23505","details":"Key (symbol, date)=(DFNL, 2024-04-29) already exists.","hint":null,"messa
POST status 409: {"code":"23505","details":"Key (symbol, date)=(DFNL, 2024-04-29) already exists.","hint":null,"messa
FAILED after 3 retries for DFNL
DFNL: INSERT FAILED
DGJA: 69 rows fetched
DFVX: 501 rows fetched
DGAP: 6 rows fetched
DGIN: 501 rows fetched
DGCB: 501 rows fetched
DFSU: 501 rows fetched
DFUV: 501 rows fetched
DFVE: 501 rows fetched
DFUS: 501 rows fetched
DFSV: 501 rows fetched
POST status 409: {"code":"23505","details":"Key (symbol, date)=(DGJA, 2026-01-20) already exists.","hint":null,"messa
POST status 409: {"code":"23505","details":"Key (symbol, date)=(DGJA, 2026-01-20) already exists.","hint":null,"messa
POST status 409: {"code":"23505","details":"Key (symbol, date)=(DGJA, 2026-01-20) already exists.","hint":null,"messa
FAILED after 3 retries for DGJA
DGJA: INSERT FAILED
POST status 409: {"code":"23505","details":"Key (symbol, date)=(DFVX, 2024-04-29) already exists.","hint":null,"messa
POST status 409: {"code":"23505","details":"Key (symbol, date)=(DFVX, 2024-04-29) already exists.","hint":null,"messa
POST status 409: {"code":"23505","details":"Key (symbol, date)=(DFVX, 2024-04-29) already exists.","hint":null,"messa
FAILED after 3 retries for DFVX
DFVX: INSERT FAILED
POST status 409: {"code":"23505","details":"Key (symbol, date)=(DGAP, 2026-04-21) already exists.","hint":null,"messa
POST status 409: {"code":"23505","details":"Key (symbol, date)=(DGAP, 2026-04-21) already exists.","hint":null,"messa
POST status 409: {"code":"23505","details":"Key (symbol, date)=(DGAP, 2026-04-21) already exists.","hint":null,"messa
FAILED after 3 retries for DGAP
DGAP: INSERT FAILED
POST status 409: {"code":"23505","details":"Key (symbol, date)=(DGIN, 2024-04-29) already exists.","hint":null,"messa
POST status 409: {"code":"23505","details":"Key (symbol, date)=(DGIN, 2024-04-29) already exists.","hint":null,"messa
POST status 409: {"code":"23505","details":"Key (symbol, date)=(DGIN, 2024-04-29) already exists.","hint":null,"messa
FAILED after 3 retries for DGIN
DGIN: INSERT FAILED
POST status 409: {"code":"23505","details":"Key (symbol, date)=(DGCB, 2024-04-29) already exists.","hint":null,"messa
POST status 409: {"code":"23505","details":"Key (symbol, date)=(DGCB, 2024-04-29) already exists.","hint":null,"messa
POST status 409: {"code":"23505","details":"Key (symbol, date)=(DGCB, 2024-04-29) already exists.","hint":null,"messa
FAILED after 3 retries for DGCB
DGCB: INSERT FAILED
POST status 409: {"code":"23505","details":"Key (symbol, date)=(DFSU, 2024-04-29) already exists.","hint":null,"messa
POST status 409: {"code":"23505","details":"Key (symbol, date)=(DFSU, 2024-04-29) already exists.","hint":null,"messa
POST status 409: {"code":"23505","details":"Key (symbol, date)=(DFSU, 2024-04-29) already exists.","hint":null,"messa
FAILED after 3 retries for DFSU
DFSU: INSERT FAILED
POST status 409: {"code":"23505","details":"Key (symbol, date)=(DFUV, 2024-04-29) already exists.","hint":null,"messa
POST status 409: {"code":"23505","details":"Key (symbol, date)=(DFUV, 2024-04-29) already exists.","hint":null,"messa
POST status 409: {"code":"23505","details":"Key (symbol, date)=(DFUV, 2024-04-29) already exists.","hint":null,"messa
FAILED after 3 retries for DFUV
DFUV: INSERT FAILED
POST status 409: {"code":"23505","details":"Key (symbol, date)=(DFVE, 2024-04-29) already exists.","hint":null,"messa
POST status 409: {"code":"23505","details":"Key (symbol, date)=(DFVE, 2024-04-29) already exists.","hint":null,"messa
POST status 409: {"code":"23505","details":"Key (symbol, date)=(DFVE, 2024-04-29) already exists.","hint":null,"messa
FAILED after 3 retries for DFVE
DFVE: INSERT FAILED
POST status 409: {"code":"23505","details":"Key (symbol, date)=(DFUS, 2024-04-29) already exists.","hint":null,"messa
POST status 409: {"code":"23505","details":"Key (symbol, date)=(DFUS, 2024-04-29) already exists.","hint":null,"messa
POST status 409: {"code":"23505","details":"Key (symbol, date)=(DFUS, 2024-04-29) already exists.","hint":null,"messa
FAILED after 3 retries for DFUS
DFUS: INSERT FAILED
POST status 409: {"code":"23505","details":"Key (symbol, date)=(DFSV, 2024-04-29) already exists.","hint":null,"messa
POST status 409: {"code":"23505","details":"Key (symbol, date)=(DFSV, 2024-04-29) already exists.","hint":null,"messa
POST status 409: {"code":"23505","details":"Key (symbol, date)=(DFSV, 2024-04-29) already exists.","hint":null,"messa
FAILED after 3 retries for DFSV
DFSV: INSERT FAILED
DHLX: 146 rows fetched
DHDG: 380 rows fetched
DGRS: 501 rows fetched
DGRO: 501 rows fetched
DGOC: 131 rows fetched
DGRW: 501 rows fetched
DGT: 501 rows fetched
DGLO: 182 rows fetched
DGS: 501 rows fetched
DGRE: 501 rows fetched
POST status 409: {"code":"23505","details":"Key (symbol, date)=(DHLX, 2025-09-29) already exists.","hint":null,"messa
POST status 409: {"code":"23505","details":"Key (symbol, date)=(DHLX, 2025-09-29) already exists.","hint":null,"messa
POST status 409: {"code":"23505","details":"Key (symbol, date)=(DHLX, 2025-09-29) already exists.","hint":null,"messa
FAILED after 3 retries for DHLX
DHLX: INSERT FAILED
POST status 409: {"code":"23505","details":"Key (symbol, date)=(DHDG, 2024-10-21) already exists.","hint":null,"messa
POST status 409: {"code":"23505","details":"Key (symbol, date)=(DHDG, 2024-10-21) already exists.","hint":null,"messa
POST status 409: {"code":"23505","details":"Key (symbol, date)=(DHDG, 2024-10-21) already exists.","hint":null,"messa
FAILED after 3 retries for DHDG
DHDG: INSERT FAILED
POST status 409: {"code":"23505","details":"Key (symbol, date)=(DGRS, 2024-04-29) already exists.","hint":null,"messa
POST status 409: {"code":"23505","details":"Key (symbol, date)=(DGRS, 2024-04-29) already exists.","hint":null,"messa
POST status 409: {"code":"23505","details":"Key (symbol, date)=(DGRS, 2024-04-29) already exists.","hint":null,"messa
FAILED after 3 retries for DGRS
DGRS: INSERT FAILED
POST status 409: {"code":"23505","details":"Key (symbol, date)=(DGRO, 2024-04-29) already exists.","hint":null,"messa
POST status 409: {"code":"23505","details":"Key (symbol, date)=(DGRO, 2024-04-29) already exists.","hint":null,"messa
POST status 409: {"code":"23505","details":"Key (symbol, date)=(DGRO, 2024-04-29) already exists.","hint":null,"messa
FAILED after 3 retries for DGRO
DGRO: INSERT FAILED
POST status 409: {"code":"23505","details":"Key (symbol, date)=(DGOC, 2025-10-20) already exists.","hint":null,"messa
POST status 409: {"code":"23505","details":"Key (symbol, date)=(DGOC, 2025-10-20) already exists.","hint":null,"messa
POST status 409: {"code":"23505","details":"Key (symbol, date)=(DGOC, 2025-10-20) already exists.","hint":null,"messa
FAILED after 3 retries for DGOC
DGOC: INSERT FAILED
POST status 409: {"code":"23505","details":"Key (symbol, date)=(DGRW, 2024-04-29) already exists.","hint":null,"messa
POST status 409: {"code":"23505","details":"Key (symbol, date)=(DGRW, 2024-04-29) already exists.","hint":null,"messa
POST status 409: {"code":"23505","details":"Key (symbol, date)=(DGRW, 2024-04-29) already exists.","hint":null,"messa
FAILED after 3 retries for DGRW
DGRW: INSERT FAILED
POST status 409: {"code":"23505","details":"Key (symbol, date)=(DGT, 2024-04-29) already exists.","hint":null,"messag
POST status 409: {"code":"23505","details":"Key (symbol, date)=(DGT, 2024-04-29) already exists.","hint":null,"messag
POST status 409: {"code":"23505","details":"Key (symbol, date)=(DGT, 2024-04-29) already exists.","hint":null,"messag
FAILED after 3 retries for DGT
DGT: INSERT FAILED
POST status 409: {"code":"23505","details":"Key (symbol, date)=(DGLO, 2025-08-07) already exists.","hint":null,"messa
POST status 409: {"code":"23505","details":"Key (symbol, date)=(DGLO, 2025-08-07) already exists.","hint":null,"messa
POST status 409: {"code":"23505","details":"Key (symbol, date)=(DGLO, 2025-08-07) already exists.","hint":null,"messa
FAILED after 3 retries for DGLO
DGLO: INSERT FAILED
POST status 409: {"code":"23505","details":"Key (symbol, date)=(DGS, 2024-04-29) already exists.","hint":null,"messag
POST status 409: {"code":"23505","details":"Key (symbol, date)=(DGS, 2024-04-29) already exists.","hint":null,"messag
POST status 409: {"code":"23505","details":"Key (symbol, date)=(DGS, 2024-04-29) already exists.","hint":null,"messag
FAILED after 3 retries for DGS
DGS: INSERT FAILED
POST status 409: {"code":"23505","details":"Key (symbol, date)=(DGRE, 2024-04-29) already exists.","hint":null,"messa
POST status 409: {"code":"23505","details":"Key (symbol, date)=(DGRE, 2024-04-29) already exists.","hint":null,"messa
POST status 409: {"code":"23505","details":"Key (symbol, date)=(DGRE, 2024-04-29) already exists.","hint":null,"messa
FAILED after 3 retries for DGRE
DGRE: INSERT FAILED
DIHP: 501 rows fetched
DHSB: 295 rows fetched
DIME: 140 rows fetched
DINT: 501 rows fetched
DIEM: 501 rows fetched
DHS: 501 rows fetched
DIM: 501 rows fetched
DIG: 501 rows fetched
DIA: 501 rows fetched
DIAL: 501 rows fetched
POST status 409: {"code":"23505","details":"Key (symbol, date)=(DIHP, 2024-04-29) already exists.","hint":null,"messa
POST status 409: {"code":"23505","details":"Key (symbol, date)=(DIHP, 2024-04-29) already exists.","hint":null,"messa
POST status 409: {"code":"23505","details":"Key (symbol, date)=(DIHP, 2024-04-29) already exists.","hint":null,"messa
FAILED after 3 retries for DIHP
DIHP: INSERT FAILED
POST status 409: {"code":"23505","details":"Key (symbol, date)=(DHSB, 2025-02-25) already exists.","hint":null,"messa
POST status 409: {"code":"23505","details":"Key (symbol, date)=(DHSB, 2025-02-25) already exists.","hint":null,"messa
POST status 409: {"code":"23505","details":"Key (symbol, date)=(DHSB, 2025-02-25) already exists.","hint":null,"messa
FAILED after 3 retries for DHSB
DHSB: INSERT FAILED
POST status 409: {"code":"23505","details":"Key (symbol, date)=(DIME, 2025-10-07) already exists.","hint":null,"messa
POST status 409: {"code":"23505","details":"Key (symbol, date)=(DIME, 2025-10-07) already exists.","hint":null,"messa
POST status 409: {"code":"23505","details":"Key (symbol, date)=(DIME, 2025-10-07) already exists.","hint":null,"messa
FAILED after 3 retries for DIME
DIME: INSERT FAILED
POST status 409: {"code":"23505","details":"Key (symbol, date)=(DINT, 2024-04-29) already exists.","hint":null,"messa
POST status 409: {"code":"23505","details":"Key (symbol, date)=(DINT, 2024-04-29) already exists.","hint":null,"messa
POST status 409: {"code":"23505","details":"Key (symbol, date)=(DINT, 2024-04-29) already exists.","hint":null,"messa
FAILED after 3 retries for DINT
DINT: INSERT FAILED
POST status 409: {"code":"23505","details":"Key (symbol, date)=(DIEM, 2024-04-29) already exists.","hint":null,"messa
POST status 409: {"code":"23505","details":"Key (symbol, date)=(DIEM, 2024-04-29) already exists.","hint":null,"messa
POST status 409: {"code":"23505","details":"Key (symbol, date)=(DIEM, 2024-04-29) already exists.","hint":null,"messa
FAILED after 3 retries for DIEM
DIEM: INSERT FAILED
POST status 409: {"code":"23505","details":"Key (symbol, date)=(DHS, 2024-04-29) already exists.","hint":null,"messag
POST status 409: {"code":"23505","details":"Key (symbol, date)=(DHS, 2024-04-29) already exists.","hint":null,"messag
POST status 409: {"code":"23505","details":"Key (symbol, date)=(DHS, 2024-04-29) already exists.","hint":null,"messag
FAILED after 3 retries for DHS
DHS: INSERT FAILED
POST status 409: {"code":"23505","details":"Key (symbol, date)=(DIM, 2024-04-29) already exists.","hint":null,"messag
POST status 409: {"code":"23505","details":"Key (symbol, date)=(DIM, 2024-04-29) already exists.","hint":null,"messag
POST status 409: {"code":"23505","details":"Key (symbol, date)=(DIM, 2024-04-29) already exists.","hint":null,"messag
FAILED after 3 retries for DIM
DIM: INSERT FAILED
POST status 409: {"code":"23505","details":"Key (symbol, date)=(DIG, 2024-04-29) already exists.","hint":null,"messag
POST status 409: {"code":"23505","details":"Key (symbol, date)=(DIG, 2024-04-29) already exists.","hint":null,"messag
POST status 409: {"code":"23505","details":"Key (symbol, date)=(DIG, 2024-04-29) already exists.","hint":null,"messag
FAILED after 3 retries for DIG
DIG: INSERT FAILED
POST status 409: {"code":"23505","details":"Key (symbol, date)=(DIA, 2024-04-29) already exists.","hint":null,"messag
POST status 409: {"code":"23505","details":"Key (symbol, date)=(DIA, 2024-04-29) already exists.","hint":null,"messag
POST status 409: {"code":"23505","details":"Key (symbol, date)=(DIA, 2024-04-29) already exists.","hint":null,"messag
FAILED after 3 retries for DIA
DIA: INSERT FAILED
POST status 409: {"code":"23505","details":"Key (symbol, date)=(DIAL, 2024-04-29) already exists.","hint":null,"messa
POST status 409: {"code":"23505","details":"Key (symbol, date)=(DIAL, 2024-04-29) already exists.","hint":null,"messa
POST status 409: {"code":"23505","details":"Key (symbol, date)=(DIAL, 2024-04-29) already exists.","hint":null,"messa
FAILED after 3 retries for DIAL
DIAL: INSERT FAILED
DIVI: 501 rows fetched
DIVL: 501 rows fetched
DIVN: 211 rows fetched
DIVG: 501 rows fetched
DIPS: 442 rows fetched
DISO: 501 rows fetched
DISV: 501 rows fetched
DIV: 501 rows fetched
DIVD: 501 rows fetched
DIVB: 501 rows fetched
POST status 409: {"code":"23505","details":"Key (symbol, date)=(DIVI, 2024-04-29) already exists.","hint":null,"messa
POST status 409: {"code":"23505","details":"Key (symbol, date)=(DIVI, 2024-04-29) already exists.","hint":null,"messa
POST status 409: {"code":"23505","details":"Key (symbol, date)=(DIVI, 2024-04-29) already exists.","hint":null,"messa
FAILED after 3 retries for DIVI
DIVI: INSERT FAILED
POST status 409: {"code":"23505","details":"Key (symbol, date)=(DIVL, 2024-04-29) already exists.","hint":null,"messa
POST status 409: {"code":"23505","details":"Key (symbol, date)=(DIVL, 2024-04-29) already exists.","hint":null,"messa
POST status 409: {"code":"23505","details":"Key (symbol, date)=(DIVL, 2024-04-29) already exists.","hint":null,"messa
FAILED after 3 retries for DIVL
DIVL: INSERT FAILED
POST status 409: {"code":"23505","details":"Key (symbol, date)=(DIVN, 2025-06-26) already exists.","hint":null,"messa
POST status 409: {"code":"23505","details":"Key (symbol, date)=(DIVN, 2025-06-26) already exists.","hint":null,"messa
POST status 409: {"code":"23505","details":"Key (symbol, date)=(DIVN, 2025-06-26) already exists.","hint":null,"messa
FAILED after 3 retries for DIVN
DIVN: INSERT FAILED
POST status 409: {"code":"23505","details":"Key (symbol, date)=(DIVG, 2024-04-29) already exists.","hint":null,"messa
POST status 409: {"code":"23505","details":"Key (symbol, date)=(DIVG, 2024-04-29) already exists.","hint":null,"messa
POST status 409: {"code":"23505","details":"Key (symbol, date)=(DIVG, 2024-04-29) already exists.","hint":null,"messa
FAILED after 3 retries for DIVG
DIVG: INSERT FAILED
POST status 409: {"code":"23505","details":"Key (symbol, date)=(DIPS, 2024-07-24) already exists.","hint":null,"messa
POST status 409: {"code":"23505","details":"Key (symbol, date)=(DIPS, 2024-07-24) already exists.","hint":null,"messa
POST status 409: {"code":"23505","details":"Key (symbol, date)=(DIPS, 2024-07-24) already exists.","hint":null,"messa
FAILED after 3 retries for DIPS
DIPS: INSERT FAILED
POST status 409: {"code":"23505","details":"Key (symbol, date)=(DISO, 2024-04-29) already exists.","hint":null,"messa
POST status 409: {"code":"23505","details":"Key (symbol, date)=(DISO, 2024-04-29) already exists.","hint":null,"messa
POST status 409: {"code":"23505","details":"Key (symbol, date)=(DISO, 2024-04-29) already exists.","hint":null,"messa
FAILED after 3 retries for DISO
DISO: INSERT FAILED
POST status 409: {"code":"23505","details":"Key (symbol, date)=(DISV, 2024-04-29) already exists.","hint":null,"messa
POST status 409: {"code":"23505","details":"Key (symbol, date)=(DISV, 2024-04-29) already exists.","hint":null,"messa
POST status 409: {"code":"23505","details":"Key (symbol, date)=(DISV, 2024-04-29) already exists.","hint":null,"messa
FAILED after 3 retries for DISV
DISV: INSERT FAILED
POST status 409: {"code":"23505","details":"Key (symbol, date)=(DIV, 2024-04-29) already exists.","hint":null,"messag
POST status 409: {"code":"23505","details":"Key (symbol, date)=(DIV, 2024-04-29) already exists.","hint":null,"messag
POST status 409: {"code":"23505","details":"Key (symbol, date)=(DIV, 2024-04-29) already exists.","hint":null,"messag
FAILED after 3 retries for DIV
DIV: INSERT FAILED
POST status 409: {"code":"23505","details":"Key (symbol, date)=(DIVD, 2024-04-29) already exists.","hint":null,"messa
POST status 409: {"code":"23505","details":"Key (symbol, date)=(DIVD, 2024-04-29) already exists.","hint":null,"messa
POST status 409: {"code":"23505","details":"Key (symbol, date)=(DIVD, 2024-04-29) already exists.","hint":null,"messa
FAILED after 3 retries for DIVD
DIVD: INSERT FAILED
POST status 409: {"code":"23505","details":"Key (symbol, date)=(DIVB, 2024-04-29) already exists.","hint":null,"messa
POST status 409: {"code":"23505","details":"Key (symbol, date)=(DIVB, 2024-04-29) already exists.","hint":null,"messa
POST status 409: {"code":"23505","details":"Key (symbol, date)=(DIVB, 2024-04-29) already exists.","hint":null,"messa
FAILED after 3 retries for DIVB
DIVB: INSERT FAILED
DJD: 501 rows fetched
DJTU: 290 rows fetched
DIVP: 501 rows fetched
DIVY: 501 rows fetched
DIVO: 501 rows fetched
DJP: 501 rows fetched
DIVS: 501 rows fetched
DJIA: 501 rows fetched
DIVZ: 501 rows fetched
DJAN: 501 rows fetched
POST status 409: {"code":"23505","details":"Key (symbol, date)=(DJD, 2024-04-29) already exists.","hint":null,"messag
POST status 409: {"code":"23505","details":"Key (symbol, date)=(DJD, 2024-04-29) already exists.","hint":null,"messag
POST status 409: {"code":"23505","details":"Key (symbol, date)=(DJD, 2024-04-29) already exists.","hint":null,"messag
FAILED after 3 retries for DJD
DJD: INSERT FAILED
POST status 409: {"code":"23505","details":"Key (symbol, date)=(DJTU, 2025-03-04) already exists.","hint":null,"messa
POST status 409: {"code":"23505","details":"Key (symbol, date)=(DJTU, 2025-03-04) already exists.","hint":null,"messa
POST status 409: {"code":"23505","details":"Key (symbol, date)=(DJTU, 2025-03-04) already exists.","hint":null,"messa
FAILED after 3 retries for DJTU
DJTU: INSERT FAILED
POST status 409: {"code":"23505","details":"Key (symbol, date)=(DIVP, 2024-04-29) already exists.","hint":null,"messa
POST status 409: {"code":"23505","details":"Key (symbol, date)=(DIVP, 2024-04-29) already exists.","hint":null,"messa
POST status 409: {"code":"23505","details":"Key (symbol, date)=(DIVP, 2024-04-29) already exists.","hint":null,"messa
FAILED after 3 retries for DIVP
DIVP: INSERT FAILED
POST status 409: {"code":"23505","details":"Key (symbol, date)=(DIVY, 2024-04-29) already exists.","hint":null,"messa
POST status 409: {"code":"23505","details":"Key (symbol, date)=(DIVY, 2024-04-29) already exists.","hint":null,"messa
POST status 409: {"code":"23505","details":"Key (symbol, date)=(DIVY, 2024-04-29) already exists.","hint":null,"messa
FAILED after 3 retries for DIVY
DIVY: INSERT FAILED
POST status 409: {"code":"23505","details":"Key (symbol, date)=(DIVO, 2024-04-29) already exists.","hint":null,"messa
POST status 409: {"code":"23505","details":"Key (symbol, date)=(DIVO, 2024-04-29) already exists.","hint":null,"messa
POST status 409: {"code":"23505","details":"Key (symbol, date)=(DIVO, 2024-04-29) already exists.","hint":null,"messa
FAILED after 3 retries for DIVO
DIVO: INSERT FAILED
POST status 409: {"code":"23505","details":"Key (symbol, date)=(DJP, 2024-04-29) already exists.","hint":null,"messag
POST status 409: {"code":"23505","details":"Key (symbol, date)=(DJP, 2024-04-29) already exists.","hint":null,"messag
POST status 409: {"code":"23505","details":"Key (symbol, date)=(DJP, 2024-04-29) already exists.","hint":null,"messag
FAILED after 3 retries for DJP
DJP: INSERT FAILED
POST status 409: {"code":"23505","details":"Key (symbol, date)=(DIVS, 2024-04-29) already exists.","hint":null,"messa
POST status 409: {"code":"23505","details":"Key (symbol, date)=(DIVS, 2024-04-29) already exists.","hint":null,"messa
POST status 409: {"code":"23505","details":"Key (symbol, date)=(DIVS, 2024-04-29) already exists.","hint":null,"messa
FAILED after 3 retries for DIVS
DIVS: INSERT FAILED
POST status 409: {"code":"23505","details":"Key (symbol, date)=(DJIA, 2024-04-29) already exists.","hint":null,"messa
POST status 409: {"code":"23505","details":"Key (symbol, date)=(DJIA, 2024-04-29) already exists.","hint":null,"messa
POST status 409: {"code":"23505","details":"Key (symbol, date)=(DJIA, 2024-04-29) already exists.","hint":null,"messa
FAILED after 3 retries for DJIA
DJIA: INSERT FAILED
POST status 409: {"code":"23505","details":"Key (symbol, date)=(DIVZ, 2024-04-29) already exists.","hint":null,"messa
POST status 409: {"code":"23505","details":"Key (symbol, date)=(DIVZ, 2024-04-29) already exists.","hint":null,"messa
POST status 409: {"code":"23505","details":"Key (symbol, date)=(DIVZ, 2024-04-29) already exists.","hint":null,"messa
FAILED after 3 retries for DIVZ
DIVZ: INSERT FAILED
POST status 409: {"code":"23505","details":"Key (symbol, date)=(DJAN, 2024-04-29) already exists.","hint":null,"messa
POST status 409: {"code":"23505","details":"Key (symbol, date)=(DJAN, 2024-04-29) already exists.","hint":null,"messa
POST status 409: {"code":"23505","details":"Key (symbol, date)=(DJAN, 2024-04-29) already exists.","hint":null,"messa
FAILED after 3 retries for DJAN
DJAN: INSERT FAILED
DLLL: 301 rows fetched
DLFE: 46 rows fetched
DLNV: 106 rows fetched
DLAG: 151 rows fetched
DJUL: 501 rows fetched
DMAR: 501 rows fetched
DKNX: 187 rows fetched
DJUN: 501 rows fetched
DLN: 501 rows fetched
DLS: 501 rows fetched
POST status 409: {"code":"23505","details":"Key (symbol, date)=(DLLL, 2025-02-14) already exists.","hint":null,"messa
POST status 409: {"code":"23505","details":"Key (symbol, date)=(DLLL, 2025-02-14) already exists.","hint":null,"messa
POST status 409: {"code":"23505","details":"Key (symbol, date)=(DLLL, 2025-02-14) already exists.","hint":null,"messa
FAILED after 3 retries for DLLL
DLLL: INSERT FAILED
POST status 409: {"code":"23505","details":"Key (symbol, date)=(DLFE, 2026-02-23) already exists.","hint":null,"messa
POST status 409: {"code":"23505","details":"Key (symbol, date)=(DLFE, 2026-02-23) already exists.","hint":null,"messa
POST status 409: {"code":"23505","details":"Key (symbol, date)=(DLFE, 2026-02-23) already exists.","hint":null,"messa
FAILED after 3 retries for DLFE
DLFE: INSERT FAILED
POST status 409: {"code":"23505","details":"Key (symbol, date)=(DLNV, 2025-11-24) already exists.","hint":null,"messa
POST status 409: {"code":"23505","details":"Key (symbol, date)=(DLNV, 2025-11-24) already exists.","hint":null,"messa
POST status 409: {"code":"23505","details":"Key (symbol, date)=(DLNV, 2025-11-24) already exists.","hint":null,"messa
FAILED after 3 retries for DLNV
DLNV: INSERT FAILED
POST status 409: {"code":"23505","details":"Key (symbol, date)=(DLAG, 2025-09-22) already exists.","hint":null,"messa
POST status 409: {"code":"23505","details":"Key (symbol, date)=(DLAG, 2025-09-22) already exists.","hint":null,"messa
POST status 409: {"code":"23505","details":"Key (symbol, date)=(DLAG, 2025-09-22) already exists.","hint":null,"messa
FAILED after 3 retries for DLAG
DLAG: INSERT FAILED
POST status 409: {"code":"23505","details":"Key (symbol, date)=(DJUL, 2024-04-29) already exists.","hint":null,"messa
POST status 409: {"code":"23505","details":"Key (symbol, date)=(DJUL, 2024-04-29) already exists.","hint":null,"messa
POST status 409: {"code":"23505","details":"Key (symbol, date)=(DJUL, 2024-04-29) already exists.","hint":null,"messa
FAILED after 3 retries for DJUL
DJUL: INSERT FAILED
POST status 409: {"code":"23505","details":"Key (symbol, date)=(DMAR, 2024-04-29) already exists.","hint":null,"messa
POST status 409: {"code":"23505","details":"Key (symbol, date)=(DMAR, 2024-04-29) already exists.","hint":null,"messa
POST status 409: {"code":"23505","details":"Key (symbol, date)=(DMAR, 2024-04-29) already exists.","hint":null,"messa
FAILED after 3 retries for DMAR
DMAR: INSERT FAILED
POST status 409: {"code":"23505","details":"Key (symbol, date)=(DKNX, 2025-07-31) already exists.","hint":null,"messa
POST status 409: {"code":"23505","details":"Key (symbol, date)=(DKNX, 2025-07-31) already exists.","hint":null,"messa
POST status 409: {"code":"23505","details":"Key (symbol, date)=(DKNX, 2025-07-31) already exists.","hint":null,"messa
FAILED after 3 retries for DKNX
DKNX: INSERT FAILED
POST status 409: {"code":"23505","details":"Key (symbol, date)=(DJUN, 2024-04-29) already exists.","hint":null,"messa
POST status 409: {"code":"23505","details":"Key (symbol, date)=(DJUN, 2024-04-29) already exists.","hint":null,"messa
POST status 409: {"code":"23505","details":"Key (symbol, date)=(DJUN, 2024-04-29) already exists.","hint":null,"messa
FAILED after 3 retries for DJUN
DJUN: INSERT FAILED
POST status 409: {"code":"23505","details":"Key (symbol, date)=(DLN, 2024-04-29) already exists.","hint":null,"messag
POST status 409: {"code":"23505","details":"Key (symbol, date)=(DLN, 2024-04-29) already exists.","hint":null,"messag
POST status 409: {"code":"23505","details":"Key (symbol, date)=(DLN, 2024-04-29) already exists.","hint":null,"messag
FAILED after 3 retries for DLN
DLN: INSERT FAILED
POST status 409: {"code":"23505","details":"Key (symbol, date)=(DLS, 2024-04-29) already exists.","hint":null,"messag
POST status 409: {"code":"23505","details":"Key (symbol, date)=(DLS, 2024-04-29) already exists.","hint":null,"messag
POST status 409: {"code":"23505","details":"Key (symbol, date)=(DLS, 2024-04-29) already exists.","hint":null,"messag
FAILED after 3 retries for DLS
DLS: INSERT FAILED
DMX: 350 rows fetched
DNOV: 501 rows fetched
DNNG: 54 rows fetched
DMBS: 501 rows fetched
DOCT: 501 rows fetched
DMXF: 501 rows fetched
DMAX: 330 rows fetched
DNL: 501 rows fetched
DMAY: 501 rows fetched
DOG: 501 rows fetched
POST status 409: {"code":"23505","details":"Key (symbol, date)=(DMX, 2024-12-03) already exists.","hint":null,"messag
POST status 409: {"code":"23505","details":"Key (symbol, date)=(DMX, 2024-12-03) already exists.","hint":null,"messag
POST status 409: {"code":"23505","details":"Key (symbol, date)=(DMX, 2024-12-03) already exists.","hint":null,"messag
FAILED after 3 retries for DMX
DMX: INSERT FAILED
POST status 409: {"code":"23505","details":"Key (symbol, date)=(DNOV, 2024-04-29) already exists.","hint":null,"messa
POST status 409: {"code":"23505","details":"Key (symbol, date)=(DNOV, 2024-04-29) already exists.","hint":null,"messa
POST status 409: {"code":"23505","details":"Key (symbol, date)=(DNOV, 2024-04-29) already exists.","hint":null,"messa
FAILED after 3 retries for DNOV
DNOV: INSERT FAILED
POST status 409: {"code":"23505","details":"Key (symbol, date)=(DNNG, 2026-02-10) already exists.","hint":null,"messa
POST status 409: {"code":"23505","details":"Key (symbol, date)=(DNNG, 2026-02-10) already exists.","hint":null,"messa
POST status 409: {"code":"23505","details":"Key (symbol, date)=(DNNG, 2026-02-10) already exists.","hint":null,"messa
FAILED after 3 retries for DNNG
DNNG: INSERT FAILED
POST status 409: {"code":"23505","details":"Key (symbol, date)=(DMBS, 2024-04-29) already exists.","hint":null,"messa
POST status 409: {"code":"23505","details":"Key (symbol, date)=(DMBS, 2024-04-29) already exists.","hint":null,"messa
POST status 409: {"code":"23505","details":"Key (symbol, date)=(DMBS, 2024-04-29) already exists.","hint":null,"messa
FAILED after 3 retries for DMBS
DMBS: INSERT FAILED
POST status 409: {"code":"23505","details":"Key (symbol, date)=(DOCT, 2024-04-29) already exists.","hint":null,"messa
POST status 409: {"code":"23505","details":"Key (symbol, date)=(DOCT, 2024-04-29) already exists.","hint":null,"messa
POST status 409: {"code":"23505","details":"Key (symbol, date)=(DOCT, 2024-04-29) already exists.","hint":null,"messa
FAILED after 3 retries for DOCT
DOCT: INSERT FAILED
POST status 409: {"code":"23505","details":"Key (symbol, date)=(DMXF, 2024-04-29) already exists.","hint":null,"messa
POST status 409: {"code":"23505","details":"Key (symbol, date)=(DMXF, 2024-04-29) already exists.","hint":null,"messa
POST status 409: {"code":"23505","details":"Key (symbol, date)=(DMXF, 2024-04-29) already exists.","hint":null,"messa
FAILED after 3 retries for DMXF
DMXF: INSERT FAILED
POST status 409: {"code":"23505","details":"Key (symbol, date)=(DMAX, 2025-01-02) already exists.","hint":null,"messa
POST status 409: {"code":"23505","details":"Key (symbol, date)=(DMAX, 2025-01-02) already exists.","hint":null,"messa
POST status 409: {"code":"23505","details":"Key (symbol, date)=(DMAX, 2025-01-02) already exists.","hint":null,"messa
FAILED after 3 retries for DMAX
DMAX: INSERT FAILED
POST status 409: {"code":"23505","details":"Key (symbol, date)=(DNL, 2024-04-29) already exists.","hint":null,"messag
POST status 409: {"code":"23505","details":"Key (symbol, date)=(DNL, 2024-04-29) already exists.","hint":null,"messag
POST status 409: {"code":"23505","details":"Key (symbol, date)=(DNL, 2024-04-29) already exists.","hint":null,"messag
FAILED after 3 retries for DNL
DNL: INSERT FAILED
POST status 409: {"code":"23505","details":"Key (symbol, date)=(DMAY, 2024-04-29) already exists.","hint":null,"messa
POST status 409: {"code":"23505","details":"Key (symbol, date)=(DMAY, 2024-04-29) already exists.","hint":null,"messa
POST status 409: {"code":"23505","details":"Key (symbol, date)=(DMAY, 2024-04-29) already exists.","hint":null,"messa
FAILED after 3 retries for DMAY
DMAY: INSERT FAILED
POST status 409: {"code":"23505","details":"Key (symbol, date)=(DOG, 2024-04-29) already exists.","hint":null,"messag
POST status 409: {"code":"23505","details":"Key (symbol, date)=(DOG, 2024-04-29) already exists.","hint":null,"messag
POST status 409: {"code":"23505","details":"Key (symbol, date)=(DOG, 2024-04-29) already exists.","hint":null,"messag
FAILED after 3 retries for DOG
DOG: INSERT FAILED
DRIP: 501 rows fetched
DRGN: 199 rows fetched
DON: 501 rows fetched
DOGD: 178 rows fetched
DOJE: 153 rows fetched
DRAM: 18 rows fetched
DOGG: 501 rows fetched
DRAI: 451 rows fetched
DPST: 501 rows fetched
DOL: 501 rows fetched
POST status 409: {"code":"23505","details":"Key (symbol, date)=(DRIP, 2024-04-29) already exists.","hint":null,"messa
POST status 409: {"code":"23505","details":"Key (symbol, date)=(DRIP, 2024-04-29) already exists.","hint":null,"messa
POST status 409: {"code":"23505","details":"Key (symbol, date)=(DRIP, 2024-04-29) already exists.","hint":null,"messa
FAILED after 3 retries for DRIP
DRIP: INSERT FAILED
POST status 409: {"code":"23505","details":"Key (symbol, date)=(DRGN, 2025-07-15) already exists.","hint":null,"messa
POST status 409: {"code":"23505","details":"Key (symbol, date)=(DRGN, 2025-07-15) already exists.","hint":null,"messa
POST status 409: {"code":"23505","details":"Key (symbol, date)=(DRGN, 2025-07-15) already exists.","hint":null,"messa
FAILED after 3 retries for DRGN
DRGN: INSERT FAILED
POST status 409: {"code":"23505","details":"Key (symbol, date)=(DON, 2024-04-29) already exists.","hint":null,"messag
POST status 409: {"code":"23505","details":"Key (symbol, date)=(DON, 2024-04-29) already exists.","hint":null,"messag
POST status 409: {"code":"23505","details":"Key (symbol, date)=(DON, 2024-04-29) already exists.","hint":null,"messag
FAILED after 3 retries for DON
DON: INSERT FAILED
POST status 409: {"code":"23505","details":"Key (symbol, date)=(DOGD, 2025-08-11) already exists.","hint":null,"messa
POST status 409: {"code":"23505","details":"Key (symbol, date)=(DOGD, 2025-08-11) already exists.","hint":null,"messa
POST status 409: {"code":"23505","details":"Key (symbol, date)=(DOGD, 2025-08-11) already exists.","hint":null,"messa
FAILED after 3 retries for DOGD
DOGD: INSERT FAILED
POST status 409: {"code":"23505","details":"Key (symbol, date)=(DOJE, 2025-09-18) already exists.","hint":null,"messa
POST status 409: {"code":"23505","details":"Key (symbol, date)=(DOJE, 2025-09-18) already exists.","hint":null,"messa
POST status 409: {"code":"23505","details":"Key (symbol, date)=(DOJE, 2025-09-18) already exists.","hint":null,"messa
FAILED after 3 retries for DOJE
DOJE: INSERT FAILED
POST status 409: {"code":"23505","details":"Key (symbol, date)=(DRAM, 2026-04-02) already exists.","hint":null,"messa
POST status 409: {"code":"23505","details":"Key (symbol, date)=(DRAM, 2026-04-02) already exists.","hint":null,"messa
POST status 409: {"code":"23505","details":"Key (symbol, date)=(DRAM, 2026-04-02) already exists.","hint":null,"messa
FAILED after 3 retries for DRAM
DRAM: INSERT FAILED
POST status 409: {"code":"23505","details":"Key (symbol, date)=(DOGG, 2024-04-29) already exists.","hint":null,"messa
POST status 409: {"code":"23505","details":"Key (symbol, date)=(DOGG, 2024-04-29) already exists.","hint":null,"messa
POST status 409: {"code":"23505","details":"Key (symbol, date)=(DOGG, 2024-04-29) already exists.","hint":null,"messa
FAILED after 3 retries for DOGG
DOGG: INSERT FAILED
POST status 409: {"code":"23505","details":"Key (symbol, date)=(DRAI, 2024-07-11) already exists.","hint":null,"messa
POST status 409: {"code":"23505","details":"Key (symbol, date)=(DRAI, 2024-07-11) already exists.","hint":null,"messa
POST status 409: {"code":"23505","details":"Key (symbol, date)=(DRAI, 2024-07-11) already exists.","hint":null,"messa
FAILED after 3 retries for DRAI
DRAI: INSERT FAILED
POST status 409: {"code":"23505","details":"Key (symbol, date)=(DPST, 2024-04-29) already exists.","hint":null,"messa
POST status 409: {"code":"23505","details":"Key (symbol, date)=(DPST, 2024-04-29) already exists.","hint":null,"messa
POST status 409: {"code":"23505","details":"Key (symbol, date)=(DPST, 2024-04-29) already exists.","hint":null,"messa
FAILED after 3 retries for DPST
DPST: INSERT FAILED
POST status 409: {"code":"23505","details":"Key (symbol, date)=(DOL, 2024-04-29) already exists.","hint":null,"messag
POST status 409: {"code":"23505","details":"Key (symbol, date)=(DOL, 2024-04-29) already exists.","hint":null,"messag
POST status 409: {"code":"23505","details":"Key (symbol, date)=(DOL, 2024-04-29) already exists.","hint":null,"messag
FAILED after 3 retries for DOL
DOL: INSERT FAILED
DRNZ: 124 rows fetched
DRNL: 40 rows fetched
DRIV: 501 rows fetched
DSEP: 501 rows fetched
DRUP: 501 rows fetched
DRLL: 501 rows fetched
DRN: 501 rows fetched
DRSK: 501 rows fetched
DRV: 501 rows fetched
DSCO: 60 rows fetched
POST status 409: {"code":"23505","details":"Key (symbol, date)=(DRNZ, 2025-10-29) already exists.","hint":null,"messa
POST status 409: {"code":"23505","details":"Key (symbol, date)=(DRNZ, 2025-10-29) already exists.","hint":null,"messa
POST status 409: {"code":"23505","details":"Key (symbol, date)=(DRNZ, 2025-10-29) already exists.","hint":null,"messa
FAILED after 3 retries for DRNZ
DRNZ: INSERT FAILED
POST status 409: {"code":"23505","details":"Key (symbol, date)=(DRNL, 2026-03-03) already exists.","hint":null,"messa
POST status 409: {"code":"23505","details":"Key (symbol, date)=(DRNL, 2026-03-03) already exists.","hint":null,"messa
POST status 409: {"code":"23505","details":"Key (symbol, date)=(DRNL, 2026-03-03) already exists.","hint":null,"messa
FAILED after 3 retries for DRNL
DRNL: INSERT FAILED
POST status 409: {"code":"23505","details":"Key (symbol, date)=(DRIV, 2024-04-29) already exists.","hint":null,"messa
POST status 409: {"code":"23505","details":"Key (symbol, date)=(DRIV, 2024-04-29) already exists.","hint":null,"messa
POST status 409: {"code":"23505","details":"Key (symbol, date)=(DRIV, 2024-04-29) already exists.","hint":null,"messa
FAILED after 3 retries for DRIV
DRIV: INSERT FAILED
POST status 409: {"code":"23505","details":"Key (symbol, date)=(DSEP, 2024-04-29) already exists.","hint":null,"messa
POST status 409: {"code":"23505","details":"Key (symbol, date)=(DSEP, 2024-04-29) already exists.","hint":null,"messa
POST status 409: {"code":"23505","details":"Key (symbol, date)=(DSEP, 2024-04-29) already exists.","hint":null,"messa
FAILED after 3 retries for DSEP
DSEP: INSERT FAILED
POST status 409: {"code":"23505","details":"Key (symbol, date)=(DRUP, 2024-04-29) already exists.","hint":null,"messa
POST status 409: {"code":"23505","details":"Key (symbol, date)=(DRUP, 2024-04-29) already exists.","hint":null,"messa
POST status 409: {"code":"23505","details":"Key (symbol, date)=(DRUP, 2024-04-29) already exists.","hint":null,"messa
FAILED after 3 retries for DRUP
DRUP: INSERT FAILED
POST status 409: {"code":"23505","details":"Key (symbol, date)=(DRLL, 2024-04-29) already exists.","hint":null,"messa
POST status 409: {"code":"23505","details":"Key (symbol, date)=(DRLL, 2024-04-29) already exists.","hint":null,"messa
POST status 409: {"code":"23505","details":"Key (symbol, date)=(DRLL, 2024-04-29) already exists.","hint":null,"messa
FAILED after 3 retries for DRLL
DRLL: INSERT FAILED
POST status 409: {"code":"23505","details":"Key (symbol, date)=(DRN, 2024-04-29) already exists.","hint":null,"messag
POST status 409: {"code":"23505","details":"Key (symbol, date)=(DRN, 2024-04-29) already exists.","hint":null,"messag
POST status 409: {"code":"23505","details":"Key (symbol, date)=(DRN, 2024-04-29) already exists.","hint":null,"messag
FAILED after 3 retries for DRN
DRN: INSERT FAILED
POST status 409: {"code":"23505","details":"Key (symbol, date)=(DRSK, 2024-04-29) already exists.","hint":null,"messa
POST status 409: {"code":"23505","details":"Key (symbol, date)=(DRSK, 2024-04-29) already exists.","hint":null,"messa
POST status 409: {"code":"23505","details":"Key (symbol, date)=(DRSK, 2024-04-29) already exists.","hint":null,"messa
FAILED after 3 retries for DRSK
DRSK: INSERT FAILED
POST status 409: {"code":"23505","details":"Key (symbol, date)=(DRV, 2024-04-29) already exists.","hint":null,"messag
POST status 409: {"code":"23505","details":"Key (symbol, date)=(DRV, 2024-04-29) already exists.","hint":null,"messag
POST status 409: {"code":"23505","details":"Key (symbol, date)=(DRV, 2024-04-29) already exists.","hint":null,"messag
FAILED after 3 retries for DRV
DRV: INSERT FAILED
POST status 409: {"code":"23505","details":"Key (symbol, date)=(DSCO, 2026-02-02) already exists.","hint":null,"messa
POST status 409: {"code":"23505","details":"Key (symbol, date)=(DSCO, 2026-02-02) already exists.","hint":null,"messa
POST status 409: {"code":"23505","details":"Key (symbol, date)=(DSCO, 2026-02-02) already exists.","hint":null,"messa
FAILED after 3 retries for DSCO
DSCO: INSERT FAILED
DTD: 501 rows fetched
DSPY: 269 rows fetched
DTAN: 409 rows fetched
DSTX: 501 rows fetched
DSMC: 501 rows fetched
DSTL: 501 rows fetched
DSI: 501 rows fetched
DTCR: 501 rows fetched
DTH: 501 rows fetched
DTEC: 501 rows fetched
POST status 409: {"code":"23505","details":"Key (symbol, date)=(DTD, 2024-04-29) already exists.","hint":null,"messag
POST status 409: {"code":"23505","details":"Key (symbol, date)=(DTD, 2024-04-29) already exists.","hint":null,"messag
POST status 409: {"code":"23505","details":"Key (symbol, date)=(DTD, 2024-04-29) already exists.","hint":null,"messag
FAILED after 3 retries for DTD
DTD: INSERT FAILED
POST status 409: {"code":"23505","details":"Key (symbol, date)=(DSPY, 2025-04-02) already exists.","hint":null,"messa
POST status 409: {"code":"23505","details":"Key (symbol, date)=(DSPY, 2025-04-02) already exists.","hint":null,"messa
POST status 409: {"code":"23505","details":"Key (symbol, date)=(DSPY, 2025-04-02) already exists.","hint":null,"messa
FAILED after 3 retries for DSPY
DSPY: INSERT FAILED
POST status 409: {"code":"23505","details":"Key (symbol, date)=(DTAN, 2024-09-10) already exists.","hint":null,"messa
POST status 409: {"code":"23505","details":"Key (symbol, date)=(DTAN, 2024-09-10) already exists.","hint":null,"messa
POST status 409: {"code":"23505","details":"Key (symbol, date)=(DTAN, 2024-09-10) already exists.","hint":null,"messa
FAILED after 3 retries for DTAN
DTAN: INSERT FAILED
POST status 409: {"code":"23505","details":"Key (symbol, date)=(DSTX, 2024-04-29) already exists.","hint":null,"messa
POST status 409: {"code":"23505","details":"Key (symbol, date)=(DSTX, 2024-04-29) already exists.","hint":null,"messa
POST status 409: {"code":"23505","details":"Key (symbol, date)=(DSTX, 2024-04-29) already exists.","hint":null,"messa
FAILED after 3 retries for DSTX
DSTX: INSERT FAILED
POST status 409: {"code":"23505","details":"Key (symbol, date)=(DSMC, 2024-04-29) already exists.","hint":null,"messa
POST status 409: {"code":"23505","details":"Key (symbol, date)=(DSMC, 2024-04-29) already exists.","hint":null,"messa
POST status 409: {"code":"23505","details":"Key (symbol, date)=(DSMC, 2024-04-29) already exists.","hint":null,"messa
FAILED after 3 retries for DSMC
DSMC: INSERT FAILED
POST status 409: {"code":"23505","details":"Key (symbol, date)=(DSTL, 2024-04-29) already exists.","hint":null,"messa
POST status 409: {"code":"23505","details":"Key (symbol, date)=(DSTL, 2024-04-29) already exists.","hint":null,"messa
POST status 409: {"code":"23505","details":"Key (symbol, date)=(DSTL, 2024-04-29) already exists.","hint":null,"messa
FAILED after 3 retries for DSTL
DSTL: INSERT FAILED
POST status 409: {"code":"23505","details":"Key (symbol, date)=(DSI, 2024-04-29) already exists.","hint":null,"messag
POST status 409: {"code":"23505","details":"Key (symbol, date)=(DSI, 2024-04-29) already exists.","hint":null,"messag
POST status 409: {"code":"23505","details":"Key (symbol, date)=(DSI, 2024-04-29) already exists.","hint":null,"messag
FAILED after 3 retries for DSI
DSI: INSERT FAILED
POST status 409: {"code":"23505","details":"Key (symbol, date)=(DTCR, 2024-04-29) already exists.","hint":null,"messa
POST status 409: {"code":"23505","details":"Key (symbol, date)=(DTCR, 2024-04-29) already exists.","hint":null,"messa
POST status 409: {"code":"23505","details":"Key (symbol, date)=(DTCR, 2024-04-29) already exists.","hint":null,"messa
FAILED after 3 retries for DTCR
DTCR: INSERT FAILED
POST status 409: {"code":"23505","details":"Key (symbol, date)=(DTH, 2024-04-29) already exists.","hint":null,"messag
POST status 409: {"code":"23505","details":"Key (symbol, date)=(DTH, 2024-04-29) already exists.","hint":null,"messag
POST status 409: {"code":"23505","details":"Key (symbol, date)=(DTH, 2024-04-29) already exists.","hint":null,"messag
FAILED after 3 retries for DTH
DTH: INSERT FAILED
POST status 409: {"code":"23505","details":"Key (symbol, date)=(DTEC, 2024-04-29) already exists.","hint":null,"messa
POST status 409: {"code":"23505","details":"Key (symbol, date)=(DTEC, 2024-04-29) already exists.","hint":null,"messa
POST status 409: {"code":"23505","details":"Key (symbol, date)=(DTEC, 2024-04-29) already exists.","hint":null,"messa
FAILED after 3 retries for DTEC
DTEC: INSERT FAILED
DUOG: 94 rows fetched
DUBS: 501 rows fetched
DUKZ: 451 rows fetched
DUKQ: 451 rows fetched
DULL: 501 rows fetched
DTRE: 501 rows fetched
DUHP: 501 rows fetched
DUKX: 451 rows fetched
DUG: 501 rows fetched
DUKH: 451 rows fetched
POST status 409: {"code":"23505","details":"Key (symbol, date)=(DUOG, 2025-12-11) already exists.","hint":null,"messa
POST status 409: {"code":"23505","details":"Key (symbol, date)=(DUOG, 2025-12-11) already exists.","hint":null,"messa
POST status 409: {"code":"23505","details":"Key (symbol, date)=(DUOG, 2025-12-11) already exists.","hint":null,"messa
FAILED after 3 retries for DUOG
DUOG: INSERT FAILED
POST status 409: {"code":"23505","details":"Key (symbol, date)=(DUBS, 2024-04-29) already exists.","hint":null,"messa
POST status 409: {"code":"23505","details":"Key (symbol, date)=(DUBS, 2024-04-29) already exists.","hint":null,"messa
POST status 409: {"code":"23505","details":"Key (symbol, date)=(DUBS, 2024-04-29) already exists.","hint":null,"messa
FAILED after 3 retries for DUBS
DUBS: INSERT FAILED
POST status 409: {"code":"23505","details":"Key (symbol, date)=(DUKZ, 2024-07-11) already exists.","hint":null,"messa
POST status 409: {"code":"23505","details":"Key (symbol, date)=(DUKZ, 2024-07-11) already exists.","hint":null,"messa
POST status 409: {"code":"23505","details":"Key (symbol, date)=(DUKZ, 2024-07-11) already exists.","hint":null,"messa
FAILED after 3 retries for DUKZ
DUKZ: INSERT FAILED
POST status 409: {"code":"23505","details":"Key (symbol, date)=(DUKQ, 2024-07-11) already exists.","hint":null,"messa
POST status 409: {"code":"23505","details":"Key (symbol, date)=(DUKQ, 2024-07-11) already exists.","hint":null,"messa
POST status 409: {"code":"23505","details":"Key (symbol, date)=(DUKQ, 2024-07-11) already exists.","hint":null,"messa
FAILED after 3 retries for DUKQ
DUKQ: INSERT FAILED
POST status 409: {"code":"23505","details":"Key (symbol, date)=(DULL, 2024-04-29) already exists.","hint":null,"messa
POST status 409: {"code":"23505","details":"Key (symbol, date)=(DULL, 2024-04-29) already exists.","hint":null,"messa
POST status 409: {"code":"23505","details":"Key (symbol, date)=(DULL, 2024-04-29) already exists.","hint":null,"messa
FAILED after 3 retries for DULL
DULL: INSERT FAILED
POST status 409: {"code":"23505","details":"Key (symbol, date)=(DTRE, 2024-04-29) already exists.","hint":null,"messa
POST status 409: {"code":"23505","details":"Key (symbol, date)=(DTRE, 2024-04-29) already exists.","hint":null,"messa
POST status 409: {"code":"23505","details":"Key (symbol, date)=(DTRE, 2024-04-29) already exists.","hint":null,"messa
FAILED after 3 retries for DTRE
DTRE: INSERT FAILED
POST status 409: {"code":"23505","details":"Key (symbol, date)=(DUHP, 2024-04-29) already exists.","hint":null,"messa
POST status 409: {"code":"23505","details":"Key (symbol, date)=(DUHP, 2024-04-29) already exists.","hint":null,"messa
POST status 409: {"code":"23505","details":"Key (symbol, date)=(DUHP, 2024-04-29) already exists.","hint":null,"messa
FAILED after 3 retries for DUHP
DUHP: INSERT FAILED
POST status 409: {"code":"23505","details":"Key (symbol, date)=(DUKX, 2024-07-11) already exists.","hint":null,"messa
POST status 409: {"code":"23505","details":"Key (symbol, date)=(DUKX, 2024-07-11) already exists.","hint":null,"messa
POST status 409: {"code":"23505","details":"Key (symbol, date)=(DUKX, 2024-07-11) already exists.","hint":null,"messa
FAILED after 3 retries for DUKX
DUKX: INSERT FAILED
POST status 409: {"code":"23505","details":"Key (symbol, date)=(DUG, 2024-04-29) already exists.","hint":null,"messag
POST status 409: {"code":"23505","details":"Key (symbol, date)=(DUG, 2024-04-29) already exists.","hint":null,"messag
POST status 409: {"code":"23505","details":"Key (symbol, date)=(DUG, 2024-04-29) already exists.","hint":null,"messag
FAILED after 3 retries for DUG
DUG: INSERT FAILED
POST status 409: {"code":"23505","details":"Key (symbol, date)=(DUKH, 2024-07-11) already exists.","hint":null,"messa
POST status 409: {"code":"23505","details":"Key (symbol, date)=(DUKH, 2024-07-11) already exists.","hint":null,"messa
POST status 409: {"code":"23505","details":"Key (symbol, date)=(DUKH, 2024-07-11) already exists.","hint":null,"messa
FAILED after 3 retries for DUKH
DUKH: INSERT FAILED
DVGR: 98 rows fetched
DURA: 501 rows fetched
DVIN: 193 rows fetched
DUTY: 15 rows fetched
DUSA: 501 rows fetched
DUST: 501 rows fetched
DUSL: 501 rows fetched
DVAL: 501 rows fetched
DVDN: 501 rows fetched
DUSB: 501 rows fetched
POST status 409: {"code":"23505","details":"Key (symbol, date)=(DVGR, 2025-12-05) already exists.","hint":null,"messa
POST status 409: {"code":"23505","details":"Key (symbol, date)=(DVGR, 2025-12-05) already exists.","hint":null,"messa
POST status 409: {"code":"23505","details":"Key (symbol, date)=(DVGR, 2025-12-05) already exists.","hint":null,"messa
FAILED after 3 retries for DVGR
DVGR: INSERT FAILED
POST status 409: {"code":"23505","details":"Key (symbol, date)=(DURA, 2024-04-29) already exists.","hint":null,"messa
POST status 409: {"code":"23505","details":"Key (symbol, date)=(DURA, 2024-04-29) already exists.","hint":null,"messa
POST status 409: {"code":"23505","details":"Key (symbol, date)=(DURA, 2024-04-29) already exists.","hint":null,"messa
FAILED after 3 retries for DURA
DURA: INSERT FAILED
POST status 409: {"code":"23505","details":"Key (symbol, date)=(DVIN, 2025-07-23) already exists.","hint":null,"messa
POST status 409: {"code":"23505","details":"Key (symbol, date)=(DVIN, 2025-07-23) already exists.","hint":null,"messa
POST status 409: {"code":"23505","details":"Key (symbol, date)=(DVIN, 2025-07-23) already exists.","hint":null,"messa
FAILED after 3 retries for DVIN
DVIN: INSERT FAILED
POST status 409: {"code":"23505","details":"Key (symbol, date)=(DUTY, 2026-04-08) already exists.","hint":null,"messa
POST status 409: {"code":"23505","details":"Key (symbol, date)=(DUTY, 2026-04-08) already exists.","hint":null,"messa
POST status 409: {"code":"23505","details":"Key (symbol, date)=(DUTY, 2026-04-08) already exists.","hint":null,"messa
FAILED after 3 retries for DUTY
DUTY: INSERT FAILED
POST status 409: {"code":"23505","details":"Key (symbol, date)=(DUSA, 2024-04-29) already exists.","hint":null,"messa
POST status 409: {"code":"23505","details":"Key (symbol, date)=(DUSA, 2024-04-29) already exists.","hint":null,"messa
POST status 409: {"code":"23505","details":"Key (symbol, date)=(DUSA, 2024-04-29) already exists.","hint":null,"messa
FAILED after 3 retries for DUSA
DUSA: INSERT FAILED
POST status 409: {"code":"23505","details":"Key (symbol, date)=(DUST, 2024-04-29) already exists.","hint":null,"messa
POST status 409: {"code":"23505","details":"Key (symbol, date)=(DUST, 2024-04-29) already exists.","hint":null,"messa
POST status 409: {"code":"23505","details":"Key (symbol, date)=(DUST, 2024-04-29) already exists.","hint":null,"messa
FAILED after 3 retries for DUST
DUST: INSERT FAILED
POST status 409: {"code":"23505","details":"Key (symbol, date)=(DUSL, 2024-04-29) already exists.","hint":null,"messa
POST status 409: {"code":"23505","details":"Key (symbol, date)=(DUSL, 2024-04-29) already exists.","hint":null,"messa
POST status 409: {"code":"23505","details":"Key (symbol, date)=(DUSL, 2024-04-29) already exists.","hint":null,"messa
FAILED after 3 retries for DUSL
DUSL: INSERT FAILED
POST status 409: {"code":"23505","details":"Key (symbol, date)=(DVAL, 2024-04-29) already exists.","hint":null,"messa
POST status 409: {"code":"23505","details":"Key (symbol, date)=(DVAL, 2024-04-29) already exists.","hint":null,"messa
POST status 409: {"code":"23505","details":"Key (symbol, date)=(DVAL, 2024-04-29) already exists.","hint":null,"messa
FAILED after 3 retries for DVAL
DVAL: INSERT FAILED
POST status 409: {"code":"23505","details":"Key (symbol, date)=(DVDN, 2024-04-29) already exists.","hint":null,"messa
POST status 409: {"code":"23505","details":"Key (symbol, date)=(DVDN, 2024-04-29) already exists.","hint":null,"messa
POST status 409: {"code":"23505","details":"Key (symbol, date)=(DVDN, 2024-04-29) already exists.","hint":null,"messa
FAILED after 3 retries for DVDN
DVDN: INSERT FAILED
POST status 409: {"code":"23505","details":"Key (symbol, date)=(DUSB, 2024-04-29) already exists.","hint":null,"messa
POST status 409: {"code":"23505","details":"Key (symbol, date)=(DUSB, 2024-04-29) already exists.","hint":null,"messa
POST status 409: {"code":"23505","details":"Key (symbol, date)=(DUSB, 2024-04-29) already exists.","hint":null,"messa
FAILED after 3 retries for DUSB
DUSB: INSERT FAILED
DVUT: 193 rows fetched
DVLU: 501 rows fetched
DVQQ: 335 rows fetched
DVRE: 193 rows fetched
DVOL: 501 rows fetched
DVXB: 193 rows fetched
DVSP: 340 rows fetched
DVXC: 193 rows fetched
DVND: 501 rows fetched
DVVY: 28 rows fetched
POST status 409: {"code":"23505","details":"Key (symbol, date)=(DVUT, 2025-07-23) already exists.","hint":null,"messa
POST status 409: {"code":"23505","details":"Key (symbol, date)=(DVUT, 2025-07-23) already exists.","hint":null,"messa
POST status 409: {"code":"23505","details":"Key (symbol, date)=(DVUT, 2025-07-23) already exists.","hint":null,"messa
FAILED after 3 retries for DVUT
DVUT: INSERT FAILED
POST status 409: {"code":"23505","details":"Key (symbol, date)=(DVLU, 2024-04-29) already exists.","hint":null,"messa
POST status 409: {"code":"23505","details":"Key (symbol, date)=(DVLU, 2024-04-29) already exists.","hint":null,"messa
POST status 409: {"code":"23505","details":"Key (symbol, date)=(DVLU, 2024-04-29) already exists.","hint":null,"messa
FAILED after 3 retries for DVLU
DVLU: INSERT FAILED
POST status 409: {"code":"23505","details":"Key (symbol, date)=(DVQQ, 2024-12-24) already exists.","hint":null,"messa
POST status 409: {"code":"23505","details":"Key (symbol, date)=(DVQQ, 2024-12-24) already exists.","hint":null,"messa
POST status 409: {"code":"23505","details":"Key (symbol, date)=(DVQQ, 2024-12-24) already exists.","hint":null,"messa
FAILED after 3 retries for DVQQ
DVQQ: INSERT FAILED
POST status 409: {"code":"23505","details":"Key (symbol, date)=(DVRE, 2025-07-23) already exists.","hint":null,"messa
POST status 409: {"code":"23505","details":"Key (symbol, date)=(DVRE, 2025-07-23) already exists.","hint":null,"messa
POST status 409: {"code":"23505","details":"Key (symbol, date)=(DVRE, 2025-07-23) already exists.","hint":null,"messa
FAILED after 3 retries for DVRE
DVRE: INSERT FAILED
POST status 409: {"code":"23505","details":"Key (symbol, date)=(DVOL, 2024-04-29) already exists.","hint":null,"messa
POST status 409: {"code":"23505","details":"Key (symbol, date)=(DVOL, 2024-04-29) already exists.","hint":null,"messa
POST status 409: {"code":"23505","details":"Key (symbol, date)=(DVOL, 2024-04-29) already exists.","hint":null,"messa
FAILED after 3 retries for DVOL
DVOL: INSERT FAILED
POST status 409: {"code":"23505","details":"Key (symbol, date)=(DVXB, 2025-07-23) already exists.","hint":null,"messa
POST status 409: {"code":"23505","details":"Key (symbol, date)=(DVXB, 2025-07-23) already exists.","hint":null,"messa
POST status 409: {"code":"23505","details":"Key (symbol, date)=(DVXB, 2025-07-23) already exists.","hint":null,"messa
FAILED after 3 retries for DVXB
DVXB: INSERT FAILED
POST status 409: {"code":"23505","details":"Key (symbol, date)=(DVSP, 2024-12-17) already exists.","hint":null,"messa
POST status 409: {"code":"23505","details":"Key (symbol, date)=(DVSP, 2024-12-17) already exists.","hint":null,"messa
POST status 409: {"code":"23505","details":"Key (symbol, date)=(DVSP, 2024-12-17) already exists.","hint":null,"messa
FAILED after 3 retries for DVSP
DVSP: INSERT FAILED
POST status 409: {"code":"23505","details":"Key (symbol, date)=(DVXC, 2025-07-23) already exists.","hint":null,"messa
POST status 409: {"code":"23505","details":"Key (symbol, date)=(DVXC, 2025-07-23) already exists.","hint":null,"messa
POST status 409: {"code":"23505","details":"Key (symbol, date)=(DVXC, 2025-07-23) already exists.","hint":null,"messa
FAILED after 3 retries for DVXC
DVXC: INSERT FAILED
POST status 409: {"code":"23505","details":"Key (symbol, date)=(DVND, 2024-04-29) already exists.","hint":null,"messa
POST status 409: {"code":"23505","details":"Key (symbol, date)=(DVND, 2024-04-29) already exists.","hint":null,"messa
POST status 409: {"code":"23505","details":"Key (symbol, date)=(DVND, 2024-04-29) already exists.","hint":null,"messa
FAILED after 3 retries for DVND
DVND: INSERT FAILED
POST status 409: {"code":"23505","details":"Key (symbol, date)=(DVVY, 2026-03-19) already exists.","hint":null,"messa
POST status 409: {"code":"23505","details":"Key (symbol, date)=(DVVY, 2026-03-19) already exists.","hint":null,"messa
POST status 409: {"code":"23505","details":"Key (symbol, date)=(DVVY, 2026-03-19) already exists.","hint":null,"messa
FAILED after 3 retries for DVVY
DVVY: INSERT FAILED
DVXE: 193 rows fetched
DVXV: 193 rows fetched
DVXP: 192 rows fetched
DVXF: 193 rows fetched
DVXY: 193 rows fetched
DVXK: 193 rows fetched
DVYA: 501 rows fetched
DVY: 501 rows fetched
DWAS: 501 rows fetched
DVYE: 501 rows fetched
POST status 409: {"code":"23505","details":"Key (symbol, date)=(DVXE, 2025-07-23) already exists.","hint":null,"messa
POST status 409: {"code":"23505","details":"Key (symbol, date)=(DVXE, 2025-07-23) already exists.","hint":null,"messa
POST status 409: {"code":"23505","details":"Key (symbol, date)=(DVXE, 2025-07-23) already exists.","hint":null,"messa
FAILED after 3 retries for DVXE
DVXE: INSERT FAILED
POST status 409: {"code":"23505","details":"Key (symbol, date)=(DVXV, 2025-07-23) already exists.","hint":null,"messa
POST status 409: {"code":"23505","details":"Key (symbol, date)=(DVXV, 2025-07-23) already exists.","hint":null,"messa
POST status 409: {"code":"23505","details":"Key (symbol, date)=(DVXV, 2025-07-23) already exists.","hint":null,"messa
FAILED after 3 retries for DVXV
DVXV: INSERT FAILED
POST status 409: {"code":"23505","details":"Key (symbol, date)=(DVXP, 2025-07-24) already exists.","hint":null,"messa
POST status 409: {"code":"23505","details":"Key (symbol, date)=(DVXP, 2025-07-24) already exists.","hint":null,"messa
POST status 409: {"code":"23505","details":"Key (symbol, date)=(DVXP, 2025-07-24) already exists.","hint":null,"messa
FAILED after 3 retries for DVXP
DVXP: INSERT FAILED
POST status 409: {"code":"23505","details":"Key (symbol, date)=(DVXF, 2025-07-23) already exists.","hint":null,"messa
POST status 409: {"code":"23505","details":"Key (symbol, date)=(DVXF, 2025-07-23) already exists.","hint":null,"messa
POST status 409: {"code":"23505","details":"Key (symbol, date)=(DVXF, 2025-07-23) already exists.","hint":null,"messa
FAILED after 3 retries for DVXF
DVXF: INSERT FAILED
POST status 409: {"code":"23505","details":"Key (symbol, date)=(DVXY, 2025-07-23) already exists.","hint":null,"messa
POST status 409: {"code":"23505","details":"Key (symbol, date)=(DVXY, 2025-07-23) already exists.","hint":null,"messa
POST status 409: {"code":"23505","details":"Key (symbol, date)=(DVXY, 2025-07-23) already exists.","hint":null,"messa
FAILED after 3 retries for DVXY
DVXY: INSERT FAILED
POST status 409: {"code":"23505","details":"Key (symbol, date)=(DVXK, 2025-07-23) already exists.","hint":null,"messa
POST status 409: {"code":"23505","details":"Key (symbol, date)=(DVXK, 2025-07-23) already exists.","hint":null,"messa
POST status 409: {"code":"23505","details":"Key (symbol, date)=(DVXK, 2025-07-23) already exists.","hint":null,"messa
FAILED after 3 retries for DVXK
DVXK: INSERT FAILED
POST status 409: {"code":"23505","details":"Key (symbol, date)=(DVYA, 2024-04-29) already exists.","hint":null,"messa
POST status 409: {"code":"23505","details":"Key (symbol, date)=(DVYA, 2024-04-29) already exists.","hint":null,"messa
POST status 409: {"code":"23505","details":"Key (symbol, date)=(DVYA, 2024-04-29) already exists.","hint":null,"messa
FAILED after 3 retries for DVYA
DVYA: INSERT FAILED
POST status 409: {"code":"23505","details":"Key (symbol, date)=(DVY, 2024-04-29) already exists.","hint":null,"messag
POST status 409: {"code":"23505","details":"Key (symbol, date)=(DVY, 2024-04-29) already exists.","hint":null,"messag
POST status 409: {"code":"23505","details":"Key (symbol, date)=(DVY, 2024-04-29) already exists.","hint":null,"messag
FAILED after 3 retries for DVY
DVY: INSERT FAILED
POST status 409: {"code":"23505","details":"Key (symbol, date)=(DWAS, 2024-04-29) already exists.","hint":null,"messa
POST status 409: {"code":"23505","details":"Key (symbol, date)=(DWAS, 2024-04-29) already exists.","hint":null,"messa
POST status 409: {"code":"23505","details":"Key (symbol, date)=(DWAS, 2024-04-29) already exists.","hint":null,"messa
FAILED after 3 retries for DWAS
DWAS: INSERT FAILED
POST status 409: {"code":"23505","details":"Key (symbol, date)=(DVYE, 2024-04-29) already exists.","hint":null,"messa
POST status 409: {"code":"23505","details":"Key (symbol, date)=(DVYE, 2024-04-29) already exists.","hint":null,"messa
POST status 409: {"code":"23505","details":"Key (symbol, date)=(DVYE, 2024-04-29) already exists.","hint":null,"messa
FAILED after 3 retries for DVYE
DVYE: INSERT FAILED
DWSH: 501 rows fetched
DWAW: 501 rows fetched
DWLD: 501 rows fetched
DWM: 501 rows fetched
DWX: 501 rows fetched
DXJ: 501 rows fetched
DXD: 501 rows fetched
DXIV: 407 rows fetched
DWUS: 501 rows fetched
DWMF: 501 rows fetched
POST status 409: {"code":"23505","details":"Key (symbol, date)=(DWSH, 2024-04-29) already exists.","hint":null,"messa
POST status 409: {"code":"23505","details":"Key (symbol, date)=(DWSH, 2024-04-29) already exists.","hint":null,"messa
POST status 409: {"code":"23505","details":"Key (symbol, date)=(DWSH, 2024-04-29) already exists.","hint":null,"messa
FAILED after 3 retries for DWSH
DWSH: INSERT FAILED
POST status 409: {"code":"23505","details":"Key (symbol, date)=(DWAW, 2024-04-29) already exists.","hint":null,"messa
POST status 409: {"code":"23505","details":"Key (symbol, date)=(DWAW, 2024-04-29) already exists.","hint":null,"messa
POST status 409: {"code":"23505","details":"Key (symbol, date)=(DWAW, 2024-04-29) already exists.","hint":null,"messa
FAILED after 3 retries for DWAW
DWAW: INSERT FAILED
POST status 409: {"code":"23505","details":"Key (symbol, date)=(DWLD, 2024-04-29) already exists.","hint":null,"messa
POST status 409: {"code":"23505","details":"Key (symbol, date)=(DWLD, 2024-04-29) already exists.","hint":null,"messa
POST status 409: {"code":"23505","details":"Key (symbol, date)=(DWLD, 2024-04-29) already exists.","hint":null,"messa
FAILED after 3 retries for DWLD
DWLD: INSERT FAILED
POST status 409: {"code":"23505","details":"Key (symbol, date)=(DWM, 2024-04-29) already exists.","hint":null,"messag
POST status 409: {"code":"23505","details":"Key (symbol, date)=(DWM, 2024-04-29) already exists.","hint":null,"messag
POST status 409: {"code":"23505","details":"Key (symbol, date)=(DWM, 2024-04-29) already exists.","hint":null,"messag
FAILED after 3 retries for DWM
DWM: INSERT FAILED
POST status 409: {"code":"23505","details":"Key (symbol, date)=(DWX, 2024-04-29) already exists.","hint":null,"messag
POST status 409: {"code":"23505","details":"Key (symbol, date)=(DWX, 2024-04-29) already exists.","hint":null,"messag
POST status 409: {"code":"23505","details":"Key (symbol, date)=(DWX, 2024-04-29) already exists.","hint":null,"messag
FAILED after 3 retries for DWX
DWX: INSERT FAILED
POST status 409: {"code":"23505","details":"Key (symbol, date)=(DXJ, 2024-04-29) already exists.","hint":null,"messag
POST status 409: {"code":"23505","details":"Key (symbol, date)=(DXJ, 2024-04-29) already exists.","hint":null,"messag
POST status 409: {"code":"23505","details":"Key (symbol, date)=(DXJ, 2024-04-29) already exists.","hint":null,"messag
FAILED after 3 retries for DXJ
DXJ: INSERT FAILED
POST status 409: {"code":"23505","details":"Key (symbol, date)=(DXD, 2024-04-29) already exists.","hint":null,"messag
POST status 409: {"code":"23505","details":"Key (symbol, date)=(DXD, 2024-04-29) already exists.","hint":null,"messag
POST status 409: {"code":"23505","details":"Key (symbol, date)=(DXD, 2024-04-29) already exists.","hint":null,"messag
FAILED after 3 retries for DXD
DXD: INSERT FAILED
POST status 409: {"code":"23505","details":"Key (symbol, date)=(DXIV, 2024-09-12) already exists.","hint":null,"messa
POST status 409: {"code":"23505","details":"Key (symbol, date)=(DXIV, 2024-09-12) already exists.","hint":null,"messa
POST status 409: {"code":"23505","details":"Key (symbol, date)=(DXIV, 2024-09-12) already exists.","hint":null,"messa
FAILED after 3 retries for DXIV
DXIV: INSERT FAILED
POST status 409: {"code":"23505","details":"Key (symbol, date)=(DWUS, 2024-04-29) already exists.","hint":null,"messa
POST status 409: {"code":"23505","details":"Key (symbol, date)=(DWUS, 2024-04-29) already exists.","hint":null,"messa
POST status 409: {"code":"23505","details":"Key (symbol, date)=(DWUS, 2024-04-29) already exists.","hint":null,"messa
FAILED after 3 retries for DWUS
DWUS: INSERT FAILED
POST status 409: {"code":"23505","details":"Key (symbol, date)=(DWMF, 2024-04-29) already exists.","hint":null,"messa
POST status 409: {"code":"23505","details":"Key (symbol, date)=(DWMF, 2024-04-29) already exists.","hint":null,"messa
POST status 409: {"code":"23505","details":"Key (symbol, date)=(DWMF, 2024-04-29) already exists.","hint":null,"messa
FAILED after 3 retries for DWMF
DWMF: INSERT FAILED
DXUV: 407 rows fetched
DYNB: 149 rows fetched
DYTA: 501 rows fetched
DYFI: 501 rows fetched
EAGG: 501 rows fetched
DYNF: 501 rows fetched
DYLD: 501 rows fetched
EAGL: 501 rows fetched
EAFG: 501 rows fetched
DYLG: 501 rows fetched
POST status 409: {"code":"23505","details":"Key (symbol, date)=(DXUV, 2024-09-12) already exists.","hint":null,"messa
POST status 409: {"code":"23505","details":"Key (symbol, date)=(DXUV, 2024-09-12) already exists.","hint":null,"messa
POST status 409: {"code":"23505","details":"Key (symbol, date)=(DXUV, 2024-09-12) already exists.","hint":null,"messa
FAILED after 3 retries for DXUV
DXUV: INSERT FAILED
POST status 409: {"code":"23505","details":"Key (symbol, date)=(DYNB, 2025-09-24) already exists.","hint":null,"messa
POST status 409: {"code":"23505","details":"Key (symbol, date)=(DYNB, 2025-09-24) already exists.","hint":null,"messa
POST status 409: {"code":"23505","details":"Key (symbol, date)=(DYNB, 2025-09-24) already exists.","hint":null,"messa
FAILED after 3 retries for DYNB
DYNB: INSERT FAILED
POST status 409: {"code":"23505","details":"Key (symbol, date)=(DYTA, 2024-04-29) already exists.","hint":null,"messa
POST status 409: {"code":"23505","details":"Key (symbol, date)=(DYTA, 2024-04-29) already exists.","hint":null,"messa
POST status 409: {"code":"23505","details":"Key (symbol, date)=(DYTA, 2024-04-29) already exists.","hint":null,"messa
FAILED after 3 retries for DYTA
DYTA: INSERT FAILED
POST status 409: {"code":"23505","details":"Key (symbol, date)=(DYFI, 2024-04-29) already exists.","hint":null,"messa
POST status 409: {"code":"23505","details":"Key (symbol, date)=(DYFI, 2024-04-29) already exists.","hint":null,"messa
POST status 409: {"code":"23505","details":"Key (symbol, date)=(DYFI, 2024-04-29) already exists.","hint":null,"messa
FAILED after 3 retries for DYFI
DYFI: INSERT FAILED
POST status 409: {"code":"23505","details":"Key (symbol, date)=(EAGG, 2024-04-29) already exists.","hint":null,"messa
POST status 409: {"code":"23505","details":"Key (symbol, date)=(EAGG, 2024-04-29) already exists.","hint":null,"messa
POST status 409: {"code":"23505","details":"Key (symbol, date)=(EAGG, 2024-04-29) already exists.","hint":null,"messa
FAILED after 3 retries for EAGG
EAGG: INSERT FAILED
POST status 409: {"code":"23505","details":"Key (symbol, date)=(DYNF, 2024-04-29) already exists.","hint":null,"messa
POST status 409: {"code":"23505","details":"Key (symbol, date)=(DYNF, 2024-04-29) already exists.","hint":null,"messa
POST status 409: {"code":"23505","details":"Key (symbol, date)=(DYNF, 2024-04-29) already exists.","hint":null,"messa
FAILED after 3 retries for DYNF
DYNF: INSERT FAILED
POST status 409: {"code":"23505","details":"Key (symbol, date)=(DYLD, 2024-04-29) already exists.","hint":null,"messa
POST status 409: {"code":"23505","details":"Key (symbol, date)=(DYLD, 2024-04-29) already exists.","hint":null,"messa
POST status 409: {"code":"23505","details":"Key (symbol, date)=(DYLD, 2024-04-29) already exists.","hint":null,"messa
FAILED after 3 retries for DYLD
DYLD: INSERT FAILED
POST status 409: {"code":"23505","details":"Key (symbol, date)=(EAGL, 2024-04-29) already exists.","hint":null,"messa
POST status 409: {"code":"23505","details":"Key (symbol, date)=(EAGL, 2024-04-29) already exists.","hint":null,"messa
POST status 409: {"code":"23505","details":"Key (symbol, date)=(EAGL, 2024-04-29) already exists.","hint":null,"messa
FAILED after 3 retries for EAGL
EAGL: INSERT FAILED
POST status 409: {"code":"23505","details":"Key (symbol, date)=(EAFG, 2024-04-29) already exists.","hint":null,"messa
POST status 409: {"code":"23505","details":"Key (symbol, date)=(EAFG, 2024-04-29) already exists.","hint":null,"messa
POST status 409: {"code":"23505","details":"Key (symbol, date)=(EAFG, 2024-04-29) already exists.","hint":null,"messa
FAILED after 3 retries for EAFG
EAFG: INSERT FAILED
POST status 409: {"code":"23505","details":"Key (symbol, date)=(DYLG, 2024-04-29) already exists.","hint":null,"messa
POST status 409: {"code":"23505","details":"Key (symbol, date)=(DYLG, 2024-04-29) already exists.","hint":null,"messa
POST status 409: {"code":"23505","details":"Key (symbol, date)=(DYLG, 2024-04-29) already exists.","hint":null,"messa
FAILED after 3 retries for DYLG
DYLG: INSERT FAILED
EAPR: 501 rows fetched
EALT: 501 rows fetched
EASY: 144 rows fetched
EART: 501 rows fetched
EAOK: 501 rows fetched
EAOR: 501 rows fetched
EATZ: 501 rows fetched
EAOA: 501 rows fetched
EAOM: 501 rows fetched
EASG: 501 rows fetched
POST status 409: {"code":"23505","details":"Key (symbol, date)=(EAPR, 2024-04-29) already exists.","hint":null,"messa
POST status 409: {"code":"23505","details":"Key (symbol, date)=(EAPR, 2024-04-29) already exists.","hint":null,"messa
POST status 409: {"code":"23505","details":"Key (symbol, date)=(EAPR, 2024-04-29) already exists.","hint":null,"messa
FAILED after 3 retries for EAPR
EAPR: INSERT FAILED
POST status 409: {"code":"23505","details":"Key (symbol, date)=(EALT, 2024-04-29) already exists.","hint":null,"messa
POST status 409: {"code":"23505","details":"Key (symbol, date)=(EALT, 2024-04-29) already exists.","hint":null,"messa
POST status 409: {"code":"23505","details":"Key (symbol, date)=(EALT, 2024-04-29) already exists.","hint":null,"messa
FAILED after 3 retries for EALT
EALT: INSERT FAILED
POST status 409: {"code":"23505","details":"Key (symbol, date)=(EASY, 2025-10-01) already exists.","hint":null,"messa
POST status 409: {"code":"23505","details":"Key (symbol, date)=(EASY, 2025-10-01) already exists.","hint":null,"messa
POST status 409: {"code":"23505","details":"Key (symbol, date)=(EASY, 2025-10-01) already exists.","hint":null,"messa
FAILED after 3 retries for EASY
EASY: INSERT FAILED
POST status 409: {"code":"23505","details":"Key (symbol, date)=(EART, 2024-04-29) already exists.","hint":null,"messa
POST status 409: {"code":"23505","details":"Key (symbol, date)=(EART, 2024-04-29) already exists.","hint":null,"messa
POST status 409: {"code":"23505","details":"Key (symbol, date)=(EART, 2024-04-29) already exists.","hint":null,"messa
FAILED after 3 retries for EART
EART: INSERT FAILED
POST status 409: {"code":"23505","details":"Key (symbol, date)=(EAOK, 2024-04-29) already exists.","hint":null,"messa
POST status 409: {"code":"23505","details":"Key (symbol, date)=(EAOK, 2024-04-29) already exists.","hint":null,"messa
POST status 409: {"code":"23505","details":"Key (symbol, date)=(EAOK, 2024-04-29) already exists.","hint":null,"messa
FAILED after 3 retries for EAOK
EAOK: INSERT FAILED
POST status 409: {"code":"23505","details":"Key (symbol, date)=(EAOR, 2024-04-29) already exists.","hint":null,"messa
POST status 409: {"code":"23505","details":"Key (symbol, date)=(EAOR, 2024-04-29) already exists.","hint":null,"messa
POST status 409: {"code":"23505","details":"Key (symbol, date)=(EAOR, 2024-04-29) already exists.","hint":null,"messa
FAILED after 3 retries for EAOR
EAOR: INSERT FAILED
POST status 409: {"code":"23505","details":"Key (symbol, date)=(EATZ, 2024-04-29) already exists.","hint":null,"messa
POST status 409: {"code":"23505","details":"Key (symbol, date)=(EATZ, 2024-04-29) already exists.","hint":null,"messa
POST status 409: {"code":"23505","details":"Key (symbol, date)=(EATZ, 2024-04-29) already exists.","hint":null,"messa
FAILED after 3 retries for EATZ
EATZ: INSERT FAILED
POST status 409: {"code":"23505","details":"Key (symbol, date)=(EAOA, 2024-04-29) already exists.","hint":null,"messa
POST status 409: {"code":"23505","details":"Key (symbol, date)=(EAOA, 2024-04-29) already exists.","hint":null,"messa
POST status 409: {"code":"23505","details":"Key (symbol, date)=(EAOA, 2024-04-29) already exists.","hint":null,"messa
FAILED after 3 retries for EAOA
EAOA: INSERT FAILED
POST status 409: {"code":"23505","details":"Key (symbol, date)=(EAOM, 2024-04-29) already exists.","hint":null,"messa
POST status 409: {"code":"23505","details":"Key (symbol, date)=(EAOM, 2024-04-29) already exists.","hint":null,"messa
POST status 409: {"code":"23505","details":"Key (symbol, date)=(EAOM, 2024-04-29) already exists.","hint":null,"messa
FAILED after 3 retries for EAOM
EAOM: INSERT FAILED
POST status 409: {"code":"23505","details":"Key (symbol, date)=(EASG, 2024-04-29) already exists.","hint":null,"messa
POST status 409: {"code":"23505","details":"Key (symbol, date)=(EASG, 2024-04-29) already exists.","hint":null,"messa
POST status 409: {"code":"23505","details":"Key (symbol, date)=(EASG, 2024-04-29) already exists.","hint":null,"messa
FAILED after 3 retries for EASG
EASG: INSERT FAILED
ECH: 501 rows fetched
EBUF: 458 rows fetched
EBIT: 451 rows fetched
EBI: 292 rows fetched
ECOW: 501 rows fetched
EBIZ: 501 rows fetched
ECML: 501 rows fetched
EBND: 501 rows fetched
ECNS: 501 rows fetched
ECON: 501 rows fetched
POST status 409: {"code":"23505","details":"Key (symbol, date)=(ECH, 2024-04-29) already exists.","hint":null,"messag
POST status 409: {"code":"23505","details":"Key (symbol, date)=(ECH, 2024-04-29) already exists.","hint":null,"messag
POST status 409: {"code":"23505","details":"Key (symbol, date)=(ECH, 2024-04-29) already exists.","hint":null,"messag
FAILED after 3 retries for ECH
ECH: INSERT FAILED
POST status 409: {"code":"23505","details":"Key (symbol, date)=(EBUF, 2024-07-01) already exists.","hint":null,"messa
POST status 409: {"code":"23505","details":"Key (symbol, date)=(EBUF, 2024-07-01) already exists.","hint":null,"messa
POST status 409: {"code":"23505","details":"Key (symbol, date)=(EBUF, 2024-07-01) already exists.","hint":null,"messa
FAILED after 3 retries for EBUF
EBUF: INSERT FAILED
POST status 409: {"code":"23505","details":"Key (symbol, date)=(EBIT, 2024-07-11) already exists.","hint":null,"messa
POST status 409: {"code":"23505","details":"Key (symbol, date)=(EBIT, 2024-07-11) already exists.","hint":null,"messa
POST status 409: {"code":"23505","details":"Key (symbol, date)=(EBIT, 2024-07-11) already exists.","hint":null,"messa
FAILED after 3 retries for EBIT
EBIT: INSERT FAILED
POST status 409: {"code":"23505","details":"Key (symbol, date)=(EBI, 2025-02-28) already exists.","hint":null,"messag
POST status 409: {"code":"23505","details":"Key (symbol, date)=(EBI, 2025-02-28) already exists.","hint":null,"messag
POST status 409: {"code":"23505","details":"Key (symbol, date)=(EBI, 2025-02-28) already exists.","hint":null,"messag
FAILED after 3 retries for EBI
EBI: INSERT FAILED
POST status 409: {"code":"23505","details":"Key (symbol, date)=(ECOW, 2024-04-29) already exists.","hint":null,"messa
POST status 409: {"code":"23505","details":"Key (symbol, date)=(ECOW, 2024-04-29) already exists.","hint":null,"messa
POST status 409: {"code":"23505","details":"Key (symbol, date)=(ECOW, 2024-04-29) already exists.","hint":null,"messa
FAILED after 3 retries for ECOW
ECOW: INSERT FAILED
POST status 409: {"code":"23505","details":"Key (symbol, date)=(EBIZ, 2024-04-29) already exists.","hint":null,"messa
POST status 409: {"code":"23505","details":"Key (symbol, date)=(EBIZ, 2024-04-29) already exists.","hint":null,"messa
POST status 409: {"code":"23505","details":"Key (symbol, date)=(EBIZ, 2024-04-29) already exists.","hint":null,"messa
FAILED after 3 retries for EBIZ
EBIZ: INSERT FAILED
POST status 409: {"code":"23505","details":"Key (symbol, date)=(ECML, 2024-04-29) already exists.","hint":null,"messa
POST status 409: {"code":"23505","details":"Key (symbol, date)=(ECML, 2024-04-29) already exists.","hint":null,"messa
POST status 409: {"code":"23505","details":"Key (symbol, date)=(ECML, 2024-04-29) already exists.","hint":null,"messa
FAILED after 3 retries for ECML
ECML: INSERT FAILED
POST status 409: {"code":"23505","details":"Key (symbol, date)=(EBND, 2024-04-29) already exists.","hint":null,"messa
POST status 409: {"code":"23505","details":"Key (symbol, date)=(EBND, 2024-04-29) already exists.","hint":null,"messa
POST status 409: {"code":"23505","details":"Key (symbol, date)=(EBND, 2024-04-29) already exists.","hint":null,"messa
FAILED after 3 retries for EBND
EBND: INSERT FAILED
POST status 409: {"code":"23505","details":"Key (symbol, date)=(ECNS, 2024-04-29) already exists.","hint":null,"messa
POST status 409: {"code":"23505","details":"Key (symbol, date)=(ECNS, 2024-04-29) already exists.","hint":null,"messa
POST status 409: {"code":"23505","details":"Key (symbol, date)=(ECNS, 2024-04-29) already exists.","hint":null,"messa
FAILED after 3 retries for ECNS
ECNS: INSERT FAILED
POST status 409: {"code":"23505","details":"Key (symbol, date)=(ECON, 2024-04-29) already exists.","hint":null,"messa
POST status 409: {"code":"23505","details":"Key (symbol, date)=(ECON, 2024-04-29) already exists.","hint":null,"messa
POST status 409: {"code":"23505","details":"Key (symbol, date)=(ECON, 2024-04-29) already exists.","hint":null,"messa
FAILED after 3 retries for ECON
ECON: INSERT FAILED
EDGH: 392 rows fetched
EDGU: 392 rows fetched
EDOW: 501 rows fetched
EDOG: 501 rows fetched
EDEN: 501 rows fetched
EDC: 501 rows fetched
EDGF: 392 rows fetched
EDIV: 501 rows fetched
EDGE: 318 rows fetched
EDGI: 392 rows fetched
POST status 409: {"code":"23505","details":"Key (symbol, date)=(EDGH, 2024-10-03) already exists.","hint":null,"messa
POST status 409: {"code":"23505","details":"Key (symbol, date)=(EDGH, 2024-10-03) already exists.","hint":null,"messa
POST status 409: {"code":"23505","details":"Key (symbol, date)=(EDGH, 2024-10-03) already exists.","hint":null,"messa
FAILED after 3 retries for EDGH
EDGH: INSERT FAILED
POST status 409: {"code":"23505","details":"Key (symbol, date)=(EDGU, 2024-10-03) already exists.","hint":null,"messa
POST status 409: {"code":"23505","details":"Key (symbol, date)=(EDGU, 2024-10-03) already exists.","hint":null,"messa
POST status 409: {"code":"23505","details":"Key (symbol, date)=(EDGU, 2024-10-03) already exists.","hint":null,"messa
FAILED after 3 retries for EDGU
EDGU: INSERT FAILED
POST status 409: {"code":"23505","details":"Key (symbol, date)=(EDOW, 2024-04-29) already exists.","hint":null,"messa
POST status 409: {"code":"23505","details":"Key (symbol, date)=(EDOW, 2024-04-29) already exists.","hint":null,"messa
POST status 409: {"code":"23505","details":"Key (symbol, date)=(EDOW, 2024-04-29) already exists.","hint":null,"messa
FAILED after 3 retries for EDOW
EDOW: INSERT FAILED
POST status 409: {"code":"23505","details":"Key (symbol, date)=(EDOG, 2024-04-29) already exists.","hint":null,"messa
POST status 409: {"code":"23505","details":"Key (symbol, date)=(EDOG, 2024-04-29) already exists.","hint":null,"messa
POST status 409: {"code":"23505","details":"Key (symbol, date)=(EDOG, 2024-04-29) already exists.","hint":null,"messa
FAILED after 3 retries for EDOG
EDOG: INSERT FAILED
POST status 409: {"code":"23505","details":"Key (symbol, date)=(EDEN, 2024-04-29) already exists.","hint":null,"messa
POST status 409: {"code":"23505","details":"Key (symbol, date)=(EDEN, 2024-04-29) already exists.","hint":null,"messa
POST status 409: {"code":"23505","details":"Key (symbol, date)=(EDEN, 2024-04-29) already exists.","hint":null,"messa
FAILED after 3 retries for EDEN
EDEN: INSERT FAILED
POST status 409: {"code":"23505","details":"Key (symbol, date)=(EDC, 2024-04-29) already exists.","hint":null,"messag
POST status 409: {"code":"23505","details":"Key (symbol, date)=(EDC, 2024-04-29) already exists.","hint":null,"messag
POST status 409: {"code":"23505","details":"Key (symbol, date)=(EDC, 2024-04-29) already exists.","hint":null,"messag
FAILED after 3 retries for EDC
EDC: INSERT FAILED
POST status 409: {"code":"23505","details":"Key (symbol, date)=(EDGF, 2024-10-03) already exists.","hint":null,"messa
POST status 409: {"code":"23505","details":"Key (symbol, date)=(EDGF, 2024-10-03) already exists.","hint":null,"messa
POST status 409: {"code":"23505","details":"Key (symbol, date)=(EDGF, 2024-10-03) already exists.","hint":null,"messa
FAILED after 3 retries for EDGF
EDGF: INSERT FAILED
POST status 409: {"code":"23505","details":"Key (symbol, date)=(EDIV, 2024-04-29) already exists.","hint":null,"messa
POST status 409: {"code":"23505","details":"Key (symbol, date)=(EDIV, 2024-04-29) already exists.","hint":null,"messa
POST status 409: {"code":"23505","details":"Key (symbol, date)=(EDIV, 2024-04-29) already exists.","hint":null,"messa
FAILED after 3 retries for EDIV
EDIV: INSERT FAILED
POST status 409: {"code":"23505","details":"Key (symbol, date)=(EDGE, 2025-01-22) already exists.","hint":null,"messa
POST status 409: {"code":"23505","details":"Key (symbol, date)=(EDGE, 2025-01-22) already exists.","hint":null,"messa
POST status 409: {"code":"23505","details":"Key (symbol, date)=(EDGE, 2025-01-22) already exists.","hint":null,"messa
FAILED after 3 retries for EDGE
EDGE: INSERT FAILED
POST status 409: {"code":"23505","details":"Key (symbol, date)=(EDGI, 2024-10-03) already exists.","hint":null,"messa
POST status 409: {"code":"23505","details":"Key (symbol, date)=(EDGI, 2024-10-03) already exists.","hint":null,"messa
POST status 409: {"code":"23505","details":"Key (symbol, date)=(EDGI, 2024-10-03) already exists.","hint":null,"messa
FAILED after 3 retries for EDGI
EDGI: INSERT FAILED
EEE: 61 rows fetched
EELV: 501 rows fetched
EEMA: 501 rows fetched
EEM: 501 rows fetched
EDV: 501 rows fetched
EEMX: 501 rows fetched
EEMV: 501 rows fetched
EEMO: 501 rows fetched
EDZ: 501 rows fetched
EEMS: 501 rows fetched
POST status 409: {"code":"23505","details":"Key (symbol, date)=(EEE, 2026-01-30) already exists.","hint":null,"messag
POST status 409: {"code":"23505","details":"Key (symbol, date)=(EEE, 2026-01-30) already exists.","hint":null,"messag
POST status 409: {"code":"23505","details":"Key (symbol, date)=(EEE, 2026-01-30) already exists.","hint":null,"messag
FAILED after 3 retries for EEE
EEE: INSERT FAILED
POST status 409: {"code":"23505","details":"Key (symbol, date)=(EELV, 2024-04-29) already exists.","hint":null,"messa
POST status 409: {"code":"23505","details":"Key (symbol, date)=(EELV, 2024-04-29) already exists.","hint":null,"messa
POST status 409: {"code":"23505","details":"Key (symbol, date)=(EELV, 2024-04-29) already exists.","hint":null,"messa
FAILED after 3 retries for EELV
EELV: INSERT FAILED
POST status 409: {"code":"23505","details":"Key (symbol, date)=(EEMA, 2024-04-29) already exists.","hint":null,"messa
POST status 409: {"code":"23505","details":"Key (symbol, date)=(EEMA, 2024-04-29) already exists.","hint":null,"messa
POST status 409: {"code":"23505","details":"Key (symbol, date)=(EEMA, 2024-04-29) already exists.","hint":null,"messa
FAILED after 3 retries for EEMA
EEMA: INSERT FAILED
POST status 409: {"code":"23505","details":"Key (symbol, date)=(EEM, 2024-04-29) already exists.","hint":null,"messag
POST status 409: {"code":"23505","details":"Key (symbol, date)=(EEM, 2024-04-29) already exists.","hint":null,"messag
POST status 409: {"code":"23505","details":"Key (symbol, date)=(EEM, 2024-04-29) already exists.","hint":null,"messag
FAILED after 3 retries for EEM
EEM: INSERT FAILED
POST status 409: {"code":"23505","details":"Key (symbol, date)=(EDV, 2024-04-29) already exists.","hint":null,"messag
POST status 409: {"code":"23505","details":"Key (symbol, date)=(EDV, 2024-04-29) already exists.","hint":null,"messag
POST status 409: {"code":"23505","details":"Key (symbol, date)=(EDV, 2024-04-29) already exists.","hint":null,"messag
FAILED after 3 retries for EDV
EDV: INSERT FAILED
POST status 409: {"code":"23505","details":"Key (symbol, date)=(EEMX, 2024-04-29) already exists.","hint":null,"messa
POST status 409: {"code":"23505","details":"Key (symbol, date)=(EEMX, 2024-04-29) already exists.","hint":null,"messa
POST status 409: {"code":"23505","details":"Key (symbol, date)=(EEMX, 2024-04-29) already exists.","hint":null,"messa
FAILED after 3 retries for EEMX
EEMX: INSERT FAILED
POST status 409: {"code":"23505","details":"Key (symbol, date)=(EEMV, 2024-04-29) already exists.","hint":null,"messa
POST status 409: {"code":"23505","details":"Key (symbol, date)=(EEMV, 2024-04-29) already exists.","hint":null,"messa
POST status 409: {"code":"23505","details":"Key (symbol, date)=(EEMV, 2024-04-29) already exists.","hint":null,"messa
FAILED after 3 retries for EEMV
EEMV: INSERT FAILED
POST status 409: {"code":"23505","details":"Key (symbol, date)=(EEMO, 2024-04-29) already exists.","hint":null,"messa
POST status 409: {"code":"23505","details":"Key (symbol, date)=(EEMO, 2024-04-29) already exists.","hint":null,"messa
POST status 409: {"code":"23505","details":"Key (symbol, date)=(EEMO, 2024-04-29) already exists.","hint":null,"messa
FAILED after 3 retries for EEMO
EEMO: INSERT FAILED
POST status 409: {"code":"23505","details":"Key (symbol, date)=(EDZ, 2024-04-29) already exists.","hint":null,"messag
POST status 409: {"code":"23505","details":"Key (symbol, date)=(EDZ, 2024-04-29) already exists.","hint":null,"messag
POST status 409: {"code":"23505","details":"Key (symbol, date)=(EDZ, 2024-04-29) already exists.","hint":null,"messag
FAILED after 3 retries for EDZ
EDZ: INSERT FAILED
POST status 409: {"code":"23505","details":"Key (symbol, date)=(EEMS, 2024-04-29) already exists.","hint":null,"messa
POST status 409: {"code":"23505","details":"Key (symbol, date)=(EEMS, 2024-04-29) already exists.","hint":null,"messa
POST status 409: {"code":"23505","details":"Key (symbol, date)=(EEMS, 2024-04-29) already exists.","hint":null,"messa
FAILED after 3 retries for EEMS
EEMS: INSERT FAILED
ITOT: 501 rows fetched
IEFA: 501 rows fetched
EES: 501 rows fetched
EETH: 501 rows fetched
EFA: 501 rows fetched
HYG: 501 rows fetched
EEV: 501 rows fetched
EET: 501 rows fetched
IVV: 501 rows fetched
GLD: 501 rows fetched
POST status 409: {"code":"23505","details":"Key (symbol, date)=(ITOT, 2024-04-29) already exists.","hint":null,"messa
POST status 409: {"code":"23505","details":"Key (symbol, date)=(ITOT, 2024-04-29) already exists.","hint":null,"messa
POST status 409: {"code":"23505","details":"Key (symbol, date)=(ITOT, 2024-04-29) already exists.","hint":null,"messa
FAILED after 3 retries for ITOT
ITOT: INSERT FAILED
POST status 409: {"code":"23505","details":"Key (symbol, date)=(IEFA, 2024-04-29) already exists.","hint":null,"messa
POST status 409: {"code":"23505","details":"Key (symbol, date)=(IEFA, 2024-04-29) already exists.","hint":null,"messa
POST status 409: {"code":"23505","details":"Key (symbol, date)=(IEFA, 2024-04-29) already exists.","hint":null,"messa
FAILED after 3 retries for IEFA
IEFA: INSERT FAILED
POST status 409: {"code":"23505","details":"Key (symbol, date)=(EES, 2024-04-29) already exists.","hint":null,"messag
POST status 409: {"code":"23505","details":"Key (symbol, date)=(EES, 2024-04-29) already exists.","hint":null,"messag
POST status 409: {"code":"23505","details":"Key (symbol, date)=(EES, 2024-04-29) already exists.","hint":null,"messag
FAILED after 3 retries for EES
EES: INSERT FAILED
POST status 409: {"code":"23505","details":"Key (symbol, date)=(EETH, 2024-04-29) already exists.","hint":null,"messa
POST status 409: {"code":"23505","details":"Key (symbol, date)=(EETH, 2024-04-29) already exists.","hint":null,"messa
POST status 409: {"code":"23505","details":"Key (symbol, date)=(EETH, 2024-04-29) already exists.","hint":null,"messa
FAILED after 3 retries for EETH
EETH: INSERT FAILED
POST status 409: {"code":"23505","details":"Key (symbol, date)=(EFA, 2024-04-29) already exists.","hint":null,"messag
POST status 409: {"code":"23505","details":"Key (symbol, date)=(EFA, 2024-04-29) already exists.","hint":null,"messag
POST status 409: {"code":"23505","details":"Key (symbol, date)=(EFA, 2024-04-29) already exists.","hint":null,"messag
FAILED after 3 retries for EFA
EFA: INSERT FAILED
POST status 409: {"code":"23505","details":"Key (symbol, date)=(HYG, 2024-04-29) already exists.","hint":null,"messag
POST status 409: {"code":"23505","details":"Key (symbol, date)=(HYG, 2024-04-29) already exists.","hint":null,"messag
POST status 409: {"code":"23505","details":"Key (symbol, date)=(HYG, 2024-04-29) already exists.","hint":null,"messag
FAILED after 3 retries for HYG
HYG: INSERT FAILED
POST status 409: {"code":"23505","details":"Key (symbol, date)=(EEV, 2024-04-29) already exists.","hint":null,"messag
POST status 409: {"code":"23505","details":"Key (symbol, date)=(EEV, 2024-04-29) already exists.","hint":null,"messag
POST status 409: {"code":"23505","details":"Key (symbol, date)=(EEV, 2024-04-29) already exists.","hint":null,"messag
FAILED after 3 retries for EEV
EEV: INSERT FAILED
POST status 409: {"code":"23505","details":"Key (symbol, date)=(EET, 2024-04-29) already exists.","hint":null,"messag
POST status 409: {"code":"23505","details":"Key (symbol, date)=(EET, 2024-04-29) already exists.","hint":null,"messag
POST status 409: {"code":"23505","details":"Key (symbol, date)=(EET, 2024-04-29) already exists.","hint":null,"messag
FAILED after 3 retries for EET
EET: INSERT FAILED
POST status 409: {"code":"23505","details":"Key (symbol, date)=(IVV, 2024-04-29) already exists.","hint":null,"messag
POST status 409: {"code":"23505","details":"Key (symbol, date)=(IVV, 2024-04-29) already exists.","hint":null,"messag
POST status 409: {"code":"23505","details":"Key (symbol, date)=(IVV, 2024-04-29) already exists.","hint":null,"messag
FAILED after 3 retries for IVV
IVV: INSERT FAILED
POST status 409: {"code":"23505","details":"Key (symbol, date)=(GLD, 2024-04-29) already exists.","hint":null,"messag
POST status 409: {"code":"23505","details":"Key (symbol, date)=(GLD, 2024-04-29) already exists.","hint":null,"messag
POST status 409: {"code":"23505","details":"Key (symbol, date)=(GLD, 2024-04-29) already exists.","hint":null,"messag
FAILED after 3 retries for GLD
GLD: INSERT FAILED
MNZL: 109 rows fetched
MMSC: 501 rows fetched
MNBD: 501 rows fetched
MNVT: 29 rows fetched
MMTM: 501 rows fetched
MNA: 501 rows fetched
LQD: 501 rows fetched
MMMA: 90 rows fetched
MMSD: 246 rows fetched
MNRS: 312 rows fetched
POST status 409: {"code":"23505","details":"Key (symbol, date)=(MNZL, 2025-11-19) already exists.","hint":null,"messa
POST status 409: {"code":"23505","details":"Key (symbol, date)=(MNZL, 2025-11-19) already exists.","hint":null,"messa
POST status 409: {"code":"23505","details":"Key (symbol, date)=(MNZL, 2025-11-19) already exists.","hint":null,"messa
FAILED after 3 retries for MNZL
MNZL: INSERT FAILED
POST status 409: {"code":"23505","details":"Key (symbol, date)=(MMSC, 2024-04-29) already exists.","hint":null,"messa
POST status 409: {"code":"23505","details":"Key (symbol, date)=(MMSC, 2024-04-29) already exists.","hint":null,"messa
POST status 409: {"code":"23505","details":"Key (symbol, date)=(MMSC, 2024-04-29) already exists.","hint":null,"messa
FAILED after 3 retries for MMSC
MMSC: INSERT FAILED
POST status 409: {"code":"23505","details":"Key (symbol, date)=(MNBD, 2024-04-29) already exists.","hint":null,"messa
POST status 409: {"code":"23505","details":"Key (symbol, date)=(MNBD, 2024-04-29) already exists.","hint":null,"messa
POST status 409: {"code":"23505","details":"Key (symbol, date)=(MNBD, 2024-04-29) already exists.","hint":null,"messa
FAILED after 3 retries for MNBD
MNBD: INSERT FAILED
POST status 409: {"code":"23505","details":"Key (symbol, date)=(MNVT, 2026-03-18) already exists.","hint":null,"messa
POST status 409: {"code":"23505","details":"Key (symbol, date)=(MNVT, 2026-03-18) already exists.","hint":null,"messa
POST status 409: {"code":"23505","details":"Key (symbol, date)=(MNVT, 2026-03-18) already exists.","hint":null,"messa
FAILED after 3 retries for MNVT
MNVT: INSERT FAILED
POST status 409: {"code":"23505","details":"Key (symbol, date)=(MMTM, 2024-04-29) already exists.","hint":null,"messa
POST status 409: {"code":"23505","details":"Key (symbol, date)=(MMTM, 2024-04-29) already exists.","hint":null,"messa
POST status 409: {"code":"23505","details":"Key (symbol, date)=(MMTM, 2024-04-29) already exists.","hint":null,"messa
FAILED after 3 retries for MMTM
MMTM: INSERT FAILED
POST status 409: {"code":"23505","details":"Key (symbol, date)=(MNA, 2024-04-29) already exists.","hint":null,"messag
POST status 409: {"code":"23505","details":"Key (symbol, date)=(MNA, 2024-04-29) already exists.","hint":null,"messag
POST status 409: {"code":"23505","details":"Key (symbol, date)=(MNA, 2024-04-29) already exists.","hint":null,"messag
FAILED after 3 retries for MNA
MNA: INSERT FAILED
POST status 409: {"code":"23505","details":"Key (symbol, date)=(LQD, 2024-04-29) already exists.","hint":null,"messag
POST status 409: {"code":"23505","details":"Key (symbol, date)=(LQD, 2024-04-29) already exists.","hint":null,"messag
POST status 409: {"code":"23505","details":"Key (symbol, date)=(LQD, 2024-04-29) already exists.","hint":null,"messag
FAILED after 3 retries for LQD
LQD: INSERT FAILED
POST status 409: {"code":"23505","details":"Key (symbol, date)=(MMMA, 2025-12-17) already exists.","hint":null,"messa
POST status 409: {"code":"23505","details":"Key (symbol, date)=(MMMA, 2025-12-17) already exists.","hint":null,"messa
POST status 409: {"code":"23505","details":"Key (symbol, date)=(MMMA, 2025-12-17) already exists.","hint":null,"messa
FAILED after 3 retries for MMMA
MMMA: INSERT FAILED
POST status 409: {"code":"23505","details":"Key (symbol, date)=(MMSD, 2025-05-06) already exists.","hint":null,"messa
POST status 409: {"code":"23505","details":"Key (symbol, date)=(MMSD, 2025-05-06) already exists.","hint":null,"messa
POST status 409: {"code":"23505","details":"Key (symbol, date)=(MMSD, 2025-05-06) already exists.","hint":null,"messa
FAILED after 3 retries for MMSD
MMSD: INSERT FAILED
POST status 409: {"code":"23505","details":"Key (symbol, date)=(MNRS, 2025-01-30) already exists.","hint":null,"messa
POST status 409: {"code":"23505","details":"Key (symbol, date)=(MNRS, 2025-01-30) already exists.","hint":null,"messa
POST status 409: {"code":"23505","details":"Key (symbol, date)=(MNRS, 2025-01-30) already exists.","hint":null,"messa
FAILED after 3 retries for MNRS
MNRS: INSERT FAILED
MPG: 126 rows fetched
MODL: 501 rows fetched
MOTG: 501 rows fetched
MOO: 501 rows fetched
MOTO: 501 rows fetched
MOOD: 501 rows fetched
MORT: 501 rows fetched
MOTI: 501 rows fetched
MOAT: 501 rows fetched
MPL: 130 rows fetched
POST status 409: {"code":"23505","details":"Key (symbol, date)=(MPG, 2025-10-27) already exists.","hint":null,"messag
POST status 409: {"code":"23505","details":"Key (symbol, date)=(MPG, 2025-10-27) already exists.","hint":null,"messag
POST status 409: {"code":"23505","details":"Key (symbol, date)=(MPG, 2025-10-27) already exists.","hint":null,"messag
FAILED after 3 retries for MPG
MPG: INSERT FAILED
POST status 409: {"code":"23505","details":"Key (symbol, date)=(MODL, 2024-04-29) already exists.","hint":null,"messa
POST status 409: {"code":"23505","details":"Key (symbol, date)=(MODL, 2024-04-29) already exists.","hint":null,"messa
POST status 409: {"code":"23505","details":"Key (symbol, date)=(MODL, 2024-04-29) already exists.","hint":null,"messa
FAILED after 3 retries for MODL
MODL: INSERT FAILED
POST status 409: {"code":"23505","details":"Key (symbol, date)=(MOTG, 2024-04-29) already exists.","hint":null,"messa
POST status 409: {"code":"23505","details":"Key (symbol, date)=(MOTG, 2024-04-29) already exists.","hint":null,"messa
POST status 409: {"code":"23505","details":"Key (symbol, date)=(MOTG, 2024-04-29) already exists.","hint":null,"messa
FAILED after 3 retries for MOTG
MOTG: INSERT FAILED
POST status 409: {"code":"23505","details":"Key (symbol, date)=(MOO, 2024-04-29) already exists.","hint":null,"messag
POST status 409: {"code":"23505","details":"Key (symbol, date)=(MOO, 2024-04-29) already exists.","hint":null,"messag
POST status 409: {"code":"23505","details":"Key (symbol, date)=(MOO, 2024-04-29) already exists.","hint":null,"messag
FAILED after 3 retries for MOO
MOO: INSERT FAILED
POST status 409: {"code":"23505","details":"Key (symbol, date)=(MOTO, 2024-04-29) already exists.","hint":null,"messa
POST status 409: {"code":"23505","details":"Key (symbol, date)=(MOTO, 2024-04-29) already exists.","hint":null,"messa
POST status 409: {"code":"23505","details":"Key (symbol, date)=(MOTO, 2024-04-29) already exists.","hint":null,"messa
FAILED after 3 retries for MOTO
MOTO: INSERT FAILED
POST status 409: {"code":"23505","details":"Key (symbol, date)=(MOOD, 2024-04-29) already exists.","hint":null,"messa
POST status 409: {"code":"23505","details":"Key (symbol, date)=(MOOD, 2024-04-29) already exists.","hint":null,"messa
POST status 409: {"code":"23505","details":"Key (symbol, date)=(MOOD, 2024-04-29) already exists.","hint":null,"messa
FAILED after 3 retries for MOOD
MOOD: INSERT FAILED
POST status 409: {"code":"23505","details":"Key (symbol, date)=(MORT, 2024-04-29) already exists.","hint":null,"messa
POST status 409: {"code":"23505","details":"Key (symbol, date)=(MORT, 2024-04-29) already exists.","hint":null,"messa
POST status 409: {"code":"23505","details":"Key (symbol, date)=(MORT, 2024-04-29) already exists.","hint":null,"messa
FAILED after 3 retries for MORT
MORT: INSERT FAILED$MSII: possibly delisted; no price data found  (period=2y)

POST status 409: {"code":"23505","details":"Key (symbol, date)=(MOTI, 2024-04-29) already exists.","hint":null,"messa
POST status 409: {"code":"23505","details":"Key (symbol, date)=(MOTI, 2024-04-29) already exists.","hint":null,"messa
POST status 409: {"code":"23505","details":"Key (symbol, date)=(MOTI, 2024-04-29) already exists.","hint":null,"messa
FAILED after 3 retries for MOTI
MOTI: INSERT FAILED
POST status 409: {"code":"23505","details":"Key (symbol, date)=(MOAT, 2024-04-29) already exists.","hint":null,"messa
POST status 409: {"code":"23505","details":"Key (symbol, date)=(MOAT, 2024-04-29) already exists.","hint":null,"messa
POST status 409: {"code":"23505","details":"Key (symbol, date)=(MOAT, 2024-04-29) already exists.","hint":null,"messa
FAILED after 3 retries for MOAT
MOAT: INSERT FAILED
POST status 409: {"code":"23505","details":"Key (symbol, date)=(MPL, 2025-10-21) already exists.","hint":null,"messag
POST status 409: {"code":"23505","details":"Key (symbol, date)=(MPL, 2025-10-21) already exists.","hint":null,"messag
POST status 409: {"code":"23505","details":"Key (symbol, date)=(MPL, 2025-10-21) already exists.","hint":null,"messag
FAILED after 3 retries for MPL
MPL: INSERT FAILED
MQQQ: 414 rows fetched
MRAL: 287 rows fetched
MRGR: 501 rows fetched
MRCP: 501 rows fetched
MPRO: 501 rows fetched
MRVU: 52 rows fetched
MPLY: 238 rows fetched
MRSK: 501 rows fetched
MRNX: 58 rows fetched
MRNY: 501 rows fetched
POST status 409: {"code":"23505","details":"Key (symbol, date)=(MQQQ, 2024-09-03) already exists.","hint":null,"messa
POST status 409: {"code":"23505","details":"Key (symbol, date)=(MQQQ, 2024-09-03) already exists.","hint":null,"messa
POST status 409: {"code":"23505","details":"Key (symbol, date)=(MQQQ, 2024-09-03) already exists.","hint":null,"messa
FAILED after 3 retries for MQQQ
MQQQ: INSERT FAILED
POST status 409: {"code":"23505","details":"Key (symbol, date)=(MRAL, 2025-03-07) already exists.","hint":null,"messa
POST status 409: {"code":"23505","details":"Key (symbol, date)=(MRAL, 2025-03-07) already exists.","hint":null,"messa
POST status 409: {"code":"23505","details":"Key (symbol, date)=(MRAL, 2025-03-07) already exists.","hint":null,"messa
FAILED after 3 retries for MRAL
MRAL: INSERT FAILED
POST status 409: {"code":"23505","details":"Key (symbol, date)=(MRGR, 2024-04-29) already exists.","hint":null,"messa
POST status 409: {"code":"23505","details":"Key (symbol, date)=(MRGR, 2024-04-29) already exists.","hint":null,"messa
POST status 409: {"code":"23505","details":"Key (symbol, date)=(MRGR, 2024-04-29) already exists.","hint":null,"messa
FAILED after 3 retries for MRGR
MRGR: INSERT FAILED
POST status 409: {"code":"23505","details":"Key (symbol, date)=(MRCP, 2024-04-29) already exists.","hint":null,"messa
POST status 409: {"code":"23505","details":"Key (symbol, date)=(MRCP, 2024-04-29) already exists.","hint":null,"messa
POST status 409: {"code":"23505","details":"Key (symbol, date)=(MRCP, 2024-04-29) already exists.","hint":null,"messa
FAILED after 3 retries for MRCP
MRCP: INSERT FAILED
POST status 409: {"code":"23505","details":"Key (symbol, date)=(MPRO, 2024-04-29) already exists.","hint":null,"messa
POST status 409: {"code":"23505","details":"Key (symbol, date)=(MPRO, 2024-04-29) already exists.","hint":null,"messa
POST status 409: {"code":"23505","details":"Key (symbol, date)=(MPRO, 2024-04-29) already exists.","hint":null,"messa
FAILED after 3 retries for MPRO
MPRO: INSERT FAILED
POST status 409: {"code":"23505","details":"Key (symbol, date)=(MRVU, 2026-02-12) already exists.","hint":null,"messa
POST status 409: {"code":"23505","details":"Key (symbol, date)=(MRVU, 2026-02-12) already exists.","hint":null,"messa
POST status 409: {"code":"23505","details":"Key (symbol, date)=(MRVU, 2026-02-12) already exists.","hint":null,"messa
FAILED after 3 retries for MRVU
MRVU: INSERT FAILED
POST status 409: {"code":"23505","details":"Key (symbol, date)=(MPLY, 2025-05-16) already exists.","hint":null,"messa
POST status 409: {"code":"23505","details":"Key (symbol, date)=(MPLY, 2025-05-16) already exists.","hint":null,"messa
POST status 409: {"code":"23505","details":"Key (symbol, date)=(MPLY, 2025-05-16) already exists.","hint":null,"messa
FAILED after 3 retries for MPLY
MPLY: INSERT FAILED
POST status 409: {"code":"23505","details":"Key (symbol, date)=(MRSK, 2024-04-29) already exists.","hint":null,"messa
POST status 409: {"code":"23505","details":"Key (symbol, date)=(MRSK, 2024-04-29) already exists.","hint":null,"messa
POST status 409: {"code":"23505","details":"Key (symbol, date)=(MRSK, 2024-04-29) already exists.","hint":null,"messa
FAILED after 3 retries for MRSK
MRSK: INSERT FAILED
POST status 409: {"code":"23505","details":"Key (symbol, date)=(MRNX, 2026-02-04) already exists.","hint":null,"messa
POST status 409: {"code":"23505","details":"Key (symbol, date)=(MRNX, 2026-02-04) already exists.","hint":null,"messa
POST status 409: {"code":"23505","details":"Key (symbol, date)=(MRNX, 2026-02-04) already exists.","hint":null,"messa
FAILED after 3 retries for MRNX
MRNX: INSERT FAILED
POST status 409: {"code":"23505","details":"Key (symbol, date)=(MRNY, 2024-04-29) already exists.","hint":null,"messa
POST status 409: {"code":"23505","details":"Key (symbol, date)=(MRNY, 2024-04-29) already exists.","hint":null,"messa
POST status 409: {"code":"23505","details":"Key (symbol, date)=(MRNY, 2024-04-29) already exists.","hint":null,"messa
FAILED after 3 retries for MRNY
MRNY: INSERT FAILED
MSFU: 501 rows fetched
MSDD: 222 rows fetched
MSFW: 192 rows fetched
MSFL: 501 rows fetched
MSFY: 501 rows fetched
MSFD: 501 rows fetched
MSFO: 501 rows fetched
MSBT: 16 rows fetched
MSFX: 501 rows fetched
MSII: no data
POST status 409: {"code":"23505","details":"Key (symbol, date)=(MSFU, 2024-04-29) already exists.","hint":null,"messa
POST status 409: {"code":"23505","details":"Key (symbol, date)=(MSFU, 2024-04-29) already exists.","hint":null,"messa
POST status 409: {"code":"23505","details":"Key (symbol, date)=(MSFU, 2024-04-29) already exists.","hint":null,"messa
FAILED after 3 retries for MSFU
MSFU: INSERT FAILED
POST status 409: {"code":"23505","details":"Key (symbol, date)=(MSDD, 2025-06-10) already exists.","hint":null,"messa
POST status 409: {"code":"23505","details":"Key (symbol, date)=(MSDD, 2025-06-10) already exists.","hint":null,"messa
POST status 409: {"code":"23505","details":"Key (symbol, date)=(MSDD, 2025-06-10) already exists.","hint":null,"messa
FAILED after 3 retries for MSDD
MSDD: INSERT FAILED
POST status 409: {"code":"23505","details":"Key (symbol, date)=(MSFW, 2025-07-24) already exists.","hint":null,"messa
POST status 409: {"code":"23505","details":"Key (symbol, date)=(MSFW, 2025-07-24) already exists.","hint":null,"messa
POST status 409: {"code":"23505","details":"Key (symbol, date)=(MSFW, 2025-07-24) already exists.","hint":null,"messa
FAILED after 3 retries for MSFW
MSFW: INSERT FAILED
POST status 409: {"code":"23505","details":"Key (symbol, date)=(MSFL, 2024-04-29) already exists.","hint":null,"messa
POST status 409: {"code":"23505","details":"Key (symbol, date)=(MSFL, 2024-04-29) already exists.","hint":null,"messa
POST status 409: {"code":"23505","details":"Key (symbol, date)=(MSFL, 2024-04-29) already exists.","hint":null,"messa
FAILED after 3 retries for MSFL
MSFL: INSERT FAILED
POST status 409: {"code":"23505","details":"Key (symbol, date)=(MSFY, 2024-04-29) already exists.","hint":null,"messa
POST status 409: {"code":"23505","details":"Key (symbol, date)=(MSFY, 2024-04-29) already exists.","hint":null,"messa
POST status 409: {"code":"23505","details":"Key (symbol, date)=(MSFY, 2024-04-29) already exists.","hint":null,"messa
FAILED after 3 retries for MSFY
MSFY: INSERT FAILED
POST status 409: {"code":"23505","details":"Key (symbol, date)=(MSFD, 2024-04-29) already exists.","hint":null,"messa
POST status 409: {"code":"23505","details":"Key (symbol, date)=(MSFD, 2024-04-29) already exists.","hint":null,"messa
POST status 409: {"code":"23505","details":"Key (symbol, date)=(MSFD, 2024-04-29) already exists.","hint":null,"messa
FAILED after 3 retries for MSFD
MSFD: INSERT FAILED
POST status 409: {"code":"23505","details":"Key (symbol, date)=(MSFO, 2024-04-29) already exists.","hint":null,"messa
POST status 409: {"code":"23505","details":"Key (symbol, date)=(MSFO, 2024-04-29) already exists.","hint":null,"messa
POST status 409: {"code":"23505","details":"Key (symbol, date)=(MSFO, 2024-04-29) already exists.","hint":null,"messa
FAILED after 3 retries for MSFO
MSFO: INSERT FAILED
POST status 409: {"code":"23505","details":"Key (symbol, date)=(MSBT, 2026-04-06) already exists.","hint":null,"messa
POST status 409: {"code":"23505","details":"Key (symbol, date)=(MSBT, 2026-04-06) already exists.","hint":null,"messa
POST status 409: {"code":"23505","details":"Key (symbol, date)=(MSBT, 2026-04-06) already exists.","hint":null,"messa
FAILED after 3 retries for MSBT
MSBT: INSERT FAILED
POST status 409: {"code":"23505","details":"Key (symbol, date)=(MSFX, 2024-04-29) already exists.","hint":null,"messa
POST status 409: {"code":"23505","details":"Key (symbol, date)=(MSFX, 2024-04-29) already exists.","hint":null,"messa
POST status 409: {"code":"23505","details":"Key (symbol, date)=(MSFX, 2024-04-29) already exists.","hint":null,"messa
FAILED after 3 retries for MSFX
MSFX: INSERT FAILED
MSLC: 344 rows fetched
MST: 248 rows fetched
MSOO: 178 rows fetched
MSST: 110 rows fetched
MSOS: 501 rows fetched
MSSM: 344 rows fetched
MSSS: 501 rows fetched
MSTB: 501 rows fetched
MSMR: 501 rows fetched
MSOX: 501 rows fetched
POST status 409: {"code":"23505","details":"Key (symbol, date)=(MSLC, 2024-12-11) already exists.","hint":null,"messa
POST status 409: {"code":"23505","details":"Key (symbol, date)=(MSLC, 2024-12-11) already exists.","hint":null,"messa
POST status 409: {"code":"23505","details":"Key (symbol, date)=(MSLC, 2024-12-11) already exists.","hint":null,"messa
FAILED after 3 retries for MSLC
MSLC: INSERT FAILED
POST status 409: {"code":"23505","details":"Key (symbol, date)=(MST, 2025-05-02) already exists.","hint":null,"messag
POST status 409: {"code":"23505","details":"Key (symbol, date)=(MST, 2025-05-02) already exists.","hint":null,"messag
POST status 409: {"code":"23505","details":"Key (symbol, date)=(MST, 2025-05-02) already exists.","hint":null,"messag
FAILED after 3 retries for MST
MST: INSERT FAILED
POST status 409: {"code":"23505","details":"Key (symbol, date)=(MSOO, 2025-08-13) already exists.","hint":null,"messa
POST status 409: {"code":"23505","details":"Key (symbol, date)=(MSOO, 2025-08-13) already exists.","hint":null,"messa
POST status 409: {"code":"23505","details":"Key (symbol, date)=(MSOO, 2025-08-13) already exists.","hint":null,"messa
FAILED after 3 retries for MSOO
MSOO: INSERT FAILED
POST status 409: {"code":"23505","details":"Key (symbol, date)=(MSST, 2025-11-18) already exists.","hint":null,"messa
POST status 409: {"code":"23505","details":"Key (symbol, date)=(MSST, 2025-11-18) already exists.","hint":null,"messa
POST status 409: {"code":"23505","details":"Key (symbol, date)=(MSST, 2025-11-18) already exists.","hint":null,"messa
FAILED after 3 retries for MSST
MSST: INSERT FAILED
POST status 409: {"code":"23505","details":"Key (symbol, date)=(MSOS, 2024-04-29) already exists.","hint":null,"messa
POST status 409: {"code":"23505","details":"Key (symbol, date)=(MSOS, 2024-04-29) already exists.","hint":null,"messa
POST status 409: {"code":"23505","details":"Key (symbol, date)=(MSOS, 2024-04-29) already exists.","hint":null,"messa
FAILED after 3 retries for MSOS
MSOS: INSERT FAILED
POST status 409: {"code":"23505","details":"Key (symbol, date)=(MSSM, 2024-12-11) already exists.","hint":null,"messa
POST status 409: {"code":"23505","details":"Key (symbol, date)=(MSSM, 2024-12-11) already exists.","hint":null,"messa
POST status 409: {"code":"23505","details":"Key (symbol, date)=(MSSM, 2024-12-11) already exists.","hint":null,"messa
FAILED after 3 retries for MSSM
MSSM: INSERT FAILED
POST status 409: {"code":"23505","details":"Key (symbol, date)=(MSSS, 2024-04-29) already exists.","hint":null,"messa
POST status 409: {"code":"23505","details":"Key (symbol, date)=(MSSS, 2024-04-29) already exists.","hint":null,"messa
POST status 409: {"code":"23505","details":"Key (symbol, date)=(MSSS, 2024-04-29) already exists.","hint":null,"messa
FAILED after 3 retries for MSSS
MSSS: INSERT FAILED
POST status 409: {"code":"23505","details":"Key (symbol, date)=(MSTB, 2024-04-29) already exists.","hint":null,"messa
POST status 409: {"code":"23505","details":"Key (symbol, date)=(MSTB, 2024-04-29) already exists.","hint":null,"messa
POST status 409: {"code":"23505","details":"Key (symbol, date)=(MSTB, 2024-04-29) already exists.","hint":null,"messa
FAILED after 3 retries for MSTB
MSTB: INSERT FAILED
POST status 409: {"code":"23505","details":"Key (symbol, date)=(MSMR, 2024-04-29) already exists.","hint":null,"messa
POST status 409: {"code":"23505","details":"Key (symbol, date)=(MSMR, 2024-04-29) already exists.","hint":null,"messa
POST status 409: {"code":"23505","details":"Key (symbol, date)=(MSMR, 2024-04-29) already exists.","hint":null,"messa
FAILED after 3 retries for MSMR
MSMR: INSERT FAILED
POST status 409: {"code":"23505","details":"Key (symbol, date)=(MSOX, 2024-04-29) already exists.","hint":null,"messa
POST status 409: {"code":"23505","details":"Key (symbol, date)=(MSOX, 2024-04-29) already exists.","hint":null,"messa
POST status 409: {"code":"23505","details":"Key (symbol, date)=(MSOX, 2024-04-29) already exists.","hint":null,"messa
FAILED after 3 retries for MSOX
MSOX: INSERT FAILED
MSTW: 192 rows fetched
MSTP: 222 rows fetched
MSTX: 426 rows fetched
MSTU: 403 rows fetched
MSTI: 501 rows fetched
MTGP: 501 rows fetched
MSTZ: 403 rows fetched
MTBA: 501 rows fetched
MSTQ: 501 rows fetched
MSTY: 501 rows fetched
POST status 409: {"code":"23505","details":"Key (symbol, date)=(MSTW, 2025-07-24) already exists.","hint":null,"messa
POST status 409: {"code":"23505","details":"Key (symbol, date)=(MSTW, 2025-07-24) already exists.","hint":null,"messa
POST status 409: {"code":"23505","details":"Key (symbol, date)=(MSTW, 2025-07-24) already exists.","hint":null,"messa
FAILED after 3 retries for MSTW
MSTW: INSERT FAILED
POST status 409: {"code":"23505","details":"Key (symbol, date)=(MSTP, 2025-06-10) already exists.","hint":null,"messa
POST status 409: {"code":"23505","details":"Key (symbol, date)=(MSTP, 2025-06-10) already exists.","hint":null,"messa
POST status 409: {"code":"23505","details":"Key (symbol, date)=(MSTP, 2025-06-10) already exists.","hint":null,"messa
FAILED after 3 retries for MSTP
MSTP: INSERT FAILED
POST status 409: {"code":"23505","details":"Key (symbol, date)=(MSTX, 2024-08-15) already exists.","hint":null,"messa
POST status 409: {"code":"23505","details":"Key (symbol, date)=(MSTX, 2024-08-15) already exists.","hint":null,"messa
POST status 409: {"code":"23505","details":"Key (symbol, date)=(MSTX, 2024-08-15) already exists.","hint":null,"messa
FAILED after 3 retries for MSTX
MSTX: INSERT FAILED
POST status 409: {"code":"23505","details":"Key (symbol, date)=(MSTU, 2024-09-18) already exists.","hint":null,"messa
POST status 409: {"code":"23505","details":"Key (symbol, date)=(MSTU, 2024-09-18) already exists.","hint":null,"messa
POST status 409: {"code":"23505","details":"Key (symbol, date)=(MSTU, 2024-09-18) already exists.","hint":null,"messa
FAILED after 3 retries for MSTU
MSTU: INSERT FAILED
POST status 409: {"code":"23505","details":"Key (symbol, date)=(MSTI, 2024-04-29) already exists.","hint":null,"messa
POST status 409: {"code":"23505","details":"Key (symbol, date)=(MSTI, 2024-04-29) already exists.","hint":null,"messa
POST status 409: {"code":"23505","details":"Key (symbol, date)=(MSTI, 2024-04-29) already exists.","hint":null,"messa
FAILED after 3 retries for MSTI
MSTI: INSERT FAILED
POST status 409: {"code":"23505","details":"Key (symbol, date)=(MTGP, 2024-04-29) already exists.","hint":null,"messa
POST status 409: {"code":"23505","details":"Key (symbol, date)=(MTGP, 2024-04-29) already exists.","hint":null,"messa
POST status 409: {"code":"23505","details":"Key (symbol, date)=(MTGP, 2024-04-29) already exists.","hint":null,"messa
FAILED after 3 retries for MTGP
MTGP: INSERT FAILED
POST status 409: {"code":"23505","details":"Key (symbol, date)=(MSTZ, 2024-09-18) already exists.","hint":null,"messa
POST status 409: {"code":"23505","details":"Key (symbol, date)=(MSTZ, 2024-09-18) already exists.","hint":null,"messa
POST status 409: {"code":"23505","details":"Key (symbol, date)=(MSTZ, 2024-09-18) already exists.","hint":null,"messa
FAILED after 3 retries for MSTZ
MSTZ: INSERT FAILED
POST status 409: {"code":"23505","details":"Key (symbol, date)=(MTBA, 2024-04-29) already exists.","hint":null,"messa
POST status 409: {"code":"23505","details":"Key (symbol, date)=(MTBA, 2024-04-29) already exists.","hint":null,"messa
POST status 409: {"code":"23505","details":"Key (symbol, date)=(MTBA, 2024-04-29) already exists.","hint":null,"messa
FAILED after 3 retries for MTBA
MTBA: INSERT FAILED
POST status 409: {"code":"23505","details":"Key (symbol, date)=(MSTQ, 2024-04-29) already exists.","hint":null,"messa
POST status 409: {"code":"23505","details":"Key (symbol, date)=(MSTQ, 2024-04-29) already exists.","hint":null,"messa
POST status 409: {"code":"23505","details":"Key (symbol, date)=(MSTQ, 2024-04-29) already exists.","hint":null,"messa
FAILED after 3 retries for MSTQ
MSTQ: INSERT FAILED
POST status 409: {"code":"23505","details":"Key (symbol, date)=(MSTY, 2024-04-29) already exists.","hint":null,"messa
POST status 409: {"code":"23505","details":"Key (symbol, date)=(MSTY, 2024-04-29) already exists.","hint":null,"messa
POST status 409: {"code":"23505","details":"Key (symbol, date)=(MSTY, 2024-04-29) already exists.","hint":null,"messa
FAILED after 3 retries for MSTY
MSTY: INSERT FAILED
MULT: 167 rows fetched
MULL: 364 rows fetched
MTRA: 221 rows fetched
MTUM: 501 rows fetched
MUD: 381 rows fetched
MTUL: 501 rows fetched
MUNY: 234 rows fetched
MUB: 501 rows fetched
MUNI: 501 rows fetched
MTYY: 150 rows fetched
POST status 409: {"code":"23505","details":"Key (symbol, date)=(MULT, 2025-08-28) already exists.","hint":null,"messa
POST status 409: {"code":"23505","details":"Key (symbol, date)=(MULT, 2025-08-28) already exists.","hint":null,"messa
POST status 409: {"code":"23505","details":"Key (symbol, date)=(MULT, 2025-08-28) already exists.","hint":null,"messa
FAILED after 3 retries for MULT
MULT: INSERT FAILED
POST status 409: {"code":"23505","details":"Key (symbol, date)=(MULL, 2024-11-12) already exists.","hint":null,"messa
POST status 409: {"code":"23505","details":"Key (symbol, date)=(MULL, 2024-11-12) already exists.","hint":null,"messa
POST status 409: {"code":"23505","details":"Key (symbol, date)=(MULL, 2024-11-12) already exists.","hint":null,"messa
FAILED after 3 retries for MULL
MULL: INSERT FAILED
POST status 409: {"code":"23505","details":"Key (symbol, date)=(MTRA, 2025-06-11) already exists.","hint":null,"messa
POST status 409: {"code":"23505","details":"Key (symbol, date)=(MTRA, 2025-06-11) already exists.","hint":null,"messa
POST status 409: {"code":"23505","details":"Key (symbol, date)=(MTRA, 2025-06-11) already exists.","hint":null,"messa
FAILED after 3 retries for MTRA
MTRA: INSERT FAILED
POST status 409: {"code":"23505","details":"Key (symbol, date)=(MTUM, 2024-04-29) already exists.","hint":null,"messa
POST status 409: {"code":"23505","details":"Key (symbol, date)=(MTUM, 2024-04-29) already exists.","hint":null,"messa
POST status 409: {"code":"23505","details":"Key (symbol, date)=(MTUM, 2024-04-29) already exists.","hint":null,"messa
FAILED after 3 retries for MTUM
MTUM: INSERT FAILED
POST status 409: {"code":"23505","details":"Key (symbol, date)=(MUD, 2024-10-18) already exists.","hint":null,"messag
POST status 409: {"code":"23505","details":"Key (symbol, date)=(MUD, 2024-10-18) already exists.","hint":null,"messag
POST status 409: {"code":"23505","details":"Key (symbol, date)=(MUD, 2024-10-18) already exists.","hint":null,"messag
FAILED after 3 retries for MUD
MUD: INSERT FAILED
POST status 409: {"code":"23505","details":"Key (symbol, date)=(MTUL, 2024-04-29) already exists.","hint":null,"messa
POST status 409: {"code":"23505","details":"Key (symbol, date)=(MTUL, 2024-04-29) already exists.","hint":null,"messa
POST status 409: {"code":"23505","details":"Key (symbol, date)=(MTUL, 2024-04-29) already exists.","hint":null,"messa
FAILED after 3 retries for MTUL
MTUL: INSERT FAILED
POST status 409: {"code":"23505","details":"Key (symbol, date)=(MUNY, 2025-05-22) already exists.","hint":null,"messa
POST status 409: {"code":"23505","details":"Key (symbol, date)=(MUNY, 2025-05-22) already exists.","hint":null,"messa
POST status 409: {"code":"23505","details":"Key (symbol, date)=(MUNY, 2025-05-22) already exists.","hint":null,"messa
FAILED after 3 retries for MUNY
MUNY: INSERT FAILED
POST status 409: {"code":"23505","details":"Key (symbol, date)=(MUB, 2024-04-29) already exists.","hint":null,"messag
POST status 409: {"code":"23505","details":"Key (symbol, date)=(MUB, 2024-04-29) already exists.","hint":null,"messag
POST status 409: {"code":"23505","details":"Key (symbol, date)=(MUB, 2024-04-29) already exists.","hint":null,"messag
FAILED after 3 retries for MUB
MUB: INSERT FAILED
POST status 409: {"code":"23505","details":"Key (symbol, date)=(MUNI, 2024-04-29) already exists.","hint":null,"messa
POST status 409: {"code":"23505","details":"Key (symbol, date)=(MUNI, 2024-04-29) already exists.","hint":null,"messa
POST status 409: {"code":"23505","details":"Key (symbol, date)=(MUNI, 2024-04-29) already exists.","hint":null,"messa
FAILED after 3 retries for MUNI
MUNI: INSERT FAILED
POST status 409: {"code":"23505","details":"Key (symbol, date)=(MTYY, 2025-09-23) already exists.","hint":null,"messa
POST status 409: {"code":"23505","details":"Key (symbol, date)=(MTYY, 2025-09-23) already exists.","hint":null,"messa
POST status 409: {"code":"23505","details":"Key (symbol, date)=(MTYY, 2025-09-23) already exists.","hint":null,"messa
FAILED after 3 retries for MTYY
MTYY: INSERT FAILED
MUSE: 359 rows fetched
MUU: 387 rows fetched
MVFG: 501 rows fetched
MVLL: 287 rows fetched
MVFD: 501 rows fetched
MUYY: 11 rows fetched
MUSQ: 501 rows fetched
MUSI: 501 rows fetched
MUST: 501 rows fetched
MVAL: 501 rows fetched
POST status 409: {"code":"23505","details":"Key (symbol, date)=(MUSE, 2024-11-19) already exists.","hint":null,"messa
POST status 409: {"code":"23505","details":"Key (symbol, date)=(MUSE, 2024-11-19) already exists.","hint":null,"messa
POST status 409: {"code":"23505","details":"Key (symbol, date)=(MUSE, 2024-11-19) already exists.","hint":null,"messa
FAILED after 3 retries for MUSE
MUSE: INSERT FAILED
POST status 409: {"code":"23505","details":"Key (symbol, date)=(MUU, 2024-10-10) already exists.","hint":null,"messag
POST status 409: {"code":"23505","details":"Key (symbol, date)=(MUU, 2024-10-10) already exists.","hint":null,"messag
POST status 409: {"code":"23505","details":"Key (symbol, date)=(MUU, 2024-10-10) already exists.","hint":null,"messag
FAILED after 3 retries for MUU
MUU: INSERT FAILED
POST status 409: {"code":"23505","details":"Key (symbol, date)=(MVFG, 2024-04-29) already exists.","hint":null,"messa
POST status 409: {"code":"23505","details":"Key (symbol, date)=(MVFG, 2024-04-29) already exists.","hint":null,"messa
POST status 409: {"code":"23505","details":"Key (symbol, date)=(MVFG, 2024-04-29) already exists.","hint":null,"messa
FAILED after 3 retries for MVFG
MVFG: INSERT FAILED
POST status 409: {"code":"23505","details":"Key (symbol, date)=(MVLL, 2025-03-07) already exists.","hint":null,"messa
POST status 409: {"code":"23505","details":"Key (symbol, date)=(MVLL, 2025-03-07) already exists.","hint":null,"messa
POST status 409: {"code":"23505","details":"Key (symbol, date)=(MVLL, 2025-03-07) already exists.","hint":null,"messa
FAILED after 3 retries for MVLL
MVLL: INSERT FAILED
POST status 409: {"code":"23505","details":"Key (symbol, date)=(MVFD, 2024-04-29) already exists.","hint":null,"messa
POST status 409: {"code":"23505","details":"Key (symbol, date)=(MVFD, 2024-04-29) already exists.","hint":null,"messa
POST status 409: {"code":"23505","details":"Key (symbol, date)=(MVFD, 2024-04-29) already exists.","hint":null,"messa
FAILED after 3 retries for MVFD
MVFD: INSERT FAILED
POST status 409: {"code":"23505","details":"Key (symbol, date)=(MUYY, 2026-04-14) already exists.","hint":null,"messa
POST status 409: {"code":"23505","details":"Key (symbol, date)=(MUYY, 2026-04-14) already exists.","hint":null,"messa
POST status 409: {"code":"23505","details":"Key (symbol, date)=(MUYY, 2026-04-14) already exists.","hint":null,"messa
FAILED after 3 retries for MUYY
MUYY: INSERT FAILED
POST status 409: {"code":"23505","details":"Key (symbol, date)=(MUSQ, 2024-04-29) already exists.","hint":null,"messa
POST status 409: {"code":"23505","details":"Key (symbol, date)=(MUSQ, 2024-04-29) already exists.","hint":null,"messa
POST status 409: {"code":"23505","details":"Key (symbol, date)=(MUSQ, 2024-04-29) already exists.","hint":null,"messa
FAILED after 3 retries for MUSQ
MUSQ: INSERT FAILED
POST status 409: {"code":"23505","details":"Key (symbol, date)=(MUSI, 2024-04-29) already exists.","hint":null,"messa
POST status 409: {"code":"23505","details":"Key (symbol, date)=(MUSI, 2024-04-29) already exists.","hint":null,"messa
POST status 409: {"code":"23505","details":"Key (symbol, date)=(MUSI, 2024-04-29) already exists.","hint":null,"messa
FAILED after 3 retries for MUSI
MUSI: INSERT FAILED
POST status 409: {"code":"23505","details":"Key (symbol, date)=(MUST, 2024-04-29) already exists.","hint":null,"messa
POST status 409: {"code":"23505","details":"Key (symbol, date)=(MUST, 2024-04-29) already exists.","hint":null,"messa
POST status 409: {"code":"23505","details":"Key (symbol, date)=(MUST, 2024-04-29) already exists.","hint":null,"messa
FAILED after 3 retries for MUST
MUST: INSERT FAILED
POST status 409: {"code":"23505","details":"Key (symbol, date)=(MVAL, 2024-04-29) already exists.","hint":null,"messa
POST status 409: {"code":"23505","details":"Key (symbol, date)=(MVAL, 2024-04-29) already exists.","hint":null,"messa
POST status 409: {"code":"23505","details":"Key (symbol, date)=(MVAL, 2024-04-29) already exists.","hint":null,"messa
FAILED after 3 retries for MVAL
MVAL: INSERT FAILED
MVPL: 501 rows fetched
MVRL: 501 rows fetched
MYCJ: 399 rows fetched
MYCI: 399 rows fetched
MXI: 501 rows fetched
MVPA: 501 rows fetched
MYCH: 399 rows fetched
MVV: 501 rows fetched
MYCG: 399 rows fetched
MYCF: 399 rows fetched
POST status 409: {"code":"23505","details":"Key (symbol, date)=(MVPL, 2024-04-29) already exists.","hint":null,"messa
POST status 409: {"code":"23505","details":"Key (symbol, date)=(MVPL, 2024-04-29) already exists.","hint":null,"messa
POST status 409: {"code":"23505","details":"Key (symbol, date)=(MVPL, 2024-04-29) already exists.","hint":null,"messa
FAILED after 3 retries for MVPL
MVPL: INSERT FAILED
POST status 409: {"code":"23505","details":"Key (symbol, date)=(MVRL, 2024-04-29) already exists.","hint":null,"messa
POST status 409: {"code":"23505","details":"Key (symbol, date)=(MVRL, 2024-04-29) already exists.","hint":null,"messa
POST status 409: {"code":"23505","details":"Key (symbol, date)=(MVRL, 2024-04-29) already exists.","hint":null,"messa
FAILED after 3 retries for MVRL
MVRL: INSERT FAILED
POST status 409: {"code":"23505","details":"Key (symbol, date)=(MYCJ, 2024-09-24) already exists.","hint":null,"messa
POST status 409: {"code":"23505","details":"Key (symbol, date)=(MYCJ, 2024-09-24) already exists.","hint":null,"messa
POST status 409: {"code":"23505","details":"Key (symbol, date)=(MYCJ, 2024-09-24) already exists.","hint":null,"messa
FAILED after 3 retries for MYCJ
MYCJ: INSERT FAILED
POST status 409: {"code":"23505","details":"Key (symbol, date)=(MYCI, 2024-09-24) already exists.","hint":null,"messa
POST status 409: {"code":"23505","details":"Key (symbol, date)=(MYCI, 2024-09-24) already exists.","hint":null,"messa
POST status 409: {"code":"23505","details":"Key (symbol, date)=(MYCI, 2024-09-24) already exists.","hint":null,"messa
FAILED after 3 retries for MYCI
MYCI: INSERT FAILED
POST status 409: {"code":"23505","details":"Key (symbol, date)=(MXI, 2024-04-29) already exists.","hint":null,"messag
POST status 409: {"code":"23505","details":"Key (symbol, date)=(MXI, 2024-04-29) already exists.","hint":null,"messag
POST status 409: {"code":"23505","details":"Key (symbol, date)=(MXI, 2024-04-29) already exists.","hint":null,"messag
FAILED after 3 retries for MXI
MXI: INSERT FAILED
POST status 409: {"code":"23505","details":"Key (symbol, date)=(MVPA, 2024-04-29) already exists.","hint":null,"messa
POST status 409: {"code":"23505","details":"Key (symbol, date)=(MVPA, 2024-04-29) already exists.","hint":null,"messa
POST status 409: {"code":"23505","details":"Key (symbol, date)=(MVPA, 2024-04-29) already exists.","hint":null,"messa
FAILED after 3 retries for MVPA
MVPA: INSERT FAILED
POST status 409: {"code":"23505","details":"Key (symbol, date)=(MYCH, 2024-09-24) already exists.","hint":null,"messa
POST status 409: {"code":"23505","details":"Key (symbol, date)=(MYCH, 2024-09-24) already exists.","hint":null,"messa
POST status 409: {"code":"23505","details":"Key (symbol, date)=(MYCH, 2024-09-24) already exists.","hint":null,"messa
FAILED after 3 retries for MYCH
MYCH: INSERT FAILED
POST status 409: {"code":"23505","details":"Key (symbol, date)=(MVV, 2024-04-29) already exists.","hint":null,"messag
POST status 409: {"code":"23505","details":"Key (symbol, date)=(MVV, 2024-04-29) already exists.","hint":null,"messag
POST status 409: {"code":"23505","details":"Key (symbol, date)=(MVV, 2024-04-29) already exists.","hint":null,"messag
FAILED after 3 retries for MVV
MVV: INSERT FAILED
POST status 409: {"code":"23505","details":"Key (symbol, date)=(MYCG, 2024-09-24) already exists.","hint":null,"messa
POST status 409: {"code":"23505","details":"Key (symbol, date)=(MYCG, 2024-09-24) already exists.","hint":null,"messa
POST status 409: {"code":"23505","details":"Key (symbol, date)=(MYCG, 2024-09-24) already exists.","hint":null,"messa
FAILED after 3 retries for MYCG
MYCG: INSERT FAILED
POST status 409: {"code":"23505","details":"Key (symbol, date)=(MYCF, 2024-09-24) already exists.","hint":null,"messa
POST status 409: {"code":"23505","details":"Key (symbol, date)=(MYCF, 2024-09-24) already exists.","hint":null,"messa
POST status 409: {"code":"23505","details":"Key (symbol, date)=(MYCF, 2024-09-24) already exists.","hint":null,"messa
FAILED after 3 retries for MYCF
MYCF: INSERT FAILED
MYHD: 43 rows fetched
MYHE: 43 rows fetched
MYCL: 399 rows fetched
MYHA: 43 rows fetched
MYCN: 399 rows fetched
MYHC: 43 rows fetched
MYCM: 399 rows fetched
MYCO: 154 rows fetched
MYCK: 399 rows fetched
MYHB: 43 rows fetched
POST status 409: {"code":"23505","details":"Key (symbol, date)=(MYHD, 2026-02-26) already exists.","hint":null,"messa
POST status 409: {"code":"23505","details":"Key (symbol, date)=(MYHD, 2026-02-26) already exists.","hint":null,"messa
POST status 409: {"code":"23505","details":"Key (symbol, date)=(MYHD, 2026-02-26) already exists.","hint":null,"messa
FAILED after 3 retries for MYHD
MYHD: INSERT FAILED
POST status 409: {"code":"23505","details":"Key (symbol, date)=(MYHE, 2026-02-26) already exists.","hint":null,"messa
POST status 409: {"code":"23505","details":"Key (symbol, date)=(MYHE, 2026-02-26) already exists.","hint":null,"messa
POST status 409: {"code":"23505","details":"Key (symbol, date)=(MYHE, 2026-02-26) already exists.","hint":null,"messa
FAILED after 3 retries for MYHE
MYHE: INSERT FAILED
POST status 409: {"code":"23505","details":"Key (symbol, date)=(MYCL, 2024-09-24) already exists.","hint":null,"messa
POST status 409: {"code":"23505","details":"Key (symbol, date)=(MYCL, 2024-09-24) already exists.","hint":null,"messa
POST status 409: {"code":"23505","details":"Key (symbol, date)=(MYCL, 2024-09-24) already exists.","hint":null,"messa
FAILED after 3 retries for MYCL
MYCL: INSERT FAILED
POST status 409: {"code":"23505","details":"Key (symbol, date)=(MYHA, 2026-02-26) already exists.","hint":null,"messa
POST status 409: {"code":"23505","details":"Key (symbol, date)=(MYHA, 2026-02-26) already exists.","hint":null,"messa
POST status 409: {"code":"23505","details":"Key (symbol, date)=(MYHA, 2026-02-26) already exists.","hint":null,"messa
FAILED after 3 retries for MYHA
MYHA: INSERT FAILED
POST status 409: {"code":"23505","details":"Key (symbol, date)=(MYCN, 2024-09-24) already exists.","hint":null,"messa
POST status 409: {"code":"23505","details":"Key (symbol, date)=(MYCN, 2024-09-24) already exists.","hint":null,"messa
POST status 409: {"code":"23505","details":"Key (symbol, date)=(MYCN, 2024-09-24) already exists.","hint":null,"messa
FAILED after 3 retries for MYCN
MYCN: INSERT FAILED
POST status 409: {"code":"23505","details":"Key (symbol, date)=(MYHC, 2026-02-26) already exists.","hint":null,"messa
POST status 409: {"code":"23505","details":"Key (symbol, date)=(MYHC, 2026-02-26) already exists.","hint":null,"messa
POST status 409: {"code":"23505","details":"Key (symbol, date)=(MYHC, 2026-02-26) already exists.","hint":null,"messa
FAILED after 3 retries for MYHC
MYHC: INSERT FAILED
POST status 409: {"code":"23505","details":"Key (symbol, date)=(MYCM, 2024-09-24) already exists.","hint":null,"messa
POST status 409: {"code":"23505","details":"Key (symbol, date)=(MYCM, 2024-09-24) already exists.","hint":null,"messa
POST status 409: {"code":"23505","details":"Key (symbol, date)=(MYCM, 2024-09-24) already exists.","hint":null,"messa
FAILED after 3 retries for MYCM
MYCM: INSERT FAILED
POST status 409: {"code":"23505","details":"Key (symbol, date)=(MYCO, 2025-09-17) already exists.","hint":null,"messa
POST status 409: {"code":"23505","details":"Key (symbol, date)=(MYCO, 2025-09-17) already exists.","hint":null,"messa
POST status 409: {"code":"23505","details":"Key (symbol, date)=(MYCO, 2025-09-17) already exists.","hint":null,"messa
FAILED after 3 retries for MYCO
MYCO: INSERT FAILED
POST status 409: {"code":"23505","details":"Key (symbol, date)=(MYCK, 2024-09-24) already exists.","hint":null,"messa
POST status 409: {"code":"23505","details":"Key (symbol, date)=(MYCK, 2024-09-24) already exists.","hint":null,"messa
POST status 409: {"code":"23505","details":"Key (symbol, date)=(MYCK, 2024-09-24) already exists.","hint":null,"messa
FAILED after 3 retries for MYCK
MYCK: INSERT FAILED
POST status 409: {"code":"23505","details":"Key (symbol, date)=(MYHB, 2026-02-26) already exists.","hint":null,"messa
POST status 409: {"code":"23505","details":"Key (symbol, date)=(MYHB, 2026-02-26) already exists.","hint":null,"messa
POST status 409: {"code":"23505","details":"Key (symbol, date)=(MYHB, 2026-02-26) already exists.","hint":null,"messa
FAILED after 3 retries for MYHB
MYHB: INSERT FAILED
MYMK: 154 rows fetched
MYMJ: 399 rows fetched
NACP: 501 rows fetched
MZZ: 501 rows fetched
MYMG: 399 rows fetched
MYMH: 399 rows fetched
MYLD: 501 rows fetched
MYMI: 399 rows fetched
MYMF: 399 rows fetched
MYY: 501 rows fetched
POST status 409: {"code":"23505","details":"Key (symbol, date)=(MYMK, 2025-09-17) already exists.","hint":null,"messa
POST status 409: {"code":"23505","details":"Key (symbol, date)=(MYMK, 2025-09-17) already exists.","hint":null,"messa
POST status 409: {"code":"23505","details":"Key (symbol, date)=(MYMK, 2025-09-17) already exists.","hint":null,"messa
FAILED after 3 retries for MYMK
MYMK: INSERT FAILED
POST status 409: {"code":"23505","details":"Key (symbol, date)=(MYMJ, 2024-09-24) already exists.","hint":null,"messa
POST status 409: {"code":"23505","details":"Key (symbol, date)=(MYMJ, 2024-09-24) already exists.","hint":null,"messa
POST status 409: {"code":"23505","details":"Key (symbol, date)=(MYMJ, 2024-09-24) already exists.","hint":null,"messa
FAILED after 3 retries for MYMJ
MYMJ: INSERT FAILED
POST status 409: {"code":"23505","details":"Key (symbol, date)=(NACP, 2024-04-29) already exists.","hint":null,"messa
POST status 409: {"code":"23505","details":"Key (symbol, date)=(NACP, 2024-04-29) already exists.","hint":null,"messa
POST status 409: {"code":"23505","details":"Key (symbol, date)=(NACP, 2024-04-29) already exists.","hint":null,"messa
FAILED after 3 retries for NACP
NACP: INSERT FAILED
POST status 409: {"code":"23505","details":"Key (symbol, date)=(MZZ, 2024-04-29) already exists.","hint":null,"messag
POST status 409: {"code":"23505","details":"Key (symbol, date)=(MZZ, 2024-04-29) already exists.","hint":null,"messag
POST status 409: {"code":"23505","details":"Key (symbol, date)=(MZZ, 2024-04-29) already exists.","hint":null,"messag
FAILED after 3 retries for MZZ
MZZ: INSERT FAILED
POST status 409: {"code":"23505","details":"Key (symbol, date)=(MYMG, 2024-09-24) already exists.","hint":null,"messa
POST status 409: {"code":"23505","details":"Key (symbol, date)=(MYMG, 2024-09-24) already exists.","hint":null,"messa
POST status 409: {"code":"23505","details":"Key (symbol, date)=(MYMG, 2024-09-24) already exists.","hint":null,"messa
FAILED after 3 retries for MYMG
MYMG: INSERT FAILED
POST status 409: {"code":"23505","details":"Key (symbol, date)=(MYMH, 2024-09-24) already exists.","hint":null,"messa
POST status 409: {"code":"23505","details":"Key (symbol, date)=(MYMH, 2024-09-24) already exists.","hint":null,"messa
POST status 409: {"code":"23505","details":"Key (symbol, date)=(MYMH, 2024-09-24) already exists.","hint":null,"messa
FAILED after 3 retries for MYMH
MYMH: INSERT FAILED
POST status 409: {"code":"23505","details":"Key (symbol, date)=(MYLD, 2024-04-29) already exists.","hint":null,"messa
POST status 409: {"code":"23505","details":"Key (symbol, date)=(MYLD, 2024-04-29) already exists.","hint":null,"messa
POST status 409: {"code":"23505","details":"Key (symbol, date)=(MYLD, 2024-04-29) already exists.","hint":null,"messa
FAILED after 3 retries for MYLD
MYLD: INSERT FAILED
POST status 409: {"code":"23505","details":"Key (symbol, date)=(MYMI, 2024-09-24) already exists.","hint":null,"messa
POST status 409: {"code":"23505","details":"Key (symbol, date)=(MYMI, 2024-09-24) already exists.","hint":null,"messa
POST status 409: {"code":"23505","details":"Key (symbol, date)=(MYMI, 2024-09-24) already exists.","hint":null,"messa
FAILED after 3 retries for MYMI
MYMI: INSERT FAILED
POST status 409: {"code":"23505","details":"Key (symbol, date)=(MYMF, 2024-09-24) already exists.","hint":null,"messa
POST status 409: {"code":"23505","details":"Key (symbol, date)=(MYMF, 2024-09-24) already exists.","hint":null,"messa
POST status 409: {"code":"23505","details":"Key (symbol, date)=(MYMF, 2024-09-24) already exists.","hint":null,"messa
FAILED after 3 retries for MYMF
MYMF: INSERT FAILED
POST status 409: {"code":"23505","details":"Key (symbol, date)=(MYY, 2024-04-29) already exists.","hint":null,"messag
POST status 409: {"code":"23505","details":"Key (symbol, date)=(MYY, 2024-04-29) already exists.","hint":null,"messag
POST status 409: {"code":"23505","details":"Key (symbol, date)=(MYY, 2024-04-29) already exists.","hint":null,"messag
FAILED after 3 retries for MYY
MYY: INSERT FAILED
NANC: 501 rows fetched
NATO: 386 rows fetched
NBCE: 501 rows fetched
NAPR: 501 rows fetched
NBDS: 501 rows fetched
NAUG: 436 rows fetched
NBCR: 436 rows fetched
NAIL: 501 rows fetched
NANR: 501 rows fetched
NBCM: 501 rows fetched
POST status 409: {"code":"23505","details":"Key (symbol, date)=(NANC, 2024-04-29) already exists.","hint":null,"messa
POST status 409: {"code":"23505","details":"Key (symbol, date)=(NANC, 2024-04-29) already exists.","hint":null,"messa
POST status 409: {"code":"23505","details":"Key (symbol, date)=(NANC, 2024-04-29) already exists.","hint":null,"messa
FAILED after 3 retries for NANC
NANC: INSERT FAILED
POST status 409: {"code":"23505","details":"Key (symbol, date)=(NATO, 2024-10-11) already exists.","hint":null,"messa
POST status 409: {"code":"23505","details":"Key (symbol, date)=(NATO, 2024-10-11) already exists.","hint":null,"messa
POST status 409: {"code":"23505","details":"Key (symbol, date)=(NATO, 2024-10-11) already exists.","hint":null,"messa
FAILED after 3 retries for NATO
NATO: INSERT FAILED
POST status 409: {"code":"23505","details":"Key (symbol, date)=(NBCE, 2024-04-29) already exists.","hint":null,"messa
POST status 409: {"code":"23505","details":"Key (symbol, date)=(NBCE, 2024-04-29) already exists.","hint":null,"messa
POST status 409: {"code":"23505","details":"Key (symbol, date)=(NBCE, 2024-04-29) already exists.","hint":null,"messa
FAILED after 3 retries for NBCE
NBCE: INSERT FAILED
POST status 409: {"code":"23505","details":"Key (symbol, date)=(NAPR, 2024-04-29) already exists.","hint":null,"messa
POST status 409: {"code":"23505","details":"Key (symbol, date)=(NAPR, 2024-04-29) already exists.","hint":null,"messa
POST status 409: {"code":"23505","details":"Key (symbol, date)=(NAPR, 2024-04-29) already exists.","hint":null,"messa
FAILED after 3 retries for NAPR
NAPR: INSERT FAILED
POST status 409: {"code":"23505","details":"Key (symbol, date)=(NBDS, 2024-04-29) already exists.","hint":null,"messa
POST status 409: {"code":"23505","details":"Key (symbol, date)=(NBDS, 2024-04-29) already exists.","hint":null,"messa
POST status 409: {"code":"23505","details":"Key (symbol, date)=(NBDS, 2024-04-29) already exists.","hint":null,"messa
FAILED after 3 retries for NBDS
NBDS: INSERT FAILED
POST status 409: {"code":"23505","details":"Key (symbol, date)=(NAUG, 2024-08-01) already exists.","hint":null,"messa
POST status 409: {"code":"23505","details":"Key (symbol, date)=(NAUG, 2024-08-01) already exists.","hint":null,"messa
POST status 409: {"code":"23505","details":"Key (symbol, date)=(NAUG, 2024-08-01) already exists.","hint":null,"messa
FAILED after 3 retries for NAUG
NAUG: INSERT FAILED
POST status 409: {"code":"23505","details":"Key (symbol, date)=(NBCR, 2024-08-01) already exists.","hint":null,"messa
POST status 409: {"code":"23505","details":"Key (symbol, date)=(NBCR, 2024-08-01) already exists.","hint":null,"messa
POST status 409: {"code":"23505","details":"Key (symbol, date)=(NBCR, 2024-08-01) already exists.","hint":null,"messa
FAILED after 3 retries for NBCR
NBCR: INSERT FAILED
POST status 409: {"code":"23505","details":"Key (symbol, date)=(NAIL, 2024-04-29) already exists.","hint":null,"messa
POST status 409: {"code":"23505","details":"Key (symbol, date)=(NAIL, 2024-04-29) already exists.","hint":null,"messa
POST status 409: {"code":"23505","details":"Key (symbol, date)=(NAIL, 2024-04-29) already exists.","hint":null,"messa
FAILED after 3 retries for NAIL
NAIL: INSERT FAILED
POST status 409: {"code":"23505","details":"Key (symbol, date)=(NANR, 2024-04-29) already exists.","hint":null,"messa
POST status 409: {"code":"23505","details":"Key (symbol, date)=(NANR, 2024-04-29) already exists.","hint":null,"messa
POST status 409: {"code":"23505","details":"Key (symbol, date)=(NANR, 2024-04-29) already exists.","hint":null,"messa
FAILED after 3 retries for NANR
NANR: INSERT FAILED
POST status 409: {"code":"23505","details":"Key (symbol, date)=(NBCM, 2024-04-29) already exists.","hint":null,"messa
POST status 409: {"code":"23505","details":"Key (symbol, date)=(NBCM, 2024-04-29) already exists.","hint":null,"messa
POST status 409: {"code":"23505","details":"Key (symbol, date)=(NBCM, 2024-04-29) already exists.","hint":null,"messa
FAILED after 3 retries for NBCM
NBCM: INSERT FAILED
NBGX: 338 rows fetched
NBIG: 126 rows fetched
NBSD: 463 rows fetched
NBIL: 140 rows fetched
NBIE: 36 rows fetched
NBIZ: 67 rows fetched
NBET: 501 rows fetched
NBJP: 407 rows fetched
NBFC: 462 rows fetched
NBOS: 501 rows fetched
POST status 409: {"code":"23505","details":"Key (symbol, date)=(NBGX, 2024-12-19) already exists.","hint":null,"messa
POST status 409: {"code":"23505","details":"Key (symbol, date)=(NBGX, 2024-12-19) already exists.","hint":null,"messa
POST status 409: {"code":"23505","details":"Key (symbol, date)=(NBGX, 2024-12-19) already exists.","hint":null,"messa
FAILED after 3 retries for NBGX
NBGX: INSERT FAILED
POST status 409: {"code":"23505","details":"Key (symbol, date)=(NBIG, 2025-10-27) already exists.","hint":null,"messa
POST status 409: {"code":"23505","details":"Key (symbol, date)=(NBIG, 2025-10-27) already exists.","hint":null,"messa
POST status 409: {"code":"23505","details":"Key (symbol, date)=(NBIG, 2025-10-27) already exists.","hint":null,"messa
FAILED after 3 retries for NBIG
NBIG: INSERT FAILED
POST status 409: {"code":"23505","details":"Key (symbol, date)=(NBSD, 2024-06-24) already exists.","hint":null,"messa
POST status 409: {"code":"23505","details":"Key (symbol, date)=(NBSD, 2024-06-24) already exists.","hint":null,"messa
POST status 409: {"code":"23505","details":"Key (symbol, date)=(NBSD, 2024-06-24) already exists.","hint":null,"messa
FAILED after 3 retries for NBSD
NBSD: INSERT FAILED
POST status 409: {"code":"23505","details":"Key (symbol, date)=(NBIL, 2025-10-07) already exists.","hint":null,"messa
POST status 409: {"code":"23505","details":"Key (symbol, date)=(NBIL, 2025-10-07) already exists.","hint":null,"messa
POST status 409: {"code":"23505","details":"Key (symbol, date)=(NBIL, 2025-10-07) already exists.","hint":null,"messa
FAILED after 3 retries for NBIL
NBIL: INSERT FAILED
POST status 409: {"code":"23505","details":"Key (symbol, date)=(NBIE, 2026-03-09) already exists.","hint":null,"messa
POST status 409: {"code":"23505","details":"Key (symbol, date)=(NBIE, 2026-03-09) already exists.","hint":null,"messa
POST status 409: {"code":"23505","details":"Key (symbol, date)=(NBIE, 2026-03-09) already exists.","hint":null,"messa
FAILED after 3 retries for NBIE
NBIE: INSERT FAILED
POST status 409: {"code":"23505","details":"Key (symbol, date)=(NBIZ, 2026-01-22) already exists.","hint":null,"messa
POST status 409: {"code":"23505","details":"Key (symbol, date)=(NBIZ, 2026-01-22) already exists.","hint":null,"messa
POST status 409: {"code":"23505","details":"Key (symbol, date)=(NBIZ, 2026-01-22) already exists.","hint":null,"messa
FAILED after 3 retries for NBIZ
NBIZ: INSERT FAILED
POST status 409: {"code":"23505","details":"Key (symbol, date)=(NBET, 2024-04-29) already exists.","hint":null,"messa
POST status 409: {"code":"23505","details":"Key (symbol, date)=(NBET, 2024-04-29) already exists.","hint":null,"messa
POST status 409: {"code":"23505","details":"Key (symbol, date)=(NBET, 2024-04-29) already exists.","hint":null,"messa
FAILED after 3 retries for NBET
NBET: INSERT FAILED
POST status 409: {"code":"23505","details":"Key (symbol, date)=(NBJP, 2024-09-12) already exists.","hint":null,"messa
POST status 409: {"code":"23505","details":"Key (symbol, date)=(NBJP, 2024-09-12) already exists.","hint":null,"messa
POST status 409: {"code":"23505","details":"Key (symbol, date)=(NBJP, 2024-09-12) already exists.","hint":null,"messa
FAILED after 3 retries for NBJP
NBJP: INSERT FAILED
POST status 409: {"code":"23505","details":"Key (symbol, date)=(NBFC, 2024-06-25) already exists.","hint":null,"messa
POST status 409: {"code":"23505","details":"Key (symbol, date)=(NBFC, 2024-06-25) already exists.","hint":null,"messa
POST status 409: {"code":"23505","details":"Key (symbol, date)=(NBFC, 2024-06-25) already exists.","hint":null,"messa
FAILED after 3 retries for NBFC
NBFC: INSERT FAILED
POST status 409: {"code":"23505","details":"Key (symbol, date)=(NBOS, 2024-04-29) already exists.","hint":null,"messa
POST status 409: {"code":"23505","details":"Key (symbol, date)=(NBOS, 2024-04-29) already exists.","hint":null,"messa
POST status 409: {"code":"23505","details":"Key (symbol, date)=(NBOS, 2024-04-29) already exists.","hint":null,"messa
FAILED after 3 retries for NBOS
NBOS: INSERT FAILED
NBSM: 501 rows fetched
NDEC: 351 rows fetched
NCLO: 344 rows fetched
NBTR: 339 rows fetched
NDAA: 381 rows fetched
NCIQ: 301 rows fetched
NCPB: 501 rows fetched
NDIV: 501 rows fetched
NDIA: 501 rows fetched
NDOW: 490 rows fetched
POST status 409: {"code":"23505","details":"Key (symbol, date)=(NBSM, 2024-04-29) already exists.","hint":null,"messa
POST status 409: {"code":"23505","details":"Key (symbol, date)=(NBSM, 2024-04-29) already exists.","hint":null,"messa
POST status 409: {"code":"23505","details":"Key (symbol, date)=(NBSM, 2024-04-29) already exists.","hint":null,"messa
FAILED after 3 retries for NBSM
NBSM: INSERT FAILED
POST status 409: {"code":"23505","details":"Key (symbol, date)=(NDEC, 2024-12-02) already exists.","hint":null,"messa
POST status 409: {"code":"23505","details":"Key (symbol, date)=(NDEC, 2024-12-02) already exists.","hint":null,"messa
POST status 409: {"code":"23505","details":"Key (symbol, date)=(NDEC, 2024-12-02) already exists.","hint":null,"messa
FAILED after 3 retries for NDEC
NDEC: INSERT FAILED
POST status 409: {"code":"23505","details":"Key (symbol, date)=(NCLO, 2024-12-11) already exists.","hint":null,"messa
POST status 409: {"code":"23505","details":"Key (symbol, date)=(NCLO, 2024-12-11) already exists.","hint":null,"messa
POST status 409: {"code":"23505","details":"Key (symbol, date)=(NCLO, 2024-12-11) already exists.","hint":null,"messa
FAILED after 3 retries for NCLO
NCLO: INSERT FAILED
POST status 409: {"code":"23505","details":"Key (symbol, date)=(NBTR, 2024-12-18) already exists.","hint":null,"messa
POST status 409: {"code":"23505","details":"Key (symbol, date)=(NBTR, 2024-12-18) already exists.","hint":null,"messa
POST status 409: {"code":"23505","details":"Key (symbol, date)=(NBTR, 2024-12-18) already exists.","hint":null,"messa
FAILED after 3 retries for NBTR
NBTR: INSERT FAILED
POST status 409: {"code":"23505","details":"Key (symbol, date)=(NDAA, 2024-10-18) already exists.","hint":null,"messa
POST status 409: {"code":"23505","details":"Key (symbol, date)=(NDAA, 2024-10-18) already exists.","hint":null,"messa
POST status 409: {"code":"23505","details":"Key (symbol, date)=(NDAA, 2024-10-18) already exists.","hint":null,"messa
FAILED after 3 retries for NDAA
NDAA: INSERT FAILED
POST status 409: {"code":"23505","details":"Key (symbol, date)=(NCIQ, 2025-02-14) already exists.","hint":null,"messa
POST status 409: {"code":"23505","details":"Key (symbol, date)=(NCIQ, 2025-02-14) already exists.","hint":null,"messa
POST status 409: {"code":"23505","details":"Key (symbol, date)=(NCIQ, 2025-02-14) already exists.","hint":null,"messa
FAILED after 3 retries for NCIQ
NCIQ: INSERT FAILED
POST status 409: {"code":"23505","details":"Key (symbol, date)=(NCPB, 2024-04-29) already exists.","hint":null,"messa
POST status 409: {"code":"23505","details":"Key (symbol, date)=(NCPB, 2024-04-29) already exists.","hint":null,"messa
POST status 409: {"code":"23505","details":"Key (symbol, date)=(NCPB, 2024-04-29) already exists.","hint":null,"messa
FAILED after 3 retries for NCPB
NCPB: INSERT FAILED
POST status 409: {"code":"23505","details":"Key (symbol, date)=(NDIV, 2024-04-29) already exists.","hint":null,"messa
POST status 409: {"code":"23505","details":"Key (symbol, date)=(NDIV, 2024-04-29) already exists.","hint":null,"messa
POST status 409: {"code":"23505","details":"Key (symbol, date)=(NDIV, 2024-04-29) already exists.","hint":null,"messa
FAILED after 3 retries for NDIV
NDIV: INSERT FAILED
POST status 409: {"code":"23505","details":"Key (symbol, date)=(NDIA, 2024-04-29) already exists.","hint":null,"messa
POST status 409: {"code":"23505","details":"Key (symbol, date)=(NDIA, 2024-04-29) already exists.","hint":null,"messa
POST status 409: {"code":"23505","details":"Key (symbol, date)=(NDIA, 2024-04-29) already exists.","hint":null,"messa
FAILED after 3 retries for NDIA
NDIA: INSERT FAILED
POST status 409: {"code":"23505","details":"Key (symbol, date)=(NDOW, 2024-05-14) already exists.","hint":null,"messa
POST status 409: {"code":"23505","details":"Key (symbol, date)=(NDOW, 2024-05-14) already exists.","hint":null,"messa
POST status 409: {"code":"23505","details":"Key (symbol, date)=(NDOW, 2024-05-14) already exists.","hint":null,"messa
FAILED after 3 retries for NDOW
NDOW: INSERT FAILED
NEMD: 179 rows fetched
NEMG: 111 rows fetched
NEBX: 160 rows fetched
NETG: 111 rows fetched
NEAR: 501 rows fetched
NEHI: 100 rows fetched
NEWZ: 501 rows fetched
NETL: 501 rows fetched
NELS: 134 rows fetched
NERD: 501 rows fetched
POST status 409: {"code":"23505","details":"Key (symbol, date)=(NEMD, 2025-08-12) already exists.","hint":null,"messa
POST status 409: {"code":"23505","details":"Key (symbol, date)=(NEMD, 2025-08-12) already exists.","hint":null,"messa
POST status 409: {"code":"23505","details":"Key (symbol, date)=(NEMD, 2025-08-12) already exists.","hint":null,"messa
FAILED after 3 retries for NEMD
NEMD: INSERT FAILED
POST status 409: {"code":"23505","details":"Key (symbol, date)=(NEMG, 2025-11-17) already exists.","hint":null,"messa
POST status 409: {"code":"23505","details":"Key (symbol, date)=(NEMG, 2025-11-17) already exists.","hint":null,"messa
POST status 409: {"code":"23505","details":"Key (symbol, date)=(NEMG, 2025-11-17) already exists.","hint":null,"messa
FAILED after 3 retries for NEMG
NEMG: INSERT FAILED
POST status 409: {"code":"23505","details":"Key (symbol, date)=(NEBX, 2025-09-09) already exists.","hint":null,"messa
POST status 409: {"code":"23505","details":"Key (symbol, date)=(NEBX, 2025-09-09) already exists.","hint":null,"messa
POST status 409: {"code":"23505","details":"Key (symbol, date)=(NEBX, 2025-09-09) already exists.","hint":null,"messa
FAILED after 3 retries for NEBX
NEBX: INSERT FAILED
POST status 409: {"code":"23505","details":"Key (symbol, date)=(NETG, 2025-11-17) already exists.","hint":null,"messa
POST status 409: {"code":"23505","details":"Key (symbol, date)=(NETG, 2025-11-17) already exists.","hint":null,"messa
POST status 409: {"code":"23505","details":"Key (symbol, date)=(NETG, 2025-11-17) already exists.","hint":null,"messa
FAILED after 3 retries for NETG
NETG: INSERT FAILED
POST status 409: {"code":"23505","details":"Key (symbol, date)=(NEAR, 2024-04-29) already exists.","hint":null,"messa
POST status 409: {"code":"23505","details":"Key (symbol, date)=(NEAR, 2024-04-29) already exists.","hint":null,"messa
POST status 409: {"code":"23505","details":"Key (symbol, date)=(NEAR, 2024-04-29) already exists.","hint":null,"messa
FAILED after 3 retries for NEAR
NEAR: INSERT FAILED
POST status 409: {"code":"23505","details":"Key (symbol, date)=(NEHI, 2025-12-03) already exists.","hint":null,"messa
POST status 409: {"code":"23505","details":"Key (symbol, date)=(NEHI, 2025-12-03) already exists.","hint":null,"messa
POST status 409: {"code":"23505","details":"Key (symbol, date)=(NEHI, 2025-12-03) already exists.","hint":null,"messa
FAILED after 3 retries for NEHI
NEHI: INSERT FAILED
POST status 409: {"code":"23505","details":"Key (symbol, date)=(NEWZ, 2024-04-29) already exists.","hint":null,"messa
POST status 409: {"code":"23505","details":"Key (symbol, date)=(NEWZ, 2024-04-29) already exists.","hint":null,"messa
POST status 409: {"code":"23505","details":"Key (symbol, date)=(NEWZ, 2024-04-29) already exists.","hint":null,"messa
FAILED after 3 retries for NEWZ
NEWZ: INSERT FAILED
POST status 409: {"code":"23505","details":"Key (symbol, date)=(NETL, 2024-04-29) already exists.","hint":null,"messa
POST status 409: {"code":"23505","details":"Key (symbol, date)=(NETL, 2024-04-29) already exists.","hint":null,"messa
POST status 409: {"code":"23505","details":"Key (symbol, date)=(NETL, 2024-04-29) already exists.","hint":null,"messa
FAILED after 3 retries for NETL
NETL: INSERT FAILED
POST status 409: {"code":"23505","details":"Key (symbol, date)=(NELS, 2025-10-15) already exists.","hint":null,"messa
POST status 409: {"code":"23505","details":"Key (symbol, date)=(NELS, 2025-10-15) already exists.","hint":null,"messa
POST status 409: {"code":"23505","details":"Key (symbol, date)=(NELS, 2025-10-15) already exists.","hint":null,"messa
FAILED after 3 retries for NELS
NELS: INSERT FAILED
POST status 409: {"code":"23505","details":"Key (symbol, date)=(NERD, 2024-04-29) already exists.","hint":null,"messa
POST status 409: {"code":"23505","details":"Key (symbol, date)=(NERD, 2024-04-29) already exists.","hint":null,"messa
POST status 409: {"code":"23505","details":"Key (symbol, date)=(NERD, 2024-04-29) already exists.","hint":null,"messa
FAILED after 3 retries for NERD
NERD: INSERT FAILED
NFXL: 392 rows fetched
NFLW: 216 rows fetched
NFRA: 501 rows fetched
NFLY: 501 rows fetched
NFLP: 501 rows fetched
NFRX: 61 rows fetched
NFEB: 310 rows fetched
NFTY: 501 rows fetched
NFLU: 396 rows fetched
NFLT: 501 rows fetched
POST status 409: {"code":"23505","details":"Key (symbol, date)=(NFXL, 2024-10-03) already exists.","hint":null,"messa
POST status 409: {"code":"23505","details":"Key (symbol, date)=(NFXL, 2024-10-03) already exists.","hint":null,"messa
POST status 409: {"code":"23505","details":"Key (symbol, date)=(NFXL, 2024-10-03) already exists.","hint":null,"messa
FAILED after 3 retries for NFXL
NFXL: INSERT FAILED
POST status 409: {"code":"23505","details":"Key (symbol, date)=(NFLW, 2025-06-18) already exists.","hint":null,"messa
POST status 409: {"code":"23505","details":"Key (symbol, date)=(NFLW, 2025-06-18) already exists.","hint":null,"messa
POST status 409: {"code":"23505","details":"Key (symbol, date)=(NFLW, 2025-06-18) already exists.","hint":null,"messa
FAILED after 3 retries for NFLW
NFLW: INSERT FAILED
POST status 409: {"code":"23505","details":"Key (symbol, date)=(NFRA, 2024-04-29) already exists.","hint":null,"messa
POST status 409: {"code":"23505","details":"Key (symbol, date)=(NFRA, 2024-04-29) already exists.","hint":null,"messa
POST status 409: {"code":"23505","details":"Key (symbol, date)=(NFRA, 2024-04-29) already exists.","hint":null,"messa
FAILED after 3 retries for NFRA
NFRA: INSERT FAILED
POST status 409: {"code":"23505","details":"Key (symbol, date)=(NFLY, 2024-04-29) already exists.","hint":null,"messa
POST status 409: {"code":"23505","details":"Key (symbol, date)=(NFLY, 2024-04-29) already exists.","hint":null,"messa
POST status 409: {"code":"23505","details":"Key (symbol, date)=(NFLY, 2024-04-29) already exists.","hint":null,"messa
FAILED after 3 retries for NFLY
NFLY: INSERT FAILED
POST status 409: {"code":"23505","details":"Key (symbol, date)=(NFLP, 2024-04-29) already exists.","hint":null,"messa
POST status 409: {"code":"23505","details":"Key (symbol, date)=(NFLP, 2024-04-29) already exists.","hint":null,"messa
POST status 409: {"code":"23505","details":"Key (symbol, date)=(NFLP, 2024-04-29) already exists.","hint":null,"messa
FAILED after 3 retries for NFLP
NFLP: INSERT FAILED
POST status 409: {"code":"23505","details":"Key (symbol, date)=(NFRX, 2026-01-30) already exists.","hint":null,"messa
POST status 409: {"code":"23505","details":"Key (symbol, date)=(NFRX, 2026-01-30) already exists.","hint":null,"messa
POST status 409: {"code":"23505","details":"Key (symbol, date)=(NFRX, 2026-01-30) already exists.","hint":null,"messa
FAILED after 3 retries for NFRX
NFRX: INSERT FAILED
POST status 409: {"code":"23505","details":"Key (symbol, date)=(NFEB, 2025-02-03) already exists.","hint":null,"messa
POST status 409: {"code":"23505","details":"Key (symbol, date)=(NFEB, 2025-02-03) already exists.","hint":null,"messa
POST status 409: {"code":"23505","details":"Key (symbol, date)=(NFEB, 2025-02-03) already exists.","hint":null,"messa
FAILED after 3 retries for NFEB
NFEB: INSERT FAILED
POST status 409: {"code":"23505","details":"Key (symbol, date)=(NFTY, 2024-04-29) already exists.","hint":null,"messa
POST status 409: {"code":"23505","details":"Key (symbol, date)=(NFTY, 2024-04-29) already exists.","hint":null,"messa
POST status 409: {"code":"23505","details":"Key (symbol, date)=(NFTY, 2024-04-29) already exists.","hint":null,"messa
FAILED after 3 retries for NFTY
NFTY: INSERT FAILED
POST status 409: {"code":"23505","details":"Key (symbol, date)=(NFLU, 2024-09-27) already exists.","hint":null,"messa
POST status 409: {"code":"23505","details":"Key (symbol, date)=(NFLU, 2024-09-27) already exists.","hint":null,"messa
POST status 409: {"code":"23505","details":"Key (symbol, date)=(NFLU, 2024-09-27) already exists.","hint":null,"messa
FAILED after 3 retries for NFLU
NFLU: INSERT FAILED
POST status 409: {"code":"23505","details":"Key (symbol, date)=(NFLT, 2024-04-29) already exists.","hint":null,"messa
POST status 409: {"code":"23505","details":"Key (symbol, date)=(NFLT, 2024-04-29) already exists.","hint":null,"messa
POST status 409: {"code":"23505","details":"Key (symbol, date)=(NFLT, 2024-04-29) already exists.","hint":null,"messa
FAILED after 3 retries for NFLT
NFLT: INSERT FAILED
NIXT: 409 rows fetched
NIHI: 154 rows fetched
NITE: 463 rows fetched
NJNK: 412 rows fetched
NGHT: 15 rows fetched
NJAN: 501 rows fetched
NIOG: 89 rows fetched
NHYM: 317 rows fetched
NIKL: 501 rows fetched
NFXS: 392 rows fetched
POST status 409: {"code":"23505","details":"Key (symbol, date)=(NIXT, 2024-09-10) already exists.","hint":null,"messa
POST status 409: {"code":"23505","details":"Key (symbol, date)=(NIXT, 2024-09-10) already exists.","hint":null,"messa
POST status 409: {"code":"23505","details":"Key (symbol, date)=(NIXT, 2024-09-10) already exists.","hint":null,"messa
FAILED after 3 retries for NIXT
NIXT: INSERT FAILED
POST status 409: {"code":"23505","details":"Key (symbol, date)=(NIHI, 2025-09-17) already exists.","hint":null,"messa
POST status 409: {"code":"23505","details":"Key (symbol, date)=(NIHI, 2025-09-17) already exists.","hint":null,"messa
POST status 409: {"code":"23505","details":"Key (symbol, date)=(NIHI, 2025-09-17) already exists.","hint":null,"messa
FAILED after 3 retries for NIHI
NIHI: INSERT FAILED
POST status 409: {"code":"23505","details":"Key (symbol, date)=(NITE, 2024-06-24) already exists.","hint":null,"messa
POST status 409: {"code":"23505","details":"Key (symbol, date)=(NITE, 2024-06-24) already exists.","hint":null,"messa
POST status 409: {"code":"23505","details":"Key (symbol, date)=(NITE, 2024-06-24) already exists.","hint":null,"messa
FAILED after 3 retries for NITE
NITE: INSERT FAILED
POST status 409: {"code":"23505","details":"Key (symbol, date)=(NJNK, 2024-09-05) already exists.","hint":null,"messa
POST status 409: {"code":"23505","details":"Key (symbol, date)=(NJNK, 2024-09-05) already exists.","hint":null,"messa
POST status 409: {"code":"23505","details":"Key (symbol, date)=(NJNK, 2024-09-05) already exists.","hint":null,"messa
FAILED after 3 retries for NJNK
NJNK: INSERT FAILED
POST status 409: {"code":"23505","details":"Key (symbol, date)=(NGHT, 2026-04-08) already exists.","hint":null,"messa
POST status 409: {"code":"23505","details":"Key (symbol, date)=(NGHT, 2026-04-08) already exists.","hint":null,"messa
POST status 409: {"code":"23505","details":"Key (symbol, date)=(NGHT, 2026-04-08) already exists.","hint":null,"messa
FAILED after 3 retries for NGHT
NGHT: INSERT FAILED
POST status 409: {"code":"23505","details":"Key (symbol, date)=(NJAN, 2024-04-29) already exists.","hint":null,"messa
POST status 409: {"code":"23505","details":"Key (symbol, date)=(NJAN, 2024-04-29) already exists.","hint":null,"messa
POST status 409: {"code":"23505","details":"Key (symbol, date)=(NJAN, 2024-04-29) already exists.","hint":null,"messa
FAILED after 3 retries for NJAN
NJAN: INSERT FAILED
POST status 409: {"code":"23505","details":"Key (symbol, date)=(NIOG, 2025-12-18) already exists.","hint":null,"messa
POST status 409: {"code":"23505","details":"Key (symbol, date)=(NIOG, 2025-12-18) already exists.","hint":null,"messa
POST status 409: {"code":"23505","details":"Key (symbol, date)=(NIOG, 2025-12-18) already exists.","hint":null,"messa
FAILED after 3 retries for NIOG
NIOG: INSERT FAILED
POST status 409: {"code":"23505","details":"Key (symbol, date)=(NHYM, 2025-01-23) already exists.","hint":null,"messa
POST status 409: {"code":"23505","details":"Key (symbol, date)=(NHYM, 2025-01-23) already exists.","hint":null,"messa
POST status 409: {"code":"23505","details":"Key (symbol, date)=(NHYM, 2025-01-23) already exists.","hint":null,"messa
FAILED after 3 retries for NHYM
NHYM: INSERT FAILED
POST status 409: {"code":"23505","details":"Key (symbol, date)=(NIKL, 2024-04-29) already exists.","hint":null,"messa
POST status 409: {"code":"23505","details":"Key (symbol, date)=(NIKL, 2024-04-29) already exists.","hint":null,"messa
POST status 409: {"code":"23505","details":"Key (symbol, date)=(NIKL, 2024-04-29) already exists.","hint":null,"messa
FAILED after 3 retries for NIKL
NIKL: INSERT FAILED
POST status 409: {"code":"23505","details":"Key (symbol, date)=(NFXS, 2024-10-03) already exists.","hint":null,"messa
POST status 409: {"code":"23505","details":"Key (symbol, date)=(NFXS, 2024-10-03) already exists.","hint":null,"messa
POST status 409: {"code":"23505","details":"Key (symbol, date)=(NFXS, 2024-10-03) already exists.","hint":null,"messa
FAILED after 3 retries for NFXS
NFXS: INSERT FAILED
NMBL: 121 rows fetched
NJUN: 477 rows fetched
NLR: 501 rows fetched
NMAR: 291 rows fetched
NMB: 408 rows fetched
NNOV: 371 rows fetched
NMAY: 249 rows fetched
NJUL: 501 rows fetched
NNEX: 113 rows fetched
NLSI: 95 rows fetched
POST status 409: {"code":"23505","details":"Key (symbol, date)=(NMBL, 2025-11-03) already exists.","hint":null,"messa
POST status 409: {"code":"23505","details":"Key (symbol, date)=(NMBL, 2025-11-03) already exists.","hint":null,"messa
POST status 409: {"code":"23505","details":"Key (symbol, date)=(NMBL, 2025-11-03) already exists.","hint":null,"messa
FAILED after 3 retries for NMBL
NMBL: INSERT FAILED
POST status 409: {"code":"23505","details":"Key (symbol, date)=(NJUN, 2024-06-03) already exists.","hint":null,"messa
POST status 409: {"code":"23505","details":"Key (symbol, date)=(NJUN, 2024-06-03) already exists.","hint":null,"messa
POST status 409: {"code":"23505","details":"Key (symbol, date)=(NJUN, 2024-06-03) already exists.","hint":null,"messa
FAILED after 3 retries for NJUN
NJUN: INSERT FAILED
POST status 409: {"code":"23505","details":"Key (symbol, date)=(NLR, 2024-04-29) already exists.","hint":null,"messag
POST status 409: {"code":"23505","details":"Key (symbol, date)=(NLR, 2024-04-29) already exists.","hint":null,"messag
POST status 409: {"code":"23505","details":"Key (symbol, date)=(NLR, 2024-04-29) already exists.","hint":null,"messag
FAILED after 3 retries for NLR
NLR: INSERT FAILED
POST status 409: {"code":"23505","details":"Key (symbol, date)=(NMAR, 2025-03-03) already exists.","hint":null,"messa
POST status 409: {"code":"23505","details":"Key (symbol, date)=(NMAR, 2025-03-03) already exists.","hint":null,"messa
POST status 409: {"code":"23505","details":"Key (symbol, date)=(NMAR, 2025-03-03) already exists.","hint":null,"messa
FAILED after 3 retries for NMAR
NMAR: INSERT FAILED
POST status 409: {"code":"23505","details":"Key (symbol, date)=(NMB, 2024-09-11) already exists.","hint":null,"messag
POST status 409: {"code":"23505","details":"Key (symbol, date)=(NMB, 2024-09-11) already exists.","hint":null,"messag
POST status 409: {"code":"23505","details":"Key (symbol, date)=(NMB, 2024-09-11) already exists.","hint":null,"messag
FAILED after 3 retries for NMB
NMB: INSERT FAILED
POST status 409: {"code":"23505","details":"Key (symbol, date)=(NNOV, 2024-11-01) already exists.","hint":null,"messa
POST status 409: {"code":"23505","details":"Key (symbol, date)=(NNOV, 2024-11-01) already exists.","hint":null,"messa
POST status 409: {"code":"23505","details":"Key (symbol, date)=(NNOV, 2024-11-01) already exists.","hint":null,"messa
FAILED after 3 retries for NNOV
NNOV: INSERT FAILED
POST status 409: {"code":"23505","details":"Key (symbol, date)=(NMAY, 2025-05-01) already exists.","hint":null,"messa
POST status 409: {"code":"23505","details":"Key (symbol, date)=(NMAY, 2025-05-01) already exists.","hint":null,"messa
POST status 409: {"code":"23505","details":"Key (symbol, date)=(NMAY, 2025-05-01) already exists.","hint":null,"messa
FAILED after 3 retries for NMAY
NMAY: INSERT FAILED
POST status 409: {"code":"23505","details":"Key (symbol, date)=(NJUL, 2024-04-29) already exists.","hint":null,"messa
POST status 409: {"code":"23505","details":"Key (symbol, date)=(NJUL, 2024-04-29) already exists.","hint":null,"messa
POST status 409: {"code":"23505","details":"Key (symbol, date)=(NJUL, 2024-04-29) already exists.","hint":null,"messa
FAILED after 3 retries for NJUL
NJUL: INSERT FAILED
POST status 409: {"code":"23505","details":"Key (symbol, date)=(NNEX, 2025-11-12) already exists.","hint":null,"messa
POST status 409: {"code":"23505","details":"Key (symbol, date)=(NNEX, 2025-11-12) already exists.","hint":null,"messa
POST status 409: {"code":"23505","details":"Key (symbol, date)=(NNEX, 2025-11-12) already exists.","hint":null,"messa
FAILED after 3 retries for NNEX
NNEX: INSERT FAILED
POST status 409: {"code":"23505","details":"Key (symbol, date)=(NLSI, 2025-12-10) already exists.","hint":null,"messa
POST status 409: {"code":"23505","details":"Key (symbol, date)=(NLSI, 2025-12-10) already exists.","hint":null,"messa
POST status 409: {"code":"23505","details":"Key (symbol, date)=(NLSI, 2025-12-10) already exists.","hint":null,"messa
FAILED after 3 retries for NLSI
NLSI: INSERT FAILED
NOEQ: 26 rows fetched
NOVP: 251 rows fetched
NPFE: 34 rows fetched
NODE: 240 rows fetched
NOVM: 360 rows fetched
NOWL: 199 rows fetched
NOCT: 501 rows fetched
NOVZ: 501 rows fetched
NORW: 501 rows fetched
NOBL: 501 rows fetched
POST status 409: {"code":"23505","details":"Key (symbol, date)=(NOEQ, 2026-03-23) already exists.","hint":null,"messa
POST status 409: {"code":"23505","details":"Key (symbol, date)=(NOEQ, 2026-03-23) already exists.","hint":null,"messa
POST status 409: {"code":"23505","details":"Key (symbol, date)=(NOEQ, 2026-03-23) already exists.","hint":null,"messa
FAILED after 3 retries for NOEQ
NOEQ: INSERT FAILED
POST status 409: {"code":"23505","details":"Key (symbol, date)=(NOVP, 2025-04-29) already exists.","hint":null,"messa
POST status 409: {"code":"23505","details":"Key (symbol, date)=(NOVP, 2025-04-29) already exists.","hint":null,"messa
POST status 409: {"code":"23505","details":"Key (symbol, date)=(NOVP, 2025-04-29) already exists.","hint":null,"messa
FAILED after 3 retries for NOVP
NOVP: INSERT FAILED
POST status 409: {"code":"23505","details":"Key (symbol, date)=(NPFE, 2026-03-11) already exists.","hint":null,"messa
POST status 409: {"code":"23505","details":"Key (symbol, date)=(NPFE, 2026-03-11) already exists.","hint":null,"messa
POST status 409: {"code":"23505","details":"Key (symbol, date)=(NPFE, 2026-03-11) already exists.","hint":null,"messa
FAILED after 3 retries for NPFE
NPFE: INSERT FAILED
POST status 409: {"code":"23505","details":"Key (symbol, date)=(NODE, 2025-05-14) already exists.","hint":null,"messa
POST status 409: {"code":"23505","details":"Key (symbol, date)=(NODE, 2025-05-14) already exists.","hint":null,"messa
POST status 409: {"code":"23505","details":"Key (symbol, date)=(NODE, 2025-05-14) already exists.","hint":null,"messa
FAILED after 3 retries for NODE
NODE: INSERT FAILED
POST status 409: {"code":"23505","details":"Key (symbol, date)=(NOVM, 2024-11-18) already exists.","hint":null,"messa
POST status 409: {"code":"23505","details":"Key (symbol, date)=(NOVM, 2024-11-18) already exists.","hint":null,"messa
POST status 409: {"code":"23505","details":"Key (symbol, date)=(NOVM, 2024-11-18) already exists.","hint":null,"messa
FAILED after 3 retries for NOVM
NOVM: INSERT FAILED
POST status 409: {"code":"23505","details":"Key (symbol, date)=(NOWL, 2025-07-15) already exists.","hint":null,"messa
POST status 409: {"code":"23505","details":"Key (symbol, date)=(NOWL, 2025-07-15) already exists.","hint":null,"messa
POST status 409: {"code":"23505","details":"Key (symbol, date)=(NOWL, 2025-07-15) already exists.","hint":null,"messa
FAILED after 3 retries for NOWL
NOWL: INSERT FAILED
POST status 409: {"code":"23505","details":"Key (symbol, date)=(NOCT, 2024-04-29) already exists.","hint":null,"messa
POST status 409: {"code":"23505","details":"Key (symbol, date)=(NOCT, 2024-04-29) already exists.","hint":null,"messa
POST status 409: {"code":"23505","details":"Key (symbol, date)=(NOCT, 2024-04-29) already exists.","hint":null,"messa
FAILED after 3 retries for NOCT
NOCT: INSERT FAILED
POST status 409: {"code":"23505","details":"Key (symbol, date)=(NOVZ, 2024-04-29) already exists.","hint":null,"messa
POST status 409: {"code":"23505","details":"Key (symbol, date)=(NOVZ, 2024-04-29) already exists.","hint":null,"messa
POST status 409: {"code":"23505","details":"Key (symbol, date)=(NOVZ, 2024-04-29) already exists.","hint":null,"messa
FAILED after 3 retries for NOVZ
NOVZ: INSERT FAILED
POST status 409: {"code":"23505","details":"Key (symbol, date)=(NORW, 2024-04-29) already exists.","hint":null,"messa
POST status 409: {"code":"23505","details":"Key (symbol, date)=(NORW, 2024-04-29) already exists.","hint":null,"messa
POST status 409: {"code":"23505","details":"Key (symbol, date)=(NORW, 2024-04-29) already exists.","hint":null,"messa
FAILED after 3 retries for NORW
NORW: INSERT FAILED
POST status 409: {"code":"23505","details":"Key (symbol, date)=(NOBL, 2024-04-29) already exists.","hint":null,"messa
POST status 409: {"code":"23505","details":"Key (symbol, date)=(NOBL, 2024-04-29) already exists.","hint":null,"messa
POST status 409: {"code":"23505","details":"Key (symbol, date)=(NOBL, 2024-04-29) already exists.","hint":null,"messa
FAILED after 3 retries for NOBL
NOBL: INSERT FAILED
NRGD: 298 rows fetched
NTSX: 501 rows fetched
NSI: 501 rows fetched
NRES: 501 rows fetched
NRGU: 298 rows fetched
NSEP: 414 rows fetched
NPFI: 501 rows fetched
NRSH: 501 rows fetched
NTSI: 501 rows fetched
NTSE: 501 rows fetched
POST status 409: {"code":"23505","details":"Key (symbol, date)=(NRGD, 2025-02-20) already exists.","hint":null,"messa
POST status 409: {"code":"23505","details":"Key (symbol, date)=(NRGD, 2025-02-20) already exists.","hint":null,"messa
POST status 409: {"code":"23505","details":"Key (symbol, date)=(NRGD, 2025-02-20) already exists.","hint":null,"messa
FAILED after 3 retries for NRGD
NRGD: INSERT FAILED
POST status 409: {"code":"23505","details":"Key (symbol, date)=(NTSX, 2024-04-29) already exists.","hint":null,"messa
POST status 409: {"code":"23505","details":"Key (symbol, date)=(NTSX, 2024-04-29) already exists.","hint":null,"messa
POST status 409: {"code":"23505","details":"Key (symbol, date)=(NTSX, 2024-04-29) already exists.","hint":null,"messa
FAILED after 3 retries for NTSX
NTSX: INSERT FAILED
POST status 409: {"code":"23505","details":"Key (symbol, date)=(NSI, 2024-04-29) already exists.","hint":null,"messag
POST status 409: {"code":"23505","details":"Key (symbol, date)=(NSI, 2024-04-29) already exists.","hint":null,"messag
POST status 409: {"code":"23505","details":"Key (symbol, date)=(NSI, 2024-04-29) already exists.","hint":null,"messag
FAILED after 3 retries for NSI
NSI: INSERT FAILED
POST status 409: {"code":"23505","details":"Key (symbol, date)=(NRES, 2024-04-29) already exists.","hint":null,"messa
POST status 409: {"code":"23505","details":"Key (symbol, date)=(NRES, 2024-04-29) already exists.","hint":null,"messa
POST status 409: {"code":"23505","details":"Key (symbol, date)=(NRES, 2024-04-29) already exists.","hint":null,"messa
FAILED after 3 retries for NRES
NRES: INSERT FAILED
POST status 409: {"code":"23505","details":"Key (symbol, date)=(NRGU, 2025-02-20) already exists.","hint":null,"messa
POST status 409: {"code":"23505","details":"Key (symbol, date)=(NRGU, 2025-02-20) already exists.","hint":null,"messa
POST status 409: {"code":"23505","details":"Key (symbol, date)=(NRGU, 2025-02-20) already exists.","hint":null,"messa
FAILED after 3 retries for NRGU
NRGU: INSERT FAILED
POST status 409: {"code":"23505","details":"Key (symbol, date)=(NSEP, 2024-09-03) already exists.","hint":null,"messa
POST status 409: {"code":"23505","details":"Key (symbol, date)=(NSEP, 2024-09-03) already exists.","hint":null,"messa
POST status 409: {"code":"23505","details":"Key (symbol, date)=(NSEP, 2024-09-03) already exists.","hint":null,"messa
FAILED after 3 retries for NSEP
NSEP: INSERT FAILED
POST status 409: {"code":"23505","details":"Key (symbol, date)=(NPFI, 2024-04-29) already exists.","hint":null,"messa
POST status 409: {"code":"23505","details":"Key (symbol, date)=(NPFI, 2024-04-29) already exists.","hint":null,"messa
POST status 409: {"code":"23505","details":"Key (symbol, date)=(NPFI, 2024-04-29) already exists.","hint":null,"messa
FAILED after 3 retries for NPFI
NPFI: INSERT FAILED
POST status 409: {"code":"23505","details":"Key (symbol, date)=(NRSH, 2024-04-29) already exists.","hint":null,"messa
POST status 409: {"code":"23505","details":"Key (symbol, date)=(NRSH, 2024-04-29) already exists.","hint":null,"messa
POST status 409: {"code":"23505","details":"Key (symbol, date)=(NRSH, 2024-04-29) already exists.","hint":null,"messa
FAILED after 3 retries for NRSH
NRSH: INSERT FAILED
POST status 409: {"code":"23505","details":"Key (symbol, date)=(NTSI, 2024-04-29) already exists.","hint":null,"messa
POST status 409: {"code":"23505","details":"Key (symbol, date)=(NTSI, 2024-04-29) already exists.","hint":null,"messa
POST status 409: {"code":"23505","details":"Key (symbol, date)=(NTSI, 2024-04-29) already exists.","hint":null,"messa
FAILED after 3 retries for NTSI
NTSI: INSERT FAILED
POST status 409: {"code":"23505","details":"Key (symbol, date)=(NTSE, 2024-04-29) already exists.","hint":null,"messa
POST status 409: {"code":"23505","details":"Key (symbol, date)=(NTSE, 2024-04-29) already exists.","hint":null,"messa
POST status 409: {"code":"23505","details":"Key (symbol, date)=(NTSE, 2024-04-29) already exists.","hint":null,"messa
FAILED after 3 retries for NTSE
NTSE: INSERT FAILED
NUHY: 501 rows fetched
NUBD: 501 rows fetched
NUGY: 110 rows fetched
NUGO: 501 rows fetched
NUDM: 501 rows fetched
NUAG: 501 rows fetched
NUEM: 501 rows fetched
NUGT: 501 rows fetched
NUDV: 501 rows fetched
NUG: 111 rows fetched
POST status 409: {"code":"23505","details":"Key (symbol, date)=(NUHY, 2024-04-29) already exists.","hint":null,"messa
POST status 409: {"code":"23505","details":"Key (symbol, date)=(NUHY, 2024-04-29) already exists.","hint":null,"messa
POST status 409: {"code":"23505","details":"Key (symbol, date)=(NUHY, 2024-04-29) already exists.","hint":null,"messa
FAILED after 3 retries for NUHY
NUHY: INSERT FAILED
POST status 409: {"code":"23505","details":"Key (symbol, date)=(NUBD, 2024-04-29) already exists.","hint":null,"messa
POST status 409: {"code":"23505","details":"Key (symbol, date)=(NUBD, 2024-04-29) already exists.","hint":null,"messa
POST status 409: {"code":"23505","details":"Key (symbol, date)=(NUBD, 2024-04-29) already exists.","hint":null,"messa
FAILED after 3 retries for NUBD
NUBD: INSERT FAILED
POST status 409: {"code":"23505","details":"Key (symbol, date)=(NUGY, 2025-11-18) already exists.","hint":null,"messa
POST status 409: {"code":"23505","details":"Key (symbol, date)=(NUGY, 2025-11-18) already exists.","hint":null,"messa
POST status 409: {"code":"23505","details":"Key (symbol, date)=(NUGY, 2025-11-18) already exists.","hint":null,"messa
FAILED after 3 retries for NUGY
NUGY: INSERT FAILED
POST status 409: {"code":"23505","details":"Key (symbol, date)=(NUGO, 2024-04-29) already exists.","hint":null,"messa
POST status 409: {"code":"23505","details":"Key (symbol, date)=(NUGO, 2024-04-29) already exists.","hint":null,"messa
POST status 409: {"code":"23505","details":"Key (symbol, date)=(NUGO, 2024-04-29) already exists.","hint":null,"messa
FAILED after 3 retries for NUGO
NUGO: INSERT FAILED
POST status 409: {"code":"23505","details":"Key (symbol, date)=(NUDM, 2024-04-29) already exists.","hint":null,"messa
POST status 409: {"code":"23505","details":"Key (symbol, date)=(NUDM, 2024-04-29) already exists.","hint":null,"messa
POST status 409: {"code":"23505","details":"Key (symbol, date)=(NUDM, 2024-04-29) already exists.","hint":null,"messa
FAILED after 3 retries for NUDM
NUDM: INSERT FAILED
POST status 409: {"code":"23505","details":"Key (symbol, date)=(NUAG, 2024-04-29) already exists.","hint":null,"messa
POST status 409: {"code":"23505","details":"Key (symbol, date)=(NUAG, 2024-04-29) already exists.","hint":null,"messa
POST status 409: {"code":"23505","details":"Key (symbol, date)=(NUAG, 2024-04-29) already exists.","hint":null,"messa
FAILED after 3 retries for NUAG
NUAG: INSERT FAILED
POST status 409: {"code":"23505","details":"Key (symbol, date)=(NUEM, 2024-04-29) already exists.","hint":null,"messa
POST status 409: {"code":"23505","details":"Key (symbol, date)=(NUEM, 2024-04-29) already exists.","hint":null,"messa
POST status 409: {"code":"23505","details":"Key (symbol, date)=(NUEM, 2024-04-29) already exists.","hint":null,"messa
FAILED after 3 retries for NUEM
NUEM: INSERT FAILED
POST status 409: {"code":"23505","details":"Key (symbol, date)=(NUGT, 2024-04-29) already exists.","hint":null,"messa
POST status 409: {"code":"23505","details":"Key (symbol, date)=(NUGT, 2024-04-29) already exists.","hint":null,"messa
POST status 409: {"code":"23505","details":"Key (symbol, date)=(NUGT, 2024-04-29) already exists.","hint":null,"messa
FAILED after 3 retries for NUGT
NUGT: INSERT FAILED
POST status 409: {"code":"23505","details":"Key (symbol, date)=(NUDV, 2024-04-29) already exists.","hint":null,"messa
POST status 409: {"code":"23505","details":"Key (symbol, date)=(NUDV, 2024-04-29) already exists.","hint":null,"messa
POST status 409: {"code":"23505","details":"Key (symbol, date)=(NUDV, 2024-04-29) already exists.","hint":null,"messa
FAILED after 3 retries for NUDV
NUDV: INSERT FAILED
POST status 409: {"code":"23505","details":"Key (symbol, date)=(NUG, 2025-11-17) already exists.","hint":null,"messag
POST status 409: {"code":"23505","details":"Key (symbol, date)=(NUG, 2025-11-17) already exists.","hint":null,"messag
POST status 409: {"code":"23505","details":"Key (symbol, date)=(NUG, 2025-11-17) already exists.","hint":null,"messag
FAILED after 3 retries for NUG
NUG: INSERT FAILED
NUSB: 501 rows fetched
NULV: 501 rows fetched
NURE: 501 rows fetched
NULG: 501 rows fetched
NUSA: 501 rows fetched
NUMV: 501 rows fetched
NUMG: 501 rows fetched
NUMI: 317 rows fetched
NUKZ: 501 rows fetched
NULC: 501 rows fetched
POST status 409: {"code":"23505","details":"Key (symbol, date)=(NUSB, 2024-04-29) already exists.","hint":null,"messa
POST status 409: {"code":"23505","details":"Key (symbol, date)=(NUSB, 2024-04-29) already exists.","hint":null,"messa
POST status 409: {"code":"23505","details":"Key (symbol, date)=(NUSB, 2024-04-29) already exists.","hint":null,"messa
FAILED after 3 retries for NUSB
NUSB: INSERT FAILED
POST status 409: {"code":"23505","details":"Key (symbol, date)=(NULV, 2024-04-29) already exists.","hint":null,"messa
POST status 409: {"code":"23505","details":"Key (symbol, date)=(NULV, 2024-04-29) already exists.","hint":null,"messa
POST status 409: {"code":"23505","details":"Key (symbol, date)=(NULV, 2024-04-29) already exists.","hint":null,"messa
FAILED after 3 retries for NULV
NULV: INSERT FAILED
POST status 409: {"code":"23505","details":"Key (symbol, date)=(NURE, 2024-04-29) already exists.","hint":null,"messa
POST status 409: {"code":"23505","details":"Key (symbol, date)=(NURE, 2024-04-29) already exists.","hint":null,"messa
POST status 409: {"code":"23505","details":"Key (symbol, date)=(NURE, 2024-04-29) already exists.","hint":null,"messa
FAILED after 3 retries for NURE
NURE: INSERT FAILED
POST status 409: {"code":"23505","details":"Key (symbol, date)=(NULG, 2024-04-29) already exists.","hint":null,"messa
POST status 409: {"code":"23505","details":"Key (symbol, date)=(NULG, 2024-04-29) already exists.","hint":null,"messa
POST status 409: {"code":"23505","details":"Key (symbol, date)=(NULG, 2024-04-29) already exists.","hint":null,"messa
FAILED after 3 retries for NULG
NULG: INSERT FAILED
POST status 409: {"code":"23505","details":"Key (symbol, date)=(NUSA, 2024-04-29) already exists.","hint":null,"messa
POST status 409: {"code":"23505","details":"Key (symbol, date)=(NUSA, 2024-04-29) already exists.","hint":null,"messa
POST status 409: {"code":"23505","details":"Key (symbol, date)=(NUSA, 2024-04-29) already exists.","hint":null,"messa
FAILED after 3 retries for NUSA
NUSA: INSERT FAILED
POST status 409: {"code":"23505","details":"Key (symbol, date)=(NUMV, 2024-04-29) already exists.","hint":null,"messa
POST status 409: {"code":"23505","details":"Key (symbol, date)=(NUMV, 2024-04-29) already exists.","hint":null,"messa
POST status 409: {"code":"23505","details":"Key (symbol, date)=(NUMV, 2024-04-29) already exists.","hint":null,"messa
FAILED after 3 retries for NUMV
NUMV: INSERT FAILED
POST status 409: {"code":"23505","details":"Key (symbol, date)=(NUMG, 2024-04-29) already exists.","hint":null,"messa
POST status 409: {"code":"23505","details":"Key (symbol, date)=(NUMG, 2024-04-29) already exists.","hint":null,"messa
POST status 409: {"code":"23505","details":"Key (symbol, date)=(NUMG, 2024-04-29) already exists.","hint":null,"messa
FAILED after 3 retries for NUMG
NUMG: INSERT FAILED
POST status 409: {"code":"23505","details":"Key (symbol, date)=(NUMI, 2025-01-23) already exists.","hint":null,"messa
POST status 409: {"code":"23505","details":"Key (symbol, date)=(NUMI, 2025-01-23) already exists.","hint":null,"messa
POST status 409: {"code":"23505","details":"Key (symbol, date)=(NUMI, 2025-01-23) already exists.","hint":null,"messa
FAILED after 3 retries for NUMI
NUMI: INSERT FAILED
POST status 409: {"code":"23505","details":"Key (symbol, date)=(NUKZ, 2024-04-29) already exists.","hint":null,"messa
POST status 409: {"code":"23505","details":"Key (symbol, date)=(NUKZ, 2024-04-29) already exists.","hint":null,"messa
POST status 409: {"code":"23505","details":"Key (symbol, date)=(NUKZ, 2024-04-29) already exists.","hint":null,"messa
FAILED after 3 retries for NUKZ
NUKZ: INSERT FAILED
POST status 409: {"code":"23505","details":"Key (symbol, date)=(NULC, 2024-04-29) already exists.","hint":null,"messa
POST status 409: {"code":"23505","details":"Key (symbol, date)=(NULC, 2024-04-29) already exists.","hint":null,"messa
POST status 409: {"code":"23505","details":"Key (symbol, date)=(NULC, 2024-04-29) already exists.","hint":null,"messa
FAILED after 3 retries for NULC
NULC: INSERT FAILED
NVDO: 178 rows fetched
NVBW: 501 rows fetched
NVBT: 501 rows fetched
NVBU: 371 rows fetched
NVDQ: 501 rows fetched
NUSC: 501 rows fetched
NVDD: 501 rows fetched
NVD: 501 rows fetched
NVDL: 501 rows fetched
NVDG: 342 rows fetched
POST status 409: {"code":"23505","details":"Key (symbol, date)=(NVDO, 2025-08-13) already exists.","hint":null,"messa
POST status 409: {"code":"23505","details":"Key (symbol, date)=(NVDO, 2025-08-13) already exists.","hint":null,"messa
POST status 409: {"code":"23505","details":"Key (symbol, date)=(NVDO, 2025-08-13) already exists.","hint":null,"messa
FAILED after 3 retries for NVDO
NVDO: INSERT FAILED
POST status 409: {"code":"23505","details":"Key (symbol, date)=(NVBW, 2024-04-29) already exists.","hint":null,"messa
POST status 409: {"code":"23505","details":"Key (symbol, date)=(NVBW, 2024-04-29) already exists.","hint":null,"messa
POST status 409: {"code":"23505","details":"Key (symbol, date)=(NVBW, 2024-04-29) already exists.","hint":null,"messa
FAILED after 3 retries for NVBW
NVBW: INSERT FAILED
POST status 409: {"code":"23505","details":"Key (symbol, date)=(NVBT, 2024-04-29) already exists.","hint":null,"messa
POST status 409: {"code":"23505","details":"Key (symbol, date)=(NVBT, 2024-04-29) already exists.","hint":null,"messa
POST status 409: {"code":"23505","details":"Key (symbol, date)=(NVBT, 2024-04-29) already exists.","hint":null,"messa
FAILED after 3 retries for NVBT
NVBT: INSERT FAILED
POST status 409: {"code":"23505","details":"Key (symbol, date)=(NVBU, 2024-11-01) already exists.","hint":null,"messa
POST status 409: {"code":"23505","details":"Key (symbol, date)=(NVBU, 2024-11-01) already exists.","hint":null,"messa
POST status 409: {"code":"23505","details":"Key (symbol, date)=(NVBU, 2024-11-01) already exists.","hint":null,"messa
FAILED after 3 retries for NVBU
NVBU: INSERT FAILED
POST status 409: {"code":"23505","details":"Key (symbol, date)=(NVDQ, 2024-04-29) already exists.","hint":null,"messa
POST status 409: {"code":"23505","details":"Key (symbol, date)=(NVDQ, 2024-04-29) already exists.","hint":null,"messa
POST status 409: {"code":"23505","details":"Key (symbol, date)=(NVDQ, 2024-04-29) already exists.","hint":null,"messa
FAILED after 3 retries for NVDQ
NVDQ: INSERT FAILED
POST status 409: {"code":"23505","details":"Key (symbol, date)=(NUSC, 2024-04-29) already exists.","hint":null,"messa
POST status 409: {"code":"23505","details":"Key (symbol, date)=(NUSC, 2024-04-29) already exists.","hint":null,"messa
POST status 409: {"code":"23505","details":"Key (symbol, date)=(NUSC, 2024-04-29) already exists.","hint":null,"messa
FAILED after 3 retries for NUSC
NUSC: INSERT FAILED
POST status 409: {"code":"23505","details":"Key (symbol, date)=(NVDD, 2024-04-29) already exists.","hint":null,"messa
POST status 409: {"code":"23505","details":"Key (symbol, date)=(NVDD, 2024-04-29) already exists.","hint":null,"messa
POST status 409: {"code":"23505","details":"Key (symbol, date)=(NVDD, 2024-04-29) already exists.","hint":null,"messa
FAILED after 3 retries for NVDD
NVDD: INSERT FAILED
POST status 409: {"code":"23505","details":"Key (symbol, date)=(NVD, 2024-04-29) already exists.","hint":null,"messag
POST status 409: {"code":"23505","details":"Key (symbol, date)=(NVD, 2024-04-29) already exists.","hint":null,"messag
POST status 409: {"code":"23505","details":"Key (symbol, date)=(NVD, 2024-04-29) already exists.","hint":null,"messag
FAILED after 3 retries for NVD
NVD: INSERT FAILED
POST status 409: {"code":"23505","details":"Key (symbol, date)=(NVDL, 2024-04-29) already exists.","hint":null,"messa
POST status 409: {"code":"23505","details":"Key (symbol, date)=(NVDL, 2024-04-29) already exists.","hint":null,"messa
POST status 409: {"code":"23505","details":"Key (symbol, date)=(NVDL, 2024-04-29) already exists.","hint":null,"messa
FAILED after 3 retries for NVDL
NVDL: INSERT FAILED
POST status 409: {"code":"23505","details":"Key (symbol, date)=(NVDG, 2024-12-13) already exists.","hint":null,"messa
POST status 409: {"code":"23505","details":"Key (symbol, date)=(NVDG, 2024-12-13) already exists.","hint":null,"messa
POST status 409: {"code":"23505","details":"Key (symbol, date)=(NVDG, 2024-12-13) already exists.","hint":null,"messa
FAILED after 3 retries for NVDG
NVDG: INSERT FAILED
NVDW: 299 rows fetched
NVIT: 110 rows fetched
NVII: 231 rows fetched
NVOH: 327 rows fetched
NVIR: 501 rows fetched
NVDX: 501 rows fetched
NVDY: 501 rows fetched
NVDU: 501 rows fetched
NVDS: 501 rows fetched
NVOX: 350 rows fetched
POST status 409: {"code":"23505","details":"Key (symbol, date)=(NVDW, 2025-02-19) already exists.","hint":null,"messa
POST status 409: {"code":"23505","details":"Key (symbol, date)=(NVDW, 2025-02-19) already exists.","hint":null,"messa
POST status 409: {"code":"23505","details":"Key (symbol, date)=(NVDW, 2025-02-19) already exists.","hint":null,"messa
FAILED after 3 retries for NVDW
NVDW: INSERT FAILED
POST status 409: {"code":"23505","details":"Key (symbol, date)=(NVIT, 2025-11-18) already exists.","hint":null,"messa
POST status 409: {"code":"23505","details":"Key (symbol, date)=(NVIT, 2025-11-18) already exists.","hint":null,"messa
POST status 409: {"code":"23505","details":"Key (symbol, date)=(NVIT, 2025-11-18) already exists.","hint":null,"messa
FAILED after 3 retries for NVIT
NVIT: INSERT FAILED
POST status 409: {"code":"23505","details":"Key (symbol, date)=(NVII, 2025-05-28) already exists.","hint":null,"messa
POST status 409: {"code":"23505","details":"Key (symbol, date)=(NVII, 2025-05-28) already exists.","hint":null,"messa
POST status 409: {"code":"23505","details":"Key (symbol, date)=(NVII, 2025-05-28) already exists.","hint":null,"messa
FAILED after 3 retries for NVII
NVII: INSERT FAILED
POST status 409: {"code":"23505","details":"Key (symbol, date)=(NVOH, 2025-01-07) already exists.","hint":null,"messa
POST status 409: {"code":"23505","details":"Key (symbol, date)=(NVOH, 2025-01-07) already exists.","hint":null,"messa
POST status 409: {"code":"23505","details":"Key (symbol, date)=(NVOH, 2025-01-07) already exists.","hint":null,"messa
FAILED after 3 retries for NVOH
NVOH: INSERT FAILED
POST status 409: {"code":"23505","details":"Key (symbol, date)=(NVIR, 2024-04-29) already exists.","hint":null,"messa
POST status 409: {"code":"23505","details":"Key (symbol, date)=(NVIR, 2024-04-29) already exists.","hint":null,"messa
POST status 409: {"code":"23505","details":"Key (symbol, date)=(NVIR, 2024-04-29) already exists.","hint":null,"messa
FAILED after 3 retries for NVIR
NVIR: INSERT FAILED
POST status 409: {"code":"23505","details":"Key (symbol, date)=(NVDX, 2024-04-29) already exists.","hint":null,"messa
POST status 409: {"code":"23505","details":"Key (symbol, date)=(NVDX, 2024-04-29) already exists.","hint":null,"messa
POST status 409: {"code":"23505","details":"Key (symbol, date)=(NVDX, 2024-04-29) already exists.","hint":null,"messa
FAILED after 3 retries for NVDX
NVDX: INSERT FAILED
POST status 409: {"code":"23505","details":"Key (symbol, date)=(NVDY, 2024-04-29) already exists.","hint":null,"messa
POST status 409: {"code":"23505","details":"Key (symbol, date)=(NVDY, 2024-04-29) already exists.","hint":null,"messa
POST status 409: {"code":"23505","details":"Key (symbol, date)=(NVDY, 2024-04-29) already exists.","hint":null,"messa
FAILED after 3 retries for NVDY
NVDY: INSERT FAILED
POST status 409: {"code":"23505","details":"Key (symbol, date)=(NVDU, 2024-04-29) already exists.","hint":null,"messa
POST status 409: {"code":"23505","details":"Key (symbol, date)=(NVDU, 2024-04-29) already exists.","hint":null,"messa
POST status 409: {"code":"23505","details":"Key (symbol, date)=(NVDU, 2024-04-29) already exists.","hint":null,"messa
FAILED after 3 retries for NVDU
NVDU: INSERT FAILED
POST status 409: {"code":"23505","details":"Key (symbol, date)=(NVDS, 2024-04-29) already exists.","hint":null,"messa
POST status 409: {"code":"23505","details":"Key (symbol, date)=(NVDS, 2024-04-29) already exists.","hint":null,"messa
POST status 409: {"code":"23505","details":"Key (symbol, date)=(NVDS, 2024-04-29) already exists.","hint":null,"messa
FAILED after 3 retries for NVDS
NVDS: INSERT FAILED
POST status 409: {"code":"23505","details":"Key (symbol, date)=(NVOX, 2024-12-03) already exists.","hint":null,"messa
POST status 409: {"code":"23505","details":"Key (symbol, date)=(NVOX, 2024-12-03) already exists.","hint":null,"messa
POST status 409: {"code":"23505","details":"Key (symbol, date)=(NVOX, 2024-12-03) already exists.","hint":null,"messa
FAILED after 3 retries for NVOX
NVOX: INSERT FAILED
OACP: 501 rows fetched
NVTX: 160 rows fetched
NZAC: 501 rows fetched
NXTG: 501 rows fetched
NXTI: 501 rows fetched
NXTE: 501 rows fetched
NYF: 501 rows fetched
NZUS: 501 rows fetched
NVYY: 241 rows fetched
NYM: 116 rows fetched
POST status 409: {"code":"23505","details":"Key (symbol, date)=(OACP, 2024-04-29) already exists.","hint":null,"messa
POST status 409: {"code":"23505","details":"Key (symbol, date)=(OACP, 2024-04-29) already exists.","hint":null,"messa
POST status 409: {"code":"23505","details":"Key (symbol, date)=(OACP, 2024-04-29) already exists.","hint":null,"messa
FAILED after 3 retries for OACP
OACP: INSERT FAILED
POST status 409: {"code":"23505","details":"Key (symbol, date)=(NVTX, 2025-09-09) already exists.","hint":null,"messa
POST status 409: {"code":"23505","details":"Key (symbol, date)=(NVTX, 2025-09-09) already exists.","hint":null,"messa
POST status 409: {"code":"23505","details":"Key (symbol, date)=(NVTX, 2025-09-09) already exists.","hint":null,"messa
FAILED after 3 retries for NVTX
NVTX: INSERT FAILED
POST status 409: {"code":"23505","details":"Key (symbol, date)=(NZAC, 2024-04-29) already exists.","hint":null,"messa
POST status 409: {"code":"23505","details":"Key (symbol, date)=(NZAC, 2024-04-29) already exists.","hint":null,"messa
POST status 409: {"code":"23505","details":"Key (symbol, date)=(NZAC, 2024-04-29) already exists.","hint":null,"messa
FAILED after 3 retries for NZAC
NZAC: INSERT FAILED
POST status 409: {"code":"23505","details":"Key (symbol, date)=(NXTG, 2024-04-29) already exists.","hint":null,"messa
POST status 409: {"code":"23505","details":"Key (symbol, date)=(NXTG, 2024-04-29) already exists.","hint":null,"messa
POST status 409: {"code":"23505","details":"Key (symbol, date)=(NXTG, 2024-04-29) already exists.","hint":null,"messa
FAILED after 3 retries for NXTG
NXTG: INSERT FAILED
POST status 409: {"code":"23505","details":"Key (symbol, date)=(NXTI, 2024-04-29) already exists.","hint":null,"messa
POST status 409: {"code":"23505","details":"Key (symbol, date)=(NXTI, 2024-04-29) already exists.","hint":null,"messa
POST status 409: {"code":"23505","details":"Key (symbol, date)=(NXTI, 2024-04-29) already exists.","hint":null,"messa
FAILED after 3 retries for NXTI
NXTI: INSERT FAILED
POST status 409: {"code":"23505","details":"Key (symbol, date)=(NXTE, 2024-04-29) already exists.","hint":null,"messa
POST status 409: {"code":"23505","details":"Key (symbol, date)=(NXTE, 2024-04-29) already exists.","hint":null,"messa
POST status 409: {"code":"23505","details":"Key (symbol, date)=(NXTE, 2024-04-29) already exists.","hint":null,"messa
FAILED after 3 retries for NXTE
NXTE: INSERT FAILED
POST status 409: {"code":"23505","details":"Key (symbol, date)=(NYF, 2024-04-29) already exists.","hint":null,"messag
POST status 409: {"code":"23505","details":"Key (symbol, date)=(NYF, 2024-04-29) already exists.","hint":null,"messag
POST status 409: {"code":"23505","details":"Key (symbol, date)=(NYF, 2024-04-29) already exists.","hint":null,"messag
FAILED after 3 retries for NYF
NYF: INSERT FAILED
POST status 409: {"code":"23505","details":"Key (symbol, date)=(NZUS, 2024-04-29) already exists.","hint":null,"messa
POST status 409: {"code":"23505","details":"Key (symbol, date)=(NZUS, 2024-04-29) already exists.","hint":null,"messa
POST status 409: {"code":"23505","details":"Key (symbol, date)=(NZUS, 2024-04-29) already exists.","hint":null,"messa
FAILED after 3 retries for NZUS
NZUS: INSERT FAILED
POST status 409: {"code":"23505","details":"Key (symbol, date)=(NVYY, 2025-05-13) already exists.","hint":null,"messa
POST status 409: {"code":"23505","details":"Key (symbol, date)=(NVYY, 2025-05-13) already exists.","hint":null,"messa
POST status 409: {"code":"23505","details":"Key (symbol, date)=(NVYY, 2025-05-13) already exists.","hint":null,"messa
FAILED after 3 retries for NVYY
NVYY: INSERT FAILED
POST status 409: {"code":"23505","details":"Key (symbol, date)=(NYM, 2025-11-10) already exists.","hint":null,"messag
POST status 409: {"code":"23505","details":"Key (symbol, date)=(NYM, 2025-11-10) already exists.","hint":null,"messag
POST status 409: {"code":"23505","details":"Key (symbol, date)=(NYM, 2025-11-10) already exists.","hint":null,"messag
FAILED after 3 retries for NYM
NYM: INSERT FAILED
OBTC: 501 rows fetched
OBIL: 501 rows fetched
OALC: 501 rows fetched
OAIM: 501 rows fetched
OAKM: 350 rows fetched
OARK: 501 rows fetched
OASC: 468 rows fetched
OAEM: 501 rows fetched
OBOR: 501 rows fetched
OBND: 501 rows fetched
POST status 409: {"code":"23505","details":"Key (symbol, date)=(OBTC, 2024-04-29) already exists.","hint":null,"messa
POST status 409: {"code":"23505","details":"Key (symbol, date)=(OBTC, 2024-04-29) already exists.","hint":null,"messa
POST status 409: {"code":"23505","details":"Key (symbol, date)=(OBTC, 2024-04-29) already exists.","hint":null,"messa
FAILED after 3 retries for OBTC
OBTC: INSERT FAILED
POST status 409: {"code":"23505","details":"Key (symbol, date)=(OBIL, 2024-04-29) already exists.","hint":null,"messa
POST status 409: {"code":"23505","details":"Key (symbol, date)=(OBIL, 2024-04-29) already exists.","hint":null,"messa
POST status 409: {"code":"23505","details":"Key (symbol, date)=(OBIL, 2024-04-29) already exists.","hint":null,"messa
FAILED after 3 retries for OBIL
OBIL: INSERT FAILED
POST status 409: {"code":"23505","details":"Key (symbol, date)=(OALC, 2024-04-29) already exists.","hint":null,"messa
POST status 409: {"code":"23505","details":"Key (symbol, date)=(OALC, 2024-04-29) already exists.","hint":null,"messa
POST status 409: {"code":"23505","details":"Key (symbol, date)=(OALC, 2024-04-29) already exists.","hint":null,"messa
FAILED after 3 retries for OALC
OALC: INSERT FAILED
POST status 409: {"code":"23505","details":"Key (symbol, date)=(OAIM, 2024-04-29) already exists.","hint":null,"messa
POST status 409: {"code":"23505","details":"Key (symbol, date)=(OAIM, 2024-04-29) already exists.","hint":null,"messa
POST status 409: {"code":"23505","details":"Key (symbol, date)=(OAIM, 2024-04-29) already exists.","hint":null,"messa
FAILED after 3 retries for OAIM
OAIM: INSERT FAILED
POST status 409: {"code":"23505","details":"Key (symbol, date)=(OAKM, 2024-12-03) already exists.","hint":null,"messa
POST status 409: {"code":"23505","details":"Key (symbol, date)=(OAKM, 2024-12-03) already exists.","hint":null,"messa
POST status 409: {"code":"23505","details":"Key (symbol, date)=(OAKM, 2024-12-03) already exists.","hint":null,"messa
FAILED after 3 retries for OAKM
OAKM: INSERT FAILED
POST status 409: {"code":"23505","details":"Key (symbol, date)=(OARK, 2024-04-29) already exists.","hint":null,"messa
POST status 409: {"code":"23505","details":"Key (symbol, date)=(OARK, 2024-04-29) already exists.","hint":null,"messa
POST status 409: {"code":"23505","details":"Key (symbol, date)=(OARK, 2024-04-29) already exists.","hint":null,"messa
FAILED after 3 retries for OARK
OARK: INSERT FAILED
POST status 409: {"code":"23505","details":"Key (symbol, date)=(OASC, 2024-06-14) already exists.","hint":null,"messa
POST status 409: {"code":"23505","details":"Key (symbol, date)=(OASC, 2024-06-14) already exists.","hint":null,"messa
POST status 409: {"code":"23505","details":"Key (symbol, date)=(OASC, 2024-06-14) already exists.","hint":null,"messa
FAILED after 3 retries for OASC
OASC: INSERT FAILED
POST status 409: {"code":"23505","details":"Key (symbol, date)=(OAEM, 2024-04-29) already exists.","hint":null,"messa
POST status 409: {"code":"23505","details":"Key (symbol, date)=(OAEM, 2024-04-29) already exists.","hint":null,"messa
POST status 409: {"code":"23505","details":"Key (symbol, date)=(OAEM, 2024-04-29) already exists.","hint":null,"messa
FAILED after 3 retries for OAEM
OAEM: INSERT FAILED
POST status 409: {"code":"23505","details":"Key (symbol, date)=(OBOR, 2024-04-29) already exists.","hint":null,"messa
POST status 409: {"code":"23505","details":"Key (symbol, date)=(OBOR, 2024-04-29) already exists.","hint":null,"messa
POST status 409: {"code":"23505","details":"Key (symbol, date)=(OBOR, 2024-04-29) already exists.","hint":null,"messa
FAILED after 3 retries for OBOR
OBOR: INSERT FAILED
POST status 409: {"code":"23505","details":"Key (symbol, date)=(OBND, 2024-04-29) already exists.","hint":null,"messa
POST status 409: {"code":"23505","details":"Key (symbol, date)=(OBND, 2024-04-29) already exists.","hint":null,"messa
POST status 409: {"code":"23505","details":"Key (symbol, date)=(OBND, 2024-04-29) already exists.","hint":null,"messa
FAILED after 3 retries for OBND
OBND: INSERT FAILED
OCTB: 135 rows fetched
OCTU: 394 rows fetched
OCTW: 501 rows fetched
OCTP: 487 rows fetched
OCIO: 501 rows fetched
OCTM: 380 rows fetched
OCTZ: 501 rows fetched
OCTH: 501 rows fetched
OCTT: 501 rows fetched
OCTJ: 501 rows fetched
POST status 409: {"code":"23505","details":"Key (symbol, date)=(OCTB, 2025-10-14) already exists.","hint":null,"messa
POST status 409: {"code":"23505","details":"Key (symbol, date)=(OCTB, 2025-10-14) already exists.","hint":null,"messa
POST status 409: {"code":"23505","details":"Key (symbol, date)=(OCTB, 2025-10-14) already exists.","hint":null,"messa
FAILED after 3 retries for OCTB
OCTB: INSERT FAILED
POST status 409: {"code":"23505","details":"Key (symbol, date)=(OCTU, 2024-10-01) already exists.","hint":null,"messa
POST status 409: {"code":"23505","details":"Key (symbol, date)=(OCTU, 2024-10-01) already exists.","hint":null,"messa
POST status 409: {"code":"23505","details":"Key (symbol, date)=(OCTU, 2024-10-01) already exists.","hint":null,"messa
FAILED after 3 retries for OCTU
OCTU: INSERT FAILED
POST status 409: {"code":"23505","details":"Key (symbol, date)=(OCTW, 2024-04-29) already exists.","hint":null,"messa
POST status 409: {"code":"23505","details":"Key (symbol, date)=(OCTW, 2024-04-29) already exists.","hint":null,"messa
POST status 409: {"code":"23505","details":"Key (symbol, date)=(OCTW, 2024-04-29) already exists.","hint":null,"messa
FAILED after 3 retries for OCTW
OCTW: INSERT FAILED
POST status 409: {"code":"23505","details":"Key (symbol, date)=(OCTP, 2024-05-17) already exists.","hint":null,"messa
POST status 409: {"code":"23505","details":"Key (symbol, date)=(OCTP, 2024-05-17) already exists.","hint":null,"messa
POST status 409: {"code":"23505","details":"Key (symbol, date)=(OCTP, 2024-05-17) already exists.","hint":null,"messa
FAILED after 3 retries for OCTP
OCTP: INSERT FAILED
POST status 409: {"code":"23505","details":"Key (symbol, date)=(OCIO, 2024-04-29) already exists.","hint":null,"messa
POST status 409: {"code":"23505","details":"Key (symbol, date)=(OCIO, 2024-04-29) already exists.","hint":null,"messa
POST status 409: {"code":"23505","details":"Key (symbol, date)=(OCIO, 2024-04-29) already exists.","hint":null,"messa
FAILED after 3 retries for OCIO
OCIO: INSERT FAILED
POST status 409: {"code":"23505","details":"Key (symbol, date)=(OCTM, 2024-10-21) already exists.","hint":null,"messa
POST status 409: {"code":"23505","details":"Key (symbol, date)=(OCTM, 2024-10-21) already exists.","hint":null,"messa
POST status 409: {"code":"23505","details":"Key (symbol, date)=(OCTM, 2024-10-21) already exists.","hint":null,"messa
FAILED after 3 retries for OCTM
OCTM: INSERT FAILED
POST status 409: {"code":"23505","details":"Key (symbol, date)=(OCTZ, 2024-04-29) already exists.","hint":null,"messa
POST status 409: {"code":"23505","details":"Key (symbol, date)=(OCTZ, 2024-04-29) already exists.","hint":null,"messa
POST status 409: {"code":"23505","details":"Key (symbol, date)=(OCTZ, 2024-04-29) already exists.","hint":null,"messa
FAILED after 3 retries for OCTZ
OCTZ: INSERT FAILED
POST status 409: {"code":"23505","details":"Key (symbol, date)=(OCTH, 2024-04-29) already exists.","hint":null,"messa
POST status 409: {"code":"23505","details":"Key (symbol, date)=(OCTH, 2024-04-29) already exists.","hint":null,"messa
POST status 409: {"code":"23505","details":"Key (symbol, date)=(OCTH, 2024-04-29) already exists.","hint":null,"messa
FAILED after 3 retries for OCTH
OCTH: INSERT FAILED
POST status 409: {"code":"23505","details":"Key (symbol, date)=(OCTT, 2024-04-29) already exists.","hint":null,"messa
POST status 409: {"code":"23505","details":"Key (symbol, date)=(OCTT, 2024-04-29) already exists.","hint":null,"messa
POST status 409: {"code":"23505","details":"Key (symbol, date)=(OCTT, 2024-04-29) already exists.","hint":null,"messa
FAILED after 3 retries for OCTT
OCTT: INSERT FAILED
POST status 409: {"code":"23505","details":"Key (symbol, date)=(OCTJ, 2024-04-29) already exists.","hint":null,"messa
POST status 409: {"code":"23505","details":"Key (symbol, date)=(OCTJ, 2024-04-29) already exists.","hint":null,"messa
POST status 409: {"code":"23505","details":"Key (symbol, date)=(OCTJ, 2024-04-29) already exists.","hint":null,"messa
FAILED after 3 retries for OCTJ
OCTJ: INSERT FAILED
OGSP: 501 rows fetched
ODDS: 501 rows fetched
ODTE: 18 rows fetched
OILD: 501 rows fetched
OGIG: 501 rows fetched
OEFA: 501 rows fetched
OIH: 501 rows fetched
ODHY: 209 rows fetched
OILK: 501 rows fetched
OEF: 501 rows fetched
POST status 409: {"code":"23505","details":"Key (symbol, date)=(OGSP, 2024-04-29) already exists.","hint":null,"messa
POST status 409: {"code":"23505","details":"Key (symbol, date)=(OGSP, 2024-04-29) already exists.","hint":null,"messa
POST status 409: {"code":"23505","details":"Key (symbol, date)=(OGSP, 2024-04-29) already exists.","hint":null,"messa
FAILED after 3 retries for OGSP
OGSP: INSERT FAILED
POST status 409: {"code":"23505","details":"Key (symbol, date)=(ODDS, 2024-04-29) already exists.","hint":null,"messa
POST status 409: {"code":"23505","details":"Key (symbol, date)=(ODDS, 2024-04-29) already exists.","hint":null,"messa
POST status 409: {"code":"23505","details":"Key (symbol, date)=(ODDS, 2024-04-29) already exists.","hint":null,"messa
FAILED after 3 retries for ODDS
ODDS: INSERT FAILED
POST status 409: {"code":"23505","details":"Key (symbol, date)=(ODTE, 2026-04-02) already exists.","hint":null,"messa
POST status 409: {"code":"23505","details":"Key (symbol, date)=(ODTE, 2026-04-02) already exists.","hint":null,"messa
POST status 409: {"code":"23505","details":"Key (symbol, date)=(ODTE, 2026-04-02) already exists.","hint":null,"messa
FAILED after 3 retries for ODTE
ODTE: INSERT FAILED
POST status 409: {"code":"23505","details":"Key (symbol, date)=(OILD, 2024-04-29) already exists.","hint":null,"messa
POST status 409: {"code":"23505","details":"Key (symbol, date)=(OILD, 2024-04-29) already exists.","hint":null,"messa
POST status 409: {"code":"23505","details":"Key (symbol, date)=(OILD, 2024-04-29) already exists.","hint":null,"messa
FAILED after 3 retries for OILD
OILD: INSERT FAILED
POST status 409: {"code":"23505","details":"Key (symbol, date)=(OGIG, 2024-04-29) already exists.","hint":null,"messa
POST status 409: {"code":"23505","details":"Key (symbol, date)=(OGIG, 2024-04-29) already exists.","hint":null,"messa
POST status 409: {"code":"23505","details":"Key (symbol, date)=(OGIG, 2024-04-29) already exists.","hint":null,"messa
FAILED after 3 retries for OGIG
OGIG: INSERT FAILED
POST status 409: {"code":"23505","details":"Key (symbol, date)=(OEFA, 2024-04-29) already exists.","hint":null,"messa
POST status 409: {"code":"23505","details":"Key (symbol, date)=(OEFA, 2024-04-29) already exists.","hint":null,"messa
POST status 409: {"code":"23505","details":"Key (symbol, date)=(OEFA, 2024-04-29) already exists.","hint":null,"messa
FAILED after 3 retries for OEFA
OEFA: INSERT FAILED
POST status 409: {"code":"23505","details":"Key (symbol, date)=(OIH, 2024-04-29) already exists.","hint":null,"messag
POST status 409: {"code":"23505","details":"Key (symbol, date)=(OIH, 2024-04-29) already exists.","hint":null,"messag
POST status 409: {"code":"23505","details":"Key (symbol, date)=(OIH, 2024-04-29) already exists.","hint":null,"messag
FAILED after 3 retries for OIH
OIH: INSERT FAILED
POST status 409: {"code":"23505","details":"Key (symbol, date)=(ODHY, 2025-06-30) already exists.","hint":null,"messa
POST status 409: {"code":"23505","details":"Key (symbol, date)=(ODHY, 2025-06-30) already exists.","hint":null,"messa
POST status 409: {"code":"23505","details":"Key (symbol, date)=(ODHY, 2025-06-30) already exists.","hint":null,"messa
FAILED after 3 retries for ODHY
ODHY: INSERT FAILED
POST status 409: {"code":"23505","details":"Key (symbol, date)=(OILK, 2024-04-29) already exists.","hint":null,"messa
POST status 409: {"code":"23505","details":"Key (symbol, date)=(OILK, 2024-04-29) already exists.","hint":null,"messa
POST status 409: {"code":"23505","details":"Key (symbol, date)=(OILK, 2024-04-29) already exists.","hint":null,"messa
FAILED after 3 retries for OILK
OILK: INSERT FAILED
POST status 409: {"code":"23505","details":"Key (symbol, date)=(OEF, 2024-04-29) already exists.","hint":null,"messag
POST status 409: {"code":"23505","details":"Key (symbol, date)=(OEF, 2024-04-29) already exists.","hint":null,"messag
POST status 409: {"code":"23505","details":"Key (symbol, date)=(OEF, 2024-04-29) already exists.","hint":null,"messag
FAILED after 3 retries for OEF
OEF: INSERT FAILED
ONDG: 73 rows fetched
OKLL: 213 rows fetched
OMAH: 289 rows fetched
OND: 501 rows fetched
OKTG: 111 rows fetched
OILU: 501 rows fetched
OKLS: 104 rows fetched
OMFS: 501 rows fetched
OILT: 501 rows fetched
OMFL: 501 rows fetched
POST status 409: {"code":"23505","details":"Key (symbol, date)=(ONDG, 2026-01-13) already exists.","hint":null,"messa
POST status 409: {"code":"23505","details":"Key (symbol, date)=(ONDG, 2026-01-13) already exists.","hint":null,"messa
POST status 409: {"code":"23505","details":"Key (symbol, date)=(ONDG, 2026-01-13) already exists.","hint":null,"messa
FAILED after 3 retries for ONDG
ONDG: INSERT FAILED
POST status 409: {"code":"23505","details":"Key (symbol, date)=(OKLL, 2025-06-24) already exists.","hint":null,"messa
POST status 409: {"code":"23505","details":"Key (symbol, date)=(OKLL, 2025-06-24) already exists.","hint":null,"messa
POST status 409: {"code":"23505","details":"Key (symbol, date)=(OKLL, 2025-06-24) already exists.","hint":null,"messa
FAILED after 3 retries for OKLL
OKLL: INSERT FAILED
POST status 409: {"code":"23505","details":"Key (symbol, date)=(OMAH, 2025-03-05) already exists.","hint":null,"messa
POST status 409: {"code":"23505","details":"Key (symbol, date)=(OMAH, 2025-03-05) already exists.","hint":null,"messa
POST status 409: {"code":"23505","details":"Key (symbol, date)=(OMAH, 2025-03-05) already exists.","hint":null,"messa
FAILED after 3 retries for OMAH
OMAH: INSERT FAILED
POST status 409: {"code":"23505","details":"Key (symbol, date)=(OND, 2024-04-29) already exists.","hint":null,"messag
POST status 409: {"code":"23505","details":"Key (symbol, date)=(OND, 2024-04-29) already exists.","hint":null,"messag
POST status 409: {"code":"23505","details":"Key (symbol, date)=(OND, 2024-04-29) already exists.","hint":null,"messag
FAILED after 3 retries for OND
OND: INSERT FAILED
POST status 409: {"code":"23505","details":"Key (symbol, date)=(OKTG, 2025-11-17) already exists.","hint":null,"messa
POST status 409: {"code":"23505","details":"Key (symbol, date)=(OKTG, 2025-11-17) already exists.","hint":null,"messa
POST status 409: {"code":"23505","details":"Key (symbol, date)=(OKTG, 2025-11-17) already exists.","hint":null,"messa
FAILED after 3 retries for OKTG
OKTG: INSERT FAILED
POST status 409: {"code":"23505","details":"Key (symbol, date)=(OILU, 2024-04-29) already exists.","hint":null,"messa
POST status 409: {"code":"23505","details":"Key (symbol, date)=(OILU, 2024-04-29) already exists.","hint":null,"messa
POST status 409: {"code":"23505","details":"Key (symbol, date)=(OILU, 2024-04-29) already exists.","hint":null,"messa
FAILED after 3 retries for OILU
OILU: INSERT FAILED
POST status 409: {"code":"23505","details":"Key (symbol, date)=(OKLS, 2025-11-26) already exists.","hint":null,"messa
POST status 409: {"code":"23505","details":"Key (symbol, date)=(OKLS, 2025-11-26) already exists.","hint":null,"messa
POST status 409: {"code":"23505","details":"Key (symbol, date)=(OKLS, 2025-11-26) already exists.","hint":null,"messa
FAILED after 3 retries for OKLS
OKLS: INSERT FAILED
POST status 409: {"code":"23505","details":"Key (symbol, date)=(OMFS, 2024-04-29) already exists.","hint":null,"messa
POST status 409: {"code":"23505","details":"Key (symbol, date)=(OMFS, 2024-04-29) already exists.","hint":null,"messa
POST status 409: {"code":"23505","details":"Key (symbol, date)=(OMFS, 2024-04-29) already exists.","hint":null,"messa
FAILED after 3 retries for OMFS
OMFS: INSERT FAILED
POST status 409: {"code":"23505","details":"Key (symbol, date)=(OILT, 2024-04-29) already exists.","hint":null,"messa
POST status 409: {"code":"23505","details":"Key (symbol, date)=(OILT, 2024-04-29) already exists.","hint":null,"messa
POST status 409: {"code":"23505","details":"Key (symbol, date)=(OILT, 2024-04-29) already exists.","hint":null,"messa
FAILED after 3 retries for OILT
OILT: INSERT FAILED
POST status 409: {"code":"23505","details":"Key (symbol, date)=(OMFL, 2024-04-29) already exists.","hint":null,"messa
POST status 409: {"code":"23505","details":"Key (symbol, date)=(OMFL, 2024-04-29) already exists.","hint":null,"messa
POST status 409: {"code":"23505","details":"Key (symbol, date)=(OMFL, 2024-04-29) already exists.","hint":null,"messa
FAILED after 3 retries for OMFL
OMFL: INSERT FAILED
ONDL: 82 rows fetched
ONEO: 501 rows fetched
ONEY: 501 rows fetched
ONEV: 501 rows fetched
ONDU: 73 rows fetched
ONEH: 61 rows fetched
ONLN: 501 rows fetched
ONEZ: 311 rows fetched
ONEQ: 501 rows fetched
ONOF: 501 rows fetched
POST status 409: {"code":"23505","details":"Key (symbol, date)=(ONDL, 2025-12-30) already exists.","hint":null,"messa
POST status 409: {"code":"23505","details":"Key (symbol, date)=(ONDL, 2025-12-30) already exists.","hint":null,"messa
POST status 409: {"code":"23505","details":"Key (symbol, date)=(ONDL, 2025-12-30) already exists.","hint":null,"messa
FAILED after 3 retries for ONDL
ONDL: INSERT FAILED
POST status 409: {"code":"23505","details":"Key (symbol, date)=(ONEO, 2024-04-29) already exists.","hint":null,"messa
POST status 409: {"code":"23505","details":"Key (symbol, date)=(ONEO, 2024-04-29) already exists.","hint":null,"messa
POST status 409: {"code":"23505","details":"Key (symbol, date)=(ONEO, 2024-04-29) already exists.","hint":null,"messa
FAILED after 3 retries for ONEO
ONEO: INSERT FAILED
POST status 409: {"code":"23505","details":"Key (symbol, date)=(ONEY, 2024-04-29) already exists.","hint":null,"messa
POST status 409: {"code":"23505","details":"Key (symbol, date)=(ONEY, 2024-04-29) already exists.","hint":null,"messa
POST status 409: {"code":"23505","details":"Key (symbol, date)=(ONEY, 2024-04-29) already exists.","hint":null,"messa
FAILED after 3 retries for ONEY
ONEY: INSERT FAILED
POST status 409: {"code":"23505","details":"Key (symbol, date)=(ONEV, 2024-04-29) already exists.","hint":null,"messa
POST status 409: {"code":"23505","details":"Key (symbol, date)=(ONEV, 2024-04-29) already exists.","hint":null,"messa
POST status 409: {"code":"23505","details":"Key (symbol, date)=(ONEV, 2024-04-29) already exists.","hint":null,"messa
FAILED after 3 retries for ONEV
ONEV: INSERT FAILED
POST status 409: {"code":"23505","details":"Key (symbol, date)=(ONDU, 2026-01-13) already exists.","hint":null,"messa
POST status 409: {"code":"23505","details":"Key (symbol, date)=(ONDU, 2026-01-13) already exists.","hint":null,"messa
POST status 409: {"code":"23505","details":"Key (symbol, date)=(ONDU, 2026-01-13) already exists.","hint":null,"messa
FAILED after 3 retries for ONDU
ONDU: INSERT FAILED
POST status 409: {"code":"23505","details":"Key (symbol, date)=(ONEH, 2026-01-30) already exists.","hint":null,"messa
POST status 409: {"code":"23505","details":"Key (symbol, date)=(ONEH, 2026-01-30) already exists.","hint":null,"messa
POST status 409: {"code":"23505","details":"Key (symbol, date)=(ONEH, 2026-01-30) already exists.","hint":null,"messa
FAILED after 3 retries for ONEH
ONEH: INSERT FAILED
POST status 409: {"code":"23505","details":"Key (symbol, date)=(ONLN, 2024-04-29) already exists.","hint":null,"messa
POST status 409: {"code":"23505","details":"Key (symbol, date)=(ONLN, 2024-04-29) already exists.","hint":null,"messa
POST status 409: {"code":"23505","details":"Key (symbol, date)=(ONLN, 2024-04-29) already exists.","hint":null,"messa
FAILED after 3 retries for ONLN
ONLN: INSERT FAILED
POST status 409: {"code":"23505","details":"Key (symbol, date)=(ONEZ, 2025-01-31) already exists.","hint":null,"messa
POST status 409: {"code":"23505","details":"Key (symbol, date)=(ONEZ, 2025-01-31) already exists.","hint":null,"messa
POST status 409: {"code":"23505","details":"Key (symbol, date)=(ONEZ, 2025-01-31) already exists.","hint":null,"messa
FAILED after 3 retries for ONEZ
ONEZ: INSERT FAILED
POST status 409: {"code":"23505","details":"Key (symbol, date)=(ONEQ, 2024-04-29) already exists.","hint":null,"messa
POST status 409: {"code":"23505","details":"Key (symbol, date)=(ONEQ, 2024-04-29) already exists.","hint":null,"messa
POST status 409: {"code":"23505","details":"Key (symbol, date)=(ONEQ, 2024-04-29) already exists.","hint":null,"messa
FAILED after 3 retries for ONEQ
ONEQ: INSERT FAILED
POST status 409: {"code":"23505","details":"Key (symbol, date)=(ONOF, 2024-04-29) already exists.","hint":null,"messa
POST status 409: {"code":"23505","details":"Key (symbol, date)=(ONOF, 2024-04-29) already exists.","hint":null,"messa
POST status 409: {"code":"23505","details":"Key (symbol, date)=(ONOF, 2024-04-29) already exists.","hint":null,"messa
FAILED after 3 retries for ONOF
ONOF: INSERT FAILED
ORBX: 10 rows fetched
OOSP: 501 rows fetched
OPEG: 94 rows fetched
ORCU: 109 rows fetched
OPER: 501 rows fetched
OPTZ: 501 rows fetched
OPEX: 128 rows fetched
OPPE: 501 rows fetched
OPPJ: 501 rows fetched
ORCS: 109 rows fetched
POST status 409: {"code":"23505","details":"Key (symbol, date)=(ORBX, 2026-04-15) already exists.","hint":null,"messa
POST status 409: {"code":"23505","details":"Key (symbol, date)=(ORBX, 2026-04-15) already exists.","hint":null,"messa
POST status 409: {"code":"23505","details":"Key (symbol, date)=(ORBX, 2026-04-15) already exists.","hint":null,"messa
FAILED after 3 retries for ORBX
ORBX: INSERT FAILED
POST status 409: {"code":"23505","details":"Key (symbol, date)=(OOSP, 2024-04-29) already exists.","hint":null,"messa
POST status 409: {"code":"23505","details":"Key (symbol, date)=(OOSP, 2024-04-29) already exists.","hint":null,"messa
POST status 409: {"code":"23505","details":"Key (symbol, date)=(OOSP, 2024-04-29) already exists.","hint":null,"messa
FAILED after 3 retries for OOSP
OOSP: INSERT FAILED
POST status 409: {"code":"23505","details":"Key (symbol, date)=(OPEG, 2025-12-11) already exists.","hint":null,"messa
POST status 409: {"code":"23505","details":"Key (symbol, date)=(OPEG, 2025-12-11) already exists.","hint":null,"messa
POST status 409: {"code":"23505","details":"Key (symbol, date)=(OPEG, 2025-12-11) already exists.","hint":null,"messa
FAILED after 3 retries for OPEG
OPEG: INSERT FAILED
POST status 409: {"code":"23505","details":"Key (symbol, date)=(ORCU, 2025-11-19) already exists.","hint":null,"messa
POST status 409: {"code":"23505","details":"Key (symbol, date)=(ORCU, 2025-11-19) already exists.","hint":null,"messa
POST status 409: {"code":"23505","details":"Key (symbol, date)=(ORCU, 2025-11-19) already exists.","hint":null,"messa
FAILED after 3 retries for ORCU
ORCU: INSERT FAILED
POST status 409: {"code":"23505","details":"Key (symbol, date)=(OPER, 2024-04-29) already exists.","hint":null,"messa
POST status 409: {"code":"23505","details":"Key (symbol, date)=(OPER, 2024-04-29) already exists.","hint":null,"messa
POST status 409: {"code":"23505","details":"Key (symbol, date)=(OPER, 2024-04-29) already exists.","hint":null,"messa
FAILED after 3 retries for OPER
OPER: INSERT FAILED
POST status 409: {"code":"23505","details":"Key (symbol, date)=(OPTZ, 2024-04-29) already exists.","hint":null,"messa
POST status 409: {"code":"23505","details":"Key (symbol, date)=(OPTZ, 2024-04-29) already exists.","hint":null,"messa
POST status 409: {"code":"23505","details":"Key (symbol, date)=(OPTZ, 2024-04-29) already exists.","hint":null,"messa
FAILED after 3 retries for OPTZ
OPTZ: INSERT FAILED
POST status 409: {"code":"23505","details":"Key (symbol, date)=(OPEX, 2025-10-23) already exists.","hint":null,"messa
POST status 409: {"code":"23505","details":"Key (symbol, date)=(OPEX, 2025-10-23) already exists.","hint":null,"messa
POST status 409: {"code":"23505","details":"Key (symbol, date)=(OPEX, 2025-10-23) already exists.","hint":null,"messa
FAILED after 3 retries for OPEX
OPEX: INSERT FAILED
POST status 409: {"code":"23505","details":"Key (symbol, date)=(OPPE, 2024-04-29) already exists.","hint":null,"messa
POST status 409: {"code":"23505","details":"Key (symbol, date)=(OPPE, 2024-04-29) already exists.","hint":null,"messa
POST status 409: {"code":"23505","details":"Key (symbol, date)=(OPPE, 2024-04-29) already exists.","hint":null,"messa
FAILED after 3 retries for OPPE
OPPE: INSERT FAILED
POST status 409: {"code":"23505","details":"Key (symbol, date)=(OPPJ, 2024-04-29) already exists.","hint":null,"messa
POST status 409: {"code":"23505","details":"Key (symbol, date)=(OPPJ, 2024-04-29) already exists.","hint":null,"messa
POST status 409: {"code":"23505","details":"Key (symbol, date)=(OPPJ, 2024-04-29) already exists.","hint":null,"messa
FAILED after 3 retries for OPPJ
OPPJ: INSERT FAILED
POST status 409: {"code":"23505","details":"Key (symbol, date)=(ORCS, 2025-11-19) already exists.","hint":null,"messa
POST status 409: {"code":"23505","details":"Key (symbol, date)=(ORCS, 2025-11-19) already exists.","hint":null,"messa
POST status 409: {"code":"23505","details":"Key (symbol, date)=(ORCS, 2025-11-19) already exists.","hint":null,"messa
FAILED after 3 retries for ORCS
ORCS: INSERT FAILED
OTGL: 199 rows fetched
ORCX: 306 rows fetched
OSCX: 148 rows fetched
OUNZ: 501 rows fetched
ORLG: 71 rows fetched
OSCG: 119 rows fetched
OSEA: 501 rows fetched
OSCV: 501 rows fetched
ORR: 322 rows fetched
ORO: 132 rows fetched
POST status 409: {"code":"23505","details":"Key (symbol, date)=(OTGL, 2025-07-15) already exists.","hint":null,"messa
POST status 409: {"code":"23505","details":"Key (symbol, date)=(OTGL, 2025-07-15) already exists.","hint":null,"messa
POST status 409: {"code":"23505","details":"Key (symbol, date)=(OTGL, 2025-07-15) already exists.","hint":null,"messa
FAILED after 3 retries for OTGL
OTGL: INSERT FAILED
POST status 409: {"code":"23505","details":"Key (symbol, date)=(ORCX, 2025-02-07) already exists.","hint":null,"messa
POST status 409: {"code":"23505","details":"Key (symbol, date)=(ORCX, 2025-02-07) already exists.","hint":null,"messa
POST status 409: {"code":"23505","details":"Key (symbol, date)=(ORCX, 2025-02-07) already exists.","hint":null,"messa
FAILED after 3 retries for ORCX
ORCX: INSERT FAILED
POST status 409: {"code":"23505","details":"Key (symbol, date)=(OSCX, 2025-09-25) already exists.","hint":null,"messa
POST status 409: {"code":"23505","details":"Key (symbol, date)=(OSCX, 2025-09-25) already exists.","hint":null,"messa
POST status 409: {"code":"23505","details":"Key (symbol, date)=(OSCX, 2025-09-25) already exists.","hint":null,"messa
FAILED after 3 retries for OSCX
OSCX: INSERT FAILED
POST status 409: {"code":"23505","details":"Key (symbol, date)=(OUNZ, 2024-04-29) already exists.","hint":null,"messa
POST status 409: {"code":"23505","details":"Key (symbol, date)=(OUNZ, 2024-04-29) already exists.","hint":null,"messa
POST status 409: {"code":"23505","details":"Key (symbol, date)=(OUNZ, 2024-04-29) already exists.","hint":null,"messa
FAILED after 3 retries for OUNZ
OUNZ: INSERT FAILED
POST status 409: {"code":"23505","details":"Key (symbol, date)=(ORLG, 2026-01-15) already exists.","hint":null,"messa
POST status 409: {"code":"23505","details":"Key (symbol, date)=(ORLG, 2026-01-15) already exists.","hint":null,"messa
POST status 409: {"code":"23505","details":"Key (symbol, date)=(ORLG, 2026-01-15) already exists.","hint":null,"messa
FAILED after 3 retries for ORLG
ORLG: INSERT FAILED
POST status 409: {"code":"23505","details":"Key (symbol, date)=(OSCG, 2025-11-05) already exists.","hint":null,"messa
POST status 409: {"code":"23505","details":"Key (symbol, date)=(OSCG, 2025-11-05) already exists.","hint":null,"messa
POST status 409: {"code":"23505","details":"Key (symbol, date)=(OSCG, 2025-11-05) already exists.","hint":null,"messa
FAILED after 3 retries for OSCG
OSCG: INSERT FAILED
POST status 409: {"code":"23505","details":"Key (symbol, date)=(OSEA, 2024-04-29) already exists.","hint":null,"messa
POST status 409: {"code":"23505","details":"Key (symbol, date)=(OSEA, 2024-04-29) already exists.","hint":null,"messa
POST status 409: {"code":"23505","details":"Key (symbol, date)=(OSEA, 2024-04-29) already exists.","hint":null,"messa
FAILED after 3 retries for OSEA
OSEA: INSERT FAILED
POST status 409: {"code":"23505","details":"Key (symbol, date)=(OSCV, 2024-04-29) already exists.","hint":null,"messa
POST status 409: {"code":"23505","details":"Key (symbol, date)=(OSCV, 2024-04-29) already exists.","hint":null,"messa
POST status 409: {"code":"23505","details":"Key (symbol, date)=(OSCV, 2024-04-29) already exists.","hint":null,"messa
FAILED after 3 retries for OSCV
OSCV: INSERT FAILED
POST status 409: {"code":"23505","details":"Key (symbol, date)=(ORR, 2025-01-15) already exists.","hint":null,"messag
POST status 409: {"code":"23505","details":"Key (symbol, date)=(ORR, 2025-01-15) already exists.","hint":null,"messag
POST status 409: {"code":"23505","details":"Key (symbol, date)=(ORR, 2025-01-15) already exists.","hint":null,"messag
FAILED after 3 retries for ORR
ORR: INSERT FAILED
POST status 409: {"code":"23505","details":"Key (symbol, date)=(ORO, 2025-10-17) already exists.","hint":null,"messag
POST status 409: {"code":"23505","details":"Key (symbol, date)=(ORO, 2025-10-17) already exists.","hint":null,"messag
POST status 409: {"code":"23505","details":"Key (symbol, date)=(ORO, 2025-10-17) already exists.","hint":null,"messag
FAILED after 3 retries for ORO
ORO: INSERT FAILED
OVL: 501 rows fetched
OWNB: 285 rows fetched
OVB: 501 rows fetched
OVLH: 501 rows fetched
OVT: 501 rows fetched
OVM: 501 rows fetched
OVS: 501 rows fetched
OVF: 501 rows fetched
OUSM: 501 rows fetched
OUSA: 501 rows fetched
POST status 409: {"code":"23505","details":"Key (symbol, date)=(OVL, 2024-04-29) already exists.","hint":null,"messag
POST status 409: {"code":"23505","details":"Key (symbol, date)=(OVL, 2024-04-29) already exists.","hint":null,"messag
POST status 409: {"code":"23505","details":"Key (symbol, date)=(OVL, 2024-04-29) already exists.","hint":null,"messag
FAILED after 3 retries for OVL
OVL: INSERT FAILED
POST status 409: {"code":"23505","details":"Key (symbol, date)=(OWNB, 2025-03-11) already exists.","hint":null,"messa
POST status 409: {"code":"23505","details":"Key (symbol, date)=(OWNB, 2025-03-11) already exists.","hint":null,"messa
POST status 409: {"code":"23505","details":"Key (symbol, date)=(OWNB, 2025-03-11) already exists.","hint":null,"messa
FAILED after 3 retries for OWNB
OWNB: INSERT FAILED
POST status 409: {"code":"23505","details":"Key (symbol, date)=(OVB, 2024-04-29) already exists.","hint":null,"messag
POST status 409: {"code":"23505","details":"Key (symbol, date)=(OVB, 2024-04-29) already exists.","hint":null,"messag
POST status 409: {"code":"23505","details":"Key (symbol, date)=(OVB, 2024-04-29) already exists.","hint":null,"messag
FAILED after 3 retries for OVB
OVB: INSERT FAILED
POST status 409: {"code":"23505","details":"Key (symbol, date)=(OVLH, 2024-04-29) already exists.","hint":null,"messa
POST status 409: {"code":"23505","details":"Key (symbol, date)=(OVLH, 2024-04-29) already exists.","hint":null,"messa
POST status 409: {"code":"23505","details":"Key (symbol, date)=(OVLH, 2024-04-29) already exists.","hint":null,"messa
FAILED after 3 retries for OVLH
OVLH: INSERT FAILED
POST status 409: {"code":"23505","details":"Key (symbol, date)=(OVT, 2024-04-29) already exists.","hint":null,"messag
POST status 409: {"code":"23505","details":"Key (symbol, date)=(OVT, 2024-04-29) already exists.","hint":null,"messag
POST status 409: {"code":"23505","details":"Key (symbol, date)=(OVT, 2024-04-29) already exists.","hint":null,"messag
FAILED after 3 retries for OVT
OVT: INSERT FAILED
POST status 409: {"code":"23505","details":"Key (symbol, date)=(OVM, 2024-04-29) already exists.","hint":null,"messag
POST status 409: {"code":"23505","details":"Key (symbol, date)=(OVM, 2024-04-29) already exists.","hint":null,"messag
POST status 409: {"code":"23505","details":"Key (symbol, date)=(OVM, 2024-04-29) already exists.","hint":null,"messag
FAILED after 3 retries for OVM
OVM: INSERT FAILED
POST status 409: {"code":"23505","details":"Key (symbol, date)=(OVS, 2024-04-29) already exists.","hint":null,"messag
POST status 409: {"code":"23505","details":"Key (symbol, date)=(OVS, 2024-04-29) already exists.","hint":null,"messag
POST status 409: {"code":"23505","details":"Key (symbol, date)=(OVS, 2024-04-29) already exists.","hint":null,"messag
FAILED after 3 retries for OVS
OVS: INSERT FAILED
POST status 409: {"code":"23505","details":"Key (symbol, date)=(OVF, 2024-04-29) already exists.","hint":null,"messag
POST status 409: {"code":"23505","details":"Key (symbol, date)=(OVF, 2024-04-29) already exists.","hint":null,"messag
POST status 409: {"code":"23505","details":"Key (symbol, date)=(OVF, 2024-04-29) already exists.","hint":null,"messag
FAILED after 3 retries for OVF
OVF: INSERT FAILED
POST status 409: {"code":"23505","details":"Key (symbol, date)=(OUSM, 2024-04-29) already exists.","hint":null,"messa
POST status 409: {"code":"23505","details":"Key (symbol, date)=(OUSM, 2024-04-29) already exists.","hint":null,"messa
POST status 409: {"code":"23505","details":"Key (symbol, date)=(OUSM, 2024-04-29) already exists.","hint":null,"messa
FAILED after 3 retries for OUSM
OUSM: INSERT FAILED
POST status 409: {"code":"23505","details":"Key (symbol, date)=(OUSA, 2024-04-29) already exists.","hint":null,"messa
POST status 409: {"code":"23505","details":"Key (symbol, date)=(OUSA, 2024-04-29) already exists.","hint":null,"messa
POST status 409: {"code":"23505","details":"Key (symbol, date)=(OUSA, 2024-04-29) already exists.","hint":null,"messa
FAILED after 3 retries for OUSA
OUSA: INSERT FAILED
PAAU: 33 rows fetched
PABU: 501 rows fetched
PALL: 501 rows fetched
PAAA: 501 rows fetched
OZEM: 485 rows fetched
PALD: 273 rows fetched
PAB: 501 rows fetched
OWNS: 501 rows fetched
PABD: 501 rows fetched
PALC: 501 rows fetched
POST status 409: {"code":"23505","details":"Key (symbol, date)=(PAAU, 2026-03-12) already exists.","hint":null,"messa
POST status 409: {"code":"23505","details":"Key (symbol, date)=(PAAU, 2026-03-12) already exists.","hint":null,"messa
POST status 409: {"code":"23505","details":"Key (symbol, date)=(PAAU, 2026-03-12) already exists.","hint":null,"messa
FAILED after 3 retries for PAAU
PAAU: INSERT FAILED
POST status 409: {"code":"23505","details":"Key (symbol, date)=(PABU, 2024-04-29) already exists.","hint":null,"messa
POST status 409: {"code":"23505","details":"Key (symbol, date)=(PABU, 2024-04-29) already exists.","hint":null,"messa
POST status 409: {"code":"23505","details":"Key (symbol, date)=(PABU, 2024-04-29) already exists.","hint":null,"messa
FAILED after 3 retries for PABU
PABU: INSERT FAILED
POST status 409: {"code":"23505","details":"Key (symbol, date)=(PALL, 2024-04-29) already exists.","hint":null,"messa
POST status 409: {"code":"23505","details":"Key (symbol, date)=(PALL, 2024-04-29) already exists.","hint":null,"messa
POST status 409: {"code":"23505","details":"Key (symbol, date)=(PALL, 2024-04-29) already exists.","hint":null,"messa
FAILED after 3 retries for PALL
PALL: INSERT FAILED
POST status 409: {"code":"23505","details":"Key (symbol, date)=(PAAA, 2024-04-29) already exists.","hint":null,"messa
POST status 409: {"code":"23505","details":"Key (symbol, date)=(PAAA, 2024-04-29) already exists.","hint":null,"messa
POST status 409: {"code":"23505","details":"Key (symbol, date)=(PAAA, 2024-04-29) already exists.","hint":null,"messa
FAILED after 3 retries for PAAA
PAAA: INSERT FAILED
POST status 409: {"code":"23505","details":"Key (symbol, date)=(OZEM, 2024-05-21) already exists.","hint":null,"messa
POST status 409: {"code":"23505","details":"Key (symbol, date)=(OZEM, 2024-05-21) already exists.","hint":null,"messa
POST status 409: {"code":"23505","details":"Key (symbol, date)=(OZEM, 2024-05-21) already exists.","hint":null,"messa
FAILED after 3 retries for OZEM
OZEM: INSERT FAILED
POST status 409: {"code":"23505","details":"Key (symbol, date)=(PALD, 2025-03-27) already exists.","hint":null,"messa
POST status 409: {"code":"23505","details":"Key (symbol, date)=(PALD, 2025-03-27) already exists.","hint":null,"messa
POST status 409: {"code":"23505","details":"Key (symbol, date)=(PALD, 2025-03-27) already exists.","hint":null,"messa
FAILED after 3 retries for PALD
PALD: INSERT FAILED
POST status 409: {"code":"23505","details":"Key (symbol, date)=(PAB, 2024-04-29) already exists.","hint":null,"messag
POST status 409: {"code":"23505","details":"Key (symbol, date)=(PAB, 2024-04-29) already exists.","hint":null,"messag
POST status 409: {"code":"23505","details":"Key (symbol, date)=(PAB, 2024-04-29) already exists.","hint":null,"messag
FAILED after 3 retries for PAB
PAB: INSERT FAILED
POST status 409: {"code":"23505","details":"Key (symbol, date)=(OWNS, 2024-04-29) already exists.","hint":null,"messa
POST status 409: {"code":"23505","details":"Key (symbol, date)=(OWNS, 2024-04-29) already exists.","hint":null,"messa
POST status 409: {"code":"23505","details":"Key (symbol, date)=(OWNS, 2024-04-29) already exists.","hint":null,"messa
FAILED after 3 retries for OWNS
OWNS: INSERT FAILED
POST status 409: {"code":"23505","details":"Key (symbol, date)=(PABD, 2024-04-29) already exists.","hint":null,"messa
POST status 409: {"code":"23505","details":"Key (symbol, date)=(PABD, 2024-04-29) already exists.","hint":null,"messa
POST status 409: {"code":"23505","details":"Key (symbol, date)=(PABD, 2024-04-29) already exists.","hint":null,"messa
FAILED after 3 retries for PABD
PABD: INSERT FAILED
POST status 409: {"code":"23505","details":"Key (symbol, date)=(PALC, 2024-04-29) already exists.","hint":null,"messa
POST status 409: {"code":"23505","details":"Key (symbol, date)=(PALC, 2024-04-29) already exists.","hint":null,"messa
POST status 409: {"code":"23505","details":"Key (symbol, date)=(PALC, 2024-04-29) already exists.","hint":null,"messa
FAILED after 3 retries for PALC
PALC: INSERT FAILED
PANG: 277 rows fetched
PAWZ: 501 rows fetched
PAMC: 501 rows fetched
PAPI: 501 rows fetched
PAVE: 501 rows fetched
PATN: 404 rows fetched
PATX: 73 rows fetched
PALU: 273 rows fetched
PAPR: 501 rows fetched
PAUG: 501 rows fetched
POST status 409: {"code":"23505","details":"Key (symbol, date)=(PANG, 2025-03-21) already exists.","hint":null,"messa
POST status 409: {"code":"23505","details":"Key (symbol, date)=(PANG, 2025-03-21) already exists.","hint":null,"messa
POST status 409: {"code":"23505","details":"Key (symbol, date)=(PANG, 2025-03-21) already exists.","hint":null,"messa
FAILED after 3 retries for PANG
PANG: INSERT FAILED
POST status 409: {"code":"23505","details":"Key (symbol, date)=(PAWZ, 2024-04-29) already exists.","hint":null,"messa
POST status 409: {"code":"23505","details":"Key (symbol, date)=(PAWZ, 2024-04-29) already exists.","hint":null,"messa
POST status 409: {"code":"23505","details":"Key (symbol, date)=(PAWZ, 2024-04-29) already exists.","hint":null,"messa
FAILED after 3 retries for PAWZ
PAWZ: INSERT FAILED
POST status 409: {"code":"23505","details":"Key (symbol, date)=(PAMC, 2024-04-29) already exists.","hint":null,"messa
POST status 409: {"code":"23505","details":"Key (symbol, date)=(PAMC, 2024-04-29) already exists.","hint":null,"messa
POST status 409: {"code":"23505","details":"Key (symbol, date)=(PAMC, 2024-04-29) already exists.","hint":null,"messa
FAILED after 3 retries for PAMC
PAMC: INSERT FAILED
POST status 409: {"code":"23505","details":"Key (symbol, date)=(PAPI, 2024-04-29) already exists.","hint":null,"messa
POST status 409: {"code":"23505","details":"Key (symbol, date)=(PAPI, 2024-04-29) already exists.","hint":null,"messa
POST status 409: {"code":"23505","details":"Key (symbol, date)=(PAPI, 2024-04-29) already exists.","hint":null,"messa
FAILED after 3 retries for PAPI
PAPI: INSERT FAILED
POST status 409: {"code":"23505","details":"Key (symbol, date)=(PAVE, 2024-04-29) already exists.","hint":null,"messa
POST status 409: {"code":"23505","details":"Key (symbol, date)=(PAVE, 2024-04-29) already exists.","hint":null,"messa
POST status 409: {"code":"23505","details":"Key (symbol, date)=(PAVE, 2024-04-29) already exists.","hint":null,"messa
FAILED after 3 retries for PAVE
PAVE: INSERT FAILED
POST status 409: {"code":"23505","details":"Key (symbol, date)=(PATN, 2024-09-17) already exists.","hint":null,"messa
POST status 409: {"code":"23505","details":"Key (symbol, date)=(PATN, 2024-09-17) already exists.","hint":null,"messa
POST status 409: {"code":"23505","details":"Key (symbol, date)=(PATN, 2024-09-17) already exists.","hint":null,"messa
FAILED after 3 retries for PATN
PATN: INSERT FAILED
POST status 409: {"code":"23505","details":"Key (symbol, date)=(PATX, 2026-01-13) already exists.","hint":null,"messa
POST status 409: {"code":"23505","details":"Key (symbol, date)=(PATX, 2026-01-13) already exists.","hint":null,"messa
POST status 409: {"code":"23505","details":"Key (symbol, date)=(PATX, 2026-01-13) already exists.","hint":null,"messa
FAILED after 3 retries for PATX
PATX: INSERT FAILED
POST status 409: {"code":"23505","details":"Key (symbol, date)=(PALU, 2025-03-27) already exists.","hint":null,"messa
POST status 409: {"code":"23505","details":"Key (symbol, date)=(PALU, 2025-03-27) already exists.","hint":null,"messa
POST status 409: {"code":"23505","details":"Key (symbol, date)=(PALU, 2025-03-27) already exists.","hint":null,"messa
FAILED after 3 retries for PALU
PALU: INSERT FAILED
POST status 409: {"code":"23505","details":"Key (symbol, date)=(PAPR, 2024-04-29) already exists.","hint":null,"messa
POST status 409: {"code":"23505","details":"Key (symbol, date)=(PAPR, 2024-04-29) already exists.","hint":null,"messa
POST status 409: {"code":"23505","details":"Key (symbol, date)=(PAPR, 2024-04-29) already exists.","hint":null,"messa
FAILED after 3 retries for PAPR
PAPR: INSERT FAILED
POST status 409: {"code":"23505","details":"Key (symbol, date)=(PAUG, 2024-04-29) already exists.","hint":null,"messa
POST status 409: {"code":"23505","details":"Key (symbol, date)=(PAUG, 2024-04-29) already exists.","hint":null,"messa
POST status 409: {"code":"23505","details":"Key (symbol, date)=(PAUG, 2024-04-29) already exists.","hint":null,"messa
FAILED after 3 retries for PAUG
PAUG: INSERT FAILED
PBAU: 492 rows fetched
PAYH: 82 rows fetched
PBDC: 501 rows fetched
PAYR: 139 rows fetched
PBEU: 102 rows fetched
PBDE: 482 rows fetched
PBE: 501 rows fetched
PBD: 501 rows fetched
PBAP: 501 rows fetched
PAYM: 82 rows fetched
POST status 409: {"code":"23505","details":"Key (symbol, date)=(PBAU, 2024-05-10) already exists.","hint":null,"messa
POST status 409: {"code":"23505","details":"Key (symbol, date)=(PBAU, 2024-05-10) already exists.","hint":null,"messa
POST status 409: {"code":"23505","details":"Key (symbol, date)=(PBAU, 2024-05-10) already exists.","hint":null,"messa
FAILED after 3 retries for PBAU
PBAU: INSERT FAILED
POST status 409: {"code":"23505","details":"Key (symbol, date)=(PAYH, 2025-12-30) already exists.","hint":null,"messa
POST status 409: {"code":"23505","details":"Key (symbol, date)=(PAYH, 2025-12-30) already exists.","hint":null,"messa
POST status 409: {"code":"23505","details":"Key (symbol, date)=(PAYH, 2025-12-30) already exists.","hint":null,"messa
FAILED after 3 retries for PAYH
PAYH: INSERT FAILED
POST status 409: {"code":"23505","details":"Key (symbol, date)=(PBDC, 2024-04-29) already exists.","hint":null,"messa
POST status 409: {"code":"23505","details":"Key (symbol, date)=(PBDC, 2024-04-29) already exists.","hint":null,"messa
POST status 409: {"code":"23505","details":"Key (symbol, date)=(PBDC, 2024-04-29) already exists.","hint":null,"messa
FAILED after 3 retries for PBDC
PBDC: INSERT FAILED
POST status 409: {"code":"23505","details":"Key (symbol, date)=(PAYR, 2025-10-08) already exists.","hint":null,"messa
POST status 409: {"code":"23505","details":"Key (symbol, date)=(PAYR, 2025-10-08) already exists.","hint":null,"messa
POST status 409: {"code":"23505","details":"Key (symbol, date)=(PAYR, 2025-10-08) already exists.","hint":null,"messa
FAILED after 3 retries for PAYR
PAYR: INSERT FAILED
POST status 409: {"code":"23505","details":"Key (symbol, date)=(PBEU, 2025-12-01) already exists.","hint":null,"messa
POST status 409: {"code":"23505","details":"Key (symbol, date)=(PBEU, 2025-12-01) already exists.","hint":null,"messa
POST status 409: {"code":"23505","details":"Key (symbol, date)=(PBEU, 2025-12-01) already exists.","hint":null,"messa
FAILED after 3 retries for PBEU
PBEU: INSERT FAILED
POST status 409: {"code":"23505","details":"Key (symbol, date)=(PBDE, 2024-05-24) already exists.","hint":null,"messa
POST status 409: {"code":"23505","details":"Key (symbol, date)=(PBDE, 2024-05-24) already exists.","hint":null,"messa
POST status 409: {"code":"23505","details":"Key (symbol, date)=(PBDE, 2024-05-24) already exists.","hint":null,"messa
FAILED after 3 retries for PBDE
PBDE: INSERT FAILED
POST status 409: {"code":"23505","details":"Key (symbol, date)=(PBE, 2024-04-29) already exists.","hint":null,"messag
POST status 409: {"code":"23505","details":"Key (symbol, date)=(PBE, 2024-04-29) already exists.","hint":null,"messag
POST status 409: {"code":"23505","details":"Key (symbol, date)=(PBE, 2024-04-29) already exists.","hint":null,"messag
FAILED after 3 retries for PBE
PBE: INSERT FAILED
POST status 409: {"code":"23505","details":"Key (symbol, date)=(PBD, 2024-04-29) already exists.","hint":null,"messag
POST status 409: {"code":"23505","details":"Key (symbol, date)=(PBD, 2024-04-29) already exists.","hint":null,"messag
POST status 409: {"code":"23505","details":"Key (symbol, date)=(PBD, 2024-04-29) already exists.","hint":null,"messag
FAILED after 3 retries for PBD
PBD: INSERT FAILED
POST status 409: {"code":"23505","details":"Key (symbol, date)=(PBAP, 2024-04-29) already exists.","hint":null,"messa
POST status 409: {"code":"23505","details":"Key (symbol, date)=(PBAP, 2024-04-29) already exists.","hint":null,"messa
POST status 409: {"code":"23505","details":"Key (symbol, date)=(PBAP, 2024-04-29) already exists.","hint":null,"messa
FAILED after 3 retries for PBAP
PBAP: INSERT FAILED
POST status 409: {"code":"23505","details":"Key (symbol, date)=(PAYM, 2025-12-30) already exists.","hint":null,"messa
POST status 409: {"code":"23505","details":"Key (symbol, date)=(PAYM, 2025-12-30) already exists.","hint":null,"messa
POST status 409: {"code":"23505","details":"Key (symbol, date)=(PAYM, 2025-12-30) already exists.","hint":null,"messa
FAILED after 3 retries for PAYM
PAYM: INSERT FAILED
PBFB: 501 rows fetched
PBFR: 468 rows fetched
PBMR: 501 rows fetched
PBJA: 501 rows fetched
PBNV: 254 rows fetched
PBJN: 477 rows fetched
PBMY: 499 rows fetched
PBJL: 494 rows fetched
PBJ: 501 rows fetched
PBL: 501 rows fetched
POST status 409: {"code":"23505","details":"Key (symbol, date)=(PBFB, 2024-04-29) already exists.","hint":null,"messa
POST status 409: {"code":"23505","details":"Key (symbol, date)=(PBFB, 2024-04-29) already exists.","hint":null,"messa
POST status 409: {"code":"23505","details":"Key (symbol, date)=(PBFB, 2024-04-29) already exists.","hint":null,"messa
FAILED after 3 retries for PBFB
PBFB: INSERT FAILED
POST status 409: {"code":"23505","details":"Key (symbol, date)=(PBFR, 2024-06-14) already exists.","hint":null,"messa
POST status 409: {"code":"23505","details":"Key (symbol, date)=(PBFR, 2024-06-14) already exists.","hint":null,"messa
POST status 409: {"code":"23505","details":"Key (symbol, date)=(PBFR, 2024-06-14) already exists.","hint":null,"messa
FAILED after 3 retries for PBFR
PBFR: INSERT FAILED
POST status 409: {"code":"23505","details":"Key (symbol, date)=(PBMR, 2024-04-29) already exists.","hint":null,"messa
POST status 409: {"code":"23505","details":"Key (symbol, date)=(PBMR, 2024-04-29) already exists.","hint":null,"messa
POST status 409: {"code":"23505","details":"Key (symbol, date)=(PBMR, 2024-04-29) already exists.","hint":null,"messa
FAILED after 3 retries for PBMR
PBMR: INSERT FAILED
POST status 409: {"code":"23505","details":"Key (symbol, date)=(PBJA, 2024-04-29) already exists.","hint":null,"messa
POST status 409: {"code":"23505","details":"Key (symbol, date)=(PBJA, 2024-04-29) already exists.","hint":null,"messa
POST status 409: {"code":"23505","details":"Key (symbol, date)=(PBJA, 2024-04-29) already exists.","hint":null,"messa
FAILED after 3 retries for PBJA
PBJA: INSERT FAILED
POST status 409: {"code":"23505","details":"Key (symbol, date)=(PBNV, 2025-04-24) already exists.","hint":null,"messa
POST status 409: {"code":"23505","details":"Key (symbol, date)=(PBNV, 2025-04-24) already exists.","hint":null,"messa
POST status 409: {"code":"23505","details":"Key (symbol, date)=(PBNV, 2025-04-24) already exists.","hint":null,"messa
FAILED after 3 retries for PBNV
PBNV: INSERT FAILED
POST status 409: {"code":"23505","details":"Key (symbol, date)=(PBJN, 2024-06-03) already exists.","hint":null,"messa
POST status 409: {"code":"23505","details":"Key (symbol, date)=(PBJN, 2024-06-03) already exists.","hint":null,"messa
POST status 409: {"code":"23505","details":"Key (symbol, date)=(PBJN, 2024-06-03) already exists.","hint":null,"messa
FAILED after 3 retries for PBJN
PBJN: INSERT FAILED
POST status 409: {"code":"23505","details":"Key (symbol, date)=(PBMY, 2024-05-01) already exists.","hint":null,"messa
POST status 409: {"code":"23505","details":"Key (symbol, date)=(PBMY, 2024-05-01) already exists.","hint":null,"messa
POST status 409: {"code":"23505","details":"Key (symbol, date)=(PBMY, 2024-05-01) already exists.","hint":null,"messa
FAILED after 3 retries for PBMY
PBMY: INSERT FAILED
POST status 409: {"code":"23505","details":"Key (symbol, date)=(PBJL, 2024-05-08) already exists.","hint":null,"messa
POST status 409: {"code":"23505","details":"Key (symbol, date)=(PBJL, 2024-05-08) already exists.","hint":null,"messa
POST status 409: {"code":"23505","details":"Key (symbol, date)=(PBJL, 2024-05-08) already exists.","hint":null,"messa
FAILED after 3 retries for PBJL
PBJL: INSERT FAILED
POST status 409: {"code":"23505","details":"Key (symbol, date)=(PBJ, 2024-04-29) already exists.","hint":null,"messag
POST status 409: {"code":"23505","details":"Key (symbol, date)=(PBJ, 2024-04-29) already exists.","hint":null,"messag
POST status 409: {"code":"23505","details":"Key (symbol, date)=(PBJ, 2024-04-29) already exists.","hint":null,"messag
FAILED after 3 retries for PBJ
PBJ: INSERT FAILED
POST status 409: {"code":"23505","details":"Key (symbol, date)=(PBL, 2024-04-29) already exists.","hint":null,"messag
POST status 409: {"code":"23505","details":"Key (symbol, date)=(PBL, 2024-04-29) already exists.","hint":null,"messag
POST status 409: {"code":"23505","details":"Key (symbol, date)=(PBL, 2024-04-29) already exists.","hint":null,"messag
FAILED after 3 retries for PBL
PBL: INSERT FAILED
PBRG: 89 rows fetched
PBOC: 487 rows fetched
PBOG: 102 rows fetched
PBUS: 501 rows fetched
PBP: 501 rows fetched
PBQQ: 326 rows fetched
PBPH: 102 rows fetched
PBW: 501 rows fetched
PBSE: 472 rows fetched
PBTP: 501 rows fetched
POST status 409: {"code":"23505","details":"Key (symbol, date)=(PBRG, 2025-12-18) already exists.","hint":null,"messa
POST status 409: {"code":"23505","details":"Key (symbol, date)=(PBRG, 2025-12-18) already exists.","hint":null,"messa
POST status 409: {"code":"23505","details":"Key (symbol, date)=(PBRG, 2025-12-18) already exists.","hint":null,"messa
FAILED after 3 retries for PBRG
PBRG: INSERT FAILED
POST status 409: {"code":"23505","details":"Key (symbol, date)=(PBOC, 2024-05-17) already exists.","hint":null,"messa
POST status 409: {"code":"23505","details":"Key (symbol, date)=(PBOC, 2024-05-17) already exists.","hint":null,"messa
POST status 409: {"code":"23505","details":"Key (symbol, date)=(PBOC, 2024-05-17) already exists.","hint":null,"messa
FAILED after 3 retries for PBOC
PBOC: INSERT FAILED
POST status 409: {"code":"23505","details":"Key (symbol, date)=(PBOG, 2025-12-01) already exists.","hint":null,"messa
POST status 409: {"code":"23505","details":"Key (symbol, date)=(PBOG, 2025-12-01) already exists.","hint":null,"messa
POST status 409: {"code":"23505","details":"Key (symbol, date)=(PBOG, 2025-12-01) already exists.","hint":null,"messa
FAILED after 3 retries for PBOG
PBOG: INSERT FAILED
POST status 409: {"code":"23505","details":"Key (symbol, date)=(PBUS, 2024-04-29) already exists.","hint":null,"messa
POST status 409: {"code":"23505","details":"Key (symbol, date)=(PBUS, 2024-04-29) already exists.","hint":null,"messa
POST status 409: {"code":"23505","details":"Key (symbol, date)=(PBUS, 2024-04-29) already exists.","hint":null,"messa
FAILED after 3 retries for PBUS
PBUS: INSERT FAILED
POST status 409: {"code":"23505","details":"Key (symbol, date)=(PBP, 2024-04-29) already exists.","hint":null,"messag
POST status 409: {"code":"23505","details":"Key (symbol, date)=(PBP, 2024-04-29) already exists.","hint":null,"messag
POST status 409: {"code":"23505","details":"Key (symbol, date)=(PBP, 2024-04-29) already exists.","hint":null,"messag
FAILED after 3 retries for PBP
PBP: INSERT FAILED
POST status 409: {"code":"23505","details":"Key (symbol, date)=(PBQQ, 2025-01-08) already exists.","hint":null,"messa
POST status 409: {"code":"23505","details":"Key (symbol, date)=(PBQQ, 2025-01-08) already exists.","hint":null,"messa
POST status 409: {"code":"23505","details":"Key (symbol, date)=(PBQQ, 2025-01-08) already exists.","hint":null,"messa
FAILED after 3 retries for PBQQ
PBQQ: INSERT FAILED
POST status 409: {"code":"23505","details":"Key (symbol, date)=(PBPH, 2025-12-01) already exists.","hint":null,"messa
POST status 409: {"code":"23505","details":"Key (symbol, date)=(PBPH, 2025-12-01) already exists.","hint":null,"messa
POST status 409: {"code":"23505","details":"Key (symbol, date)=(PBPH, 2025-12-01) already exists.","hint":null,"messa
FAILED after 3 retries for PBPH
PBPH: INSERT FAILED
POST status 409: {"code":"23505","details":"Key (symbol, date)=(PBW, 2024-04-29) already exists.","hint":null,"messag
POST status 409: {"code":"23505","details":"Key (symbol, date)=(PBW, 2024-04-29) already exists.","hint":null,"messag
POST status 409: {"code":"23505","details":"Key (symbol, date)=(PBW, 2024-04-29) already exists.","hint":null,"messag
FAILED after 3 retries for PBW
PBW: INSERT FAILED
POST status 409: {"code":"23505","details":"Key (symbol, date)=(PBSE, 2024-06-10) already exists.","hint":null,"messa
POST status 409: {"code":"23505","details":"Key (symbol, date)=(PBSE, 2024-06-10) already exists.","hint":null,"messa
POST status 409: {"code":"23505","details":"Key (symbol, date)=(PBSE, 2024-06-10) already exists.","hint":null,"messa
FAILED after 3 retries for PBSE
PBSE: INSERT FAILED
POST status 409: {"code":"23505","details":"Key (symbol, date)=(PBTP, 2024-04-29) already exists.","hint":null,"messa
POST status 409: {"code":"23505","details":"Key (symbol, date)=(PBTP, 2024-04-29) already exists.","hint":null,"messa
POST status 409: {"code":"23505","details":"Key (symbol, date)=(PBTP, 2024-04-29) already exists.","hint":null,"messa
FAILED after 3 retries for PBTP
PBTP: INSERT FAILED
PCI: 186 rows fetched
PCHI: 275 rows fetched
PCLO: 350 rows fetched
PCGG: 501 rows fetched
PCL: 184 rows fetched
PCLG: 145 rows fetched
PCEF: 501 rows fetched
PCFI: 272 rows fetched
PCIG: 501 rows fetched
PCCE: 501 rows fetched
POST status 409: {"code":"23505","details":"Key (symbol, date)=(PCI, 2025-08-01) already exists.","hint":null,"messag
POST status 409: {"code":"23505","details":"Key (symbol, date)=(PCI, 2025-08-01) already exists.","hint":null,"messag
POST status 409: {"code":"23505","details":"Key (symbol, date)=(PCI, 2025-08-01) already exists.","hint":null,"messag
FAILED after 3 retries for PCI
PCI: INSERT FAILED
POST status 409: {"code":"23505","details":"Key (symbol, date)=(PCHI, 2025-03-25) already exists.","hint":null,"messa
POST status 409: {"code":"23505","details":"Key (symbol, date)=(PCHI, 2025-03-25) already exists.","hint":null,"messa
POST status 409: {"code":"23505","details":"Key (symbol, date)=(PCHI, 2025-03-25) already exists.","hint":null,"messa
FAILED after 3 retries for PCHI
PCHI: INSERT FAILED
POST status 409: {"code":"23505","details":"Key (symbol, date)=(PCLO, 2024-12-03) already exists.","hint":null,"messa
POST status 409: {"code":"23505","details":"Key (symbol, date)=(PCLO, 2024-12-03) already exists.","hint":null,"messa
POST status 409: {"code":"23505","details":"Key (symbol, date)=(PCLO, 2024-12-03) already exists.","hint":null,"messa
FAILED after 3 retries for PCLO
PCLO: INSERT FAILED
POST status 409: {"code":"23505","details":"Key (symbol, date)=(PCGG, 2024-04-29) already exists.","hint":null,"messa
POST status 409: {"code":"23505","details":"Key (symbol, date)=(PCGG, 2024-04-29) already exists.","hint":null,"messa
POST status 409: {"code":"23505","details":"Key (symbol, date)=(PCGG, 2024-04-29) already exists.","hint":null,"messa
FAILED after 3 retries for PCGG
PCGG: INSERT FAILED
POST status 409: {"code":"23505","details":"Key (symbol, date)=(PCL, 2025-08-05) already exists.","hint":null,"messag
POST status 409: {"code":"23505","details":"Key (symbol, date)=(PCL, 2025-08-05) already exists.","hint":null,"messag
POST status 409: {"code":"23505","details":"Key (symbol, date)=(PCL, 2025-08-05) already exists.","hint":null,"messag
FAILED after 3 retries for PCL
PCL: INSERT FAILED
POST status 409: {"code":"23505","details":"Key (symbol, date)=(PCLG, 2025-09-30) already exists.","hint":null,"messa
POST status 409: {"code":"23505","details":"Key (symbol, date)=(PCLG, 2025-09-30) already exists.","hint":null,"messa
POST status 409: {"code":"23505","details":"Key (symbol, date)=(PCLG, 2025-09-30) already exists.","hint":null,"messa
FAILED after 3 retries for PCLG
PCLG: INSERT FAILED
POST status 409: {"code":"23505","details":"Key (symbol, date)=(PCEF, 2024-04-29) already exists.","hint":null,"messa
POST status 409: {"code":"23505","details":"Key (symbol, date)=(PCEF, 2024-04-29) already exists.","hint":null,"messa
POST status 409: {"code":"23505","details":"Key (symbol, date)=(PCEF, 2024-04-29) already exists.","hint":null,"messa
FAILED after 3 retries for PCEF
PCEF: INSERT FAILED
POST status 409: {"code":"23505","details":"Key (symbol, date)=(PCFI, 2025-03-28) already exists.","hint":null,"messa
POST status 409: {"code":"23505","details":"Key (symbol, date)=(PCFI, 2025-03-28) already exists.","hint":null,"messa
POST status 409: {"code":"23505","details":"Key (symbol, date)=(PCFI, 2025-03-28) already exists.","hint":null,"messa
FAILED after 3 retries for PCFI
PCFI: INSERT FAILED
POST status 409: {"code":"23505","details":"Key (symbol, date)=(PCIG, 2024-04-29) already exists.","hint":null,"messa
POST status 409: {"code":"23505","details":"Key (symbol, date)=(PCIG, 2024-04-29) already exists.","hint":null,"messa
POST status 409: {"code":"23505","details":"Key (symbol, date)=(PCIG, 2024-04-29) already exists.","hint":null,"messa
FAILED after 3 retries for PCIG
PCIG: INSERT FAILED
POST status 409: {"code":"23505","details":"Key (symbol, date)=(PCCE, 2024-04-29) already exists.","hint":null,"messa
POST status 409: {"code":"23505","details":"Key (symbol, date)=(PCCE, 2024-04-29) already exists.","hint":null,"messa
POST status 409: {"code":"23505","details":"Key (symbol, date)=(PCCE, 2024-04-29) already exists.","hint":null,"messa
FAILED after 3 retries for PCCE
PCCE: INSERT FAILED
PDBC: 501 rows fetched
PCMM: 350 rows fetched
PDEC: 501 rows fetched
PDBA: 501 rows fetched
PCRB: 501 rows fetched
PCPI: 17 rows fetched
PCS: 186 rows fetched
PDDL: 199 rows fetched
PCY: 501 rows fetched
PDN: 501 rows fetched
POST status 409: {"code":"23505","details":"Key (symbol, date)=(PDBC, 2024-04-29) already exists.","hint":null,"messa
POST status 409: {"code":"23505","details":"Key (symbol, date)=(PDBC, 2024-04-29) already exists.","hint":null,"messa
POST status 409: {"code":"23505","details":"Key (symbol, date)=(PDBC, 2024-04-29) already exists.","hint":null,"messa
FAILED after 3 retries for PDBC
PDBC: INSERT FAILED
POST status 409: {"code":"23505","details":"Key (symbol, date)=(PCMM, 2024-12-03) already exists.","hint":null,"messa
POST status 409: {"code":"23505","details":"Key (symbol, date)=(PCMM, 2024-12-03) already exists.","hint":null,"messa
POST status 409: {"code":"23505","details":"Key (symbol, date)=(PCMM, 2024-12-03) already exists.","hint":null,"messa
FAILED after 3 retries for PCMM
PCMM: INSERT FAILED
POST status 409: {"code":"23505","details":"Key (symbol, date)=(PDEC, 2024-04-29) already exists.","hint":null,"messa
POST status 409: {"code":"23505","details":"Key (symbol, date)=(PDEC, 2024-04-29) already exists.","hint":null,"messa
POST status 409: {"code":"23505","details":"Key (symbol, date)=(PDEC, 2024-04-29) already exists.","hint":null,"messa
FAILED after 3 retries for PDEC
PDEC: INSERT FAILED
POST status 409: {"code":"23505","details":"Key (symbol, date)=(PDBA, 2024-04-29) already exists.","hint":null,"messa
POST status 409: {"code":"23505","details":"Key (symbol, date)=(PDBA, 2024-04-29) already exists.","hint":null,"messa
POST status 409: {"code":"23505","details":"Key (symbol, date)=(PDBA, 2024-04-29) already exists.","hint":null,"messa
FAILED after 3 retries for PDBA
PDBA: INSERT FAILED
POST status 409: {"code":"23505","details":"Key (symbol, date)=(PCRB, 2024-04-29) already exists.","hint":null,"messa
POST status 409: {"code":"23505","details":"Key (symbol, date)=(PCRB, 2024-04-29) already exists.","hint":null,"messa
POST status 409: {"code":"23505","details":"Key (symbol, date)=(PCRB, 2024-04-29) already exists.","hint":null,"messa
FAILED after 3 retries for PCRB
PCRB: INSERT FAILED
POST status 409: {"code":"23505","details":"Key (symbol, date)=(PCPI, 2026-04-06) already exists.","hint":null,"messa
POST status 409: {"code":"23505","details":"Key (symbol, date)=(PCPI, 2026-04-06) already exists.","hint":null,"messa
POST status 409: {"code":"23505","details":"Key (symbol, date)=(PCPI, 2026-04-06) already exists.","hint":null,"messa
FAILED after 3 retries for PCPI
PCPI: INSERT FAILED
POST status 409: {"code":"23505","details":"Key (symbol, date)=(PCS, 2025-08-01) already exists.","hint":null,"messag
POST status 409: {"code":"23505","details":"Key (symbol, date)=(PCS, 2025-08-01) already exists.","hint":null,"messag
POST status 409: {"code":"23505","details":"Key (symbol, date)=(PCS, 2025-08-01) already exists.","hint":null,"messag
FAILED after 3 retries for PCS
PCS: INSERT FAILED
POST status 409: {"code":"23505","details":"Key (symbol, date)=(PDDL, 2025-07-15) already exists.","hint":null,"messa
POST status 409: {"code":"23505","details":"Key (symbol, date)=(PDDL, 2025-07-15) already exists.","hint":null,"messa
POST status 409: {"code":"23505","details":"Key (symbol, date)=(PDDL, 2025-07-15) already exists.","hint":null,"messa
FAILED after 3 retries for PDDL
PDDL: INSERT FAILED
POST status 409: {"code":"23505","details":"Key (symbol, date)=(PCY, 2024-04-29) already exists.","hint":null,"messag
POST status 409: {"code":"23505","details":"Key (symbol, date)=(PCY, 2024-04-29) already exists.","hint":null,"messag
POST status 409: {"code":"23505","details":"Key (symbol, date)=(PCY, 2024-04-29) already exists.","hint":null,"messag
FAILED after 3 retries for PCY
PCY: INSERT FAILED
POST status 409: {"code":"23505","details":"Key (symbol, date)=(PDN, 2024-04-29) already exists.","hint":null,"messag
POST status 409: {"code":"23505","details":"Key (symbol, date)=(PDN, 2024-04-29) already exists.","hint":null,"messag
POST status 409: {"code":"23505","details":"Key (symbol, date)=(PDN, 2024-04-29) already exists.","hint":null,"messag
FAILED after 3 retries for PDN
PDN: INSERT FAILED
PFDE: 81 rows fetched
PEMX: 501 rows fetched
PEPS: 256 rows fetched
PEXL: 501 rows fetched
PEX: 501 rows fetched
PEZ: 501 rows fetched
PEY: 501 rows fetched
PEVC: 309 rows fetched
PDP: 501 rows fetched
PEJ: 501 rows fetched
POST status 409: {"code":"23505","details":"Key (symbol, date)=(PFDE, 2025-12-31) already exists.","hint":null,"messa
POST status 409: {"code":"23505","details":"Key (symbol, date)=(PFDE, 2025-12-31) already exists.","hint":null,"messa
POST status 409: {"code":"23505","details":"Key (symbol, date)=(PFDE, 2025-12-31) already exists.","hint":null,"messa
FAILED after 3 retries for PFDE
PFDE: INSERT FAILED
POST status 409: {"code":"23505","details":"Key (symbol, date)=(PEMX, 2024-04-29) already exists.","hint":null,"messa
POST status 409: {"code":"23505","details":"Key (symbol, date)=(PEMX, 2024-04-29) already exists.","hint":null,"messa
POST status 409: {"code":"23505","details":"Key (symbol, date)=(PEMX, 2024-04-29) already exists.","hint":null,"messa
FAILED after 3 retries for PEMX
PEMX: INSERT FAILED
POST status 409: {"code":"23505","details":"Key (symbol, date)=(PEPS, 2025-04-22) already exists.","hint":null,"messa
POST status 409: {"code":"23505","details":"Key (symbol, date)=(PEPS, 2025-04-22) already exists.","hint":null,"messa
POST status 409: {"code":"23505","details":"Key (symbol, date)=(PEPS, 2025-04-22) already exists.","hint":null,"messa
FAILED after 3 retries for PEPS
PEPS: INSERT FAILED
POST status 409: {"code":"23505","details":"Key (symbol, date)=(PEXL, 2024-04-29) already exists.","hint":null,"messa
POST status 409: {"code":"23505","details":"Key (symbol, date)=(PEXL, 2024-04-29) already exists.","hint":null,"messa
POST status 409: {"code":"23505","details":"Key (symbol, date)=(PEXL, 2024-04-29) already exists.","hint":null,"messa
FAILED after 3 retries for PEXL
PEXL: INSERT FAILED
POST status 409: {"code":"23505","details":"Key (symbol, date)=(PEX, 2024-04-29) already exists.","hint":null,"messag
POST status 409: {"code":"23505","details":"Key (symbol, date)=(PEX, 2024-04-29) already exists.","hint":null,"messag
POST status 409: {"code":"23505","details":"Key (symbol, date)=(PEX, 2024-04-29) already exists.","hint":null,"messag
FAILED after 3 retries for PEX
PEX: INSERT FAILED
POST status 409: {"code":"23505","details":"Key (symbol, date)=(PEZ, 2024-04-29) already exists.","hint":null,"messag
POST status 409: {"code":"23505","details":"Key (symbol, date)=(PEZ, 2024-04-29) already exists.","hint":null,"messag
POST status 409: {"code":"23505","details":"Key (symbol, date)=(PEZ, 2024-04-29) already exists.","hint":null,"messag
FAILED after 3 retries for PEZ
PEZ: INSERT FAILED
POST status 409: {"code":"23505","details":"Key (symbol, date)=(PEY, 2024-04-29) already exists.","hint":null,"messag
POST status 409: {"code":"23505","details":"Key (symbol, date)=(PEY, 2024-04-29) already exists.","hint":null,"messag
POST status 409: {"code":"23505","details":"Key (symbol, date)=(PEY, 2024-04-29) already exists.","hint":null,"messag
FAILED after 3 retries for PEY
PEY: INSERT FAILED
POST status 409: {"code":"23505","details":"Key (symbol, date)=(PEVC, 2025-02-04) already exists.","hint":null,"messa
POST status 409: {"code":"23505","details":"Key (symbol, date)=(PEVC, 2025-02-04) already exists.","hint":null,"messa
POST status 409: {"code":"23505","details":"Key (symbol, date)=(PEVC, 2025-02-04) already exists.","hint":null,"messa
FAILED after 3 retries for PEVC
PEVC: INSERT FAILED
POST status 409: {"code":"23505","details":"Key (symbol, date)=(PDP, 2024-04-29) already exists.","hint":null,"messag
POST status 409: {"code":"23505","details":"Key (symbol, date)=(PDP, 2024-04-29) already exists.","hint":null,"messag
POST status 409: {"code":"23505","details":"Key (symbol, date)=(PDP, 2024-04-29) already exists.","hint":null,"messag
FAILED after 3 retries for PDP
PDP: INSERT FAILED
POST status 409: {"code":"23505","details":"Key (symbol, date)=(PEJ, 2024-04-29) already exists.","hint":null,"messag
POST status 409: {"code":"23505","details":"Key (symbol, date)=(PEJ, 2024-04-29) already exists.","hint":null,"messag
POST status 409: {"code":"23505","details":"Key (symbol, date)=(PEJ, 2024-04-29) already exists.","hint":null,"messag
FAILED after 3 retries for PEJ
PEJ: INSERT FAILED
PFFA: 501 rows fetched
PFI: 501 rows fetched
PFEB: 501 rows fetched
PFF: 501 rows fetched
PFIG: 501 rows fetched
PFFR: 501 rows fetched
PFFD: 501 rows fetched
PFFV: 501 rows fetched
POST status 409: {"code":"23505","details":"Key (symbol, date)=(PFFA, 2024-04-29) already exists.","hint":null,"messa
POST status 409: {"code":"23505","details":"Key (symbol, date)=(PFFA, 2024-04-29) already exists.","hint":null,"messa
POST status 409: {"code":"23505","details":"Key (symbol, date)=(PFFA, 2024-04-29) already exists.","hint":null,"messa
FAILED after 3 retries for PFFA
PFFA: INSERT FAILED
POST status 409: {"code":"23505","details":"Key (symbol, date)=(PFI, 2024-04-29) already exists.","hint":null,"messag
POST status 409: {"code":"23505","details":"Key (symbol, date)=(PFI, 2024-04-29) already exists.","hint":null,"messag
POST status 409: {"code":"23505","details":"Key (symbol, date)=(PFI, 2024-04-29) already exists.","hint":null,"messag
FAILED after 3 retries for PFI
PFI: INSERT FAILED
POST status 409: {"code":"23505","details":"Key (symbol, date)=(PFEB, 2024-04-29) already exists.","hint":null,"messa
POST status 409: {"code":"23505","details":"Key (symbol, date)=(PFEB, 2024-04-29) already exists.","hint":null,"messa
POST status 409: {"code":"23505","details":"Key (symbol, date)=(PFEB, 2024-04-29) already exists.","hint":null,"messa
FAILED after 3 retries for PFEB
PFEB: INSERT FAILED
POST status 409: {"code":"23505","details":"Key (symbol, date)=(PFF, 2024-04-29) already exists.","hint":null,"messag
POST status 409: {"code":"23505","details":"Key (symbol, date)=(PFF, 2024-04-29) already exists.","hint":null,"messag
POST status 409: {"code":"23505","details":"Key (symbol, date)=(PFF, 2024-04-29) already exists.","hint":null,"messag
FAILED after 3 retries for PFF
PFF: INSERT FAILED
POST status 409: {"code":"23505","details":"Key (symbol, date)=(PFIG, 2024-04-29) already exists.","hint":null,"messa
POST status 409: {"code":"23505","details":"Key (symbol, date)=(PFIG, 2024-04-29) already exists.","hint":null,"messa
POST status 409: {"code":"23505","details":"Key (symbol, date)=(PFIG, 2024-04-29) already exists.","hint":null,"messa
FAILED after 3 retries for PFIG
PFIG: INSERT FAILED
POST status 409: {"code":"23505","details":"Key (symbol, date)=(PFFR, 2024-04-29) already exists.","hint":null,"messa
POST status 409: {"code":"23505","details":"Key (symbol, date)=(PFFR, 2024-04-29) already exists.","hint":null,"messa
POST status 409: {"code":"23505","details":"Key (symbol, date)=(PFFR, 2024-04-29) already exists.","hint":null,"messa
FAILED after 3 retries for PFFR
PFFR: INSERT FAILED
POST status 409: {"code":"23505","details":"Key (symbol, date)=(PFFD, 2024-04-29) already exists.","hint":null,"messa
POST status 409: {"code":"23505","details":"Key (symbol, date)=(PFFD, 2024-04-29) already exists.","hint":null,"messa
POST status 409: {"code":"23505","details":"Key (symbol, date)=(PFFD, 2024-04-29) already exists.","hint":null,"messa
FAILED after 3 retries for PFFD
PFFD: INSERT FAILED
POST status 409: {"code":"23505","details":"Key (symbol, date)=(PFFV, 2024-04-29) already exists.","hint":null,"messa
POST status 409: {"code":"23505","details":"Key (symbol, date)=(PFFV, 2024-04-29) already exists.","hint":null,"messa
POST status 409: {"code":"23505","details":"Key (symbol, date)=(PFFV, 2024-04-29) already exists.","hint":null,"messa
FAILED after 3 retries for PFFV
PFFV: INSERT FAILED
DONE. Fetched: 997, Inserted: 0, Errors: 0
