/Users/admin/Library/Python/3.9/lib/python/site-packages/google/api_core/_python_version_support.py:242: FutureWarning: You are using a non-supported Python version (3.9.6). Google will not post any further updates to google.api_core supporting this Python version. Please upgrade to the latest Python version, or at least Python 3.10, and then update google.api_core.
  warnings.warn(message, FutureWarning)
/Users/admin/Library/Python/3.9/lib/python/site-packages/urllib3/__init__.py:35: NotOpenSSLWarning: urllib3 v2 only supports OpenSSL 1.1.1+, currently the 'ssl' module is compiled with 'LibreSSL 2.8.3'. See: https://github.com/urllib3/urllib3/issues/3020
  warnings.warn(
/Users/admin/Library/Python/3.9/lib/python/site-packages/google/auth/__init__.py:54: FutureWarning: You are using a Python version 3.9 past its end of life. Google will update google-auth with critical bug fixes on a best-effort basis, but not with any other fixes or features. Please upgrade your Python version, and then update google-auth.
  warnings.warn(eol_message.format("3.9"), FutureWarning)
/Users/admin/Library/Python/3.9/lib/python/site-packages/google/oauth2/__init__.py:40: FutureWarning: You are using a Python version 3.9 past its end of life. Google will update google-auth with critical bug fixes on a best-effort basis, but not with any other fixes or features. Please upgrade your Python version, and then update google-auth.
  warnings.warn(eol_message.format("3.9"), FutureWarning)
/Users/admin/Desktop/projects/fon-app/gemini_parser.py:15: FutureWarning: 

All support for the `google.generativeai` package has ended. It will no longer be receiving 
updates or bug fixes. Please switch to the `google.genai` package as soon as possible.
See README for more details:

https://github.com/google-gemini/deprecated-generative-ai-python/blob/main/README.md

  import google.generativeai as genai
============================================================
Gemini 2.5 Flash PDF Parser (Robust)
============================================================
Total PDFs:     507
Already done:   103
To process:     404
Delay:          60s between requests
Rate limit wait: 120s (fixed)
Timeout:        0s per request
============================================================

[1/404] DLY (DLY_4028328d.pdf) 
  ⏳ Timeout (retry 1/5). Retrying...
I0417 00:25:21.694948 1715910 ev_poll_posix.cc:593] FD from fork parent still in poll list: fd(15, generation: 1)
I0417 00:25:21.695047 1715910 ev_poll_posix.cc:593] FD from fork parent still in poll list: fd(16, generation: 1)

  ⏳ Timeout (retry 2/5). Retrying...
I0417 00:26:25.176320 1716563 ev_poll_posix.cc:593] FD from fork parent still in poll list: fd(15, generation: 1)
I0417 00:26:25.176417 1716563 ev_poll_posix.cc:593] FD from fork parent still in poll list: fd(16, generation: 1)

  ⏳ Timeout (retry 3/5). Retrying...
I0417 00:27:29.011812 1717310 ev_poll_posix.cc:593] FD from fork parent still in poll list: fd(15, generation: 1)
I0417 00:27:29.011972 1717310 ev_poll_posix.cc:593] FD from fork parent still in poll list: fd(16, generation: 1)

  ⏳ Timeout (retry 4/5). Retrying...
I0417 00:28:33.162768 1718190 ev_poll_posix.cc:593] FD from fork parent still in poll list: fd(15, generation: 1)
I0417 00:28:33.162874 1718190 ev_poll_posix.cc:593] FD from fork parent still in poll list: fd(16, generation: 1)

  ⏳ Timeout (retry 5/5). Retrying...
I0417 00:29:36.872448 1718875 ev_poll_posix.cc:593] FD from fork parent still in poll list: fd(15, generation: 1)
I0417 00:29:36.872565 1718875 ev_poll_posix.cc:593] FD from fork parent still in poll list: fd(16, generation: 1)
❌ TIMEOUT
[2/404] EUZ (EUZ_4028328d.pdf) 
  ⏳ Timeout (retry 1/5). Retrying...
I0417 00:31:41.239544 1720017 ev_poll_posix.cc:593] FD from fork parent still in poll list: fd(15, generation: 1)
I0417 00:31:41.239673 1720017 ev_poll_posix.cc:593] FD from fork parent still in poll list: fd(16, generation: 1)

  ⏳ Timeout (retry 2/5). Retrying...
I0417 00:32:44.335628 1720787 ev_poll_posix.cc:593] FD from fork parent still in poll list: fd(15, generation: 1)
I0417 00:32:44.335717 1720787 ev_poll_posix.cc:593] FD from fork parent still in poll list: fd(16, generation: 1)

  ⏳ Timeout (retry 3/5). Retrying...
I0417 00:33:47.981500 1721479 ev_poll_posix.cc:593] FD from fork parent still in poll list: fd(15, generation: 1)
I0417 00:33:47.981622 1721479 ev_poll_posix.cc:593] FD from fork parent still in poll list: fd(16, generation: 1)

  ⏳ Timeout (retry 4/5). Retrying...
I0417 00:34:51.739892 1722182 ev_poll_posix.cc:593] FD from fork parent still in poll list: fd(15, generation: 1)
I0417 00:34:51.739958 1722182 ev_poll_posix.cc:593] FD from fork parent still in poll list: fd(16, generation: 1)

  ⏳ Timeout (retry 5/5). Retrying...
I0417 00:35:55.681119 1722718 ev_poll_posix.cc:593] FD from fork parent still in poll list: fd(15, generation: 1)
I0417 00:35:55.681222 1722718 ev_poll_posix.cc:593] FD from fork parent still in poll list: fd(16, generation: 1)
❌ TIMEOUT
[3/404] GAL (GAL_4028328d.pdf) 
  ⏳ Timeout (retry 1/5). Retrying...
I0417 00:37:59.998165 1723980 ev_poll_posix.cc:593] FD from fork parent still in poll list: fd(15, generation: 1)
I0417 00:37:59.998251 1723980 ev_poll_posix.cc:593] FD from fork parent still in poll list: fd(16, generation: 1)

  ⏳ Timeout (retry 2/5). Retrying...
I0417 00:39:03.582152 1724614 ev_poll_posix.cc:593] FD from fork parent still in poll list: fd(15, generation: 1)
I0417 00:39:03.582317 1724614 ev_poll_posix.cc:593] FD from fork parent still in poll list: fd(16, generation: 1)

  ⏳ Timeout (retry 3/5). Retrying...
I0417 00:40:06.569631 1725108 ev_poll_posix.cc:593] FD from fork parent still in poll list: fd(15, generation: 1)
I0417 00:40:06.569728 1725108 ev_poll_posix.cc:593] FD from fork parent still in poll list: fd(16, generation: 1)

  ⏳ Timeout (retry 4/5). Retrying...
I0417 00:41:09.920377 1725601 ev_poll_posix.cc:593] FD from fork parent still in poll list: fd(15, generation: 1)
I0417 00:41:09.920498 1725601 ev_poll_posix.cc:593] FD from fork parent still in poll list: fd(16, generation: 1)

  ⏳ Timeout (retry 5/5). Retrying...
I0417 00:42:13.589995 1726278 ev_poll_posix.cc:593] FD from fork parent still in poll list: fd(15, generation: 1)
I0417 00:42:13.590115 1726278 ev_poll_posix.cc:593] FD from fork parent still in poll list: fd(16, generation: 1)
❌ TIMEOUT
[4/404] GAS (GAS_4028328d.pdf) 
  ⏳ Timeout (retry 1/5). Retrying...
I0417 00:44:17.050239 1727706 ev_poll_posix.cc:593] FD from fork parent still in poll list: fd(15, generation: 1)
I0417 00:44:17.050340 1727706 ev_poll_posix.cc:593] FD from fork parent still in poll list: fd(16, generation: 1)

  ⏳ Timeout (retry 2/5). Retrying...
I0417 00:45:21.438709 1728407 ev_poll_posix.cc:593] FD from fork parent still in poll list: fd(15, generation: 1)
I0417 00:45:21.438804 1728407 ev_poll_posix.cc:593] FD from fork parent still in poll list: fd(16, generation: 1)

  ⏳ Timeout (retry 3/5). Retrying...
I0417 00:46:25.498990 1729132 ev_poll_posix.cc:593] FD from fork parent still in poll list: fd(15, generation: 1)
I0417 00:46:25.499086 1729132 ev_poll_posix.cc:593] FD from fork parent still in poll list: fd(16, generation: 1)

  ⏳ Timeout (retry 4/5). Retrying...
I0417 00:47:28.753378 1729705 ev_poll_posix.cc:593] FD from fork parent still in poll list: fd(15, generation: 1)
I0417 00:47:28.753448 1729705 ev_poll_posix.cc:593] FD from fork parent still in poll list: fd(16, generation: 1)

  ⏳ Timeout (retry 5/5). Retrying...
I0417 00:48:32.437170 1730423 ev_poll_posix.cc:593] FD from fork parent still in poll list: fd(15, generation: 1)
I0417 00:48:32.437261 1730423 ev_poll_posix.cc:593] FD from fork parent still in poll list: fd(16, generation: 1)
❌ TIMEOUT
[5/404] GBH (GBH_4028328d.pdf) 
  ⏳ Timeout (retry 1/5). Retrying...
I0417 00:50:36.508150 1731719 ev_poll_posix.cc:593] FD from fork parent still in poll list: fd(15, generation: 1)
I0417 00:50:36.508210 1731719 ev_poll_posix.cc:593] FD from fork parent still in poll list: fd(16, generation: 1)

  ⏳ Timeout (retry 2/5). Retrying...
I0417 00:51:39.891626 1732298 ev_poll_posix.cc:593] FD from fork parent still in poll list: fd(15, generation: 1)
I0417 00:51:39.891738 1732298 ev_poll_posix.cc:593] FD from fork parent still in poll list: fd(16, generation: 1)

  ⏳ Timeout (retry 3/5). Retrying...
I0417 00:52:44.197528 1732778 ev_poll_posix.cc:593] FD from fork parent still in poll list: fd(15, generation: 1)
I0417 00:52:44.197645 1732778 ev_poll_posix.cc:593] FD from fork parent still in poll list: fd(16, generation: 1)

  ⏳ Timeout (retry 4/5). Retrying...
I0417 00:53:48.031696 1733417 ev_poll_posix.cc:593] FD from fork parent still in poll list: fd(15, generation: 1)
I0417 00:53:48.031782 1733417 ev_poll_posix.cc:593] FD from fork parent still in poll list: fd(16, generation: 1)

  ⏳ Timeout (retry 5/5). Retrying...
I0417 00:54:52.153088 1733963 ev_poll_posix.cc:593] FD from fork parent still in poll list: fd(15, generation: 1)
❌ TIMEOUT
[6/404] GBV (GBV_4028328d.pdf) 
  ⏳ Timeout (retry 1/5). Retrying...
I0417 00:56:56.195348 1734942 ev_poll_posix.cc:593] FD from fork parent still in poll list: fd(15, generation: 1)
I0417 00:56:56.195463 1734942 ev_poll_posix.cc:593] FD from fork parent still in poll list: fd(16, generation: 1)

  ⏳ Timeout (retry 2/5). Retrying...
I0417 00:58:00.036544 1735580 ev_poll_posix.cc:593] FD from fork parent still in poll list: fd(15, generation: 1)
I0417 00:58:00.036608 1735580 ev_poll_posix.cc:593] FD from fork parent still in poll list: fd(16, generation: 1)

  ⏳ Timeout (retry 3/5). Retrying...
I0417 00:59:03.454389 1736376 ev_poll_posix.cc:593] FD from fork parent still in poll list: fd(15, generation: 1)
I0417 00:59:03.454478 1736376 ev_poll_posix.cc:593] FD from fork parent still in poll list: fd(16, generation: 1)

  ⏳ Timeout (retry 4/5). Retrying...
I0417 01:00:06.851808 1737072 ev_poll_posix.cc:593] FD from fork parent still in poll list: fd(15, generation: 1)
I0417 01:00:06.851886 1737072 ev_poll_posix.cc:593] FD from fork parent still in poll list: fd(16, generation: 1)

  ⏳ Timeout (retry 5/5). Retrying...
I0417 01:01:10.765355 1737802 ev_poll_posix.cc:593] FD from fork parent still in poll list: fd(15, generation: 1)
I0417 01:01:10.765450 1737802 ev_poll_posix.cc:593] FD from fork parent still in poll list: fd(16, generation: 1)
❌ TIMEOUT
[7/404] GHS (GHS_4028328d.pdf) 
  ⏳ Timeout (retry 1/5). Retrying...
I0417 01:03:14.102166 1738791 ev_poll_posix.cc:593] FD from fork parent still in poll list: fd(15, generation: 1)
I0417 01:03:14.102265 1738791 ev_poll_posix.cc:593] FD from fork parent still in poll list: fd(16, generation: 1)

  ⏳ Timeout (retry 2/5). Retrying...
I0417 01:04:17.491760 1739426 ev_poll_posix.cc:593] FD from fork parent still in poll list: fd(15, generation: 1)
I0417 01:04:17.491862 1739426 ev_poll_posix.cc:593] FD from fork parent still in poll list: fd(16, generation: 1)

  ⏳ Timeout (retry 3/5). Retrying...
I0417 01:05:20.983733 1740124 ev_poll_posix.cc:593] FD from fork parent still in poll list: fd(15, generation: 1)
I0417 01:05:20.983796 1740124 ev_poll_posix.cc:593] FD from fork parent still in poll list: fd(16, generation: 1)

  ⏳ Timeout (retry 4/5). Retrying...
I0417 01:06:24.751804 1740839 ev_poll_posix.cc:593] FD from fork parent still in poll list: fd(15, generation: 1)
I0417 01:06:24.751916 1740839 ev_poll_posix.cc:593] FD from fork parent still in poll list: fd(16, generation: 1)

  ⏳ Timeout (retry 5/5). Retrying...
I0417 01:07:28.141125 1741568 ev_poll_posix.cc:593] FD from fork parent still in poll list: fd(15, generation: 1)
I0417 01:07:28.141228 1741568 ev_poll_posix.cc:593] FD from fork parent still in poll list: fd(16, generation: 1)
❌ TIMEOUT
[8/404] GID (GID_4028328d.pdf) 
  ⏳ Timeout (retry 1/5). Retrying...
I0417 01:09:31.557975 1742693 ev_poll_posix.cc:593] FD from fork parent still in poll list: fd(15, generation: 1)
I0417 01:09:31.558068 1742693 ev_poll_posix.cc:593] FD from fork parent still in poll list: fd(16, generation: 1)

  ⏳ Timeout (retry 2/5). Retrying...
I0417 01:10:34.781921 1743361 ev_poll_posix.cc:593] FD from fork parent still in poll list: fd(15, generation: 1)
I0417 01:10:34.782058 1743361 ev_poll_posix.cc:593] FD from fork parent still in poll list: fd(16, generation: 1)

  ⏳ Timeout (retry 3/5). Retrying...
I0417 01:11:38.947004 1743994 ev_poll_posix.cc:593] FD from fork parent still in poll list: fd(15, generation: 1)
I0417 01:11:38.947073 1743994 ev_poll_posix.cc:593] FD from fork parent still in poll list: fd(16, generation: 1)

  ⏳ Timeout (retry 4/5). Retrying...
I0417 01:12:42.314731 1744760 ev_poll_posix.cc:593] FD from fork parent still in poll list: fd(15, generation: 1)
I0417 01:12:42.314791 1744760 ev_poll_posix.cc:593] FD from fork parent still in poll list: fd(16, generation: 1)

  ⏳ Timeout (retry 5/5). Retrying...
I0417 01:13:46.234124 1745311 ev_poll_posix.cc:593] FD from fork parent still in poll list: fd(15, generation: 1)
I0417 01:13:46.234188 1745311 ev_poll_posix.cc:593] FD from fork parent still in poll list: fd(16, generation: 1)
❌ TIMEOUT
[9/404] GIE (GIE_4028328d.pdf) 
  ⏳ Timeout (retry 1/5). Retrying...
I0417 01:15:49.853177 1746506 ev_poll_posix.cc:593] FD from fork parent still in poll list: fd(15, generation: 1)
I0417 01:15:49.853247 1746506 ev_poll_posix.cc:593] FD from fork parent still in poll list: fd(16, generation: 1)

  ⏳ Timeout (retry 2/5). Retrying...
I0417 01:16:53.909180 1747228 ev_poll_posix.cc:593] FD from fork parent still in poll list: fd(15, generation: 1)
I0417 01:16:53.909272 1747228 ev_poll_posix.cc:593] FD from fork parent still in poll list: fd(16, generation: 1)

  ⏳ Timeout (retry 3/5). Retrying...
I0417 01:17:57.637044 1747843 ev_poll_posix.cc:593] FD from fork parent still in poll list: fd(15, generation: 1)
I0417 01:17:57.637140 1747843 ev_poll_posix.cc:593] FD from fork parent still in poll list: fd(16, generation: 1)

  ⏳ Timeout (retry 4/5). Retrying...
I0417 01:19:00.884640 1748484 ev_poll_posix.cc:593] FD from fork parent still in poll list: fd(15, generation: 1)
I0417 01:19:00.884733 1748484 ev_poll_posix.cc:593] FD from fork parent still in poll list: fd(16, generation: 1)

  ⏳ Timeout (retry 5/5). Retrying...
I0417 01:20:04.625894 1749193 ev_poll_posix.cc:593] FD from fork parent still in poll list: fd(15, generation: 1)
I0417 01:20:04.625994 1749193 ev_poll_posix.cc:593] FD from fork parent still in poll list: fd(16, generation: 1)
❌ TIMEOUT
[10/404] GJH (GJH_4028328d.pdf) 
  ⏳ Timeout (retry 1/5). Retrying...
I0417 01:22:07.957763 1750333 ev_poll_posix.cc:593] FD from fork parent still in poll list: fd(15, generation: 1)
I0417 01:22:07.957854 1750333 ev_poll_posix.cc:593] FD from fork parent still in poll list: fd(16, generation: 1)

  ⏳ Timeout (retry 2/5). Retrying...
I0417 01:23:11.600371 1751030 ev_poll_posix.cc:593] FD from fork parent still in poll list: fd(15, generation: 1)
I0417 01:23:11.600429 1751030 ev_poll_posix.cc:593] FD from fork parent still in poll list: fd(16, generation: 1)

  ⏳ Timeout (retry 3/5). Retrying...
I0417 01:24:15.874083 1751604 ev_poll_posix.cc:593] FD from fork parent still in poll list: fd(15, generation: 1)
I0417 01:24:15.874166 1751604 ev_poll_posix.cc:593] FD from fork parent still in poll list: fd(16, generation: 1)

  ⏳ Timeout (retry 4/5). Retrying...
I0417 01:25:19.875757 1752337 ev_poll_posix.cc:593] FD from fork parent still in poll list: fd(15, generation: 1)
I0417 01:25:19.875832 1752337 ev_poll_posix.cc:593] FD from fork parent still in poll list: fd(16, generation: 1)

  ⏳ Timeout (retry 5/5). Retrying...
I0417 01:26:24.068969 1753105 ev_poll_posix.cc:593] FD from fork parent still in poll list: fd(25, generation: 1)
❌ TIMEOUT
[11/404] GKF (GKF_4028328c.pdf) 
  ⏳ Timeout (retry 1/5). Retrying...
I0417 01:28:28.047959 1754329 ev_poll_posix.cc:593] FD from fork parent still in poll list: fd(26, generation: 1)
I0417 01:28:28.048046 1754329 ev_poll_posix.cc:593] FD from fork parent still in poll list: fd(25, generation: 1)

  ⏳ Timeout (retry 2/5). Retrying...
I0417 01:29:32.198273 1755025 ev_poll_posix.cc:593] FD from fork parent still in poll list: fd(26, generation: 1)
I0417 01:29:32.198336 1755025 ev_poll_posix.cc:593] FD from fork parent still in poll list: fd(25, generation: 1)

  ⏳ Timeout (retry 3/5). Retrying...
I0417 01:30:36.617784 1755920 ev_poll_posix.cc:593] FD from fork parent still in poll list: fd(26, generation: 1)
I0417 01:30:36.617867 1755920 ev_poll_posix.cc:593] FD from fork parent still in poll list: fd(25, generation: 1)

  ⏳ Timeout (retry 4/5). Retrying...
I0417 01:31:41.116917 1756633 ev_poll_posix.cc:593] FD from fork parent still in poll list: fd(26, generation: 1)
I0417 01:31:41.117020 1756633 ev_poll_posix.cc:593] FD from fork parent still in poll list: fd(25, generation: 1)

  ⏳ Timeout (retry 5/5). Retrying...
I0417 01:32:46.364255 1757376 ev_poll_posix.cc:593] FD from fork parent still in poll list: fd(26, generation: 1)
I0417 01:32:46.364317 1757376 ev_poll_posix.cc:593] FD from fork parent still in poll list: fd(25, generation: 1)
❌ TIMEOUT
[12/404] GKG (GKG_4028328d.pdf) 
  ⏳ Timeout (retry 1/5). Retrying...
I0417 01:34:50.226137 1758476 ev_poll_posix.cc:593] FD from fork parent still in poll list: fd(26, generation: 1)
I0417 01:34:50.226258 1758476 ev_poll_posix.cc:593] FD from fork parent still in poll list: fd(25, generation: 1)

  ⏳ Timeout (retry 2/5). Retrying...
I0417 01:35:53.927740 1759204 ev_poll_posix.cc:593] FD from fork parent still in poll list: fd(26, generation: 1)
I0417 01:35:53.927841 1759204 ev_poll_posix.cc:593] FD from fork parent still in poll list: fd(25, generation: 1)

  ⏳ Timeout (retry 3/5). Retrying...
I0417 01:36:57.752862 1760121 ev_poll_posix.cc:593] FD from fork parent still in poll list: fd(26, generation: 1)
I0417 01:36:57.752983 1760121 ev_poll_posix.cc:593] FD from fork parent still in poll list: fd(25, generation: 1)

  ⏳ Timeout (retry 4/5). Retrying...
I0417 01:38:01.226766 1760793 ev_poll_posix.cc:593] FD from fork parent still in poll list: fd(26, generation: 1)
I0417 01:38:01.226866 1760793 ev_poll_posix.cc:593] FD from fork parent still in poll list: fd(25, generation: 1)

  ⏳ Timeout (retry 5/5). Retrying...
I0417 01:39:05.792122 1761547 ev_poll_posix.cc:593] FD from fork parent still in poll list: fd(26, generation: 1)
I0417 01:39:05.792213 1761547 ev_poll_posix.cc:593] FD from fork parent still in poll list: fd(25, generation: 1)
❌ TIMEOUT
[13/404] GKH (GKH_4028328d.pdf) 
  ⏳ Timeout (retry 1/5). Retrying...
I0417 01:41:09.128567 1762930 ev_poll_posix.cc:593] FD from fork parent still in poll list: fd(26, generation: 1)
I0417 01:41:09.128640 1762930 ev_poll_posix.cc:593] FD from fork parent still in poll list: fd(25, generation: 1)

  ⏳ Timeout (retry 2/5). Retrying...
I0417 01:42:13.102794 1763580 ev_poll_posix.cc:593] FD from fork parent still in poll list: fd(26, generation: 1)
I0417 01:42:13.102864 1763580 ev_poll_posix.cc:593] FD from fork parent still in poll list: fd(25, generation: 1)

  ⏳ Timeout (retry 3/5). Retrying...
I0417 01:43:17.532478 1764316 ev_poll_posix.cc:593] FD from fork parent still in poll list: fd(26, generation: 1)
I0417 01:43:17.532579 1764316 ev_poll_posix.cc:593] FD from fork parent still in poll list: fd(25, generation: 1)

  ⏳ Timeout (retry 4/5). Retrying...
I0417 01:44:21.142159 1765057 ev_poll_posix.cc:593] FD from fork parent still in poll list: fd(26, generation: 1)
I0417 01:44:21.142247 1765057 ev_poll_posix.cc:593] FD from fork parent still in poll list: fd(25, generation: 1)

  ⏳ Timeout (retry 5/5). Retrying...
I0417 01:45:25.601821 1765790 ev_poll_posix.cc:593] FD from fork parent still in poll list: fd(26, generation: 1)
I0417 01:45:25.601893 1765790 ev_poll_posix.cc:593] FD from fork parent still in poll list: fd(25, generation: 1)
❌ TIMEOUT
[14/404] GKV (GKV_4028328d.pdf) 
  ⏳ Timeout (retry 1/5). Retrying...
I0417 01:47:29.402860 1767211 ev_poll_posix.cc:593] FD from fork parent still in poll list: fd(26, generation: 1)
I0417 01:47:29.402953 1767211 ev_poll_posix.cc:593] FD from fork parent still in poll list: fd(25, generation: 1)

  ⏳ Timeout (retry 2/5). Retrying...
I0417 01:48:33.300972 1767907 ev_poll_posix.cc:593] FD from fork parent still in poll list: fd(26, generation: 1)
I0417 01:48:33.301081 1767907 ev_poll_posix.cc:593] FD from fork parent still in poll list: fd(25, generation: 1)

  ⏳ Timeout (retry 3/5). Retrying...
I0417 01:49:36.882395 1768524 ev_poll_posix.cc:593] FD from fork parent still in poll list: fd(26, generation: 1)
I0417 01:49:36.882500 1768524 ev_poll_posix.cc:593] FD from fork parent still in poll list: fd(25, generation: 1)

  ⏳ Timeout (retry 4/5). Retrying...
I0417 01:50:40.543787 1769194 ev_poll_posix.cc:593] FD from fork parent still in poll list: fd(26, generation: 1)
I0417 01:50:40.543892 1769194 ev_poll_posix.cc:593] FD from fork parent still in poll list: fd(25, generation: 1)

  ⏳ Timeout (retry 5/5). Retrying...
I0417 01:51:44.177258 1769900 ev_poll_posix.cc:593] FD from fork parent still in poll list: fd(26, generation: 1)
I0417 01:51:44.177360 1769900 ev_poll_posix.cc:593] FD from fork parent still in poll list: fd(25, generation: 1)
❌ TIMEOUT
[15/404] GLC (GLC_4028328d.pdf) 
  ⏳ Timeout (retry 1/5). Retrying...
I0417 01:53:48.082430 1771264 ev_poll_posix.cc:593] FD from fork parent still in poll list: fd(26, generation: 1)
I0417 01:53:48.082551 1771264 ev_poll_posix.cc:593] FD from fork parent still in poll list: fd(25, generation: 1)

  ⏳ Timeout (retry 2/5). Retrying...
I0417 01:54:51.408317 1771896 ev_poll_posix.cc:593] FD from fork parent still in poll list: fd(26, generation: 1)
I0417 01:54:51.408423 1771896 ev_poll_posix.cc:593] FD from fork parent still in poll list: fd(25, generation: 1)

  ⏳ Timeout (retry 3/5). Retrying...
I0417 01:55:54.765163 1772663 ev_poll_posix.cc:593] FD from fork parent still in poll list: fd(26, generation: 1)
I0417 01:55:54.765258 1772663 ev_poll_posix.cc:593] FD from fork parent still in poll list: fd(25, generation: 1)

  ⏳ Timeout (retry 4/5). Retrying...
I0417 01:56:58.323644 1773384 ev_poll_posix.cc:593] FD from fork parent still in poll list: fd(26, generation: 1)
I0417 01:56:58.323746 1773384 ev_poll_posix.cc:593] FD from fork parent still in poll list: fd(25, generation: 1)

  ⏳ Timeout (retry 5/5). Retrying...
I0417 01:58:01.737548 1774086 ev_poll_posix.cc:593] FD from fork parent still in poll list: fd(26, generation: 1)
I0417 01:58:01.737645 1774086 ev_poll_posix.cc:593] FD from fork parent still in poll list: fd(25, generation: 1)
❌ TIMEOUT
[16/404] GLDTR (GLDTR_4028328c.pdf) 
  ⏳ Timeout (retry 1/5). Retrying...
I0417 02:00:05.637958 1775237 ev_poll_posix.cc:593] FD from fork parent still in poll list: fd(26, generation: 1)
I0417 02:00:05.638024 1775237 ev_poll_posix.cc:593] FD from fork parent still in poll list: fd(25, generation: 1)

  ⏳ Timeout (retry 2/5). Retrying...
I0417 02:01:09.126564 1775867 ev_poll_posix.cc:593] FD from fork parent still in poll list: fd(26, generation: 1)
I0417 02:01:09.126673 1775867 ev_poll_posix.cc:593] FD from fork parent still in poll list: fd(25, generation: 1)

  ⏳ Timeout (retry 3/5). Retrying...
I0417 02:02:12.943303 1776553 ev_poll_posix.cc:593] FD from fork parent still in poll list: fd(26, generation: 1)
I0417 02:02:12.943376 1776553 ev_poll_posix.cc:593] FD from fork parent still in poll list: fd(25, generation: 1)

  ⏳ Timeout (retry 4/5). Retrying...
I0417 02:03:17.243553 1777242 ev_poll_posix.cc:593] FD from fork parent still in poll list: fd(26, generation: 1)
I0417 02:03:17.243628 1777242 ev_poll_posix.cc:593] FD from fork parent still in poll list: fd(25, generation: 1)

  ⏳ Timeout (retry 5/5). Retrying...
I0417 02:04:21.105733 1777965 ev_poll_posix.cc:593] FD from fork parent still in poll list: fd(26, generation: 1)
I0417 02:04:21.105822 1777965 ev_poll_posix.cc:593] FD from fork parent still in poll list: fd(25, generation: 1)
❌ TIMEOUT
[17/404] GLG (GLG_4028328d.pdf) 
  ⏳ Timeout (retry 1/5). Retrying...
I0417 02:06:25.744322 1779109 ev_poll_posix.cc:593] FD from fork parent still in poll list: fd(26, generation: 1)
I0417 02:06:25.744424 1779109 ev_poll_posix.cc:593] FD from fork parent still in poll list: fd(25, generation: 1)

  ⏳ Timeout (retry 2/5). Retrying...
I0417 02:07:29.538396 1779989 ev_poll_posix.cc:593] FD from fork parent still in poll list: fd(26, generation: 1)
I0417 02:07:29.538469 1779989 ev_poll_posix.cc:593] FD from fork parent still in poll list: fd(25, generation: 1)

  ⏳ Timeout (retry 3/5). Retrying...
I0417 02:08:33.288549 1780893 ev_poll_posix.cc:593] FD from fork parent still in poll list: fd(26, generation: 1)
I0417 02:08:33.288609 1780893 ev_poll_posix.cc:593] FD from fork parent still in poll list: fd(25, generation: 1)

  ⏳ Timeout (retry 4/5). Retrying...
I0417 02:09:37.025980 1781677 ev_poll_posix.cc:593] FD from fork parent still in poll list: fd(26, generation: 1)
I0417 02:09:37.026085 1781677 ev_poll_posix.cc:593] FD from fork parent still in poll list: fd(25, generation: 1)

  ⏳ Timeout (retry 5/5). Retrying...
I0417 02:10:40.747797 1782415 ev_poll_posix.cc:593] FD from fork parent still in poll list: fd(26, generation: 1)
I0417 02:10:40.747907 1782415 ev_poll_posix.cc:593] FD from fork parent still in poll list: fd(25, generation: 1)
❌ TIMEOUT
[18/404] GMC (GMC_4028328c.pdf) 
  ⏳ Timeout (retry 1/5). Retrying...
I0417 02:12:44.948709 1783839 ev_poll_posix.cc:593] FD from fork parent still in poll list: fd(26, generation: 1)
I0417 02:12:44.948785 1783839 ev_poll_posix.cc:593] FD from fork parent still in poll list: fd(25, generation: 1)

  ⏳ Timeout (retry 2/5). Retrying...
I0417 02:13:49.280977 1784717 ev_poll_posix.cc:593] FD from fork parent still in poll list: fd(26, generation: 1)
I0417 02:13:49.281039 1784717 ev_poll_posix.cc:593] FD from fork parent still in poll list: fd(25, generation: 1)

  ⏳ Timeout (retry 3/5). Retrying...
I0417 02:14:52.988294 1785409 ev_poll_posix.cc:593] FD from fork parent still in poll list: fd(26, generation: 1)
I0417 02:14:52.988393 1785409 ev_poll_posix.cc:593] FD from fork parent still in poll list: fd(25, generation: 1)

  ⏳ Timeout (retry 4/5). Retrying...
I0417 02:15:56.977156 1786079 ev_poll_posix.cc:593] FD from fork parent still in poll list: fd(26, generation: 1)
I0417 02:15:56.977249 1786079 ev_poll_posix.cc:593] FD from fork parent still in poll list: fd(25, generation: 1)

  ⏳ Timeout (retry 5/5). Retrying...
I0417 02:17:01.284276 1786823 ev_poll_posix.cc:593] FD from fork parent still in poll list: fd(26, generation: 1)
I0417 02:17:01.284381 1786823 ev_poll_posix.cc:593] FD from fork parent still in poll list: fd(25, generation: 1)
❌ TIMEOUT
[19/404] GMD (GMD_4028328c.pdf) 
  ⏳ Timeout (retry 1/5). Retrying...
I0417 02:19:05.085665 1788294 ev_poll_posix.cc:593] FD from fork parent still in poll list: fd(26, generation: 1)
I0417 02:19:05.085751 1788294 ev_poll_posix.cc:593] FD from fork parent still in poll list: fd(25, generation: 1)

  ⏳ Timeout (retry 2/5). Retrying...
I0417 02:20:09.495356 1788961 ev_poll_posix.cc:593] FD from fork parent still in poll list: fd(26, generation: 1)
I0417 02:20:09.495423 1788961 ev_poll_posix.cc:593] FD from fork parent still in poll list: fd(25, generation: 1)

  ⏳ Timeout (retry 3/5). Retrying...
I0417 02:21:13.710098 1789654 ev_poll_posix.cc:593] FD from fork parent still in poll list: fd(26, generation: 1)
I0417 02:21:13.710208 1789654 ev_poll_posix.cc:593] FD from fork parent still in poll list: fd(25, generation: 1)

  ⏳ Timeout (retry 4/5). Retrying...
I0417 02:22:17.393218 1790361 ev_poll_posix.cc:593] FD from fork parent still in poll list: fd(26, generation: 1)
I0417 02:22:17.393282 1790361 ev_poll_posix.cc:593] FD from fork parent still in poll list: fd(25, generation: 1)

  ⏳ Timeout (retry 5/5). Retrying...
I0417 02:23:21.291167 1791123 ev_poll_posix.cc:593] FD from fork parent still in poll list: fd(26, generation: 1)
I0417 02:23:21.291269 1791123 ev_poll_posix.cc:593] FD from fork parent still in poll list: fd(25, generation: 1)
❌ TIMEOUT
[20/404] GMI (GMI_4028328d.pdf) 
  ⏳ Timeout (retry 1/5). Retrying...
I0417 02:25:25.039809 1792540 ev_poll_posix.cc:593] FD from fork parent still in poll list: fd(26, generation: 1)
I0417 02:25:25.039913 1792540 ev_poll_posix.cc:593] FD from fork parent still in poll list: fd(25, generation: 1)

  ⏳ Timeout (retry 2/5). Retrying...
I0417 02:26:29.096492 1793294 ev_poll_posix.cc:593] FD from fork parent still in poll list: fd(16, generation: 1)
I0417 02:26:29.096568 1793294 ev_poll_posix.cc:593] FD from fork parent still in poll list: fd(26, generation: 1)

  ⏳ Timeout (retry 3/5). Retrying...
I0417 02:27:32.671631 1794158 ev_poll_posix.cc:593] FD from fork parent still in poll list: fd(16, generation: 1)
I0417 02:27:32.671696 1794158 ev_poll_posix.cc:593] FD from fork parent still in poll list: fd(26, generation: 1)

  ⏳ Timeout (retry 4/5). Retrying...
I0417 02:28:36.560542 1795036 ev_poll_posix.cc:593] FD from fork parent still in poll list: fd(16, generation: 1)

  ⏳ Timeout (retry 5/5). Retrying...
I0417 02:29:39.948713 1795933 ev_poll_posix.cc:593] FD from fork parent still in poll list: fd(21, generation: 1)
I0417 02:29:39.948809 1795933 ev_poll_posix.cc:593] FD from fork parent still in poll list: fd(16, generation: 1)
❌ TIMEOUT
[21/404] GMN (GMN_4028328c.pdf) 
  ⏳ Timeout (retry 1/5). Retrying...
I0417 02:31:43.697198 1797405 ev_poll_posix.cc:593] FD from fork parent still in poll list: fd(21, generation: 1)
I0417 02:31:43.697314 1797405 ev_poll_posix.cc:593] FD from fork parent still in poll list: fd(16, generation: 1)

  ⏳ Timeout (retry 2/5). Retrying...
I0417 02:32:47.644452 1798142 ev_poll_posix.cc:593] FD from fork parent still in poll list: fd(21, generation: 1)
I0417 02:32:47.644542 1798142 ev_poll_posix.cc:593] FD from fork parent still in poll list: fd(16, generation: 1)

  ⏳ Timeout (retry 3/5). Retrying...
I0417 02:33:52.463762 1798860 ev_poll_posix.cc:593] FD from fork parent still in poll list: fd(21, generation: 1)
I0417 02:33:52.463853 1798860 ev_poll_posix.cc:593] FD from fork parent still in poll list: fd(16, generation: 1)

  ⏳ Timeout (retry 4/5). Retrying...
I0417 02:34:56.568497 1799740 ev_poll_posix.cc:593] FD from fork parent still in poll list: fd(21, generation: 1)
I0417 02:34:56.568609 1799740 ev_poll_posix.cc:593] FD from fork parent still in poll list: fd(16, generation: 1)

  ⏳ Timeout (retry 5/5). Retrying...
I0417 02:36:00.113025 1800497 ev_poll_posix.cc:593] FD from fork parent still in poll list: fd(21, generation: 1)
I0417 02:36:00.113091 1800497 ev_poll_posix.cc:593] FD from fork parent still in poll list: fd(16, generation: 1)
❌ TIMEOUT
[22/404] GMSTR (GMSTR_4028328c.pdf) 
  ⏳ Timeout (retry 1/5). Retrying...
I0417 02:38:04.469364 1801941 ev_poll_posix.cc:593] FD from fork parent still in poll list: fd(21, generation: 1)
I0417 02:38:04.469455 1801941 ev_poll_posix.cc:593] FD from fork parent still in poll list: fd(16, generation: 1)

  ⏳ Timeout (retry 2/5). Retrying...
I0417 02:39:08.162384 1802682 ev_poll_posix.cc:593] FD from fork parent still in poll list: fd(21, generation: 1)
I0417 02:39:08.162452 1802682 ev_poll_posix.cc:593] FD from fork parent still in poll list: fd(16, generation: 1)

  ⏳ Timeout (retry 3/5). Retrying...
I0417 02:40:11.689303 1803502 ev_poll_posix.cc:593] FD from fork parent still in poll list: fd(21, generation: 1)
I0417 02:40:11.689393 1803502 ev_poll_posix.cc:593] FD from fork parent still in poll list: fd(16, generation: 1)

  ⏳ Timeout (retry 4/5). Retrying...
I0417 02:41:15.680901 1804278 ev_poll_posix.cc:593] FD from fork parent still in poll list: fd(21, generation: 1)
I0417 02:41:15.681012 1804278 ev_poll_posix.cc:593] FD from fork parent still in poll list: fd(16, generation: 1)

  ⏳ Timeout (retry 5/5). Retrying...
I0417 02:42:22.883416 1805181 ev_poll_posix.cc:593] FD from fork parent still in poll list: fd(21, generation: 1)
I0417 02:42:22.883538 1805181 ev_poll_posix.cc:593] FD from fork parent still in poll list: fd(16, generation: 1)
❌ TIMEOUT
[23/404] GNH (GNH_4028328c.pdf) 
  ⏳ Timeout (retry 1/5). Retrying...
I0417 02:44:26.780314 1806647 ev_poll_posix.cc:593] FD from fork parent still in poll list: fd(21, generation: 1)
I0417 02:44:26.780419 1806647 ev_poll_posix.cc:593] FD from fork parent still in poll list: fd(16, generation: 1)

  ⏳ Timeout (retry 2/5). Retrying...
I0417 02:45:31.085669 1807654 ev_poll_posix.cc:593] FD from fork parent still in poll list: fd(21, generation: 1)
I0417 02:45:31.085785 1807654 ev_poll_posix.cc:593] FD from fork parent still in poll list: fd(16, generation: 1)

  ⏳ Timeout (retry 3/5). Retrying...
I0417 02:46:35.916287 1808433 ev_poll_posix.cc:593] FD from fork parent still in poll list: fd(21, generation: 1)
I0417 02:46:35.916391 1808433 ev_poll_posix.cc:593] FD from fork parent still in poll list: fd(16, generation: 1)

  ⏳ Timeout (retry 4/5). Retrying...
I0417 02:47:39.801189 1809061 ev_poll_posix.cc:593] FD from fork parent still in poll list: fd(21, generation: 1)
I0417 02:47:39.801287 1809061 ev_poll_posix.cc:593] FD from fork parent still in poll list: fd(16, generation: 1)

  ⏳ Timeout (retry 5/5). Retrying...
I0417 02:48:44.168721 1810011 ev_poll_posix.cc:593] FD from fork parent still in poll list: fd(21, generation: 1)
I0417 02:48:44.168835 1810011 ev_poll_posix.cc:593] FD from fork parent still in poll list: fd(16, generation: 1)
❌ TIMEOUT
[24/404] GNP (GNP_4028328d.pdf) 
  ⏳ Timeout (retry 1/5). Retrying...
I0417 02:50:48.419185 1811648 ev_poll_posix.cc:593] FD from fork parent still in poll list: fd(21, generation: 1)
I0417 02:50:48.419275 1811648 ev_poll_posix.cc:593] FD from fork parent still in poll list: fd(16, generation: 1)

  ⏳ Timeout (retry 2/5). Retrying...
I0417 02:51:52.138465 1812255 ev_poll_posix.cc:593] FD from fork parent still in poll list: fd(21, generation: 1)
I0417 02:51:52.138557 1812255 ev_poll_posix.cc:593] FD from fork parent still in poll list: fd(16, generation: 1)

  ⏳ Timeout (retry 3/5). Retrying...
I0417 02:52:55.701118 1813063 ev_poll_posix.cc:593] FD from fork parent still in poll list: fd(21, generation: 1)
I0417 02:52:55.701219 1813063 ev_poll_posix.cc:593] FD from fork parent still in poll list: fd(16, generation: 1)

  ⏳ Timeout (retry 4/5). Retrying...
I0417 02:54:02.989782 1814119 ev_poll_posix.cc:593] FD from fork parent still in poll list: fd(21, generation: 1)
I0417 02:54:02.989896 1814119 ev_poll_posix.cc:593] FD from fork parent still in poll list: fd(16, generation: 1)

  ⏳ Timeout (retry 5/5). Retrying...
I0417 02:55:07.078917 1815088 ev_poll_posix.cc:593] FD from fork parent still in poll list: fd(21, generation: 1)
I0417 02:55:07.079020 1815088 ev_poll_posix.cc:593] FD from fork parent still in poll list: fd(16, generation: 1)
❌ TIMEOUT
[25/404] GNS (GNS_4028328d.pdf) 
  ⏳ Timeout (retry 1/5). Retrying...
I0417 02:57:10.833866 1816549 ev_poll_posix.cc:593] FD from fork parent still in poll list: fd(21, generation: 1)
I0417 02:57:10.833971 1816549 ev_poll_posix.cc:593] FD from fork parent still in poll list: fd(16, generation: 1)

  ⏳ Timeout (retry 2/5). Retrying...
I0417 02:58:15.491804 1817061 ev_poll_posix.cc:593] FD from fork parent still in poll list: fd(21, generation: 1)
I0417 02:58:15.491910 1817061 ev_poll_posix.cc:593] FD from fork parent still in poll list: fd(16, generation: 1)

  ⏳ Timeout (retry 3/5). Retrying...
I0417 02:59:19.798338 1817995 ev_poll_posix.cc:593] FD from fork parent still in poll list: fd(21, generation: 1)
I0417 02:59:19.798449 1817995 ev_poll_posix.cc:593] FD from fork parent still in poll list: fd(16, generation: 1)

  ⏳ Timeout (retry 4/5). Retrying...
I0417 03:00:23.380456 1818981 ev_poll_posix.cc:593] FD from fork parent still in poll list: fd(21, generation: 1)
I0417 03:00:23.380561 1818981 ev_poll_posix.cc:593] FD from fork parent still in poll list: fd(16, generation: 1)

  ⏳ Timeout (retry 5/5). Retrying...
I0417 03:01:26.459439 1819914 ev_poll_posix.cc:593] FD from fork parent still in poll list: fd(21, generation: 1)
I0417 03:01:26.459548 1819914 ev_poll_posix.cc:593] FD from fork parent still in poll list: fd(16, generation: 1)
❌ TIMEOUT
[26/404] GOH (GOH_4028328d.pdf) 
  ⏳ Timeout (retry 1/5). Retrying...
I0417 03:03:30.360510 1821246 ev_poll_posix.cc:593] FD from fork parent still in poll list: fd(21, generation: 1)
I0417 03:03:30.360596 1821246 ev_poll_posix.cc:593] FD from fork parent still in poll list: fd(16, generation: 1)

  ⏳ Timeout (retry 2/5). Retrying...
I0417 03:04:34.203690 1821997 ev_poll_posix.cc:593] FD from fork parent still in poll list: fd(21, generation: 1)
I0417 03:04:34.203768 1821997 ev_poll_posix.cc:593] FD from fork parent still in poll list: fd(16, generation: 1)

  ⏳ Timeout (retry 3/5). Retrying...
I0417 03:05:37.954966 1822817 ev_poll_posix.cc:593] FD from fork parent still in poll list: fd(21, generation: 1)
I0417 03:05:37.955031 1822817 ev_poll_posix.cc:593] FD from fork parent still in poll list: fd(16, generation: 1)

  ⏳ Timeout (retry 4/5). Retrying...
I0417 03:06:41.873299 1823649 ev_poll_posix.cc:593] FD from fork parent still in poll list: fd(21, generation: 1)
I0417 03:06:41.873412 1823649 ev_poll_posix.cc:593] FD from fork parent still in poll list: fd(16, generation: 1)

  ⏳ Timeout (retry 5/5). Retrying...
I0417 03:07:46.439723 1825169 ev_poll_posix.cc:593] FD from fork parent still in poll list: fd(21, generation: 1)
I0417 03:07:46.439823 1825169 ev_poll_posix.cc:593] FD from fork parent still in poll list: fd(16, generation: 1)
❌ TIMEOUT
[27/404] GOL (GOL_4028328d.pdf) 
  ⏳ Timeout (retry 1/5). Retrying...
I0417 03:09:50.671872 1827601 ev_poll_posix.cc:593] FD from fork parent still in poll list: fd(21, generation: 1)
I0417 03:09:50.671946 1827601 ev_poll_posix.cc:593] FD from fork parent still in poll list: fd(16, generation: 1)

  ⏳ Timeout (retry 2/5). Retrying...
I0417 03:10:54.549192 1828890 ev_poll_posix.cc:593] FD from fork parent still in poll list: fd(21, generation: 1)
I0417 03:10:54.549298 1828890 ev_poll_posix.cc:593] FD from fork parent still in poll list: fd(16, generation: 1)

  ⏳ Timeout (retry 3/5). Retrying...
I0417 03:11:57.858721 1829949 ev_poll_posix.cc:593] FD from fork parent still in poll list: fd(19, generation: 1)

  ⏳ Timeout (retry 4/5). Retrying...
I0417 03:13:01.556438 1830796 ev_poll_posix.cc:593] FD from fork parent still in poll list: fd(19, generation: 1)
I0417 03:13:01.556551 1830796 ev_poll_posix.cc:593] FD from fork parent still in poll list: fd(16, generation: 1)

  ⏳ Timeout (retry 5/5). Retrying...
I0417 03:14:04.942065 1831688 ev_poll_posix.cc:593] FD from fork parent still in poll list: fd(19, generation: 1)
I0417 03:14:04.942158 1831688 ev_poll_posix.cc:593] FD from fork parent still in poll list: fd(16, generation: 1)
❌ TIMEOUT
[28/404] GOP (GOP_4028328d.pdf) 
  ⏳ Timeout (retry 1/5). Retrying...
I0417 03:16:08.986230 1833219 ev_poll_posix.cc:593] FD from fork parent still in poll list: fd(19, generation: 1)
I0417 03:16:08.986336 1833219 ev_poll_posix.cc:593] FD from fork parent still in poll list: fd(16, generation: 1)

  ⏳ Timeout (retry 2/5). Retrying...
I0417 03:17:13.237801 1833881 ev_poll_posix.cc:593] FD from fork parent still in poll list: fd(19, generation: 1)
I0417 03:17:13.237898 1833881 ev_poll_posix.cc:593] FD from fork parent still in poll list: fd(16, generation: 1)

  ⏳ Timeout (retry 3/5). Retrying...
I0417 03:18:17.501113 1834656 ev_poll_posix.cc:593] FD from fork parent still in poll list: fd(19, generation: 1)
I0417 03:18:17.501187 1834656 ev_poll_posix.cc:593] FD from fork parent still in poll list: fd(16, generation: 1)

  ⏳ Timeout (retry 4/5). Retrying...
I0417 03:19:22.834221 1835452 ev_poll_posix.cc:593] FD from fork parent still in poll list: fd(19, generation: 1)
I0417 03:19:22.834281 1835452 ev_poll_posix.cc:593] FD from fork parent still in poll list: fd(16, generation: 1)

  ⏳ Timeout (retry 5/5). Retrying...
I0417 03:20:26.304197 1836241 ev_poll_posix.cc:593] FD from fork parent still in poll list: fd(19, generation: 1)
I0417 03:20:26.304288 1836241 ev_poll_posix.cc:593] FD from fork parent still in poll list: fd(16, generation: 1)
❌ TIMEOUT
[29/404] GPA (GPA_4028328d.pdf) 
  ⏳ Timeout (retry 1/5). Retrying...
I0417 03:22:30.026196 1837614 ev_poll_posix.cc:593] FD from fork parent still in poll list: fd(19, generation: 1)
I0417 03:22:30.026285 1837614 ev_poll_posix.cc:593] FD from fork parent still in poll list: fd(16, generation: 1)

  ⏳ Timeout (retry 2/5). Retrying...
I0417 03:23:34.602556 1838346 ev_poll_posix.cc:593] FD from fork parent still in poll list: fd(19, generation: 1)
I0417 03:23:34.602668 1838346 ev_poll_posix.cc:593] FD from fork parent still in poll list: fd(16, generation: 1)

  ⏳ Timeout (retry 3/5). Retrying...
I0417 03:24:38.434626 1839162 ev_poll_posix.cc:593] FD from fork parent still in poll list: fd(19, generation: 1)
I0417 03:24:38.434728 1839162 ev_poll_posix.cc:593] FD from fork parent still in poll list: fd(16, generation: 1)

  ⏳ Timeout (retry 4/5). Retrying...
I0417 03:25:43.609677 1840043 ev_poll_posix.cc:593] FD from fork parent still in poll list: fd(19, generation: 1)
I0417 03:25:43.609766 1840043 ev_poll_posix.cc:593] FD from fork parent still in poll list: fd(16, generation: 1)

  ⏳ Timeout (retry 5/5). Retrying...
I0417 03:26:47.460818 1840817 ev_poll_posix.cc:593] FD from fork parent still in poll list: fd(32, generation: 1)
I0417 03:26:47.460897 1840817 ev_poll_posix.cc:593] FD from fork parent still in poll list: fd(19, generation: 1)
❌ TIMEOUT
[30/404] GPB (GPB_4028328d.pdf) 
  ⏳ Timeout (retry 1/5). Retrying...
I0417 03:28:51.367911 1842410 ev_poll_posix.cc:593] FD from fork parent still in poll list: fd(32, generation: 1)
I0417 03:28:51.367994 1842410 ev_poll_posix.cc:593] FD from fork parent still in poll list: fd(19, generation: 1)

  ⏳ Timeout (retry 2/5). Retrying...
I0417 03:29:55.265701 1843017 ev_poll_posix.cc:593] FD from fork parent still in poll list: fd(32, generation: 1)
I0417 03:29:55.265815 1843017 ev_poll_posix.cc:593] FD from fork parent still in poll list: fd(19, generation: 1)

  ⏳ Timeout (retry 3/5). Retrying...
I0417 03:30:59.368870 1843937 ev_poll_posix.cc:593] FD from fork parent still in poll list: fd(32, generation: 1)
I0417 03:30:59.368957 1843937 ev_poll_posix.cc:593] FD from fork parent still in poll list: fd(19, generation: 1)

  ⏳ Timeout (retry 4/5). Retrying...
I0417 03:32:03.599712 1844820 ev_poll_posix.cc:593] FD from fork parent still in poll list: fd(32, generation: 1)
I0417 03:32:03.599826 1844820 ev_poll_posix.cc:593] FD from fork parent still in poll list: fd(19, generation: 1)

  ⏳ Timeout (retry 5/5). Retrying...
I0417 03:33:07.272525 1845547 ev_poll_posix.cc:593] FD from fork parent still in poll list: fd(32, generation: 1)
I0417 03:33:07.272578 1845547 ev_poll_posix.cc:593] FD from fork parent still in poll list: fd(19, generation: 1)
❌ TIMEOUT
[31/404] GPC (GPC_4028328d.pdf) 
  ⏳ Timeout (retry 1/5). Retrying...
I0417 03:35:10.989426 1846939 ev_poll_posix.cc:593] FD from fork parent still in poll list: fd(32, generation: 1)
I0417 03:35:10.989523 1846939 ev_poll_posix.cc:593] FD from fork parent still in poll list: fd(19, generation: 1)

  ⏳ Timeout (retry 2/5). Retrying...
I0417 03:36:14.931570 1847611 ev_poll_posix.cc:593] FD from fork parent still in poll list: fd(32, generation: 1)
I0417 03:36:14.931665 1847611 ev_poll_posix.cc:593] FD from fork parent still in poll list: fd(19, generation: 1)

  ⏳ Timeout (retry 3/5). Retrying...
I0417 03:37:19.203134 1848497 ev_poll_posix.cc:593] FD from fork parent still in poll list: fd(32, generation: 1)
I0417 03:37:19.203240 1848497 ev_poll_posix.cc:593] FD from fork parent still in poll list: fd(19, generation: 1)

  ⏳ Timeout (retry 4/5). Retrying...
I0417 03:38:23.511263 1849221 ev_poll_posix.cc:593] FD from fork parent still in poll list: fd(32, generation: 1)
I0417 03:38:23.511347 1849221 ev_poll_posix.cc:593] FD from fork parent still in poll list: fd(19, generation: 1)

  ⏳ Timeout (retry 5/5). Retrying...
I0417 03:39:27.820526 1849954 ev_poll_posix.cc:593] FD from fork parent still in poll list: fd(32, generation: 1)
I0417 03:39:27.820636 1849954 ev_poll_posix.cc:593] FD from fork parent still in poll list: fd(19, generation: 1)
❌ TIMEOUT
[32/404] GPF (GPF_4028328d.pdf) 
  ⏳ Timeout (retry 1/5). Retrying...
I0417 03:41:31.521979 1851486 ev_poll_posix.cc:593] FD from fork parent still in poll list: fd(32, generation: 1)
I0417 03:41:31.522046 1851486 ev_poll_posix.cc:593] FD from fork parent still in poll list: fd(19, generation: 1)

  ⏳ Timeout (retry 2/5). Retrying...
I0417 03:42:34.908891 1852230 ev_poll_posix.cc:593] FD from fork parent still in poll list: fd(32, generation: 1)
I0417 03:42:34.908979 1852230 ev_poll_posix.cc:593] FD from fork parent still in poll list: fd(19, generation: 1)

  ⏳ Timeout (retry 3/5). Retrying...
I0417 03:43:38.809436 1853022 ev_poll_posix.cc:593] FD from fork parent still in poll list: fd(32, generation: 1)
I0417 03:43:38.809526 1853022 ev_poll_posix.cc:593] FD from fork parent still in poll list: fd(19, generation: 1)

  ⏳ Timeout (retry 4/5). Retrying...
I0417 03:44:42.531798 1853653 ev_poll_posix.cc:593] FD from fork parent still in poll list: fd(32, generation: 1)
I0417 03:44:42.531862 1853653 ev_poll_posix.cc:593] FD from fork parent still in poll list: fd(19, generation: 1)

  ⏳ Timeout (retry 5/5). Retrying...
I0417 03:45:46.912836 1854382 ev_poll_posix.cc:593] FD from fork parent still in poll list: fd(32, generation: 1)
I0417 03:45:46.912922 1854382 ev_poll_posix.cc:593] FD from fork parent still in poll list: fd(19, generation: 1)
❌ TIMEOUT
[33/404] GPI (GPI_4028328d.pdf) 
  ⏳ Timeout (retry 1/5). Retrying...
I0417 03:47:50.557000 1855870 ev_poll_posix.cc:593] FD from fork parent still in poll list: fd(32, generation: 1)
I0417 03:47:50.557063 1855870 ev_poll_posix.cc:593] FD from fork parent still in poll list: fd(19, generation: 1)

  ⏳ Timeout (retry 2/5). Retrying...
I0417 03:48:54.394633 1856525 ev_poll_posix.cc:593] FD from fork parent still in poll list: fd(32, generation: 1)
I0417 03:48:54.394690 1856525 ev_poll_posix.cc:593] FD from fork parent still in poll list: fd(19, generation: 1)

  ⏳ Timeout (retry 3/5). Retrying...
I0417 03:49:58.527149 1857194 ev_poll_posix.cc:593] FD from fork parent still in poll list: fd(32, generation: 1)
I0417 03:49:58.527215 1857194 ev_poll_posix.cc:593] FD from fork parent still in poll list: fd(19, generation: 1)

  ⏳ Timeout (retry 4/5). Retrying...
I0417 03:51:03.625790 1857889 ev_poll_posix.cc:593] FD from fork parent still in poll list: fd(32, generation: 1)
I0417 03:51:03.625858 1857889 ev_poll_posix.cc:593] FD from fork parent still in poll list: fd(19, generation: 1)

  ⏳ Timeout (retry 5/5). Retrying...
I0417 03:52:07.524496 1858682 ev_poll_posix.cc:593] FD from fork parent still in poll list: fd(32, generation: 1)
I0417 03:52:07.524570 1858682 ev_poll_posix.cc:593] FD from fork parent still in poll list: fd(19, generation: 1)
❌ TIMEOUT
[34/404] GPL (GPL_4028328d.pdf) 
  ⏳ Timeout (retry 1/5). Retrying...
I0417 03:54:12.147978 1860366 ev_poll_posix.cc:593] FD from fork parent still in poll list: fd(32, generation: 1)
I0417 03:54:12.148089 1860366 ev_poll_posix.cc:593] FD from fork parent still in poll list: fd(19, generation: 1)

  ⏳ Timeout (retry 2/5). Retrying...
I0417 03:55:17.202123 1861063 ev_poll_posix.cc:593] FD from fork parent still in poll list: fd(32, generation: 1)
I0417 03:55:17.202234 1861063 ev_poll_posix.cc:593] FD from fork parent still in poll list: fd(19, generation: 1)

  ⏳ Timeout (retry 3/5). Retrying...
I0417 03:56:21.027653 1861920 ev_poll_posix.cc:593] FD from fork parent still in poll list: fd(32, generation: 1)
I0417 03:56:21.027753 1861920 ev_poll_posix.cc:593] FD from fork parent still in poll list: fd(19, generation: 1)

  ⏳ Timeout (retry 4/5). Retrying...
I0417 03:57:25.381058 1862767 ev_poll_posix.cc:593] FD from fork parent still in poll list: fd(32, generation: 1)
I0417 03:57:25.381148 1862767 ev_poll_posix.cc:593] FD from fork parent still in poll list: fd(19, generation: 1)

  ⏳ Timeout (retry 5/5). Retrying...
I0417 03:58:28.869899 1863658 ev_poll_posix.cc:593] FD from fork parent still in poll list: fd(32, generation: 1)
I0417 03:58:28.869989 1863658 ev_poll_posix.cc:593] FD from fork parent still in poll list: fd(19, generation: 1)
❌ TIMEOUT
[35/404] GPN (GPN_4028328d.pdf) 
  ⏳ Timeout (retry 1/5). Retrying...
I0417 04:00:32.979951 1865110 ev_poll_posix.cc:593] FD from fork parent still in poll list: fd(32, generation: 1)
I0417 04:00:32.980013 1865110 ev_poll_posix.cc:593] FD from fork parent still in poll list: fd(19, generation: 1)

  ⏳ Timeout (retry 2/5). Retrying...
I0417 04:01:36.980798 1865916 ev_poll_posix.cc:593] FD from fork parent still in poll list: fd(32, generation: 1)
I0417 04:01:36.980898 1865916 ev_poll_posix.cc:593] FD from fork parent still in poll list: fd(19, generation: 1)

  ⏳ Timeout (retry 3/5). Retrying...
I0417 04:02:40.546347 1866793 ev_poll_posix.cc:593] FD from fork parent still in poll list: fd(32, generation: 1)
I0417 04:02:40.546427 1866793 ev_poll_posix.cc:593] FD from fork parent still in poll list: fd(19, generation: 1)

  ⏳ Timeout (retry 4/5). Retrying...
I0417 04:03:44.917992 1867698 ev_poll_posix.cc:593] FD from fork parent still in poll list: fd(32, generation: 1)
I0417 04:03:44.918107 1867698 ev_poll_posix.cc:593] FD from fork parent still in poll list: fd(19, generation: 1)

  ⏳ Timeout (retry 5/5). Retrying...
I0417 04:04:49.163802 1868563 ev_poll_posix.cc:593] FD from fork parent still in poll list: fd(32, generation: 1)
I0417 04:04:49.163896 1868563 ev_poll_posix.cc:593] FD from fork parent still in poll list: fd(19, generation: 1)
❌ TIMEOUT
[36/404] GPT (GPT_4028328d.pdf) 
  ⏳ Timeout (retry 1/5). Retrying...
I0417 04:06:52.782271 1870248 ev_poll_posix.cc:593] FD from fork parent still in poll list: fd(32, generation: 1)
I0417 04:06:52.782326 1870248 ev_poll_posix.cc:593] FD from fork parent still in poll list: fd(19, generation: 1)

  ⏳ Timeout (retry 2/5). Retrying...
I0417 04:07:57.004750 1871062 ev_poll_posix.cc:593] FD from fork parent still in poll list: fd(32, generation: 1)
I0417 04:07:57.004840 1871062 ev_poll_posix.cc:593] FD from fork parent still in poll list: fd(19, generation: 1)

  ⏳ Timeout (retry 3/5). Retrying...
I0417 04:09:00.695183 1872110 ev_poll_posix.cc:593] FD from fork parent still in poll list: fd(32, generation: 1)
I0417 04:09:00.695273 1872110 ev_poll_posix.cc:593] FD from fork parent still in poll list: fd(19, generation: 1)

  ⏳ Timeout (retry 4/5). Retrying...
I0417 04:10:04.798758 1872955 ev_poll_posix.cc:593] FD from fork parent still in poll list: fd(32, generation: 1)
I0417 04:10:04.798847 1872955 ev_poll_posix.cc:593] FD from fork parent still in poll list: fd(19, generation: 1)

  ⏳ Timeout (retry 5/5). Retrying...
I0417 04:11:09.339052 1873706 ev_poll_posix.cc:593] FD from fork parent still in poll list: fd(32, generation: 1)
I0417 04:11:09.339146 1873706 ev_poll_posix.cc:593] FD from fork parent still in poll list: fd(19, generation: 1)
❌ TIMEOUT
[37/404] GPU (GPU_4028328d.pdf) 
  ⏳ Timeout (retry 1/5). Retrying...
I0417 04:13:13.627585 1875160 ev_poll_posix.cc:593] FD from fork parent still in poll list: fd(32, generation: 1)

  ⏳ Timeout (retry 2/5). Retrying...
I0417 04:14:17.117023 1876034 ev_poll_posix.cc:593] FD from fork parent still in poll list: fd(24, generation: 1)
I0417 04:14:17.117112 1876034 ev_poll_posix.cc:593] FD from fork parent still in poll list: fd(32, generation: 1)

  ⏳ Timeout (retry 3/5). Retrying...
I0417 04:15:21.220242 1876872 ev_poll_posix.cc:593] FD from fork parent still in poll list: fd(24, generation: 1)
I0417 04:15:21.220301 1876872 ev_poll_posix.cc:593] FD from fork parent still in poll list: fd(32, generation: 1)

  ⏳ Timeout (retry 4/5). Retrying...
I0417 04:16:24.708805 1877681 ev_poll_posix.cc:593] FD from fork parent still in poll list: fd(24, generation: 1)
I0417 04:16:24.708891 1877681 ev_poll_posix.cc:593] FD from fork parent still in poll list: fd(32, generation: 1)

  ⏳ Timeout (retry 5/5). Retrying...
I0417 04:17:29.231883 1878510 ev_poll_posix.cc:593] FD from fork parent still in poll list: fd(24, generation: 1)
I0417 04:17:29.231979 1878510 ev_poll_posix.cc:593] FD from fork parent still in poll list: fd(32, generation: 1)
❌ TIMEOUT
[38/404] GPZ (GPZ_4028328d.pdf) 
  ⏳ Timeout (retry 1/5). Retrying...
I0417 04:19:33.101814 1880054 ev_poll_posix.cc:593] FD from fork parent still in poll list: fd(24, generation: 1)
I0417 04:19:33.101910 1880054 ev_poll_posix.cc:593] FD from fork parent still in poll list: fd(32, generation: 1)

  ⏳ Timeout (retry 2/5). Retrying...
I0417 04:20:36.750771 1880790 ev_poll_posix.cc:593] FD from fork parent still in poll list: fd(24, generation: 1)
I0417 04:20:36.750858 1880790 ev_poll_posix.cc:593] FD from fork parent still in poll list: fd(32, generation: 1)

  ⏳ Timeout (retry 3/5). Retrying...
I0417 04:21:40.479018 1881667 ev_poll_posix.cc:593] FD from fork parent still in poll list: fd(24, generation: 1)
I0417 04:21:40.479078 1881667 ev_poll_posix.cc:593] FD from fork parent still in poll list: fd(32, generation: 1)

  ⏳ Timeout (retry 4/5). Retrying...
I0417 04:22:44.355438 1882634 ev_poll_posix.cc:593] FD from fork parent still in poll list: fd(24, generation: 1)
I0417 04:22:44.355515 1882634 ev_poll_posix.cc:593] FD from fork parent still in poll list: fd(32, generation: 1)

  ⏳ Timeout (retry 5/5). Retrying...
I0417 04:23:48.062265 1883433 ev_poll_posix.cc:593] FD from fork parent still in poll list: fd(24, generation: 1)
I0417 04:23:48.062315 1883433 ev_poll_posix.cc:593] FD from fork parent still in poll list: fd(32, generation: 1)
❌ TIMEOUT
[39/404] GRO (GRO_4028328d.pdf) 
  ⏳ Timeout (retry 1/5). Retrying...
I0417 04:25:51.781593 1885242 ev_poll_posix.cc:593] FD from fork parent still in poll list: fd(24, generation: 1)
I0417 04:25:51.781701 1885242 ev_poll_posix.cc:593] FD from fork parent still in poll list: fd(32, generation: 1)

  ⏳ Timeout (retry 2/5). Retrying...
I0417 04:26:56.234074 1885972 ev_poll_posix.cc:593] FD from fork parent still in poll list: fd(14, generation: 1)
I0417 04:26:56.234180 1885972 ev_poll_posix.cc:593] FD from fork parent still in poll list: fd(24, generation: 1)

  ⏳ Timeout (retry 3/5). Retrying...
I0417 04:28:00.787928 1886806 ev_poll_posix.cc:593] FD from fork parent still in poll list: fd(14, generation: 1)
I0417 04:28:00.788008 1886806 ev_poll_posix.cc:593] FD from fork parent still in poll list: fd(24, generation: 1)

  ⏳ Timeout (retry 4/5). Retrying...
I0417 04:29:03.995856 1887713 ev_poll_posix.cc:593] FD from fork parent still in poll list: fd(14, generation: 1)
I0417 04:29:03.995918 1887713 ev_poll_posix.cc:593] FD from fork parent still in poll list: fd(24, generation: 1)

  ⏳ Timeout (retry 5/5). Retrying...
I0417 04:30:08.297051 1888479 ev_poll_posix.cc:593] FD from fork parent still in poll list: fd(14, generation: 1)
I0417 04:30:08.297159 1888479 ev_poll_posix.cc:593] FD from fork parent still in poll list: fd(24, generation: 1)
❌ TIMEOUT
[40/404] GRT (GRT_4028328d.pdf) 
  ⏳ Timeout (retry 1/5). Retrying...
I0417 04:32:20.756674 1889941 ev_poll_posix.cc:593] FD from fork parent still in poll list: fd(14, generation: 1)
I0417 04:32:20.756727 1889941 ev_poll_posix.cc:593] FD from fork parent still in poll list: fd(24, generation: 1)

  ⏳ Timeout (retry 2/5). Retrying...
I0417 04:33:24.293335 1890656 ev_poll_posix.cc:593] FD from fork parent still in poll list: fd(14, generation: 1)
I0417 04:33:24.293427 1890656 ev_poll_posix.cc:593] FD from fork parent still in poll list: fd(24, generation: 1)

  ⏳ Timeout (retry 3/5). Retrying...
I0417 04:34:28.129530 1891665 ev_poll_posix.cc:593] FD from fork parent still in poll list: fd(14, generation: 1)
I0417 04:34:28.129612 1891665 ev_poll_posix.cc:593] FD from fork parent still in poll list: fd(24, generation: 1)

  ⏳ Timeout (retry 4/5). Retrying...
I0417 04:35:32.675310 1892625 ev_poll_posix.cc:593] FD from fork parent still in poll list: fd(14, generation: 1)
I0417 04:35:32.675395 1892625 ev_poll_posix.cc:593] FD from fork parent still in poll list: fd(24, generation: 1)

  ⏳ Timeout (retry 5/5). Retrying...
I0417 04:36:37.076265 1893571 ev_poll_posix.cc:593] FD from fork parent still in poll list: fd(14, generation: 1)
I0417 04:36:37.076369 1893571 ev_poll_posix.cc:593] FD from fork parent still in poll list: fd(24, generation: 1)
❌ TIMEOUT
[41/404] GTA (GTA_4028328d.pdf) 
  ⏳ Timeout (retry 1/5). Retrying...
I0417 04:38:40.828812 1895109 ev_poll_posix.cc:593] FD from fork parent still in poll list: fd(14, generation: 1)
I0417 04:38:40.828900 1895109 ev_poll_posix.cc:593] FD from fork parent still in poll list: fd(24, generation: 1)

  ⏳ Timeout (retry 2/5). Retrying...
I0417 04:39:45.394369 1896164 ev_poll_posix.cc:593] FD from fork parent still in poll list: fd(14, generation: 1)
I0417 04:39:45.394470 1896164 ev_poll_posix.cc:593] FD from fork parent still in poll list: fd(24, generation: 1)

  ⏳ Timeout (retry 3/5). Retrying...
I0417 04:40:48.995914 1897187 ev_poll_posix.cc:593] FD from fork parent still in poll list: fd(14, generation: 1)
I0417 04:40:48.995998 1897187 ev_poll_posix.cc:593] FD from fork parent still in poll list: fd(24, generation: 1)

  ⏳ Timeout (retry 4/5). Retrying...
I0417 04:41:52.784061 1898063 ev_poll_posix.cc:593] FD from fork parent still in poll list: fd(14, generation: 1)
I0417 04:41:52.784153 1898063 ev_poll_posix.cc:593] FD from fork parent still in poll list: fd(24, generation: 1)

  ⏳ Timeout (retry 5/5). Retrying...
I0417 04:42:56.330374 1898821 ev_poll_posix.cc:593] FD from fork parent still in poll list: fd(14, generation: 1)
I0417 04:42:56.330473 1898821 ev_poll_posix.cc:593] FD from fork parent still in poll list: fd(24, generation: 1)
❌ TIMEOUT
[42/404] GTH (GTH_4028328d.pdf) 
  ⏳ Timeout (retry 1/5). Retrying...
I0417 04:44:59.872536 1900479 ev_poll_posix.cc:593] FD from fork parent still in poll list: fd(14, generation: 1)
I0417 04:44:59.872642 1900479 ev_poll_posix.cc:593] FD from fork parent still in poll list: fd(24, generation: 1)

  ⏳ Timeout (retry 2/5). Retrying...
I0417 04:46:03.260017 1901357 ev_poll_posix.cc:593] FD from fork parent still in poll list: fd(14, generation: 1)
I0417 04:46:03.260106 1901357 ev_poll_posix.cc:593] FD from fork parent still in poll list: fd(24, generation: 1)

  ⏳ Timeout (retry 3/5). Retrying...
I0417 04:47:06.953784 1902251 ev_poll_posix.cc:593] FD from fork parent still in poll list: fd(14, generation: 1)
I0417 04:47:06.953861 1902251 ev_poll_posix.cc:593] FD from fork parent still in poll list: fd(24, generation: 1)

  ⏳ Timeout (retry 4/5). Retrying...
I0417 04:48:10.422822 1903155 ev_poll_posix.cc:593] FD from fork parent still in poll list: fd(14, generation: 1)
I0417 04:48:10.422903 1903155 ev_poll_posix.cc:593] FD from fork parent still in poll list: fd(24, generation: 1)

  ⏳ Timeout (retry 5/5). Retrying...
I0417 04:49:14.057238 1903965 ev_poll_posix.cc:593] FD from fork parent still in poll list: fd(14, generation: 1)
I0417 04:49:14.057331 1903965 ev_poll_posix.cc:593] FD from fork parent still in poll list: fd(24, generation: 1)
❌ TIMEOUT
[43/404] GTL (GTL_4028328d.pdf) 
  ⏳ Timeout (retry 1/5). Retrying...
I0417 04:51:18.147189 1905863 ev_poll_posix.cc:593] FD from fork parent still in poll list: fd(14, generation: 1)
I0417 04:51:18.147281 1905863 ev_poll_posix.cc:593] FD from fork parent still in poll list: fd(24, generation: 1)

  ⏳ Timeout (retry 2/5). Retrying...
I0417 04:52:22.967922 1906554 ev_poll_posix.cc:593] FD from fork parent still in poll list: fd(14, generation: 1)
I0417 04:52:22.968001 1906554 ev_poll_posix.cc:593] FD from fork parent still in poll list: fd(24, generation: 1)

  ⏳ Timeout (retry 3/5). Retrying...
I0417 04:53:27.084824 1907291 ev_poll_posix.cc:593] FD from fork parent still in poll list: fd(14, generation: 1)
I0417 04:53:27.084928 1907291 ev_poll_posix.cc:593] FD from fork parent still in poll list: fd(24, generation: 1)

  ⏳ Timeout (retry 4/5). Retrying...
I0417 04:54:30.984532 1908071 ev_poll_posix.cc:593] FD from fork parent still in poll list: fd(14, generation: 1)
I0417 04:54:30.984610 1908071 ev_poll_posix.cc:593] FD from fork parent still in poll list: fd(24, generation: 1)

  ⏳ Timeout (retry 5/5). Retrying...
I0417 04:55:34.576511 1908974 ev_poll_posix.cc:593] FD from fork parent still in poll list: fd(14, generation: 1)
I0417 04:55:34.576608 1908974 ev_poll_posix.cc:593] FD from fork parent still in poll list: fd(24, generation: 1)
❌ TIMEOUT
[44/404] GTM (GTM_4028328d.pdf) 
  ⏳ Timeout (retry 1/5). Retrying...
I0417 04:57:38.893220 1910551 ev_poll_posix.cc:593] FD from fork parent still in poll list: fd(14, generation: 1)
I0417 04:57:38.893322 1910551 ev_poll_posix.cc:593] FD from fork parent still in poll list: fd(24, generation: 1)

  ⏳ Timeout (retry 2/5). Retrying...
I0417 04:58:42.392277 1911303 ev_poll_posix.cc:593] FD from fork parent still in poll list: fd(14, generation: 1)
I0417 04:58:42.392393 1911303 ev_poll_posix.cc:593] FD from fork parent still in poll list: fd(24, generation: 1)

  ⏳ Timeout (retry 3/5). Retrying...
I0417 04:59:46.335824 1912155 ev_poll_posix.cc:593] FD from fork parent still in poll list: fd(14, generation: 1)
I0417 04:59:46.335912 1912155 ev_poll_posix.cc:593] FD from fork parent still in poll list: fd(24, generation: 1)

  ⏳ Timeout (retry 4/5). Retrying...
I0417 05:00:50.055010 1912874 ev_poll_posix.cc:593] FD from fork parent still in poll list: fd(14, generation: 1)
I0417 05:00:50.055093 1912874 ev_poll_posix.cc:593] FD from fork parent still in poll list: fd(24, generation: 1)

  ⏳ Timeout (retry 5/5). Retrying...
I0417 05:01:53.973539 1913721 ev_poll_posix.cc:593] FD from fork parent still in poll list: fd(14, generation: 1)
I0417 05:01:53.973624 1913721 ev_poll_posix.cc:593] FD from fork parent still in poll list: fd(24, generation: 1)
❌ TIMEOUT
[45/404] GTY (GTY_4028328d.pdf) 
  ⏳ Timeout (retry 1/5). Retrying...
I0417 05:03:58.705356 1915354 ev_poll_posix.cc:593] FD from fork parent still in poll list: fd(14, generation: 1)
I0417 05:03:58.705440 1915354 ev_poll_posix.cc:593] FD from fork parent still in poll list: fd(24, generation: 1)

  ⏳ Timeout (retry 2/5). Retrying...
I0417 05:05:02.706974 1916239 ev_poll_posix.cc:593] FD from fork parent still in poll list: fd(14, generation: 1)
I0417 05:05:02.707081 1916239 ev_poll_posix.cc:593] FD from fork parent still in poll list: fd(24, generation: 1)

  ⏳ Timeout (retry 3/5). Retrying...
I0417 05:06:07.118610 1917005 ev_poll_posix.cc:593] FD from fork parent still in poll list: fd(14, generation: 1)
I0417 05:06:07.118700 1917005 ev_poll_posix.cc:593] FD from fork parent still in poll list: fd(24, generation: 1)

  ⏳ Timeout (retry 4/5). Retrying...
I0417 05:07:11.292322 1917971 ev_poll_posix.cc:593] FD from fork parent still in poll list: fd(14, generation: 1)
I0417 05:07:11.292405 1917971 ev_poll_posix.cc:593] FD from fork parent still in poll list: fd(24, generation: 1)

  ⏳ Timeout (retry 5/5). Retrying...
I0417 05:08:14.609943 1918667 ev_poll_posix.cc:593] FD from fork parent still in poll list: fd(14, generation: 1)
I0417 05:08:14.610033 1918667 ev_poll_posix.cc:593] FD from fork parent still in poll list: fd(24, generation: 1)
❌ TIMEOUT
[46/404] GTZ (GTZ_4028328d.pdf) 
  ⏳ Timeout (retry 1/5). Retrying...
I0417 05:10:17.800630 1920378 ev_poll_posix.cc:593] FD from fork parent still in poll list: fd(14, generation: 1)
I0417 05:10:17.800732 1920378 ev_poll_posix.cc:593] FD from fork parent still in poll list: fd(24, generation: 1)

  ⏳ Timeout (retry 2/5). Retrying...
I0417 05:11:21.146233 1921346 ev_poll_posix.cc:593] FD from fork parent still in poll list: fd(14, generation: 1)
I0417 05:11:21.146313 1921346 ev_poll_posix.cc:593] FD from fork parent still in poll list: fd(24, generation: 1)

  ⏳ Timeout (retry 3/5). Retrying...
I0417 05:12:24.984653 1922251 ev_poll_posix.cc:593] FD from fork parent still in poll list: fd(14, generation: 1)
I0417 05:12:24.984721 1922251 ev_poll_posix.cc:593] FD from fork parent still in poll list: fd(24, generation: 1)

  ⏳ Timeout (retry 4/5). Retrying...
I0417 05:13:28.782074 1923025 ev_poll_posix.cc:593] FD from fork parent still in poll list: fd(14, generation: 1)
I0417 05:13:28.782182 1923025 ev_poll_posix.cc:593] FD from fork parent still in poll list: fd(24, generation: 1)

  ⏳ Timeout (retry 5/5). Retrying...
I0417 05:14:32.373822 1923773 ev_poll_posix.cc:593] FD from fork parent still in poll list: fd(14, generation: 1)
❌ TIMEOUT
[47/404] GUB (GUB_4028328d.pdf) 
  ⏳ Timeout (retry 1/5). Retrying...
I0417 05:16:36.231560 1925499 ev_poll_posix.cc:593] FD from fork parent still in poll list: fd(21, generation: 1)
I0417 05:16:36.231630 1925499 ev_poll_posix.cc:593] FD from fork parent still in poll list: fd(14, generation: 1)

  ⏳ Timeout (retry 2/5). Retrying...
I0417 05:17:40.016228 1926398 ev_poll_posix.cc:593] FD from fork parent still in poll list: fd(21, generation: 1)
I0417 05:17:40.016335 1926398 ev_poll_posix.cc:593] FD from fork parent still in poll list: fd(14, generation: 1)

  ⏳ Timeout (retry 3/5). Retrying...
I0417 05:18:43.999405 1927100 ev_poll_posix.cc:593] FD from fork parent still in poll list: fd(21, generation: 1)
I0417 05:18:43.999500 1927100 ev_poll_posix.cc:593] FD from fork parent still in poll list: fd(14, generation: 1)

  ⏳ Timeout (retry 4/5). Retrying...
I0417 05:19:48.183852 1927983 ev_poll_posix.cc:593] FD from fork parent still in poll list: fd(21, generation: 1)
I0417 05:19:48.183937 1927983 ev_poll_posix.cc:593] FD from fork parent still in poll list: fd(14, generation: 1)

  ⏳ Timeout (retry 5/5). Retrying...
I0417 05:20:52.197464 1928801 ev_poll_posix.cc:593] FD from fork parent still in poll list: fd(21, generation: 1)
I0417 05:20:52.197532 1928801 ev_poll_posix.cc:593] FD from fork parent still in poll list: fd(14, generation: 1)
❌ TIMEOUT
[48/404] GUH (GUH_4028328d.pdf) 
  ⏳ Timeout (retry 1/5). Retrying...
I0417 05:22:56.297792 1930448 ev_poll_posix.cc:593] FD from fork parent still in poll list: fd(21, generation: 1)
I0417 05:22:56.297885 1930448 ev_poll_posix.cc:593] FD from fork parent still in poll list: fd(14, generation: 1)

  ⏳ Timeout (retry 2/5). Retrying...
I0417 05:23:59.764215 1931244 ev_poll_posix.cc:593] FD from fork parent still in poll list: fd(21, generation: 1)
I0417 05:23:59.764277 1931244 ev_poll_posix.cc:593] FD from fork parent still in poll list: fd(14, generation: 1)

  ⏳ Timeout (retry 3/5). Retrying...
I0417 05:25:03.375210 1932099 ev_poll_posix.cc:593] FD from fork parent still in poll list: fd(21, generation: 1)
I0417 05:25:03.375329 1932099 ev_poll_posix.cc:593] FD from fork parent still in poll list: fd(14, generation: 1)

  ⏳ Timeout (retry 4/5). Retrying...
I0417 05:26:06.863695 1932848 ev_poll_posix.cc:593] FD from fork parent still in poll list: fd(21, generation: 1)
I0417 05:26:06.863780 1932848 ev_poll_posix.cc:593] FD from fork parent still in poll list: fd(14, generation: 1)

  ⏳ Timeout (retry 5/5). Retrying...
I0417 05:27:10.390646 1933713 ev_poll_posix.cc:593] FD from fork parent still in poll list: fd(24, generation: 1)
I0417 05:27:10.390731 1933713 ev_poll_posix.cc:593] FD from fork parent still in poll list: fd(21, generation: 1)
❌ TIMEOUT
[49/404] GUK (GUK_4028328d.pdf) 
  ⏳ Timeout (retry 1/5). Retrying...
I0417 05:29:14.055565 1935356 ev_poll_posix.cc:593] FD from fork parent still in poll list: fd(24, generation: 1)
I0417 05:29:14.055628 1935356 ev_poll_posix.cc:593] FD from fork parent still in poll list: fd(21, generation: 1)

  ⏳ Timeout (retry 2/5). Retrying...
I0417 05:30:17.471634 1936108 ev_poll_posix.cc:593] FD from fork parent still in poll list: fd(24, generation: 1)
I0417 05:30:17.471723 1936108 ev_poll_posix.cc:593] FD from fork parent still in poll list: fd(21, generation: 1)

  ⏳ Timeout (retry 3/5). Retrying...
I0417 05:31:21.137735 1936995 ev_poll_posix.cc:593] FD from fork parent still in poll list: fd(24, generation: 1)
I0417 05:31:21.137818 1936995 ev_poll_posix.cc:593] FD from fork parent still in poll list: fd(21, generation: 1)

  ⏳ Timeout (retry 4/5). Retrying...
I0417 05:32:25.350456 1937812 ev_poll_posix.cc:593] FD from fork parent still in poll list: fd(24, generation: 1)
I0417 05:32:25.350505 1937812 ev_poll_posix.cc:593] FD from fork parent still in poll list: fd(21, generation: 1)

  ⏳ Timeout (retry 5/5). Retrying...
I0417 05:33:28.837881 1938627 ev_poll_posix.cc:593] FD from fork parent still in poll list: fd(24, generation: 1)
I0417 05:33:28.837998 1938627 ev_poll_posix.cc:593] FD from fork parent still in poll list: fd(21, generation: 1)
❌ TIMEOUT
[50/404] GUM (GUM_4028328d.pdf) 
  ⏳ Timeout (retry 1/5). Retrying...
I0417 05:35:32.790084 1940104 ev_poll_posix.cc:593] FD from fork parent still in poll list: fd(24, generation: 1)
I0417 05:35:32.790174 1940104 ev_poll_posix.cc:593] FD from fork parent still in poll list: fd(21, generation: 1)

  ⏳ Timeout (retry 2/5). Retrying...
I0417 05:36:36.233241 1940898 ev_poll_posix.cc:593] FD from fork parent still in poll list: fd(24, generation: 1)
I0417 05:36:36.233345 1940898 ev_poll_posix.cc:593] FD from fork parent still in poll list: fd(21, generation: 1)

  ⏳ Timeout (retry 3/5). Retrying...
I0417 05:37:40.039588 1941749 ev_poll_posix.cc:593] FD from fork parent still in poll list: fd(24, generation: 1)
I0417 05:37:40.039670 1941749 ev_poll_posix.cc:593] FD from fork parent still in poll list: fd(21, generation: 1)

  ⏳ Timeout (retry 4/5). Retrying...
I0417 05:38:43.721711 1942585 ev_poll_posix.cc:593] FD from fork parent still in poll list: fd(24, generation: 1)
I0417 05:38:43.721789 1942585 ev_poll_posix.cc:593] FD from fork parent still in poll list: fd(21, generation: 1)

  ⏳ Timeout (retry 5/5). Retrying...
I0417 05:39:47.989250 1943408 ev_poll_posix.cc:593] FD from fork parent still in poll list: fd(24, generation: 1)
I0417 05:39:47.989328 1943408 ev_poll_posix.cc:593] FD from fork parent still in poll list: fd(21, generation: 1)
❌ TIMEOUT
[51/404] GUV (GUV_4028328d.pdf) 
  ⏳ Timeout (retry 1/5). Retrying...
I0417 05:41:52.237341 1945069 ev_poll_posix.cc:593] FD from fork parent still in poll list: fd(24, generation: 1)
I0417 05:41:52.237434 1945069 ev_poll_posix.cc:593] FD from fork parent still in poll list: fd(21, generation: 1)

  ⏳ Timeout (retry 2/5). Retrying...
I0417 05:42:56.546006 1945914 ev_poll_posix.cc:593] FD from fork parent still in poll list: fd(24, generation: 1)
I0417 05:42:56.546096 1945914 ev_poll_posix.cc:593] FD from fork parent still in poll list: fd(21, generation: 1)

  ⏳ Timeout (retry 3/5). Retrying...
I0417 05:44:00.134336 1946765 ev_poll_posix.cc:593] FD from fork parent still in poll list: fd(24, generation: 1)
I0417 05:44:00.134424 1946765 ev_poll_posix.cc:593] FD from fork parent still in poll list: fd(21, generation: 1)

  ⏳ Timeout (retry 4/5). Retrying...
I0417 05:45:03.622314 1947515 ev_poll_posix.cc:593] FD from fork parent still in poll list: fd(24, generation: 1)
I0417 05:45:03.622379 1947515 ev_poll_posix.cc:593] FD from fork parent still in poll list: fd(21, generation: 1)

  ⏳ Timeout (retry 5/5). Retrying...
I0417 05:46:07.725336 1948315 ev_poll_posix.cc:593] FD from fork parent still in poll list: fd(24, generation: 1)
I0417 05:46:07.725439 1948315 ev_poll_posix.cc:593] FD from fork parent still in poll list: fd(21, generation: 1)
❌ TIMEOUT
[52/404] GVA (GVA_4028328d.pdf) 
  ⏳ Timeout (retry 1/5). Retrying...
I0417 05:48:12.345598 1949940 ev_poll_posix.cc:593] FD from fork parent still in poll list: fd(24, generation: 1)
I0417 05:48:12.345649 1949940 ev_poll_posix.cc:593] FD from fork parent still in poll list: fd(21, generation: 1)

  ⏳ Timeout (retry 2/5). Retrying...
I0417 05:49:15.936015 1950918 ev_poll_posix.cc:593] FD from fork parent still in poll list: fd(24, generation: 1)
I0417 05:49:15.936082 1950918 ev_poll_posix.cc:593] FD from fork parent still in poll list: fd(21, generation: 1)

  ⏳ Timeout (retry 3/5). Retrying...
I0417 05:50:20.038710 1951697 ev_poll_posix.cc:593] FD from fork parent still in poll list: fd(24, generation: 1)
I0417 05:50:20.038807 1951697 ev_poll_posix.cc:593] FD from fork parent still in poll list: fd(21, generation: 1)

  ⏳ Timeout (retry 4/5). Retrying...
I0417 05:51:23.919883 1952543 ev_poll_posix.cc:593] FD from fork parent still in poll list: fd(24, generation: 1)
I0417 05:51:23.919942 1952543 ev_poll_posix.cc:593] FD from fork parent still in poll list: fd(21, generation: 1)

  ⏳ Timeout (retry 5/5). Retrying...
I0417 05:52:27.629431 1953480 ev_poll_posix.cc:593] FD from fork parent still in poll list: fd(24, generation: 1)
I0417 05:52:27.629541 1953480 ev_poll_posix.cc:593] FD from fork parent still in poll list: fd(21, generation: 1)
❌ TIMEOUT
[53/404] GVI (GVI_4028328d.pdf) 
  ⏳ Timeout (retry 1/5). Retrying...
I0417 05:54:31.533148 1955182 ev_poll_posix.cc:593] FD from fork parent still in poll list: fd(24, generation: 1)
I0417 05:54:31.533206 1955182 ev_poll_posix.cc:593] FD from fork parent still in poll list: fd(21, generation: 1)

  ⏳ Timeout (retry 2/5). Retrying...
I0417 05:55:35.021383 1956123 ev_poll_posix.cc:593] FD from fork parent still in poll list: fd(24, generation: 1)
I0417 05:55:35.021470 1956123 ev_poll_posix.cc:593] FD from fork parent still in poll list: fd(21, generation: 1)

  ⏳ Timeout (retry 3/5). Retrying...
I0417 05:56:38.919165 1956889 ev_poll_posix.cc:593] FD from fork parent still in poll list: fd(24, generation: 1)
I0417 05:56:38.919250 1956889 ev_poll_posix.cc:593] FD from fork parent still in poll list: fd(21, generation: 1)

  ⏳ Timeout (retry 4/5). Retrying...
I0417 05:57:43.226355 1957761 ev_poll_posix.cc:593] FD from fork parent still in poll list: fd(24, generation: 1)
I0417 05:57:43.226454 1957761 ev_poll_posix.cc:593] FD from fork parent still in poll list: fd(21, generation: 1)

  ⏳ Timeout (retry 5/5). Retrying...
I0417 05:58:47.371192 1958640 ev_poll_posix.cc:593] FD from fork parent still in poll list: fd(24, generation: 1)
I0417 05:58:47.371298 1958640 ev_poll_posix.cc:593] FD from fork parent still in poll list: fd(21, generation: 1)
❌ TIMEOUT
[54/404] GZE (GZE_4028328d.pdf) 
  ⏳ Timeout (retry 1/5). Retrying...
I0417 06:00:50.916952 1960322 ev_poll_posix.cc:593] FD from fork parent still in poll list: fd(24, generation: 1)
I0417 06:00:50.917040 1960322 ev_poll_posix.cc:593] FD from fork parent still in poll list: fd(21, generation: 1)

  ⏳ Timeout (retry 2/5). Retrying...
I0417 06:01:54.580075 1961105 ev_poll_posix.cc:593] FD from fork parent still in poll list: fd(24, generation: 1)
I0417 06:01:54.580190 1961105 ev_poll_posix.cc:593] FD from fork parent still in poll list: fd(21, generation: 1)

  ⏳ Timeout (retry 3/5). Retrying...
I0417 06:02:58.116343 1961975 ev_poll_posix.cc:593] FD from fork parent still in poll list: fd(24, generation: 1)
I0417 06:02:58.116427 1961975 ev_poll_posix.cc:593] FD from fork parent still in poll list: fd(21, generation: 1)

  ⏳ Timeout (retry 4/5). Retrying...
I0417 06:04:01.498244 1962964 ev_poll_posix.cc:593] FD from fork parent still in poll list: fd(24, generation: 1)
I0417 06:04:01.498327 1962964 ev_poll_posix.cc:593] FD from fork parent still in poll list: fd(21, generation: 1)

  ⏳ Timeout (retry 5/5). Retrying...
I0417 06:05:05.303877 1963755 ev_poll_posix.cc:593] FD from fork parent still in poll list: fd(24, generation: 1)
I0417 06:05:05.303970 1963755 ev_poll_posix.cc:593] FD from fork parent still in poll list: fd(21, generation: 1)
❌ TIMEOUT
[55/404] GZG (GZG_4028328d.pdf) 
  ⏳ Timeout (retry 1/5). Retrying...
I0417 06:07:08.890719 1965212 ev_poll_posix.cc:593] FD from fork parent still in poll list: fd(24, generation: 1)
I0417 06:07:08.890815 1965212 ev_poll_posix.cc:593] FD from fork parent still in poll list: fd(21, generation: 1)

  ⏳ Timeout (retry 2/5). Retrying...
I0417 06:08:12.481534 1966114 ev_poll_posix.cc:593] FD from fork parent still in poll list: fd(24, generation: 1)
I0417 06:08:12.481603 1966114 ev_poll_posix.cc:593] FD from fork parent still in poll list: fd(21, generation: 1)

  ⏳ Timeout (retry 3/5). Retrying...
I0417 06:09:16.688760 1966962 ev_poll_posix.cc:593] FD from fork parent still in poll list: fd(24, generation: 1)
I0417 06:09:16.688862 1966962 ev_poll_posix.cc:593] FD from fork parent still in poll list: fd(21, generation: 1)

  ⏳ Timeout (retry 4/5). Retrying...
I0417 06:10:20.276926 1967783 ev_poll_posix.cc:593] FD from fork parent still in poll list: fd(24, generation: 1)
I0417 06:10:20.277030 1967783 ev_poll_posix.cc:593] FD from fork parent still in poll list: fd(21, generation: 1)

  ⏳ Timeout (retry 5/5). Retrying...
I0417 06:11:24.584286 1968490 ev_poll_posix.cc:593] FD from fork parent still in poll list: fd(24, generation: 1)
I0417 06:11:24.584397 1968490 ev_poll_posix.cc:593] FD from fork parent still in poll list: fd(21, generation: 1)
❌ TIMEOUT
[56/404] GZH (GZH_4028328d.pdf) 
  ⏳ Timeout (retry 1/5). Retrying...
I0417 06:13:28.762184 1970033 ev_poll_posix.cc:593] FD from fork parent still in poll list: fd(24, generation: 1)
I0417 06:13:28.762264 1970033 ev_poll_posix.cc:593] FD from fork parent still in poll list: fd(21, generation: 1)

  ⏳ Timeout (retry 2/5). Retrying...
I0417 06:14:32.715704 1970835 ev_poll_posix.cc:593] FD from fork parent still in poll list: fd(24, generation: 1)
I0417 06:14:32.715790 1970835 ev_poll_posix.cc:593] FD from fork parent still in poll list: fd(21, generation: 1)

  ⏳ Timeout (retry 3/5). Retrying...
I0417 06:15:36.294865 1971741 ev_poll_posix.cc:593] FD from fork parent still in poll list: fd(24, generation: 1)
I0417 06:15:36.294970 1971741 ev_poll_posix.cc:593] FD from fork parent still in poll list: fd(21, generation: 1)

  ⏳ Timeout (retry 4/5). Retrying...
I0417 06:16:40.703537 1972780 ev_poll_posix.cc:593] FD from fork parent still in poll list: fd(24, generation: 1)

  ⏳ Timeout (retry 5/5). Retrying...
I0417 06:17:44.829242 1973582 ev_poll_posix.cc:593] FD from fork parent still in poll list: fd(31, generation: 1)
I0417 06:17:44.829351 1973582 ev_poll_posix.cc:593] FD from fork parent still in poll list: fd(24, generation: 1)
❌ TIMEOUT
[57/404] GZJ (GZJ_4028328d.pdf) 
  ⏳ Timeout (retry 1/5). Retrying...
I0417 06:19:48.828520 1975428 ev_poll_posix.cc:593] FD from fork parent still in poll list: fd(31, generation: 1)
I0417 06:19:48.828626 1975428 ev_poll_posix.cc:593] FD from fork parent still in poll list: fd(24, generation: 1)

  ⏳ Timeout (retry 2/5). Retrying...
I0417 06:20:52.501725 1976351 ev_poll_posix.cc:593] FD from fork parent still in poll list: fd(31, generation: 1)
I0417 06:20:52.501811 1976351 ev_poll_posix.cc:593] FD from fork parent still in poll list: fd(24, generation: 1)

  ⏳ Timeout (retry 3/5). Retrying...
I0417 06:21:56.611773 1977252 ev_poll_posix.cc:593] FD from fork parent still in poll list: fd(31, generation: 1)
I0417 06:21:56.611834 1977252 ev_poll_posix.cc:593] FD from fork parent still in poll list: fd(24, generation: 1)

  ⏳ Timeout (retry 4/5). Retrying...
I0417 06:23:00.339956 1978149 ev_poll_posix.cc:593] FD from fork parent still in poll list: fd(31, generation: 1)
I0417 06:23:00.340063 1978149 ev_poll_posix.cc:593] FD from fork parent still in poll list: fd(24, generation: 1)

  ⏳ Timeout (retry 5/5). Retrying...
I0417 06:24:05.123274 1979200 ev_poll_posix.cc:593] FD from fork parent still in poll list: fd(31, generation: 1)
I0417 06:24:05.123380 1979200 ev_poll_posix.cc:593] FD from fork parent still in poll list: fd(24, generation: 1)
❌ TIMEOUT
[58/404] GZL (GZL_4028328d.pdf) 
  ⏳ Timeout (retry 1/5). Retrying...
I0417 06:26:08.820839 1980819 ev_poll_posix.cc:593] FD from fork parent still in poll list: fd(31, generation: 1)
I0417 06:26:08.820932 1980819 ev_poll_posix.cc:593] FD from fork parent still in poll list: fd(24, generation: 1)

  ⏳ Timeout (retry 2/5). Retrying...
I0417 06:27:12.440269 1981558 ev_poll_posix.cc:593] FD from fork parent still in poll list: fd(7, generation: 1)
I0417 06:27:12.440358 1981558 ev_poll_posix.cc:593] FD from fork parent still in poll list: fd(31, generation: 1)

  ⏳ Timeout (retry 3/5). Retrying...
I0417 06:28:16.516623 1982490 ev_poll_posix.cc:593] FD from fork parent still in poll list: fd(7, generation: 1)

  ⏳ Timeout (retry 4/5). Retrying...
I0417 06:29:20.924493 1983540 ev_poll_posix.cc:593] FD from fork parent still in poll list: fd(7, generation: 1)
I0417 06:29:20.924580 1983540 ev_poll_posix.cc:593] FD from fork parent still in poll list: fd(31, generation: 1)

  ⏳ Timeout (retry 5/5). Retrying...
I0417 06:30:24.823552 1984529 ev_poll_posix.cc:593] FD from fork parent still in poll list: fd(7, generation: 1)
I0417 06:30:24.823644 1984529 ev_poll_posix.cc:593] FD from fork parent still in poll list: fd(31, generation: 1)
❌ TIMEOUT
[59/404] GZM (GZM_4028328c.pdf) 
  ⏳ Timeout (retry 1/5). Retrying...
I0417 06:32:29.131481 1986564 ev_poll_posix.cc:593] FD from fork parent still in poll list: fd(7, generation: 1)
I0417 06:32:29.131576 1986564 ev_poll_posix.cc:593] FD from fork parent still in poll list: fd(31, generation: 1)

  ⏳ Timeout (retry 2/5). Retrying...
I0417 06:33:33.710837 1987417 ev_poll_posix.cc:593] FD from fork parent still in poll list: fd(7, generation: 1)
I0417 06:33:33.710917 1987417 ev_poll_posix.cc:593] FD from fork parent still in poll list: fd(31, generation: 1)

  ⏳ Timeout (retry 3/5). Retrying...
I0417 06:34:38.479685 1988333 ev_poll_posix.cc:593] FD from fork parent still in poll list: fd(7, generation: 1)
I0417 06:34:38.479775 1988333 ev_poll_posix.cc:593] FD from fork parent still in poll list: fd(31, generation: 1)

  ⏳ Timeout (retry 4/5). Retrying...
I0417 06:35:43.197043 1989171 ev_poll_posix.cc:593] FD from fork parent still in poll list: fd(7, generation: 1)
I0417 06:35:43.197134 1989171 ev_poll_posix.cc:593] FD from fork parent still in poll list: fd(31, generation: 1)

  ⏳ Timeout (retry 5/5). Retrying...
I0417 06:36:47.481782 1990015 ev_poll_posix.cc:593] FD from fork parent still in poll list: fd(7, generation: 1)
I0417 06:36:47.481874 1990015 ev_poll_posix.cc:593] FD from fork parent still in poll list: fd(31, generation: 1)
❌ TIMEOUT
[60/404] GZN (GZN_4028328c.pdf) 
  ⏳ Timeout (retry 1/5). Retrying...
I0417 06:38:53.287676 1991816 ev_poll_posix.cc:593] FD from fork parent still in poll list: fd(7, generation: 1)
I0417 06:38:53.287759 1991816 ev_poll_posix.cc:593] FD from fork parent still in poll list: fd(31, generation: 1)

  ⏳ Timeout (retry 2/5). Retrying...
I0417 06:39:58.368142 1992899 ev_poll_posix.cc:593] FD from fork parent still in poll list: fd(7, generation: 1)
I0417 06:39:58.368246 1992899 ev_poll_posix.cc:593] FD from fork parent still in poll list: fd(31, generation: 1)

  ⏳ Timeout (retry 3/5). Retrying...
I0417 06:41:03.711169 1993910 ev_poll_posix.cc:593] FD from fork parent still in poll list: fd(7, generation: 1)
I0417 06:41:03.711249 1993910 ev_poll_posix.cc:593] FD from fork parent still in poll list: fd(31, generation: 1)

  ⏳ Timeout (retry 4/5). Retrying...
I0417 06:42:09.248013 1994819 ev_poll_posix.cc:593] FD from fork parent still in poll list: fd(7, generation: 1)
I0417 06:42:09.248115 1994819 ev_poll_posix.cc:593] FD from fork parent still in poll list: fd(31, generation: 1)

  ⏳ Timeout (retry 5/5). Retrying...
I0417 06:43:13.862392 1995790 ev_poll_posix.cc:593] FD from fork parent still in poll list: fd(7, generation: 1)
I0417 06:43:13.862491 1995790 ev_poll_posix.cc:593] FD from fork parent still in poll list: fd(31, generation: 1)
❌ TIMEOUT
[61/404] GZP (GZP_4028328d.pdf) 
  ⏳ Timeout (retry 1/5). Retrying...
I0417 06:45:17.029310 1997370 ev_poll_posix.cc:593] FD from fork parent still in poll list: fd(7, generation: 1)
I0417 06:45:17.029375 1997370 ev_poll_posix.cc:593] FD from fork parent still in poll list: fd(31, generation: 1)

  ⏳ Timeout (retry 2/5). Retrying...
I0417 06:46:20.846533 1998186 ev_poll_posix.cc:593] FD from fork parent still in poll list: fd(7, generation: 1)
I0417 06:46:20.846623 1998186 ev_poll_posix.cc:593] FD from fork parent still in poll list: fd(31, generation: 1)

  ⏳ Timeout (retry 3/5). Retrying...
I0417 06:47:25.090991 1999226 ev_poll_posix.cc:593] FD from fork parent still in poll list: fd(7, generation: 1)
I0417 06:47:25.091080 1999226 ev_poll_posix.cc:593] FD from fork parent still in poll list: fd(31, generation: 1)

  ⏳ Timeout (retry 4/5). Retrying...
I0417 06:48:29.178446 2000157 ev_poll_posix.cc:593] FD from fork parent still in poll list: fd(7, generation: 1)
I0417 06:48:29.178542 2000157 ev_poll_posix.cc:593] FD from fork parent still in poll list: fd(31, generation: 1)

  ⏳ Timeout (retry 5/5). Retrying...
I0417 06:49:33.068006 2001200 ev_poll_posix.cc:593] FD from fork parent still in poll list: fd(7, generation: 1)
I0417 06:49:33.068099 2001200 ev_poll_posix.cc:593] FD from fork parent still in poll list: fd(31, generation: 1)
❌ TIMEOUT
[62/404] GZR (GZR_4028328d.pdf) 
  ⏳ Timeout (retry 1/5). Retrying...
I0417 06:51:37.060243 2002900 ev_poll_posix.cc:593] FD from fork parent still in poll list: fd(7, generation: 1)
I0417 06:51:37.060326 2002900 ev_poll_posix.cc:593] FD from fork parent still in poll list: fd(31, generation: 1)

  ⏳ Timeout (retry 2/5). Retrying...
I0417 06:52:41.059523 2003705 ev_poll_posix.cc:593] FD from fork parent still in poll list: fd(7, generation: 1)
I0417 06:52:41.059577 2003705 ev_poll_posix.cc:593] FD from fork parent still in poll list: fd(31, generation: 1)

  ⏳ Timeout (retry 3/5). Retrying...
I0417 06:53:44.654494 2004648 ev_poll_posix.cc:593] FD from fork parent still in poll list: fd(7, generation: 1)
I0417 06:53:44.654596 2004648 ev_poll_posix.cc:593] FD from fork parent still in poll list: fd(31, generation: 1)

  ⏳ Timeout (retry 4/5). Retrying...
I0417 06:54:48.572245 2005666 ev_poll_posix.cc:593] FD from fork parent still in poll list: fd(7, generation: 1)
I0417 06:54:48.572335 2005666 ev_poll_posix.cc:593] FD from fork parent still in poll list: fd(31, generation: 1)

  ⏳ Timeout (retry 5/5). Retrying...
I0417 06:55:52.038952 2006557 ev_poll_posix.cc:593] FD from fork parent still in poll list: fd(7, generation: 1)
I0417 06:55:52.039060 2006557 ev_poll_posix.cc:593] FD from fork parent still in poll list: fd(31, generation: 1)
❌ TIMEOUT
[63/404] GZV (GZV_4028328d.pdf) 
  ⏳ Timeout (retry 1/5). Retrying...
I0417 06:57:59.145194 2008520 ev_poll_posix.cc:593] FD from fork parent still in poll list: fd(7, generation: 1)
I0417 06:57:59.145282 2008520 ev_poll_posix.cc:593] FD from fork parent still in poll list: fd(31, generation: 1)

  ⏳ Timeout (retry 2/5). Retrying...
I0417 06:59:03.833645 2009494 ev_poll_posix.cc:593] FD from fork parent still in poll list: fd(7, generation: 1)
I0417 06:59:03.833743 2009494 ev_poll_posix.cc:593] FD from fork parent still in poll list: fd(31, generation: 1)

  ⏳ Timeout (retry 3/5). Retrying...
I0417 07:00:08.243974 2010214 ev_poll_posix.cc:593] FD from fork parent still in poll list: fd(7, generation: 1)
I0417 07:00:08.244071 2010214 ev_poll_posix.cc:593] FD from fork parent still in poll list: fd(31, generation: 1)

  ⏳ Timeout (retry 4/5). Retrying...
I0417 07:01:12.632521 2011210 ev_poll_posix.cc:593] FD from fork parent still in poll list: fd(7, generation: 1)
I0417 07:01:12.632583 2011210 ev_poll_posix.cc:593] FD from fork parent still in poll list: fd(31, generation: 1)

  ⏳ Timeout (retry 5/5). Retrying...
I0417 07:02:16.141955 2012174 ev_poll_posix.cc:593] FD from fork parent still in poll list: fd(7, generation: 1)
I0417 07:02:16.142026 2012174 ev_poll_posix.cc:593] FD from fork parent still in poll list: fd(31, generation: 1)
❌ TIMEOUT
[64/404] GZY (GZY_4028328d.pdf) 
  ⏳ Timeout (retry 1/5). Retrying...
I0417 07:04:19.432646 2013835 ev_poll_posix.cc:593] FD from fork parent still in poll list: fd(7, generation: 1)
I0417 07:04:19.432738 2013835 ev_poll_posix.cc:593] FD from fork parent still in poll list: fd(31, generation: 1)

  ⏳ Timeout (retry 2/5). Retrying...
I0417 07:05:23.330755 2014687 ev_poll_posix.cc:593] FD from fork parent still in poll list: fd(7, generation: 1)
I0417 07:05:23.330818 2014687 ev_poll_posix.cc:593] FD from fork parent still in poll list: fd(31, generation: 1)

  ⏳ Timeout (retry 3/5). Retrying...
I0417 07:06:27.028649 2015514 ev_poll_posix.cc:593] FD from fork parent still in poll list: fd(7, generation: 1)
I0417 07:06:27.028721 2015514 ev_poll_posix.cc:593] FD from fork parent still in poll list: fd(31, generation: 1)

  ⏳ Timeout (retry 4/5). Retrying...
I0417 07:07:30.921608 2016439 ev_poll_posix.cc:593] FD from fork parent still in poll list: fd(7, generation: 1)
I0417 07:07:30.921665 2016439 ev_poll_posix.cc:593] FD from fork parent still in poll list: fd(31, generation: 1)

  ⏳ Timeout (retry 5/5). Retrying...
I0417 07:08:34.820065 2017317 ev_poll_posix.cc:593] FD from fork parent still in poll list: fd(7, generation: 1)
I0417 07:08:34.820152 2017317 ev_poll_posix.cc:593] FD from fork parent still in poll list: fd(31, generation: 1)
❌ TIMEOUT
[65/404] GZZ (GZZ_4028328d.pdf) 
  ⏳ Timeout (retry 1/5). Retrying...
I0417 07:10:39.193189 2018875 ev_poll_posix.cc:593] FD from fork parent still in poll list: fd(7, generation: 1)
I0417 07:10:39.193292 2018875 ev_poll_posix.cc:593] FD from fork parent still in poll list: fd(31, generation: 1)

  ⏳ Timeout (retry 2/5). Retrying...
I0417 07:11:43.673518 2019687 ev_poll_posix.cc:593] FD from fork parent still in poll list: fd(7, generation: 1)
I0417 07:11:43.673606 2019687 ev_poll_posix.cc:593] FD from fork parent still in poll list: fd(31, generation: 1)

  ⏳ Timeout (retry 3/5). Retrying...
I0417 07:12:47.237574 2020605 ev_poll_posix.cc:593] FD from fork parent still in poll list: fd(7, generation: 1)
I0417 07:12:47.237658 2020605 ev_poll_posix.cc:593] FD from fork parent still in poll list: fd(31, generation: 1)

  ⏳ Timeout (retry 4/5). Retrying...
I0417 07:13:51.135763 2021440 ev_poll_posix.cc:593] FD from fork parent still in poll list: fd(7, generation: 1)
I0417 07:13:51.135863 2021440 ev_poll_posix.cc:593] FD from fork parent still in poll list: fd(31, generation: 1)

  ⏳ Timeout (retry 5/5). Retrying...
I0417 07:14:54.828609 2022222 ev_poll_posix.cc:593] FD from fork parent still in poll list: fd(7, generation: 1)
I0417 07:14:54.828717 2022222 ev_poll_posix.cc:593] FD from fork parent still in poll list: fd(31, generation: 1)
❌ TIMEOUT
[66/404] HAM (HAM_4028328d.pdf) 
  ⏳ Timeout (retry 1/5). Retrying...
I0417 07:16:58.246672 2023896 ev_poll_posix.cc:593] FD from fork parent still in poll list: fd(7, generation: 1)
I0417 07:16:58.246718 2023896 ev_poll_posix.cc:593] FD from fork parent still in poll list: fd(31, generation: 1)

  ⏳ Timeout (retry 2/5). Retrying...
I0417 07:18:02.844737 2024841 ev_poll_posix.cc:593] FD from fork parent still in poll list: fd(7, generation: 1)
I0417 07:18:02.844816 2024841 ev_poll_posix.cc:593] FD from fork parent still in poll list: fd(31, generation: 1)

  ⏳ Timeout (retry 3/5). Retrying...
I0417 07:19:06.877015 2025704 ev_poll_posix.cc:593] FD from fork parent still in poll list: fd(7, generation: 1)

  ⏳ Timeout (retry 4/5). Retrying...
I0417 07:20:10.174135 2026556 ev_poll_posix.cc:593] FD from fork parent still in poll list: fd(27, generation: 1)
I0417 07:20:10.174190 2026556 ev_poll_posix.cc:593] FD from fork parent still in poll list: fd(7, generation: 1)

  ⏳ Timeout (retry 5/5). Retrying...
I0417 07:21:15.081183 2027413 ev_poll_posix.cc:593] FD from fork parent still in poll list: fd(27, generation: 1)
I0417 07:21:15.081262 2027413 ev_poll_posix.cc:593] FD from fork parent still in poll list: fd(7, generation: 1)
❌ TIMEOUT
[67/404] HAT (HAT_4028328d.pdf) 
  ⏳ Timeout (retry 1/5). Retrying...
I0417 07:23:22.712129 2029330 ev_poll_posix.cc:593] FD from fork parent still in poll list: fd(27, generation: 1)
I0417 07:23:22.712224 2029330 ev_poll_posix.cc:593] FD from fork parent still in poll list: fd(7, generation: 1)

  ⏳ Timeout (retry 2/5). Retrying...
I0417 07:24:26.994541 2030049 ev_poll_posix.cc:593] FD from fork parent still in poll list: fd(27, generation: 1)
I0417 07:24:26.994633 2030049 ev_poll_posix.cc:593] FD from fork parent still in poll list: fd(7, generation: 1)

  ⏳ Timeout (retry 3/5). Retrying...
I0417 07:25:30.816265 2030936 ev_poll_posix.cc:593] FD from fork parent still in poll list: fd(27, generation: 1)
I0417 07:25:30.816334 2030936 ev_poll_posix.cc:593] FD from fork parent still in poll list: fd(7, generation: 1)

  ⏳ Timeout (retry 4/5). Retrying...
I0417 07:26:34.734372 2031846 ev_poll_posix.cc:593] FD from fork parent still in poll list: fd(27, generation: 1)
I0417 07:26:34.734433 2031846 ev_poll_posix.cc:593] FD from fork parent still in poll list: fd(7, generation: 1)

  ⏳ Timeout (retry 5/5). Retrying...
I0417 07:27:38.368563 2032796 ev_poll_posix.cc:593] FD from fork parent still in poll list: fd(29, generation: 1)
I0417 07:27:38.368636 2032796 ev_poll_posix.cc:593] FD from fork parent still in poll list: fd(27, generation: 1)
❌ TIMEOUT
[68/404] HBF (HBF_4028328d.pdf) 
  ⏳ Timeout (retry 1/5). Retrying...
I0417 07:29:42.155502 2034703 ev_poll_posix.cc:593] FD from fork parent still in poll list: fd(29, generation: 1)
I0417 07:29:42.155592 2034703 ev_poll_posix.cc:593] FD from fork parent still in poll list: fd(27, generation: 1)

  ⏳ Timeout (retry 2/5). Retrying...
I0417 07:30:45.425342 2035433 ev_poll_posix.cc:593] FD from fork parent still in poll list: fd(29, generation: 1)
I0417 07:30:45.425431 2035433 ev_poll_posix.cc:593] FD from fork parent still in poll list: fd(27, generation: 1)

  ⏳ Timeout (retry 3/5). Retrying...
I0417 07:31:49.064998 2036340 ev_poll_posix.cc:593] FD from fork parent still in poll list: fd(29, generation: 1)
I0417 07:31:49.065087 2036340 ev_poll_posix.cc:593] FD from fork parent still in poll list: fd(27, generation: 1)

  ⏳ Timeout (retry 4/5). Retrying...
I0417 07:32:53.355012 2037356 ev_poll_posix.cc:593] FD from fork parent still in poll list: fd(29, generation: 1)
I0417 07:32:53.355123 2037356 ev_poll_posix.cc:593] FD from fork parent still in poll list: fd(27, generation: 1)

  ⏳ Timeout (retry 5/5). Retrying...
I0417 07:33:56.843431 2038360 ev_poll_posix.cc:593] FD from fork parent still in poll list: fd(29, generation: 1)
I0417 07:33:56.843523 2038360 ev_poll_posix.cc:593] FD from fork parent still in poll list: fd(27, generation: 1)
❌ TIMEOUT
[69/404] HBM (HBM_4028328d.pdf) 
  ⏳ Timeout (retry 1/5). Retrying...
I0417 07:36:00.964403 2039712 ev_poll_posix.cc:593] FD from fork parent still in poll list: fd(29, generation: 1)
I0417 07:36:00.964486 2039712 ev_poll_posix.cc:593] FD from fork parent still in poll list: fd(27, generation: 1)

  ⏳ Timeout (retry 2/5). Retrying...
I0417 07:37:04.884116 2040685 ev_poll_posix.cc:593] FD from fork parent still in poll list: fd(29, generation: 1)
I0417 07:37:04.884215 2040685 ev_poll_posix.cc:593] FD from fork parent still in poll list: fd(27, generation: 1)

  ⏳ Timeout (retry 3/5). Retrying...
I0417 07:38:09.056784 2041556 ev_poll_posix.cc:593] FD from fork parent still in poll list: fd(29, generation: 1)
I0417 07:38:09.056866 2041556 ev_poll_posix.cc:593] FD from fork parent still in poll list: fd(27, generation: 1)

  ⏳ Timeout (retry 4/5). Retrying...
I0417 07:39:12.809108 2042574 ev_poll_posix.cc:593] FD from fork parent still in poll list: fd(29, generation: 1)
I0417 07:39:12.809186 2042574 ev_poll_posix.cc:593] FD from fork parent still in poll list: fd(27, generation: 1)

  ⏳ Timeout (retry 5/5). Retrying...
I0417 07:40:16.546043 2043564 ev_poll_posix.cc:593] FD from fork parent still in poll list: fd(29, generation: 1)
I0417 07:40:16.546105 2043564 ev_poll_posix.cc:593] FD from fork parent still in poll list: fd(27, generation: 1)
❌ TIMEOUT
[70/404] HBN (HBN_4028328d.pdf) 
  ⏳ Timeout (retry 1/5). Retrying...
I0417 07:42:20.352966 2045260 ev_poll_posix.cc:593] FD from fork parent still in poll list: fd(29, generation: 1)
I0417 07:42:20.353025 2045260 ev_poll_posix.cc:593] FD from fork parent still in poll list: fd(27, generation: 1)

  ⏳ Timeout (retry 2/5). Retrying...
I0417 07:43:23.762676 2046133 ev_poll_posix.cc:593] FD from fork parent still in poll list: fd(29, generation: 1)
I0417 07:43:23.762735 2046133 ev_poll_posix.cc:593] FD from fork parent still in poll list: fd(27, generation: 1)

  ⏳ Timeout (retry 3/5). Retrying...
I0417 07:44:27.608799 2047158 ev_poll_posix.cc:593] FD from fork parent still in poll list: fd(29, generation: 1)
I0417 07:44:27.608895 2047158 ev_poll_posix.cc:593] FD from fork parent still in poll list: fd(27, generation: 1)

  ⏳ Timeout (retry 4/5). Retrying...
I0417 07:45:31.260479 2048025 ev_poll_posix.cc:593] FD from fork parent still in poll list: fd(29, generation: 1)
I0417 07:45:31.260554 2048025 ev_poll_posix.cc:593] FD from fork parent still in poll list: fd(27, generation: 1)

  ⏳ Timeout (retry 5/5). Retrying...
I0417 07:46:34.750579 2048895 ev_poll_posix.cc:593] FD from fork parent still in poll list: fd(29, generation: 1)
I0417 07:46:34.750664 2048895 ev_poll_posix.cc:593] FD from fork parent still in poll list: fd(27, generation: 1)
❌ TIMEOUT
[71/404] HBU (HBU_4028328d.pdf) 
  ⏳ Timeout (retry 1/5). Retrying...
I0417 07:48:38.655176 2050717 ev_poll_posix.cc:593] FD from fork parent still in poll list: fd(29, generation: 1)
I0417 07:48:38.655244 2050717 ev_poll_posix.cc:593] FD from fork parent still in poll list: fd(27, generation: 1)

  ⏳ Timeout (retry 2/5). Retrying...

  ⏳ Timeout (retry 3/5). Retrying...

  ⏳ Timeout (retry 4/5). Retrying...
I0417 07:51:50.000818 2053303 ev_poll_posix.cc:593] FD from fork parent still in poll list: fd(29, generation: 1)

  ⏳ Timeout (retry 5/5). Retrying...
I0417 07:52:53.723694 2054156 ev_poll_posix.cc:593] FD from fork parent still in poll list: fd(29, generation: 1)
I0417 07:52:53.723813 2054156 ev_poll_posix.cc:593] FD from fork parent still in poll list: fd(27, generation: 1)
❌ TIMEOUT
[72/404] HDA (HDA_4028328d.pdf) 
  ⏳ Timeout (retry 1/5). Retrying...
I0417 07:54:57.408320 2055964 ev_poll_posix.cc:593] FD from fork parent still in poll list: fd(29, generation: 1)

  ⏳ Timeout (retry 2/5). Retrying...
I0417 07:56:01.421967 2056935 ev_poll_posix.cc:593] FD from fork parent still in poll list: fd(29, generation: 1)
I0417 07:56:01.422023 2056935 ev_poll_posix.cc:593] FD from fork parent still in poll list: fd(27, generation: 1)

  ⏳ Timeout (retry 3/5). Retrying...
I0417 07:57:05.319979 2057762 ev_poll_posix.cc:593] FD from fork parent still in poll list: fd(29, generation: 1)

  ⏳ Timeout (retry 4/5). Retrying...
I0417 07:58:12.185964 2058606 ev_poll_posix.cc:593] FD from fork parent still in poll list: fd(29, generation: 1)

  ⏳ Timeout (retry 5/5). Retrying...
I0417 07:59:15.991701 2059530 ev_poll_posix.cc:593] FD from fork parent still in poll list: fd(29, generation: 1)
I0417 07:59:15.991794 2059530 ev_poll_posix.cc:593] FD from fork parent still in poll list: fd(27, generation: 1)
❌ TIMEOUT
[73/404] HDK (HDK_4028328d.pdf) 
  ⏳ Timeout (retry 1/5). Retrying...
I0417 08:01:20.401118 2061437 ev_poll_posix.cc:593] FD from fork parent still in poll list: fd(29, generation: 1)
I0417 08:01:20.401169 2061437 ev_poll_posix.cc:593] FD from fork parent still in poll list: fd(27, generation: 1)

  ⏳ Timeout (retry 2/5). Retrying...
I0417 08:02:24.191711 2062425 ev_poll_posix.cc:593] FD from fork parent still in poll list: fd(29, generation: 1)
I0417 08:02:24.191759 2062425 ev_poll_posix.cc:593] FD from fork parent still in poll list: fd(27, generation: 1)

  ⏳ Timeout (retry 3/5). Retrying...
I0417 08:03:27.629315 2063267 ev_poll_posix.cc:593] FD from fork parent still in poll list: fd(29, generation: 1)
I0417 08:03:27.629414 2063267 ev_poll_posix.cc:593] FD from fork parent still in poll list: fd(27, generation: 1)

  ⏳ Timeout (retry 4/5). Retrying...

  ⏳ Timeout (retry 5/5). Retrying...
I0417 08:05:35.064151 2065302 ev_poll_posix.cc:593] FD from fork parent still in poll list: fd(29, generation: 1)
I0417 08:05:35.064234 2065302 ev_poll_posix.cc:593] FD from fork parent still in poll list: fd(27, generation: 1)
❌ TIMEOUT
[74/404] HEH (HEH_4028328d.pdf) 
  ⏳ Timeout (retry 1/5). Retrying...
I0417 08:07:38.660252 2067111 ev_poll_posix.cc:593] FD from fork parent still in poll list: fd(29, generation: 1)
I0417 08:07:38.660341 2067111 ev_poll_posix.cc:593] FD from fork parent still in poll list: fd(27, generation: 1)

  ⏳ Timeout (retry 2/5). Retrying...
I0417 08:08:43.171339 2068084 ev_poll_posix.cc:593] FD from fork parent still in poll list: fd(29, generation: 1)
I0417 08:08:43.171426 2068084 ev_poll_posix.cc:593] FD from fork parent still in poll list: fd(27, generation: 1)

  ⏳ Timeout (retry 3/5). Retrying...

  ⏳ Timeout (retry 4/5). Retrying...
I0417 08:10:51.068524 2069981 ev_poll_posix.cc:593] FD from fork parent still in poll list: fd(29, generation: 1)
I0417 08:10:51.068605 2069981 ev_poll_posix.cc:593] FD from fork parent still in poll list: fd(27, generation: 1)

  ⏳ Timeout (retry 5/5). Retrying...
I0417 08:11:55.273083 2071026 ev_poll_posix.cc:593] FD from fork parent still in poll list: fd(29, generation: 1)
I0417 08:11:55.273158 2071026 ev_poll_posix.cc:593] FD from fork parent still in poll list: fd(27, generation: 1)
❌ TIMEOUT
[75/404] HFI (HFI_4028328d.pdf) 
  ⏳ Timeout (retry 1/5). Retrying...
I0417 08:13:58.869460 2072848 ev_poll_posix.cc:593] FD from fork parent still in poll list: fd(29, generation: 1)

  ⏳ Timeout (retry 2/5). Retrying...
I0417 08:15:02.516568 2074708 ev_poll_posix.cc:593] FD from fork parent still in poll list: fd(29, generation: 1)

  ⏳ Timeout (retry 3/5). Retrying...
I0417 08:16:06.356504 2076746 ev_poll_posix.cc:593] FD from fork parent still in poll list: fd(29, generation: 1)
I0417 08:16:06.356593 2076746 ev_poll_posix.cc:593] FD from fork parent still in poll list: fd(27, generation: 1)

  ⏳ Timeout (retry 4/5). Retrying...

  ⏳ Timeout (retry 5/5). Retrying...
I0417 08:18:14.006183 2079519 ev_poll_posix.cc:593] FD from fork parent still in poll list: fd(29, generation: 1)
❌ TIMEOUT
[76/404] HGM (HGM_4028328d.pdf) 
  ⏳ Timeout (retry 1/5). Retrying...
I0417 08:20:17.851572 2083340 ev_poll_posix.cc:593] FD from fork parent still in poll list: fd(29, generation: 1)

  ⏳ Timeout (retry 2/5). Retrying...

  ⏳ Timeout (retry 3/5). Retrying...
I0417 08:22:25.750366 2086040 ev_poll_posix.cc:593] FD from fork parent still in poll list: fd(20, generation: 1)
I0417 08:22:25.750535 2086040 ev_poll_posix.cc:593] FD from fork parent still in poll list: fd(29, generation: 1)

  ⏳ Timeout (retry 4/5). Retrying...

  ⏳ Timeout (retry 5/5). Retrying...
I0417 08:24:34.516895 2088237 ev_poll_posix.cc:593] FD from fork parent still in poll list: fd(20, generation: 1)
I0417 08:24:34.517028 2088237 ev_poll_posix.cc:593] FD from fork parent still in poll list: fd(29, generation: 1)
❌ TIMEOUT
[77/404] HGR (HGR_4028328d.pdf) 
  ⏳ Timeout (retry 1/5). Retrying...
I0417 08:26:38.539290 2090168 ev_poll_posix.cc:593] FD from fork parent still in poll list: fd(20, generation: 1)

  ⏳ Timeout (retry 2/5). Retrying...

  ⏳ Timeout (retry 3/5). Retrying...
I0417 08:28:46.726421 2092050 ev_poll_posix.cc:593] FD from fork parent still in poll list: fd(22, generation: 1)

  ⏳ Timeout (retry 4/5). Retrying...
I0417 08:29:50.620455 2093130 ev_poll_posix.cc:593] FD from fork parent still in poll list: fd(22, generation: 1)
I0417 08:29:50.620605 2093130 ev_poll_posix.cc:593] FD from fork parent still in poll list: fd(20, generation: 1)

  ⏳ Timeout (retry 5/5). Retrying...
I0417 08:30:55.010287 2094030 ev_poll_posix.cc:593] FD from fork parent still in poll list: fd(22, generation: 1)
I0417 08:30:55.010398 2094030 ev_poll_posix.cc:593] FD from fork parent still in poll list: fd(20, generation: 1)
❌ TIMEOUT
[78/404] HGV (HGV_4028328d.pdf) 
  ⏳ Timeout (retry 1/5). Retrying...
I0417 08:32:59.041935 2095891 ev_poll_posix.cc:593] FD from fork parent still in poll list: fd(22, generation: 1)
I0417 08:32:59.042106 2095891 ev_poll_posix.cc:593] FD from fork parent still in poll list: fd(20, generation: 1)

  ⏳ Timeout (retry 2/5). Retrying...
I0417 08:34:02.735000 2096790 ev_poll_posix.cc:593] FD from fork parent still in poll list: fd(22, generation: 1)
I0417 08:34:02.735079 2096790 ev_poll_posix.cc:593] FD from fork parent still in poll list: fd(20, generation: 1)

  ⏳ Timeout (retry 3/5). Retrying...
I0417 08:35:06.315950 2097848 ev_poll_posix.cc:593] FD from fork parent still in poll list: fd(22, generation: 1)
I0417 08:35:06.316101 2097848 ev_poll_posix.cc:593] FD from fork parent still in poll list: fd(20, generation: 1)

  ⏳ Timeout (retry 4/5). Retrying...

  ⏳ Timeout (retry 5/5). Retrying...
I0417 08:37:14.526122 2099641 ev_poll_posix.cc:593] FD from fork parent still in poll list: fd(22, generation: 1)
❌ TIMEOUT
[79/404] HIA (HIA_4028328d.pdf) 
  ⏳ Timeout (retry 1/5). Retrying...
I0417 08:39:18.939924 2101732 ev_poll_posix.cc:593] FD from fork parent still in poll list: fd(22, generation: 1)

  ⏳ Timeout (retry 2/5). Retrying...
I0417 08:40:23.424300 2102643 ev_poll_posix.cc:593] FD from fork parent still in poll list: fd(22, generation: 1)
I0417 08:40:23.424403 2102643 ev_poll_posix.cc:593] FD from fork parent still in poll list: fd(20, generation: 1)

  ⏳ Timeout (retry 3/5). Retrying...

  ⏳ Timeout (retry 4/5). Retrying...

  ⏳ Timeout (retry 5/5). Retrying...
I0417 08:43:35.917921 2105865 ev_poll_posix.cc:593] FD from fork parent still in poll list: fd(22, generation: 1)
❌ TIMEOUT
[80/404] HIH (HIH_4028328d.pdf) 
  ⏳ Timeout (retry 1/5). Retrying...
I0417 08:45:40.520494 2107860 ev_poll_posix.cc:593] FD from fork parent still in poll list: fd(22, generation: 1)

  ⏳ Timeout (retry 2/5). Retrying...

  ⏳ Timeout (retry 3/5). Retrying...
I0417 08:47:47.605142 2110365 ev_poll_posix.cc:593] FD from fork parent still in poll list: fd(22, generation: 1)

  ⏳ Timeout (retry 4/5). Retrying...
I0417 08:48:50.986615 2111767 ev_poll_posix.cc:593] FD from fork parent still in poll list: fd(22, generation: 1)
I0417 08:48:50.986706 2111767 ev_poll_posix.cc:593] FD from fork parent still in poll list: fd(20, generation: 1)

  ⏳ Timeout (retry 5/5). Retrying...
I0417 08:49:54.679156 2113054 ev_poll_posix.cc:593] FD from fork parent still in poll list: fd(22, generation: 1)
I0417 08:49:54.679318 2113054 ev_poll_posix.cc:593] FD from fork parent still in poll list: fd(20, generation: 1)
❌ TIMEOUT
[81/404] HIM (HIM_4028328d.pdf) 
  ⏳ Timeout (retry 1/5). Retrying...

  ⏳ Timeout (retry 2/5). Retrying...
I0417 08:53:02.679935 2116755 ev_poll_posix.cc:593] FD from fork parent still in poll list: fd(22, generation: 1)
I0417 08:53:02.679998 2116755 ev_poll_posix.cc:593] FD from fork parent still in poll list: fd(20, generation: 1)

  ⏳ Timeout (retry 3/5). Retrying...

  ⏳ Timeout (retry 4/5). Retrying...
I0417 08:55:10.268658 2118861 ev_poll_posix.cc:593] FD from fork parent still in poll list: fd(22, generation: 1)
I0417 08:55:10.268841 2118861 ev_poll_posix.cc:593] FD from fork parent still in poll list: fd(20, generation: 1)

  ⏳ Timeout (retry 5/5). Retrying...
I0417 08:56:15.214926 2119813 ev_poll_posix.cc:593] FD from fork parent still in poll list: fd(22, generation: 1)
I0417 08:56:15.215030 2119813 ev_poll_posix.cc:593] FD from fork parent still in poll list: fd(20, generation: 1)
❌ TIMEOUT
[82/404] HIP (HIP_4028328d.pdf) 
  ⏳ Timeout (retry 1/5). Retrying...
I0417 08:58:18.770722 2121962 ev_poll_posix.cc:593] FD from fork parent still in poll list: fd(22, generation: 1)
I0417 08:58:18.770894 2121962 ev_poll_posix.cc:593] FD from fork parent still in poll list: fd(20, generation: 1)

  ⏳ Timeout (retry 2/5). Retrying...
I0417 08:59:22.399779 2122878 ev_poll_posix.cc:593] FD from fork parent still in poll list: fd(22, generation: 1)
I0417 08:59:22.399945 2122878 ev_poll_posix.cc:593] FD from fork parent still in poll list: fd(20, generation: 1)

  ⏳ Timeout (retry 3/5). Retrying...
I0417 09:00:26.336341 2123710 ev_poll_posix.cc:593] FD from fork parent still in poll list: fd(22, generation: 1)
I0417 09:00:26.336510 2123710 ev_poll_posix.cc:593] FD from fork parent still in poll list: fd(20, generation: 1)

  ⏳ Timeout (retry 4/5). Retrying...

  ⏳ Timeout (retry 5/5). Retrying...
❌ TIMEOUT
[83/404] HJB (HJB_4028328d.pdf) 
  ⏳ Timeout (retry 1/5). Retrying...
I0417 09:05:02.191861 2128211 ev_poll_posix.cc:593] FD from fork parent still in poll list: fd(22, generation: 1)

  ⏳ Timeout (retry 2/5). Retrying...
I0417 09:06:05.768089 2129218 ev_poll_posix.cc:593] FD from fork parent still in poll list: fd(22, generation: 1)

  ⏳ Timeout (retry 3/5). Retrying...

  ⏳ Timeout (retry 4/5). Retrying...

  ⏳ Timeout (retry 5/5). Retrying...
I0417 09:09:18.768656 2132553 ev_poll_posix.cc:593] FD from fork parent still in poll list: fd(22, generation: 1)
❌ TIMEOUT
[84/404] HKG (HKG_4028328c.pdf) 
  ⏳ Timeout (retry 1/5). Retrying...
I0417 09:11:22.052114 2134332 ev_poll_posix.cc:593] FD from fork parent still in poll list: fd(22, generation: 1)
I0417 09:11:22.052297 2134332 ev_poll_posix.cc:593] FD from fork parent still in poll list: fd(20, generation: 1)

  ⏳ Timeout (retry 2/5). Retrying...

  ⏳ Timeout (retry 3/5). Retrying...
I0417 09:13:30.092202 2137415 ev_poll_posix.cc:593] FD from fork parent still in poll list: fd(22, generation: 1)
I0417 09:13:30.092356 2137415 ev_poll_posix.cc:593] FD from fork parent still in poll list: fd(20, generation: 1)

  ⏳ Timeout (retry 4/5). Retrying...
I0417 09:14:34.245709 2138631 ev_poll_posix.cc:593] FD from fork parent still in poll list: fd(22, generation: 1)
I0417 09:14:34.245768 2138631 ev_poll_posix.cc:593] FD from fork parent still in poll list: fd(20, generation: 1)

  ⏳ Timeout (retry 5/5). Retrying...
❌ TIMEOUT
[85/404] HKH (HKH_4028328d.pdf) 
  ⏳ Timeout (retry 1/5). Retrying...
I0417 09:17:41.844917 2142138 ev_poll_posix.cc:593] FD from fork parent still in poll list: fd(22, generation: 1)
I0417 09:17:41.844993 2142138 ev_poll_posix.cc:593] FD from fork parent still in poll list: fd(20, generation: 1)

  ⏳ Timeout (retry 2/5). Retrying...
I0417 09:18:45.265401 2144354 ev_poll_posix.cc:593] FD from fork parent still in poll list: fd(22, generation: 1)
I0417 09:18:45.265516 2144354 ev_poll_posix.cc:593] FD from fork parent still in poll list: fd(20, generation: 1)

  ⏳ Timeout (retry 3/5). Retrying...
I0417 09:19:48.626960 2145900 ev_poll_posix.cc:593] FD from fork parent still in poll list: fd(17, generation: 1)
I0417 09:19:48.627142 2145900 ev_poll_posix.cc:593] FD from fork parent still in poll list: fd(22, generation: 1)

  ⏳ Timeout (retry 4/5). Retrying...

  ⏳ Timeout (retry 5/5). Retrying...
I0417 09:21:55.353959 2148794 ev_poll_posix.cc:593] FD from fork parent still in poll list: fd(17, generation: 1)
I0417 09:21:55.354114 2148794 ev_poll_posix.cc:593] FD from fork parent still in poll list: fd(22, generation: 1)
❌ TIMEOUT
[86/404] HKJ (HKJ_4028328d.pdf) 
  ⏳ Timeout (retry 1/5). Retrying...
I0417 09:23:59.629059 2151808 ev_poll_posix.cc:593] FD from fork parent still in poll list: fd(17, generation: 1)

  ⏳ Timeout (retry 2/5). Retrying...
I0417 09:25:03.710189 2153005 ev_poll_posix.cc:593] FD from fork parent still in poll list: fd(17, generation: 1)
I0417 09:25:03.710333 2153005 ev_poll_posix.cc:593] FD from fork parent still in poll list: fd(22, generation: 1)

  ⏳ Timeout (retry 3/5). Retrying...
I0417 09:26:07.520054 2154243 ev_poll_posix.cc:593] FD from fork parent still in poll list: fd(17, generation: 1)
I0417 09:26:07.520158 2154243 ev_poll_posix.cc:593] FD from fork parent still in poll list: fd(22, generation: 1)

  ⏳ Timeout (retry 4/5). Retrying...

  ⏳ Timeout (retry 5/5). Retrying...
I0417 09:28:14.783382 2156101 ev_poll_posix.cc:593] FD from fork parent still in poll list: fd(21, generation: 1)
I0417 09:28:14.783533 2156101 ev_poll_posix.cc:593] FD from fork parent still in poll list: fd(17, generation: 1)
❌ TIMEOUT
[87/404] HKM (HKM_4028328d.pdf) 
  ⏳ Timeout (retry 1/5). Retrying...

  ⏳ Timeout (retry 2/5). Retrying...

  ⏳ Timeout (retry 3/5). Retrying...
I0417 09:32:26.035085 2160708 ev_poll_posix.cc:593] FD from fork parent still in poll list: fd(21, generation: 1)
I0417 09:32:26.035229 2160708 ev_poll_posix.cc:593] FD from fork parent still in poll list: fd(17, generation: 1)

  ⏳ Timeout (retry 4/5). Retrying...
I0417 09:33:29.645590 2161769 ev_poll_posix.cc:593] FD from fork parent still in poll list: fd(21, generation: 1)

  ⏳ Timeout (retry 5/5). Retrying...
I0417 09:34:33.415391 2162756 ev_poll_posix.cc:593] FD from fork parent still in poll list: fd(21, generation: 1)
❌ TIMEOUT
[88/404] HKR (HKR_4028328d.pdf) 
  ⏳ Timeout (retry 1/5). Retrying...
I0417 09:36:37.211086 2164632 ev_poll_posix.cc:593] FD from fork parent still in poll list: fd(21, generation: 1)
I0417 09:36:37.211221 2164632 ev_poll_posix.cc:593] FD from fork parent still in poll list: fd(17, generation: 1)

  ⏳ Timeout (retry 2/5). Retrying...
I0417 09:37:40.596320 2167183 ev_poll_posix.cc:593] FD from fork parent still in poll list: fd(21, generation: 1)

  ⏳ Timeout (retry 3/5). Retrying...
I0417 09:38:44.318483 2168826 ev_poll_posix.cc:593] FD from fork parent still in poll list: fd(21, generation: 1)

  ⏳ Timeout (retry 4/5). Retrying...
I0417 09:39:47.941672 2170635 ev_poll_posix.cc:593] FD from fork parent still in poll list: fd(21, generation: 1)
I0417 09:39:47.941872 2170635 ev_poll_posix.cc:593] FD from fork parent still in poll list: fd(17, generation: 1)

  ⏳ Timeout (retry 5/5). Retrying...
I0417 09:40:51.678896 2172259 ev_poll_posix.cc:593] FD from fork parent still in poll list: fd(21, generation: 1)
❌ TIMEOUT
[89/404] HKV (HKV_4028328c.pdf) 
  ⏳ Timeout (retry 1/5). Retrying...
I0417 09:42:55.968751 2174455 ev_poll_posix.cc:593] FD from fork parent still in poll list: fd(21, generation: 1)
I0417 09:42:55.968901 2174455 ev_poll_posix.cc:593] FD from fork parent still in poll list: fd(17, generation: 1)

  ⏳ Timeout (retry 2/5). Retrying...
I0417 09:43:59.463962 2175771 ev_poll_posix.cc:593] FD from fork parent still in poll list: fd(21, generation: 1)
I0417 09:43:59.464081 2175771 ev_poll_posix.cc:593] FD from fork parent still in poll list: fd(17, generation: 1)

  ⏳ Timeout (retry 3/5). Retrying...
I0417 09:45:03.383051 2177053 ev_poll_posix.cc:593] FD from fork parent still in poll list: fd(21, generation: 1)

  ⏳ Timeout (retry 4/5). Retrying...
I0417 09:46:07.895282 2177909 ev_poll_posix.cc:593] FD from fork parent still in poll list: fd(21, generation: 1)
I0417 09:46:07.895442 2177909 ev_poll_posix.cc:593] FD from fork parent still in poll list: fd(17, generation: 1)

  ⏳ Timeout (retry 5/5). Retrying...
I0417 09:47:11.842246 2179333 ev_poll_posix.cc:593] FD from fork parent still in poll list: fd(21, generation: 1)
I0417 09:47:11.842421 2179333 ev_poll_posix.cc:593] FD from fork parent still in poll list: fd(17, generation: 1)
❌ TIMEOUT
[90/404] HLL (HLL_4028328c.pdf) 
  ⏳ Timeout (retry 1/5). Retrying...
I0417 09:49:17.682665 2181981 ev_poll_posix.cc:593] FD from fork parent still in poll list: fd(21, generation: 1)
I0417 09:49:17.682819 2181981 ev_poll_posix.cc:593] FD from fork parent still in poll list: fd(17, generation: 1)
