Total funds:     3447
OK: KOS -> 4028328c5fc60da801600cd486805d9d
Progress:        0/    3447
OK: BON -> 4028328c998ee9d50199c2d60a6f6fef
Progress:        0/    3447
OK: HFR -> 4028328c998ee9d50199c2d5b15b6fd9
Progress:        0/    3447
OK: FGH -> 4028328d5fc61027016007d6c6264efd
Progress:        0/    3447
OK: PRR -> 4028328d998eebe8019a0b02debc54cf
Progress:        0/    3447
OK: KFZ -> 4028328c8e21cef8018e9e1e9e0b4b4d
Progress:        0/    3447
OK: OLN -> 4028328d9c4c12ca019c522a07fd380d
Progress:        0/    3447
OK: EAE -> 4028328c976d29880197d018b8233ecc
Progress:        0/    3447
OK: GEV -> 4028328c7bf4b5e4017c3ad292c0466b
Progress:        0/    3447
OK: AHJ -> 4028328c595ae6b801595f9f6ee4347f
Progress:        0/    3447
OK: AVJ -> 4028328c595ae6b801595f9e9e7b3435
Progress:        0/    3447
OK: MZN -> 4028328d761063980176474be44d219f
Progress:        0/    3447
OK: AE1 -> 33E5FED7EB3700EAE0530A4A622B2AEA
Progress:        0/    3447
OK: AE2 -> 33E5FED7EB3B00EAE0530A4A622B2AEA
Progress:        0/    3447
OK: AEK -> 33E5FED7EB4B00EAE0530A4A622B2AEA
Progress:        0/    3447
OK: AVG -> 33E5FED7EC2700EAE0530A4A622B2AEA
Progress:        0/    3447
OK: AE3 -> 33E5FED7EB3F00EAE0530A4A622B2AEA
Progress:        0/    3447
OK: ENF -> 4028328d950b608701958ac2693d4169
Progress:        0/    3447
OK: AEH -> 33E5FED7EB4700EAE0530A4A622B2AEA
Progress:        0/    3447
OK: AEB -> 33E5FED7EB4F00EAE0530A4A622B2AEA
Progress:        0/    3447
OK: MZL -> 4028328d761063980176474d1f8f21ae
Progress:        0/    3447
OK: AVB -> 33E5FED7EC1B00EAE0530A4A622B2AEA
Progress:        0/    3447
OK: AVD -> 33E5FED7EC1F00EAE0530A4A622B2AEA
Progress:        0/    3447
OK: EHK -> 4028328d976d2b830197d032a1a17b03
Progress:        0/    3447
OK: FYL -> 4028328c588b7b75015949b8c6517cf9
Progress:        0/    3447
OK: FYN -> 4028328c588b7b75015949bc39767d07
Progress:        0/    3447
MISS: AEI
Progress:        0/    3447
OK: KML -> 4028328d950b608701958ac2f72b417f
Progress:        0/    3447
OK: VVA -> 4028328d5eed5adf015f96d7fd49316d
Progress:        0/    3447
OK: VVZ -> 4028328d5eed5adf015f96dfb9883247
Progress:        0/    3447
OK: VVE -> 4028328d5eed5adf015f96dd3c8b3227
Progress:        0/    3447
OK: VVD -> 4028328d5eed5adf015f96d91b8531aa
Progress:        0/    3447
OK: VVU -> 4028328d5eed5adf015f96e0b2a1325d
Progress:        0/    3447
OK: AYJ -> 4028328c5fc60da8016077d69906313f
Progress:        0/    3447
OK: VVM -> 4028328d5eed5adf015f96de81d23236
Progress:        0/    3447
OK: AAJ -> 4028328c5fc60da8016077d53b7b311c
Progress:        0/    3447
OK: AVO -> 33E5FED7EF5300EAE0530A4A622B2AEA
Progress:        0/    3447
OK: SBA -> 4028328d950b608701958ac396b841b6
Progress:        0/    3447
OK: AVN -> 33E5FED7EB6700EAE0530A4A622B2AEA
Progress:        0/    3447
OK: GFH -> 4028328c7d3c2e72017d9a80995c7b2a
Progress:        0/    3447
OK: TVC -> 4028328d950b608701958ac36bf241ab
Progress:        0/    3447
OK: TSZ -> 4028328d950b608701958ac2a2394174
Progress:        0/    3447
OK: AVR -> 33E5FED7EB5B00EAE0530A4A622B2AEA
Progress:        0/    3447
OK: TVH -> 4028328d950b608701958ac32b24418d
Progress:        0/    3447
OK: MZP -> 4028328d761063980176474de71121bd
Progress:        0/    3447
OK: AWX -> 4028328d9b827481019c4747f28d77e2
Progress:        0/    3447
OK: AQW -> 4028328d9b827481019bfe8ffd615ee1
Progress:        0/    3447
OK: BS1 -> 4028328d998eebe8019a585e9eb5744f
Progress:        0/    3447
OK: AXW -> 4028328d9b827483019c046a65ff2528
Progress:        0/    3447
OK: RSZ -> 4028328d8ae7c756018b27ee7ba44dfc
Progress:        0/    3447
OK: PTP -> 4028328d9b827483019be5fe787f08fc
Progress:        0/    3447
OK: CJF -> 4028328d794d3bd7017956b4668722bd
Progress:        0/    3447
OK: SSO -> 4028328d5a953604015b1fbd84c92499
Progress:        0/    3447
OK: PUD -> 4028328c68e747120169005690e257d2
Progress:        0/    3447
OK: FUM -> 4028328c7da7e73d017e9139e1e500aa
Progress:        0/    3447
OK: ANL -> 33E5FED7E24300EAE0530A4A622B2AEA
Progress:        0/    3447
OK: AOY -> 33E5FED7E3FB00EAE0530A4A622B2AEA
Progress:        0/    3447
OK: AFO -> 33E5FED7E76B00EAE0530A4A622B2AEA
Progress:        0/    3447
OK: APGLD -> 4028328d9b827483019c1db5701a7f99
Progress:        0/    3447
OK: PAL -> 4028328c6faf9e510170577e91e43843
Progress:        0/    3447
OK: AFA -> 33E5FED7E40B00EAE0530A4A622B2AEA
Progress:        0/    3447
OK: AFV -> 33E5FED7E3FF00EAE0530A4A622B2AEA
Progress:        0/    3447
OK: AJL -> 4028328d6cc2716d016cce104b001944
Progress:        0/    3447
OK: BNC -> 4028328d8b2fcee7018beb939a957bb2
Progress:        0/    3447
OK: APBDL -> 4028328c89555baa0189d5a2325742f1
Progress:        0/    3447
OK: ADP -> 33E5FED7E65300EAE0530A4A622B2AEA
Progress:        0/    3447
MISS: APLIB
Progress:        0/    3447
OK: APJ -> 4028328c5fc60da70160795c7d216cc6
Progress:        0/    3447
OK: BDY -> 4028328c8d6db292018dd01056274eb9
Progress:        0/    3447
OK: APMDL -> 4028328d98455cf60198984e136404eb
Progress:        0/    3447
OK: AKU -> 33E5FED7E65700EAE0530A4A622B2AEA
Progress:        0/    3447
OK: APX30 -> 4028328c89555baa0189d5a2037942c9
Progress:        0/    3447
OK: ABU -> 33E5FED7EE5300EAE0530A4A622B2AEA
Progress:        0/    3447
OK: ARL -> 33E5FED7F0E700EAE0530A4A622B2AEA
Progress:        0/    3447
OK: BHE -> 4028328c8b2fcee7018cb4c0886528ed
Progress:        0/    3447
OK: LTC -> 4028328c8e21cef7018ea909e2423e8a
Progress:        0/    3447
OK: CVE -> 4028328d80e91792018123c0ed661090
Progress:        0/    3447
OK: PUC -> 4028328d683d682b016850c4155e56cb
Progress:        0/    3447
OK: PUR -> 4028328d69a8545b0169b48453ac16d1
Progress:        0/    3447
OK: URG -> 4028328d81fdc61c018263918cf131d2
Progress:        0/    3447
OK: BVC -> 4028328c802924490180648f1cc60f1d
Progress:        0/    3447
OK: BUY -> 4028328c88c529ea0188d2f9872b277e
Progress:        0/    3447
OK: VAY -> 4028328d8b2fcee7018b4d7f003a43e8
Progress:        0/    3447
OK: CJH -> 4028328c7bf4b5e3017cc2387ee859c7
Progress:        0/    3447
OK: DZS -> 4028328c969f29550196a5e8ff5e52f2
Progress:        0/    3447
OK: AJN -> 4028328c6cc24aaa016cce0472641afa
Progress:        0/    3447
OK: DSH -> 4028328c8b2fcee7018cb4bff23528d9
Progress:        0/    3447
OK: VCY -> 4028328c7da7e73c017f2fc9dc5036c5
Progress:        0/    3447
OK: EML -> 4028328d998eebe80199ce31e03c4e74
Progress:        0/    3447
OK: AVZ -> 4028328c5842c9700158633d8de7553c
Progress:        0/    3447
OK: KVT -> 4028328d930ceaec01936cd393593c51
Progress:        0/    3447
OK: AKE -> 33E5FED7E65F00EAE0530A4A622B2AEA
Progress:        0/    3447
OK: ZFB -> 4028328c7a4e423c017a9ed5885a6da2
Progress:        0/    3447
OK: UCN -> 4028328c88c529ea0188d2f875612740
Progress:        0/    3447
OK: URV -> 4028328d81fdc61c01826394b9f63221
Progress:        0/    3447
OK: CVD -> 4028328d80e91792018123babec4107f
Progress:        0/    3447
OK: GUM -> 4028328d76e302780176f647a17d2182
Progress:        0/    3447
MISS: GMI
Progress:        0/    3447
OK: HVV -> 4028328d70abc4de0170e7b139281ae7
Progress:        0/    3447
OK: HYY -> 4028328d70abc4de0170e7b1c34e1af8
Progress:        0/    3447
OK: HZV -> 4028328d7fd43720017fe57e3e4d3171
Progress:        0/    3447
OK: AK3 -> 33E5FED7E64F00EAE0530A4A622B2AEA
Progress:        0/    3447
MISS: PAI
Progress:        0/    3447
OK: GNZ -> 4028328d95959cc60195dc18541715b8
Progress:        0/    3447
OK: FUA -> 4028328c7da7e73d017e9138f9d50086
Progress:        0/    3447
OK: AGC -> 4028328c67565bc501677e6f339e0687
Progress:        0/    3447
OK: ARM -> 33E5FED7F0EB00EAE0530A4A622B2AEA
Progress:        0/    3447
OK: BRR -> 4028328d96289e8c01964312ea7e1c76
Progress:        0/    3447
OK: PPJ -> 4028328d949955a90194fa5272936d53
Progress:        0/    3447
OK: CVB -> 4028328d80e91792018123b8a191105f
Progress:        0/    3447
OK: KUP -> 4028328d8f3f7793018fce96f6b47161
Progress:        0/    3447
OK: ALC -> 33E5FED7EA5F00EAE0530A4A622B2AEA
Progress:        0/    3447
OK: KH1 -> 4028328c98455aeb0198563cdcbd4e3a
Progress:        0/    3447
OK: AVT -> 33E5FED7E3EF00EAE0530A4A622B2AEA
Progress:        0/    3447
OK: GGC -> 4028328d73a86809017406baaf636d47
Progress:        0/    3447
OK: KNP -> 4028328d812b6c2f01819568adff262a
Progress:        0/    3447
OK: ZLG -> 4028328d7b648589017b7db211b0504f
Progress:        0/    3447
OK: MTV -> 4028328c7f7cb862017fb7147ff835ce
Progress:        0/    3447
MISS: AIM
Progress:        0/    3447
OK: PAP -> 4028328c6faf9e510170577f17343854
Progress:        0/    3447
OK: KNZ -> 4028328d812b6c2f01819567afc22613
Progress:        0/    3447
OK: ADE -> 33E5FED7E3F700EAE0530A4A622B2AEA
Progress:        0/    3447
OK: MU1 -> 4028328d9373bab0019396d353bc16f4
Progress:        0/    3447
OK: NMP -> 4028328d9b827481019bda8b9e0c1cd3
Progress:        0/    3447
OK: LHM -> 4028328d7707357f0177cf1e58b27e84
Progress:        0/    3447
OK: ONF -> 4028328c998ee9d7019a5e8af0cf76eb
Progress:        0/    3447
OK: OBN -> 4028328c8b2fcee7018cb4c5092f29c6
Progress:        0/    3447
OK: OBR -> 4028328c86d231ff01877595bb6f4a4b
Progress:        0/    3447
OK: ODN -> 4028328c8b2fcee7018cb4c56c2429dc
Progress:        0/    3447
OK: ONK -> 4028328c88c529eb0188d909d43a43ae
Progress:        0/    3447
OK: URC -> 4028328d81fdc61c0182638fbe8f31a9
Progress:        0/    3447
OK: OSN -> 4028328c969f29550196a5e8ba3d52e7
Progress:        0/    3447
OK: OUN -> 4028328c8b2fcee7018cb4c538ec29d1
Progress:        0/    3447
OK: KNV -> 4028328d812b6c2f018195664a6925ee
Progress:        0/    3447
OK: URS -> 4028328d81fdc61c0182639405ed3211
Progress:        0/    3447
OK: APT -> 33E5FED7E65B00EAE0530A4A622B2AEA
Progress:        0/    3447
OK: URM -> 4028328d81fdc61c01826392d26a31e4
Progress:        0/    3447
OK: OPZ -> 4028328c73a8657f0173bd5582156521
Progress:        0/    3447
OK: PUT -> 4028328d6c4e409e016c958cc78e78a3
Progress:        0/    3447
OK: ARP -> 33E5FED7E32700EAE0530A4A622B2AEA
Progress:        0/    3447
OK: ARF -> 33E5FED7F19F00EAE0530A4A622B2AEA
Progress:        0/    3447
OK: CVC -> 4028328d80e91792018123b9aedb106f
Progress:        0/    3447
OK: AZZ -> 4028328d554abe5a015552894bf34e8e
Progress:        0/    3447
OK: ABS -> 33E5FED7E76700EAE0530A4A622B2AEA
Progress:        0/    3447
OK: UHV -> 4028328d8305029d01831be2f42619af
Progress:        0/    3447
OK: KNC -> 4028328d812b6c2f018195652ac425de
Progress:        0/    3447
OK: UHN -> 4028328d8305029d01831be186791992
Progress:        0/    3447
OK: BVB -> 4028328c802924490180648e506b0f07
Progress:        0/    3447
OK: AYR -> 33E5FED7EE2B00EAE0530A4A622B2AEA
Progress:        0/    3447
MISS: AIS
Progress:        0/    3447
MISS: KLI
Progress:        0/    3447
OK: ALE -> 33E5FED7E9B300EAE0530A4A622B2AEA
Progress:        0/    3447
OK: AES -> 33E5FED7E76F00EAE0530A4A622B2AEA
Progress:        0/    3447
OK: PUV -> 4028328c69d88eef016a778efcbf7534
Progress:        0/    3447
OK: AZF -> 33E5FED7EA9300EAE0530A4A622B2AEA
Progress:        0/    3447
OK: APP -> 33E5FED7F0F700EAE0530A4A622B2AEA
Progress:        0/    3447
OK: DTZ -> 4028328d7b648589017bf311e5505104
Progress:        0/    3447
MISS: AIH
Progress:        0/    3447
OK: SAS -> 4028328c8d6db291018dcbc99bd12fed
Progress:        0/    3447
OK: AFS -> 33E5FED7E40700EAE0530A4A622B2AEA
Progress:        0/    3447
OK: CJG -> 4028328d794d3bd7017956b5176022d9
Progress:        0/    3447
OK: CJD -> 4028328d794d3bd7017956b359a52280
Progress:        0/    3447
OK: SCZ -> 4028328c969f29550196a5e933ff52ff
Progress:        0/    3447
OK: CVF -> 4028328d80e91792018123c1b98a10a0
Progress:        0/    3447
OK: SAP -> 4028328c93c3b40d0193f80c75a20512
Progress:        0/    3447
OK: TAR -> 4028328d8305029e01835f4d6bc66046
Progress:        0/    3447
MISS: ICZ
Progress:        0/    3447
OK: TGR -> 4028328d7850aacb01786f1562093901
Progress:        0/    3447
OK: AK2 -> 33E5FED7E3F300EAE0530A4A622B2AEA
Progress:        0/    3447
OK: AUV -> 4028328d8f3f7793018fa58ac7b6093b
Progress:        0/    3447
OK: ODV -> 4028328c55a2cb380155df814ce51fa5
Progress:        0/    3447
OK: CVA -> 4028328d80e91792018123b7201d104f
Progress:        0/    3447
OK: UCP -> 4028328c998ee9d7019a5e8fc6d87739
Progress:        0/    3447
OK: BGP -> 4028328c6cd92f59016d48acaafa5e75
Progress:        0/    3447
OK: AJE -> 4028328d63530eab01638319bce25143
Progress:        0/    3447
OK: KNT -> 4028328d812b6c2f01819566fdcd25ff
Progress:        0/    3447
OK: LHP -> 4028328d7707357f0177cf1f72b37e9f
Progress:        0/    3447
OK: YDH -> 4028328c8e21cef7018ea9093a053e62
Progress:        0/    3447
OK: AFT -> 33E5FED7E77300EAE0530A4A622B2AEA
Progress:        0/    3447
OK: TAV -> 4028328d767bb19d01768addcde95165
Progress:        0/    3447
OK: AK5 -> 4028328d8563fe9f018586fb868a44dc
Progress:        0/    3447
OK: BEC -> 4028328d9aaa2df9019ab5b4daf91e15
Progress:        0/    3447
OK: BGY -> 4028328d65442dfb0165f1d60b0229be
Progress:        0/    3447
OK: AGN -> 4028328d767bb19d01768ad14893508d
Progress:        0/    3447
OK: AK4 -> 4028328d8563fe9f018586d9250a417f
Progress:        0/    3447
OK: BYG -> 4028328c7b648351017bd02d044d4333
Progress:        0/    3447
MISS: IDG
Progress:        0/    3447
OK: DDN -> 4028328d8b2fcee7018cf3d126695a06
Progress:        0/    3447
MISS: IKG
Progress:        0/    3447
MISS: ICI
Progress:        0/    3447
MISS: IJG
Progress:        0/    3447
OK: JST -> 4028328d8b2fcee7018cf3d0d14a59e9
Progress:        0/    3447
OK: SHG -> 4028328d767bb19d01768ad8eba8513d
Progress:        0/    3447
MISS: IUG
Progress:        0/    3447
OK: AJK -> 4028328d63530eab0163831816c75113
Progress:        0/    3447
OK: SDA -> 4028328d949955a90194fa52e96b6d5e
Progress:        0/    3447
OK: CYD -> 4028328d93c3b68c0193ce6a3a740c04
Progress:        0/    3447
OK: SER -> 4028328d8b2fcee7018c5de652f524be
Progress:        0/    3447
OK: COT -> 4028328d93c3b68c0193ce69e5210bf9
Progress:        0/    3447
OK: AB1 -> 4028328d65442dfb016580b17cfe42b7
Progress:        0/    3447
OK: WZQ -> 4028328d976d2b8301979c188e8c2bb4
Progress:        0/    3447
OK: ONN -> 4028328d70abc4df0170c9c18d9b7747
Progress:        0/    3447
OK: MPD -> 4028328c65fd41d90166e982b4577550
Progress:        0/    3447
OK: MJL -> 4028328c794d2f890179c7f91d84302c
Progress:        0/    3447
OK: MKG -> 4028328d7179849801719797384a1dcb
Progress:        0/    3447
OK: YBJ -> 4028328c8b2fcee8018d45b765a26e06
Progress:        0/    3447
OK: HRZ -> 4028328c916b969d01919d13c60a313a
Progress:        0/    3447
OK: MMH -> 4028328c71bc39c0017218e307c43a95
Progress:        0/    3447
OK: MJB -> 4028328d7afb2dbd017b53f59ae049ae
Progress:        0/    3447
OK: ONE -> 4028328c8b2fcee8018b8f35f1492c88
Progress:        0/    3447
MISS: CIN
Progress:        0/    3447
OK: BOL -> 4028328c9373b8aa01938ccdde3e573d
Progress:        0/    3447
OK: GLG -> 4028328c80e9178f0181053760830f04
Progress:        0/    3447
OK: ENJ -> 4028328d90137b6401904fa4a1445350
Progress:        0/    3447
OK: ESG -> 4028328d71bc3c6501725654a66b55c7
Progress:        0/    3447
OK: MJH -> 4028328c794d2f890179c7fbb91b3059
Progress:        0/    3447
OK: MJG -> 4028328d7850aacb0178ef410bdf6920
Progress:        0/    3447
OK: FLY -> 4028328c916b969d01919d1b4e3f3179
Progress:        0/    3447
OK: ASJ -> 4028328d86d233bd018713dbee70531d
Progress:        0/    3447
OK: MPN -> 4028328c6ab78362016b54b6f83a38ac
Progress:        0/    3447
OK: EYT -> 4028328c8ae7be4f018b19da6e2c6e1c
Progress:        0/    3447
OK: DB2 -> 4028328d90f0004501912d4ebaf106ef
Progress:        0/    3447
OK: LKT -> 4028328d9373bab0019387cec28546f5
Progress:        0/    3447
OK: SPT -> 4028328d90137b6401904fa45fa1533e
Progress:        0/    3447
OK: MPS -> 4028328d5b3ef6c7015baa2f04ff2669
Progress:        0/    3447
OK: MPF -> 4028328c5b3ef438015c3ed1175733a5
Progress:        0/    3447
OK: NKL -> 4028328c89555baa018a1db5ccde3018
Progress:        0/    3447
OK: MPK -> 4028328d5b3ef6c7015baa2d51b32630
Progress:        0/    3447
OK: TLK -> 4028328d949955a80194ffcf486c2d64
Progress:        0/    3447
OK: PPV -> 4028328c991da58501992e92cad653dd
Progress:        0/    3447
MISS: IDL
Progress:        0/    3447
OK: GPT -> 4028328c8b2fcee7018c8c75902270a6
Progress:        0/    3447
OK: MLS -> 4028328d7812cbf301781b58eeb55a0b
Progress:        0/    3447
OK: MTS -> 4028328c84686b4001852988fa6a40b0
Progress:        0/    3447
OK: CPU -> 4028328d8b2fcee7018b5ccac61c6958
Progress:        0/    3447
OK: TFE -> 4028328c8ae7be4f018b19db53e76e62
Progress:        0/    3447
OK: DOL -> 4028328d8b2fcee7018d647169626f7a
Progress:        0/    3447
OK: GLC -> 4028328c80e9178f0181053363aa0ebb
Progress:        0/    3447
MISS: LTI
Progress:        0/    3447
OK: MPT -> 4028328c7600748501766652127944e5
Progress:        0/    3447
OK: MGA -> 4028328d7812cbf301781b5757ab59e6
Progress:        0/    3447
OK: MBB -> 4028328c760074850176664ad92444be
Progress:        0/    3447
OK: FUT -> 4028328c991da58501992ef1e8ce5e4b
Progress:        0/    3447
OK: HMN -> 4028328d992f6f6601995c389d6e497d
Progress:        0/    3447
OK: MPATA -> 4028328c65fd41d90166e98154297528
Progress:        0/    3447
OK: XXQ -> 4028328d992f6f660199526855862dfd
Progress:        0/    3447
OK: MBK -> 4028328c76007485017666509fef44d6
Progress:        0/    3447
OK: NKB -> 4028328c976d29880197d5364ece2590
Progress:        0/    3447
OK: NEV -> 4028328c976d29880197d535fda62585
Progress:        0/    3447
OK: NKE -> 4028328c976d29880197d536889a259b
Progress:        0/    3447
OK: OBE -> 4028328d9af24265019b365f4c6b4047
Progress:        0/    3447
OK: PLY -> 4028328c8d6db292018dd0102dc44ead
Progress:        0/    3447
OK: SGS -> 4028328c90effe4c0191081c17b64414
Progress:        0/    3447
OK: STO -> 4028328d8b2fcee7018c7d1e69bf5be7
Progress:        0/    3447
OK: MUG -> 4028328c950ba8c701955bd0967359b1
Progress:        0/    3447
OK: MYP -> 4028328c7600748501766665b7b24567
Progress:        0/    3447
MISS: RTI
Progress:        0/    3447
OK: AL4 -> 4028328d84686d1201852a463bb34c95
Progress:        0/    3447
OK: RBA -> 4028328d65442dfb0165b3cf5fb06804
Progress:        0/    3447
OK: CKF -> 4028328d919f184b0192c300cbca7568
Progress:        0/    3447
OK: KAC -> 4028328d81fdc61c018243dd6ee936f5
Progress:        0/    3447
OK: HFY -> 4028328c998ee9d5019a071851dc2232
Progress:        0/    3447
OK: KSL -> 4028328d8df5d28f018e0f203b263793
Progress:        0/    3447
OK: KSM -> 4028328d8df5d28f018e0f2015653784
Progress:        0/    3447
OK: AL7 -> 4028328d853ff39a01855e5dc77d0ecb
Progress:        0/    3447
OK: VKR -> 4028328d7850aacb01785f3e5277467e
Progress:        0/    3447
OK: RBK -> 4028328d65442dfb0165b3ce145067f5
Progress:        0/    3447
OK: RBH -> 4028328d65442dfb0165b3cb827867e4
Progress:        0/    3447
OK: AL5 -> 4028328d84686d1201852a4618374c88
Progress:        0/    3447
OK: MJE -> 4028328d86d233bd01878e3868ec380a
Progress:        0/    3447
OK: PVK -> 4028328d70abc4de0171309457b5431c
Progress:        0/    3447
OK: RBV -> 4028328d65442dfb0165b3d1215c6822
Progress:        0/    3447
OK: RBT -> 4028328d65442dfb0165b3d0365c6813
Progress:        0/    3447
OK: PPG -> 4028328c98455aea0198a8696dd06e10
Progress:        0/    3447
OK: URD -> 4028328c992f6d57019970cb5f1e37cd
Progress:        0/    3447
OK: URY -> 4028328c992f6d570199716c87223c96
Progress:        0/    3447
OK: RPU -> 4028328c887d111a01889605729b707b
Progress:        0/    3447
MISS: VKI
Progress:        0/    3447
OK: AL6 -> 4028328d853ff39a01855e5df1240ed5
Progress:        0/    3447
OK: PBA -> 4028328c7bf4b5e3017d04b55c533e5f
Progress:        0/    3447
OK: OYE -> 4028328c77e3f8e80177fc573e676d65
Progress:        0/    3447
OK: AK6 -> 4028328c969f29550197363f786d5528
Progress:        0/    3447
OK: PAT -> 4028328c7bf4b5e3017d04b7b2353e95
Progress:        0/    3447
OK: BKA -> 4028328c7bf4b5e3017d04b701113e80
Progress:        0/    3447
MISS: PIH
Progress:        0/    3447
OK: VNE -> 4028328d8e21d0ec018ef036a1b4587b
Progress:        0/    3447
OK: OYZ -> 4028328d73a8680a017401c8eee15422
Progress:        0/    3447
OK: PGB -> 4028328d8588f3010185c48831e91f2e
Progress:        0/    3447
MISS: BKI
Progress:        0/    3447
OK: PBV -> 4028328d758f64090175bc17c2f45372
Progress:        0/    3447
OK: BGV -> 4028328c992f6d5701995ce072d57f42
Progress:        0/    3447
OK: PG4 -> 4028328c8563fcce018585e235c6510e
Progress:        0/    3447
OK: PG8 -> 4028328c84686b400184c280c06d5dc2
Progress:        0/    3447
OK: AL8 -> 4028328d8b2fcee7018d1cb4f5de0389
Progress:        0/    3447
OK: AG9 -> 4028328d7707357e01771fa873864c8d
Progress:        0/    3447
OK: OYK -> 4028328d75e773c20175ff2bb3464c5d
Progress:        0/    3447
OK: FTC -> 4028328d7707357e01771faa82694cac
Progress:        0/    3447
OK: ABZ -> 4028328d86d233bf01880fd290ff2c56
Progress:        0/    3447
OK: ALDUK -> 4028328c5fc60da7015fdf1a524659c1
Progress:        0/    3447
OK: PFG -> 4028328d7707357e01771fa9c56c4c9d
Progress:        0/    3447
OK: FOG -> 4028328c861839b301867903631c074b
Progress:        0/    3447
OK: SAG -> 4028328c98455aeb0198a73af24255d8
Progress:        0/    3447
OK: PG2 -> 4028328d84399770018441e31e8d3c5d
Progress:        0/    3447
OK: PG7 -> 4028328c84686b400184c28187395de4
Progress:        0/    3447
OK: APYKF -> 4028328c84686b400184c281f8515dee
Progress:        0/    3447
OK: PEG -> 4028328d7707357e01771fab4abb4cc0
Progress:        0/    3447
MISS: INJ
Progress:        0/    3447
OK: PHG -> 4028328c7d3c2e72017d56e0124651b5
Progress:        0/    3447
OK: OYR -> 4028328d7bf4b81c017c4f8bd2872047
Progress:        0/    3447
OK: APYKS -> 4028328c7da7e73b017e52530ec80cc3
Progress:        0/    3447
OK: APYMD -> 4028328d7da7e96d017f6a0dd05e28cc
Progress:        0/    3447
OK: AG7 -> 4028328d65fd445501660f896cb817ab
Progress:        0/    3447
OK: AHR -> 4028328d86d233bf01880fcff3452b8e
Progress:        0/    3447
OK: PJG -> 4028328d7da7e96e017ed3f6a3a867f0
Progress:        0/    3447
OK: BTH -> 4028328d90137b63019039a44c4b2c07
Progress:        0/    3447
OK: PG1 -> 4028328d84399770018441e61ad03c7b
Progress:        0/    3447
OK: ALONE -> 4028328c5fc60da7015fdf19315859a1
Progress:        0/    3447
OK: SGL -> 4028328c8b2fcee8018b810d16e224c4
Progress:        0/    3447
OK: APYVC -> 4028328d7436db6901744edb3d0d6ceb
Progress:        0/    3447
MISS: DKI
Progress:        0/    3447
OK: THZ -> 4028328d96289e8c0196912b48596288
Progress:        0/    3447
OK: RTM -> 4028328d80e91791018100b9bf1a6ae6
Progress:        0/    3447
OK: PG5 -> 4028328c84686b400184c2823b7f5df8
Progress:        0/    3447
OK: PGG -> 4028328c7d3c2e72017d56db49b95137
Progress:        0/    3447
OK: UNB -> 4028328c98455aeb0198c160bfa80950
Progress:        0/    3447
MISS: PIG
Progress:        0/    3447
OK: GGF -> 4028328d84399770018441e6d2e43c8a
Progress:        0/    3447
OK: APYNT -> 4028328c930ce8de0193633011392880
Progress:        0/    3447
OK: PG9 -> 4028328c84686b400184c28045a35db6
Progress:        0/    3447
OK: PG3 -> 4028328d84399770018441e46a753c6c
Progress:        0/    3447
OK: FDP -> 4028328c9af2405e019b4ba80d3a0e07
Progress:        0/    3447
MISS: IHA
Progress:        0/    3447
OK: STM -> 4028328d950b608601957f3366b448a4
Progress:        0/    3447
OK: CAF -> 4028328d8b2fcee7018baf3c6c2f6c05
Progress:        0/    3447
OK: NDL -> 4028328d868461840186cbc47d833be7
Progress:        0/    3447
OK: RYA -> 4028328c8b2fcee8018b3849cb591f7f
Progress:        0/    3447
OK: SLN -> 4028328d8b2fcee7018cf250f1375dfa
Progress:        0/    3447
OK: AS3 -> 4028328c8e21cef7018e84be8f855438
Progress:        0/    3447
OK: TMH -> 4028328d8b2fcee7018cf2509aba5dee
Progress:        0/    3447
OK: LLA -> 4028328c89555ba901896955c13e5840
Progress:        0/    3447
OK: BHV -> 4028328d950b608601957f50080e4bb4
Progress:        0/    3447
OK: ABJ -> 4028328c84686b410184855f32316c02
Progress:        0/    3447
MISS: BBI
Progress:        0/    3447
OK: BBP -> 4028328c906f3e7b0190ca0848061e2b
Progress:        0/    3447
OK: HVU -> 4028328c8288ba6a018291fe1f474df5
Progress:        0/    3447
OK: BFE -> 4028328c919f164b01922868a580680b
Progress:        0/    3447
OK: BVM -> 4028328d812b6c2f0181865d1e1766d8
Progress:        0/    3447
OK: HVZ -> 4028328c8288ba6a018292019b224ea9
Progress:        0/    3447
OK: AS1 -> 4028328c89555ba9018a9910c2a176b8
Progress:        0/    3447
OK: DEF -> 4028328c89555ba9018a9910991776ad
Progress:        0/    3447
MISS: DEI
Progress:        0/    3447
OK: ESN -> 4028328c8e21cef8018e60c954202d99
Progress:        0/    3447
MISS: GIH
Progress:        0/    3447
MISS: LID
Progress:        0/    3447
MISS: IHZ
Progress:        0/    3447
OK: AOJ -> 4028328d86d233be01875064146e0581
Progress:        0/    3447
OK: PKE -> 4028328d950b608601957f5029384bc8
Progress:        0/    3447
OK: KHT -> 4028328d8588f3010185a5ed3a826cda
Progress:        0/    3447
OK: KHF -> 4028328d949955a90194e09f41f53de5
Progress:        0/    3447
OK: KST -> 4028328d8b2fcee7018bfc4fcc372140
Progress:        0/    3447
OK: KLS -> 4028328d8e21d0eb018ec1f2fb3a09ee
Progress:        0/    3447
OK: KKL -> 4028328d8e21d0eb018ec1f32c330a0b
Progress:        0/    3447
OK: PRU -> 4028328d86d233be0186efe1d3fd715f
Progress:        0/    3447
OK: AEV -> 4028328d86d233be0187506436f7058d
Progress:        0/    3447
OK: SLS -> 4028328d950b608601957f4fe2044b92
Progress:        0/    3447
OK: BDE -> 4028328c998ee9d5019a2a09296b0337
Progress:        0/    3447
OK: BVR -> 4028328c998ee9d5019a2a0f1f910395
Progress:        0/    3447
OK: BSY -> 4028328c919f164a01920a5dc5500a44
Progress:        0/    3447
OK: GNE -> 4028328d86d233be018728448d4937f8
Progress:        0/    3447
OK: AS2 -> 4028328c86d231ff01879dd5dd107788
Progress:        0/    3447
OK: HVT -> 4028328c8288ba6a0182920026424e77
Progress:        0/    3447
OK: BGA -> 4028328d95959cc6019615d3b02b57f9
Progress:        0/    3447
OK: DRG -> 4028328c919f164a01920a5eaba40a51
Progress:        0/    3447
MISS: ELI
Progress:        0/    3447
OK: AB2 -> 4028328c93c3b40d0193f36292cd4da8
Progress:        0/    3447
MISS: LLI
Progress:        0/    3447
OK: LLU -> 4028328c8e21cef8018e5194205326cd
Progress:        0/    3447
OK: AZD -> 33E5FED7E8BB00EAE0530A4A622B2AEA
Progress:        0/    3447
OK: AZK -> 33E5FED7E8B300EAE0530A4A622B2AEA
Progress:        0/    3447
OK: AZA -> 33E5FED7EAFF00EAE0530A4A622B2AEA
Progress:        0/    3447
OK: AUG -> 33E5FED7E8B700EAE0530A4A622B2AEA
Progress:        0/    3447
OK: AZH -> 33E5FED7E8AF00EAE0530A4A622B2AEA
Progress:        0/    3447
OK: HFS -> 4028328c93c3b40d0193f3e2ac0358e3
Progress:        0/    3447
OK: AZL -> 33E5FED7E8A700EAE0530A4A622B2AEA
Progress:        0/    3447
OK: AZS -> 33E5FED7E8E300EAE0530A4A622B2AEA
Progress:        0/    3447
OK: AZY -> 33E5FED7EB0700EAE0530A4A622B2AEA
Progress:        0/    3447
OK: ALU -> 33E5FED7EC5300EAE0530A4A622B2AEA
Progress:        0/    3447
OK: AMZ -> 33E5FED7EF0300EAE0530A4A622B2AEA
Progress:        0/    3447
OK: AEZ -> 33E5FED7F16B00EAE0530A4A622B2AEA
Progress:        0/    3447
OK: ALZ -> 4028328d594ca01e01594f94f3681312
Progress:        0/    3447
OK: ACV -> 4028328d594ca01e01594f96c0311332
Progress:        0/    3447
OK: AEU -> 33E5FED7EEF700EAE0530A4A622B2AEA
Progress:        0/    3447
OK: AMG -> 33E5FED7EC4700EAE0530A4A622B2AEA
Progress:        0/    3447
OK: ALS -> 33E5FED7EC4300EAE0530A4A622B2AEA
Progress:        0/    3447
OK: AUA -> 33E5FED7EFFB00EAE0530A4A622B2AEA
Progress:        0/    3447
OK: AEN -> 33E5FED7EEF300EAE0530A4A622B2AEA
Progress:        0/    3447
OK: AMR -> 33E5FED7EECF00EAE0530A4A622B2AEA
Progress:        0/    3447
OK: ALR -> 33E5FED7EEBF00EAE0530A4A622B2AEA
Progress:        0/    3447
OK: AMY -> 33E5FED7EEC300EAE0530A4A622B2AEA
Progress:        0/    3447
OK: FYY -> 4028328d588b829c01594a6fe87e488f
Progress:        0/    3447
OK: FYU -> 4028328d588b829c01594a6db22e486e
Progress:        0/    3447
OK: AMF -> 33E5FED7EEFB00EAE0530A4A622B2AEA
Progress:        0/    3447
OK: KOE -> 4028328d5988e263015a5f90796d10f9
Progress:        0/    3447
MISS: ALI
Progress:        0/    3447
OK: ALJ -> 4028328c5c459c6f015cc46173d63988
Progress:        0/    3447
MISS: AIP
Progress:        0/    3447
MISS: AIE
Progress:        0/    3447
OK: ANJ -> 4028328c5c459c6f015cc45f041a396c
Progress:        0/    3447
OK: ANP -> 4028328c5c459c6f015cc46067d5397a
Progress:        0/    3447
OK: KOA -> 4028328c5fc60da801600cd1dd695d54
Progress:        0/    3447
OK: AFJ -> 4028328c5c459c6f015cc45de0f5395e
Progress:        0/    3447
OK: APG -> 33E5FED7EEEB00EAE0530A4A622B2AEA
Progress:        0/    3447
OK: AEC -> 33E5FED7EF6F00EAE0530A4A622B2AEA
Progress:        0/    3447
OK: AEP -> 33E5FED7EF7300EAE0530A4A622B2AEA
Progress:        0/    3447
OK: NZA -> 4028328c9b82727a019bb1ddfeac2a07
Progress:        0/    3447
OK: FOA -> 4028328c950ba8c701958e72c151404d
Progress:        0/    3447
OK: HSR -> 4028328d96289e8c019633b97d11148e
Progress:        0/    3447
OK: YZD -> 4028328c7bf4b5e4017d375e31720bb5
Progress:        0/    3447
OK: AHL -> 33E5FED7ED4B00EAE0530A4A622B2AEA
Progress:        0/    3447
OK: BGL -> 4028328d8305029e018317b909825cc1
Progress:        0/    3447
OK: AEA -> 33E5FED7ED6300EAE0530A4A622B2AEA
Progress:        0/    3447
OK: AH0 -> 33E5FED7EE6B00EAE0530A4A622B2AEA
Progress:        0/    3447
OK: AO1 -> 4028328c588b7b75015949f14c367d86
Progress:        0/    3447
OK: AO2 -> 4028328c588b7b75015949f26dc97d94
Progress:        0/    3447
OK: AH6 -> 33E5FED7EE5F00EAE0530A4A622B2AEA
Progress:        0/    3447
OK: AH3 -> 33E5FED7ED3F00EAE0530A4A622B2AEA
Progress:        0/    3447
OK: HS1 -> 33E5FED7EE7F00EAE0530A4A622B2AEA
Progress:        0/    3447
OK: AG2 -> 33E5FED7ED5300EAE0530A4A622B2AEA
Progress:        0/    3447
OK: AH9 -> 33E5FED7EE6700EAE0530A4A622B2AEA
Progress:        0/    3447
OK: GMF -> 4028328d96289e8c0196483099f8522e
Progress:        0/    3447
OK: AH5 -> 33E5FED7ED4700EAE0530A4A622B2AEA
Progress:        0/    3447
OK: AG3 -> 33E5FED7ED5700EAE0530A4A622B2AEA
Progress:        0/    3447
OK: AH1 -> 33E5FED7ED3700EAE0530A4A622B2AEA
Progress:        0/    3447
OK: AG1 -> 33E5FED7ED4F00EAE0530A4A622B2AEA
Progress:        0/    3447
OK: AHB -> 33E5FED7EE8300EAE0530A4A622B2AEA
Progress:        0/    3447
OK: AH4 -> 33E5FED7ED4300EAE0530A4A622B2AEA
Progress:        0/    3447
OK: ATE -> 33E5FED7ED5F00EAE0530A4A622B2AEA
Progress:        0/    3447
OK: KHL -> 4028328c9b82727a019c4236d2f8332e
Progress:        0/    3447
OK: AER -> 33E5FED7EE8700EAE0530A4A622B2AEA
Progress:        0/    3447
OK: AGE -> 33E5FED7EE6F00EAE0530A4A622B2AEA
Progress:        0/    3447
OK: AET -> 33E5FED7ED6700EAE0530A4A622B2AEA
Progress:        0/    3447
OK: KRU -> 4028328c9b82727a019c42369d113323
Progress:        0/    3447
OK: MDD -> 4028328d8e21d0ec018e8a1de4f350c0
Progress:        0/    3447
OK: MDK -> 4028328c93c3b40d0193f883227009bf
Progress:        0/    3447
OK: AJA -> 4028328c5c459c6d015cc5090e575148
Progress:        0/    3447
OK: AJG -> 4028328c5c459c6d015cc50ae9b35164
Progress:        0/    3447
OK: AJB -> 4028328c5c459c6d015cc507ed035139
Progress:        0/    3447
OK: AJH -> 4028328c5c459c6d015cc509f5875156
Progress:        0/    3447
OK: AJC -> 4028328c5c459c6d015cc50702b35126
Progress:        0/    3447
OK: AFP -> 4028328d5fc61027016072aa5aa07e8d
Progress:        0/    3447
OK: AFH -> 4028328d5fc61027016072a954797e68
Progress:        0/    3447
OK: AJF -> 4028328c5c459c6d015cc505dcc95118
Progress:        0/    3447
OK: AHC -> 33E5FED7EE7700EAE0530A4A622B2AEA
Progress:        0/    3447
OK: AH2 -> 33E5FED7ED3B00EAE0530A4A622B2AEA
Progress:        0/    3447
OK: ABE -> 33E5FED7EE7300EAE0530A4A622B2AEA
Progress:        0/    3447
OK: ATK -> 33E5FED7ED5B00EAE0530A4A622B2AEA
Progress:        0/    3447
OK: BHS -> 4028328c794d2f880179d2539e37112b
Progress:        0/    3447
OK: TVG -> 4028328c8f3f759b018fab15ce6362aa
Progress:        0/    3447
OK: BHT -> 4028328c794d2f880179d2547c991150
Progress:        0/    3447
OK: BNO -> 4028328d8271f5d601827cab350d289d
Progress:        0/    3447
OK: AH8 -> 33E5FED7EE6300EAE0530A4A622B2AEA
Progress:        0/    3447
OK: AG4 -> 33E5FED7EE7B00EAE0530A4A622B2AEA
Progress:        0/    3447
OK: AY2 -> 4028328d998eebe8019aa57fff7f4e98
Progress:        0/    3447
OK: AQZ -> 4028328c9b82727a019c23adfcb7208a
Progress:        0/    3447
OK: AY1 -> 4028328d992f6f66019952e6265c1553
Progress:        0/    3447
MISS: BII
Progress:        0/    3447
OK: NGK -> 4028328d998eebe80199947e25660845
Progress:        0/    3447
OK: TGU -> 4028328c9aaa2bf9019ac0947f4173b6
Progress:        0/    3447
OK: NGC -> 4028328d998eebe80199947e5bfb0860
Progress:        0/    3447
OK: GYU -> 4028328d950b608701951d162ac0721f
Progress:        0/    3447
OK: ERS -> 4028328c7850aacc0178b1b4a3c7390a
Progress:        0/    3447
OK: RBG -> 4028328c8f3f759b018f712031dd0dc7
Progress:        0/    3447
OK: RGB -> 4028328c976d29880197d53dcb44260d
Progress:        0/    3447
OK: QZX -> 4028328c998ee9d50199a41cfa560cd1
Progress:        0/    3447
OK: DGG -> 4028328d95959cc60195d6b912495bbc
Progress:        0/    3447
OK: RYZ -> 4028328c8b2fcee7018bfb668da2633c
Progress:        0/    3447
OK: NG6 -> 4028328d7afb2dbc017b585ae1ea360f
Progress:        0/    3447
OK: EBG -> 4028328c7850aacc0178b1b5b6c9391d
Progress:        0/    3447
OK: QWZ -> 4028328c998ee9d50199a41d35d40ce7
Progress:        0/    3447
OK: QXZ -> 4028328c998ee9d50199a41db0460d19
Progress:        0/    3447
OK: QXX -> 4028328c998ee9d50199a41dfce50d99
Progress:        0/    3447
OK: SGG -> 4028328d95959cc60195d6b942395bed
Progress:        0/    3447
OK: RBU -> 4028328c8df5d097018e1e8b1940644e
Progress:        0/    3447
OK: YGG -> 4028328d950b608701951d15ef2b7211
Progress:        0/    3447
OK: BYF -> 4028328d86d233be01880ab783c82791
Progress:        0/    3447
OK: AR6 -> 4028328d7a4e446d017a8609720402f9
Progress:        0/    3447
OK: AZ7 -> 4028328d71bc3c640172eb8e89a424aa
Progress:        0/    3447
OK: AR1 -> 4028328d794d3bd70179a8be79211fe4
Progress:        0/    3447
MISS: AIV
Progress:        0/    3447
OK: BGU -> 4028328d969f295701969fb06d300780
Progress:        0/    3447
OK: ON3 -> 4028328d8b2fcee7018ced608b3d1369
Progress:        0/    3447
OK: AZ6 -> 4028328d6efb12d5016f6aa0a85f186b
Progress:        0/    3447
OK: AZ9 -> 4028328c7707357d01772473d3aa5a47
Progress:        0/    3447
OK: AZ4 -> 4028328d74f01f57017579c62cae4cb7
Progress:        0/    3447
OK: ZG6 -> 4028328d7bf4b81c017c313fa6fe38d7
Progress:        0/    3447
OK: ON6 -> 4028328c976d29880197d5a0fc012dc6
Progress:        0/    3447
OK: OBG -> 4028328d90f0004501910d38505b792a
Progress:        0/    3447
OK: RZ1 -> 4028328c9d4a029c019d62938b337abb
Progress:        0/    3447
OK: ON1 -> 4028328d8b2fcee7018caaec2d570f0c
Progress:        0/    3447
OK: AO9 -> 4028328c9aaa2bfa019ae90cfc4127a4
Progress:        0/    3447
OK: ON4 -> 4028328c9132faf00191463cb5564637
Progress:        0/    3447
OK: ON2 -> 4028328d8b2fcee7018caaf685ea106a
Progress:        0/    3447
OK: ONU -> 4028328d8e21d0ec018e8028d21677ba
Progress:        0/    3447
OK: ON0 -> 4028328d8b2fcee7018caaec5f520f19
Progress:        0/    3447
OK: ONA -> 4028328c9132faf00191463be5414620
Progress:        0/    3447
OK: AO7 -> 4028328c976d29880197d5a129062de2
Progress:        0/    3447
OK: AR9 -> 4028328c8b2fcee7018bd6df424b748e
Progress:        0/    3447
OK: ZG8 -> 4028328d86d233bf01876b0773414581
Progress:        0/    3447
OK: ARZSA -> 4028328d8b2fcee7018bccd67e475b51
Progress:        0/    3447
OK: ON8 -> 4028328c991da58501992e9d53f05472
Progress:        0/    3447
OK: AZ8 -> 4028328c767baf670176d25bd02d68db
Progress:        0/    3447
OK: ZG7 -> 4028328c8304fea80183410437e4370f
Progress:        0/    3447
OK: AZ5 -> 4028328d74f01f57017579c76f874cdc
Progress:        0/    3447
OK: AZ1 -> 4028328c64479334016548521bcd08f0
Progress:        0/    3447
OK: AZ2 -> 4028328c644793340165485344470934
Progress:        0/    3447
OK: AZ3 -> 4028328c6447933401654854ea5a099a
Progress:        0/    3447
OK: PCF -> 4028328d9cc9d32c019ce7898b297929
Progress:        0/    3447
OK: LRT -> 4028328c88c529ea01895411cd407686
Progress:        0/    3447
OK: PKF -> 4028328c86d231ff01872880638f6dc5
Progress:        0/    3447
OK: THV -> 4028328d7850aacb01785a211c67270e
Progress:        0/    3447
OK: YCL -> 4028328d7707357e017790787e177efe
Progress:        0/    3447
OK: AED -> 33E5FED7E73F00EAE0530A4A622B2AEA
Progress:        0/    3447
OK: BCG -> 4028328d906f407a019092779b1c3c72
Progress:        0/    3447
MISS: AI1
Progress:        0/    3447
OK: AAK -> 33E5FED7E72B00EAE0530A4A622B2AEA
Progress:        0/    3447
OK: AUT -> 33E5FED7E74B00EAE0530A4A622B2AEA
Progress:        0/    3447
OK: AP9 -> 4028328c998ee9d5019aa11d07311373
Progress:        0/    3447
OK: ANZ -> 33E5FED7F11B00EAE0530A4A622B2AEA
Progress:        0/    3447
OK: URA -> 4028328d930ceaec0193494ce7773906
Progress:        0/    3447
OK: AAS -> 33E5FED7E74300EAE0530A4A622B2AEA
Progress:        0/    3447
OK: NKJ -> 4028328d7b648589017bc490cc2f7565
Progress:        0/    3447
OK: JET -> 4028328d8e21d0ec018ef6b1012a047a
Progress:        0/    3447
OK: AAV -> 33E5FED7EE3700EAE0530A4A622B2AEA
Progress:        0/    3447
OK: RSF -> 4028328d7a4e446c017af799e5ca6840
Progress:        0/    3447
OK: AVC -> 33E5FED7F1BB00EAE0530A4A622B2AEA
Progress:        0/    3447
MISS: BIT
Progress:        0/    3447
OK: AYA -> 33E5FED7E73B00EAE0530A4A622B2AEA
Progress:        0/    3447
OK: TLZ -> 4028328c6ab78362016b08881b5034df
Progress:        0/    3447
OK: PKP -> 4028328c998ee9d5019aa11d4ca5138c
Progress:        0/    3447
OK: DGH -> 33E5FED7EE5B00EAE0530A4A622B2AEA
Progress:        0/    3447
OK: AAL -> 33E5FED7E36300EAE0530A4A622B2AEA
Progress:        0/    3447
OK: RTG -> 4028328d838f7dcd0183efe2b5ac5ed2
Progress:        0/    3447
OK: NKK -> 4028328d8029261a01806a1ca1437cf7
Progress:        0/    3447
OK: YLC -> 4028328c7da7e73c017eb0204cc11f50
Progress:        0/    3447
OK: LGO -> 4028328c8ae7be4e018b14e2bc327593
Progress:        0/    3447
OK: TAL -> 4028328c8b2fcee7018d1b8e942d7016
Progress:        0/    3447
OK: BSH -> 4028328d9373bab00193b5175041387d
Progress:        0/    3447
OK: AP5 -> 4028328d98455cf601987a3b475b7aa0
Progress:        0/    3447
OK: AP2 -> 4028328c8439974801846654c68a0bdf
Progress:        0/    3447
OK: BTZ -> 4028328c906f3e7b0190a09a920447e5
Progress:        0/    3447
MISS: AHI
Progress:        0/    3447
OK: BAC -> 4028328c8d6db292018dcb601bba2ee0
Progress:        0/    3447
OK: AHU -> 4028328d5d88e96c015dcc92d1a17257
Progress:        0/    3447
OK: AP4 -> 4028328d969f29540196b4c05be20811
Progress:        0/    3447
OK: ABG -> 4028328d8305029e01837f6087017ae8
Progress:        0/    3447
OK: PFS -> 4028328c86d231ff01878f08a2c975b3
Progress:        0/    3447
MISS: LAI
Progress:        0/    3447
OK: KHD -> 4028328d98455cf60198d1dae4421c9b
Progress:        0/    3447
OK: SSE -> 4028328c8ae7be4e018b14dfacb17548
Progress:        0/    3447
OK: BTJ -> 4028328d9373bab00193b51ade143894
Progress:        0/    3447
OK: KHJ -> 4028328c906f3e7c0190a08c8cae3118
Progress:        0/    3447
OK: KLH -> 4028328c906f3e7b0190a09abb3a4806
Progress:        0/    3447
OK: KVR -> 4028328d998eebe8019a72aa53402615
Progress:        0/    3447
OK: PSE -> 4028328c906f3e7b0190a09ae0c04812
Progress:        0/    3447
OK: PPT -> 4028328d8b2fcee7018c7d21f4145c9e
Progress:        0/    3447
OK: SNY -> 4028328d930ceaeb01934f2a76a2532c
Progress:        0/    3447
MISS: STI
Progress:        0/    3447
OK: AHN -> 4028328d552fd7b1015533e32aa50a56
Progress:        0/    3447
MISS: DFI
Progress:        0/    3447
OK: ZVB -> 4028328c745d11ca0174a080b8661281
Progress:        0/    3447
OK: GCD -> 4028328d7d3c303f017d5201e6be509a
Progress:        0/    3447
OK: UHS -> 4028328d95959cc60195d19230f95908
Progress:        0/    3447
OK: GLM -> 4028328c8304fea801836a750db27156
Progress:        0/    3447
OK: ZVE -> 4028328c7812c9c301781706a6212035
Progress:        0/    3447
OK: AT1 -> 4028328c976d29890197874e51bb5fbc
Progress:        0/    3447
OK: ATPAY -> 4028328c8b2fcee8018d5a76225d4dc3
Progress:        0/    3447
OK: BAK -> 4028328c969f29550196af885c5f5c28
Progress:        0/    3447
OK: BLM -> 4028328c949953a20194fa065f535203
Progress:        0/    3447
OK: BNE -> 4028328c9373b8ac01939aaca3a246ed
Progress:        0/    3447
OK: BN2 -> 4028328c96289c730196815e07c41b4e
Progress:        0/    3447
OK: BGM -> 4028328d98455cf701987efe2c933e15
Progress:        0/    3447
OK: ZVD -> 4028328d7707357f01773d88c4a63556
Progress:        0/    3447
OK: GTR -> 4028328c949953a20194fa0634a151f8
Progress:        0/    3447
OK: MEG -> 4028328c998ee9d7019a34d0a45d72cf
Progress:        0/    3447
OK: BRE -> 4028328d8e21d0ec018e7a5fcdb97ac5
Progress:        0/    3447
OK: GJS -> 4028328d794d3bd70179b35a4b336a9b
Progress:        0/    3447
OK: TSR -> 4028328c9af2405e019b27a711607484
Progress:        0/    3447
OK: BDC -> 4028328c7f7cb860017fb6add44029ac
Progress:        0/    3447
MISS: IYB
Progress:        0/    3447
OK: DLN -> 4028328d8f3f7793018fcee0c18c7821
Progress:        0/    3447
OK: ESP -> 4028328d887d12f801889b3f8f4e1e67
Progress:        0/    3447
OK: TLH -> 33E5FED7F09700EAE0530A4A622B2AEA
Progress:        0/    3447
OK: TPV -> 33E5FED7F19300EAE0530A4A622B2AEA
Progress:        0/    3447
OK: JUP -> 4028328d8f3f7793018f7244dd8118d9
Progress:        0/    3447
OK: MTL -> 4028328d8e21d0ec018ee6a1b8344ea3
Progress:        0/    3447
OK: PRH -> 4028328c919f164b0191fb49035c1cb4
Progress:        0/    3447
OK: TLE -> 33E5FED7F15300EAE0530A4A622B2AEA
Progress:        0/    3447
OK: BZG -> 4028328c794d2f890179eaaf889b48c1
Progress:        0/    3447
OK: KUE -> 4028328d7b64858a017beed5f9497c03
Progress:        0/    3447
OK: SBG -> 4028328d8305029e0183316dbafb05c4
Progress:        0/    3447
OK: HEA -> 33E5FED7EA0700EAE0530A4A622B2AEA
Progress:        0/    3447
OK: HEL -> 4028328c5988cc2e015992cba6525911
Progress:        0/    3447
OK: HEG -> 4028328c5988cc2e015992cd96ac5989
Progress:        0/    3447
OK: HEB -> 33E5FED7ED7B00EAE0530A4A622B2AEA
Progress:        0/    3447
OK: RZN -> 4028328d801ee8ef0180282031413814
Progress:        0/    3447
OK: HES -> 33E5FED7ED7F00EAE0530A4A622B2AEA
Progress:        0/    3447
OK: HED -> 33E5FED7ED8700EAE0530A4A622B2AEA
Progress:        0/    3447
OK: HEE -> 33E5FED7EA0F00EAE0530A4A622B2AEA
Progress:        0/    3447
OK: HER -> 33E5FED7EA0B00EAE0530A4A622B2AEA
Progress:        0/    3447
OK: RZM -> 4028328d801ee8ef01802821811d3823
Progress:        0/    3447
OK: HET -> 33E5FED7ED8F00EAE0530A4A622B2AEA
Progress:        0/    3447
OK: AJR -> 4028328c5c459c6d015d2cc4ec3c601f
Progress:        0/    3447
OK: AJZ -> 4028328c5c459c6d015d2cc5d3a56092
Progress:        0/    3447
OK: AJP -> 4028328c5c459c6d015d2cc3cc0c5faa
Progress:        0/    3447
OK: AJY -> 4028328c5c459c6d015d2cc73f2f612b
Progress:        0/    3447
OK: AJV -> 4028328c5c459c6d015d2cc279a85f20
Progress:        0/    3447
MISS: HEI
Progress:        0/    3447
OK: HEC -> 4028328d5fc61027016045ea62f3729c
Progress:        0/    3447
OK: AJT -> 4028328c5c459c6d015d2cc18ba65ed0
Progress:        0/    3447
OK: HEP -> 33E5FED7ED8B00EAE0530A4A622B2AEA
Progress:        0/    3447
OK: HEK -> 33E5FED7ED8300EAE0530A4A622B2AEA
Progress:        0/    3447
OK: GSP -> 33E5FED7ECFF00EAE0530A4A622B2AEA
Progress:        0/    3447
OK: PAC -> 4028328d86d233be0187be08c2ba699f
Progress:        0/    3447
OK: DTP -> 4028328c90effe4c01910e57d1ce4e65
Progress:        0/    3447
OK: PUA -> 4028328d7a4e446c017aa4dfb6203ed5
Progress:        0/    3447
OK: THS -> 4028328d84686d1201850b9478e142da
Progress:        0/    3447
OK: GP1 -> 4028328c84686b400184e26cdad75ee7
Progress:        0/    3447
OK: SFS -> 4028328d98455cf70198ada8d7c720bd
Progress:        0/    3447
OK: PPF -> 4028328c6efb1007016f1ea2eb2d012a
Progress:        0/    3447
MISS: RKL
Progress:        0/    3447
MISS: KMF
Progress:        0/    3447
MISS: UHL
Progress:        0/    3447
MISS: FYZ
Progress:        0/    3447
MISS: SRA
Progress:        0/    3447
MISS: AHZ
Progress:        0/    3447
MISS: VFS
Progress:        0/    3447
MISS: NTB
Progress:        0/    3447
MISS: BFT
Progress:        0/    3447
MISS: BAO
Progress:        0/    3447
MISS: SPD
Progress:        0/    3447
MISS: BGH
Progress:        0/    3447
MISS: BIY
Progress:        0/    3447
MISS: BLG
Progress:        0/    3447
MISS: GTF
Progress:        0/    3447
MISS: RCV
Progress:        0/    3447
MISS: GMA
Progress:        0/    3447
MISS: HJA
Progress:        0/    3447
MISS: BKO
Progress:        0/    3447
MISS: BHO
Progress:        0/    3447
MISS: AZV
Progress:        0/    3447
MISS: PBS
Progress:        0/    3447
MISS: BUT
Progress:        0/    3447
MISS: BUP
Progress:        0/    3447
MISS: HUI
Progress:        0/    3447
MISS: TRN
Progress:        0/    3447
MISS: AII
Progress:        0/    3447
MISS: ATJ
Progress:        0/    3447
MISS: AHV
Progress:        0/    3447
MISS: DZP
Progress:        0/    3447
MISS: AHH
Progress:        0/    3447
MISS: HIZ
Progress:        0/    3447
MISS: DFO
Progress:        0/    3447
MISS: FDV
Progress:        0/    3447
MISS: VCG
Progress:        0/    3447
MISS: FYB
Progress:        0/    3447
MISS: UFH
Progress:        0/    3447
MISS: GBZ
Progress:        0/    3447
MISS: EHS
Progress:        0/    3447
MISS: IJF
Progress:        0/    3447
MISS: AIR
Progress:        0/    3447
MISS: FNE
Progress:        0/    3447
MISS: FRZ
Progress:        0/    3447
MISS: GMO
Progress:        0/    3447
MISS: GSL
Progress:        0/    3447
MISS: BVT
Progress:        0/    3447
MISS: GSG
Progress:        0/    3447
MISS: CBO
Progress:        0/    3447
MISS: HPJ
Progress:        0/    3447
MISS: NOV
Progress:        0/    3447
MISS: PRF
Progress:        0/    3447
MISS: OMG
Progress:        0/    3447
MISS: LGK
Progress:        0/    3447
MISS: KSK
Progress:        0/    3447
MISS: KNI
Progress:        0/    3447
MISS: VCD
Progress:        0/    3447
MISS: LZV
Progress:        0/    3447
MISS: EJG
Progress:        0/    3447
MISS: IZA
Progress:        0/    3447
MISS: IDI
Progress:        0/    3447
MISS: SPN
Progress:        0/    3447
MISS: HYP
Progress:        0/    3447
MISS: KTI
Progress:        0/    3447
MISS: KVS
Progress:        0/    3447
MISS: GLS
Progress:        0/    3447
MISS: SYF
Progress:        0/    3447
MISS: KOT
Progress:        0/    3447
MISS: KZO
Progress:        0/    3447
MISS: PTG
Progress:        0/    3447
MISS: PUZ
Progress:        0/    3447
MISS: FRA
Progress:        0/    3447
MISS: MTI
Progress:        0/    3447
MISS: MSK
Progress:        0/    3447
MISS: MCU
Progress:        0/    3447
MISS: NLD
Progress:        0/    3447
MISS: DOR
Progress:        0/    3447
MISS: ORI
Progress:        0/    3447
MISS: OTM
Progress:        0/    3447
MISS: FYG
Progress:        0/    3447
MISS: PPZ
Progress:        0/    3447
MISS: PGS
Progress:        0/    3447
MISS: PNR
Progress:        0/    3447
MISS: SAT
Progress:        0/    3447
MISS: PSS
Progress:        0/    3447
MISS: GNK
Progress:        0/    3447
MISS: SRE
Progress:        0/    3447
MISS: SRO
Progress:        0/    3447
MISS: SVS
Progress:        0/    3447
MISS: SYL
Progress:        0/    3447
MISS: TAZ
Progress:        0/    3447
MISS: TJL
Progress:        0/    3447
MISS: TEJ
Progress:        0/    3447
MISS: TMU
Progress:        0/    3447
MISS: TSP
Progress:        0/    3447
MISS: TKH
Progress:        0/    3447
MISS: USS
Progress:        0/    3447
MISS: USO
Progress:        0/    3447
MISS: FYM
Progress:        0/    3447
MISS: VTF
Progress:        0/    3447
MISS: GBC
Progress:        0/    3447
MISS: YPR
Progress:        0/    3447
MISS: PYF
Progress:        0/    3447
MISS: POV
Progress:        0/    3447
MISS: BRP
Progress:        0/    3447
MISS: ABW
Progress:        0/    3447
MISS: COS
Progress:        0/    3447
MISS: CVT
Progress:        0/    3447
MISS: CGS
Progress:        0/    3447
MISS: ZDR
Progress:        0/    3447
MISS: TTJ
Progress:        0/    3447
MISS: FBM
Progress:        0/    3447
MISS: FTR
Progress:        0/    3447
MISS: GRG
Progress:        0/    3447
MISS: IGJ
Progress:        0/    3447
MISS: ZFL
Progress:        0/    3447
MISS: ITY
Progress:        0/    3447
MISS: IUL
Progress:        0/    3447
MISS: THC
Progress:        0/    3447
MISS: ZGU
Progress:        0/    3447
MISS: ZPS
Progress:        0/    3447
MISS: TOP
Progress:        0/    3447
MISS: ZUC
Progress:        0/    3447
MISS: PYH
Progress:        0/    3447
MISS: PYL
Progress:        0/    3447
MISS: HMT
Progress:        0/    3447
MISS: BJD
Progress:        0/    3447
MISS: DOD
Progress:        0/    3447
MISS: HGT
Progress:        0/    3447
MISS: FDZ
Progress:        0/    3447
MISS: DVU
Progress:        0/    3447
MISS: IBJ
Progress:        0/    3447
MISS: THO
Progress:        0/    3447
MISS: IOT
Progress:        0/    3447
MISS: ZMT
Progress:        0/    3447
MISS: ZMU
Progress:        0/    3447
MISS: YDM
Progress:        0/    3447
MISS: SYR
Progress:        0/    3447
MISS: AY6
Progress:        0/    3447
MISS: AY7
Progress:        0/    3447
MISS: FYI
Progress:        0/    3447
MISS: SPE
Progress:        0/    3447
MISS: SPA
Progress:        0/    3447
MISS: GSE
Progress:        0/    3447
MISS: PSL
Progress:        0/    3447
MISS: PSG
Progress:        0/    3447
MISS: GBL
Progress:        0/    3447
MISS: GL1
Progress:        0/    3447
MISS: IBG
Progress:        0/    3447
MISS: IBR
Progress:        0/    3447
MISS: FYH
Progress:        0/    3447
MISS: AZJ
Progress:        0/    3447
MISS: AU1
Progress:        0/    3447
MISS: BHN
Progress:        0/    3447
MISS: BYZ
Progress:        0/    3447
MISS: CBD
Progress:        0/    3447
MISS: BSC
Progress:        0/    3447
MISS: CVL
Progress:        0/    3447
MISS: DGF
Progress:        0/    3447
MISS: DNF
Progress:        0/    3447
MISS: CAH
Progress:        0/    3447
MISS: CHY
Progress:        0/    3447
MISS: AJ1
Progress:        0/    3447
MISS: PAB
Progress:        0/    3447
MISS: P1A
Progress:        0/    3447
MISS: SEH
Progress:        0/    3447
MISS: DA1
Progress:        0/    3447
MISS: AGA
Progress:        0/    3447
MISS: TKV
Progress:        0/    3447
MISS: AGB
Progress:        0/    3447
MISS: AGG
Progress:        0/    3447
MISS: AGH
Progress:        0/    3447
MISS: AGT
Progress:        0/    3447
MISS: AGD
Progress:        0/    3447
MISS: BHK
Progress:        0/    3447
MISS: AGM
Progress:        0/    3447
MISS: BEO
Progress:        0/    3447
MISS: BEF
Progress:        0/    3447
MISS: BEI
Progress:        0/    3447
MISS: BNA
Progress:        0/    3447
MISS: BPU
Progress:        0/    3447
MISS: BPL
Progress:        0/    3447
MISS: BPF
Progress:        0/    3447
MISS: BPE
Progress:        0/    3447
MISS: BPH
Progress:        0/    3447
MISS: BPK
Progress:        0/    3447
MISS: BPC
Progress:        0/    3447
MISS: BNK
Progress:        0/    3447
MISS: BNB
Progress:        0/    3447
MISS: BNS
Progress:        0/    3447
MISS: PRS
Progress:        0/    3447
MISS: PRC
Progress:        0/    3447
MISS: BBD
Progress:        0/    3447
MISS: BPG
Progress:        0/    3447
MISS: BPI
Progress:        0/    3447
MISS: BPS
Progress:        0/    3447
MISS: BPJ
Progress:        0/    3447
MISS: BPN
Progress:        0/    3447
MISS: BPO
Progress:        0/    3447
MISS: BNZ
Progress:        0/    3447
MISS: BPR
Progress:        0/    3447
MISS: BNL
Progress:        0/    3447
MISS: BSR
Progress:        0/    3447
MISS: BZY
Progress:        0/    3447
MISS: BLA
Progress:        0/    3447
MISS: BLT
Progress:        0/    3447
MISS: BOS
Progress:        0/    3447
MISS: BRB
Progress:        0/    3447
MISS: BAG
Progress:        0/    3447
MISS: BBO
Progress:        0/    3447
MISS: BP5
Progress:        0/    3447
MISS: BOH
Progress:        0/    3447
MISS: BI5
Progress:        0/    3447
MISS: BUB
Progress:        0/    3447
MISS: BBN
Progress:        0/    3447
MISS: BPD
Progress:        0/    3447
MISS: BBS
Progress:        0/    3447
MISS: BCO
Progress:        0/    3447
MISS: BDO
Progress:        0/    3447
MISS: BFS
Progress:        0/    3447
MISS: BHA
Progress:        0/    3447
MISS: BIK
Progress:        0/    3447
MISS: BMU
Progress:        0/    3447
MISS: BPZ
Progress:        0/    3447
MISS: BSN
Progress:        0/    3447
MISS: BUC
Progress:        0/    3447
MISS: BVK
Progress:        0/    3447
MISS: BUV
Progress:        0/    3447
MISS: YLZ
Progress:        0/    3447
MISS: BG1
Progress:        0/    3447
MISS: BBR
Progress:        0/    3447
MISS: BP1
Progress:        0/    3447
MISS: BU2
Progress:        0/    3447
MISS: BU3
Progress:        0/    3447
MISS: BVD
Progress:        0/    3447
MISS: BVH
Progress:        0/    3447
MISS: BV1
Progress:        0/    3447
MISS: BIS
Progress:        0/    3447
MISS: HAR
Progress:        0/    3447
MISS: BVI
Progress:        0/    3447
MISS: BVZ
Progress:        0/    3447
MISS: MTD
Progress:        0/    3447
MISS: BHI
Progress:        0/    3447
MISS: BTE
Progress:        0/    3447
MISS: BVF
Progress:        0/    3447
MISS: RUT
Progress:        0/    3447
MISS: BSD
Progress:        0/    3447
MISS: SPR
Progress:        0/    3447
MISS: BVV
Progress:        0/    3447
MISS: BTK
Progress:        0/    3447
MISS: KYR
Progress:        0/    3447
MISS: BDG
Progress:        0/    3447
MISS: BVG
Progress:        0/    3447
MISS: BV2
Progress:        0/    3447
MISS: DGT
Progress:        0/    3447
MISS: FAR
Progress:        0/    3447
MISS: SOF
Progress:        0/    3447
MISS: JOY
Progress:        0/    3447
MISS: BKH
Progress:        0/    3447
MISS: BVS
Progress:        0/    3447
MISS: BSS
Progress:        0/    3447
MISS: BSG
Progress:        0/    3447
MISS: BYL
Progress:        0/    3447
MISS: DLZ
Progress:        0/    3447
MISS: DBA
Progress:        0/    3447
MISS: DNA
Progress:        0/    3447
MISS: DAE
Progress:        0/    3447
MISS: DAT
Progress:        0/    3447
MISS: DAI
Progress:        0/    3447
MISS: DDE
Progress:        0/    3447
MISS: DCE
Progress:        0/    3447
MISS: BLD
Progress:        0/    3447
MISS: DDA
Progress:        0/    3447
MISS: BFN
Progress:        0/    3447
MISS: DZM
Progress:        0/    3447
MISS: DBG
Progress:        0/    3447
MISS: DPT
Progress:        0/    3447
MISS: DTL
Progress:        0/    3447
MISS: DZE
Progress:        0/    3447
MISS: DBP
Progress:        0/    3447
MISS: BRF
Progress:        0/    3447
MISS: DHV
Progress:        0/    3447
MISS: DKL
Progress:        0/    3447
MISS: DVO
Progress:        0/    3447
MISS: BCK
Progress:        0/    3447
MISS: DBB
Progress:        0/    3447
MISS: DAC
Progress:        0/    3447
MISS: DHS
Progress:        0/    3447
MISS: THH
Progress:        0/    3447
MISS: DTV
Progress:        0/    3447
MISS: CGD
Progress:        0/    3447
MISS: VRK
Progress:        0/    3447
MISS: DDS
Progress:        0/    3447
MISS: DP1
Progress:        0/    3447
MISS: DP7
Progress:        0/    3447
MISS: DSP
Progress:        0/    3447
MISS: DDF
Progress:        0/    3447
MISS: DP3
Progress:        0/    3447
MISS: DVZ
Progress:        0/    3447
MISS: DPE
Progress:        0/    3447
MISS: TTZ
Progress:        0/    3447
MISS: DYN
Progress:        0/    3447
MISS: DFD
Progress:        0/    3447
MISS: EVM
Progress:        0/    3447
MISS: DHM
Progress:        0/    3447
MISS: DLG
Progress:        0/    3447
MISS: DBH
Progress:        0/    3447
MISS: DSG
Progress:        0/    3447
MISS: FMV
Progress:        0/    3447
MISS: DPC
Progress:        0/    3447
MISS: DP4
Progress:        0/    3447
MISS: DRS
Progress:        0/    3447
MISS: DMG
Progress:        0/    3447
MISS: DDC
Progress:        0/    3447
MISS: DVN
Progress:        0/    3447
MISS: DHT
Progress:        0/    3447
MISS: DAH
Progress:        0/    3447
MISS: DPP
Progress:        0/    3447
MISS: HVI
Progress:        0/    3447
MISS: DXP
Progress:        0/    3447
MISS: DID
Progress:        0/    3447
MISS: DIH
Progress:        0/    3447
MISS: DII
Progress:        0/    3447
MISS: DIP
Progress:        0/    3447
MISS: DL2
Progress:        0/    3447
MISS: DSD
Progress:        0/    3447
MISS: DKC
Progress:        0/    3447
MISS: DZ2
Progress:        0/    3447
MISS: DIM
Progress:        0/    3447
MISS: DNH
Progress:        0/    3447
MISS: DPI
Progress:        0/    3447
MISS: DP8
Progress:        0/    3447
MISS: DP6
Progress:        0/    3447
MISS: DKA
Progress:        0/    3447
MISS: DUT
Progress:        0/    3447
MISS: DNU
Progress:        0/    3447
MISS: DRD
Progress:        0/    3447
MISS: DTO
Progress:        0/    3447
MISS: DOC
Progress:        0/    3447
MISS: KRO
Progress:        0/    3447
MISS: DKY
Progress:        0/    3447
MISS: DK8
Progress:        0/    3447
MISS: DCV
Progress:        0/    3447
MISS: DYJ
Progress:        0/    3447
MISS: DP9
Progress:        0/    3447
MISS: DKH
Progress:        0/    3447
MISS: DBK
Progress:        0/    3447
MISS: DVS
Progress:        0/    3447
MISS: DPK
Progress:        0/    3447
MISS: DKS
Progress:        0/    3447
MISS: PLS
Progress:        0/    3447
MISS: DVC
Progress:        0/    3447
MISS: MLT
Progress:        0/    3447
MISS: DP5
Progress:        0/    3447
MISS: DVT
Progress:        0/    3447
MISS: MGD
Progress:        0/    3447
MISS: MSL
Progress:        0/    3447
MISS: MTG
Progress:        0/    3447
MISS: DNO
Progress:        0/    3447
MISS: DNL
Progress:        0/    3447
MISS: DPN
Progress:        0/    3447
MISS: NHT
Progress:        0/    3447
MISS: DPL
Progress:        0/    3447
MISS: DVI
Progress:        0/    3447
MISS: DOS
Progress:        0/    3447
MISS: POD
Progress:        0/    3447
MISS: DKR
Progress:        0/    3447
MISS: DAS
Progress:        0/    3447
MISS: DOV
Progress:        0/    3447
MISS: ORS
Progress:        0/    3447
MISS: DBZ
Progress:        0/    3447
MISS: DP2
Progress:        0/    3447
MISS: DNP
Progress:        0/    3447
MISS: DCB
Progress:        0/    3447
MISS: DLY
Progress:        0/    3447
MISS: PSH
Progress:        0/    3447
MISS: DHP
Progress:        0/    3447
MISS: PKH
Progress:        0/    3447
MISS: DPG
Progress:        0/    3447
MISS: DRT
Progress:        0/    3447
MISS: DSC
Progress:        0/    3447
MISS: SSK
Progress:        0/    3447
MISS: DYS
Progress:        0/    3447
MISS: DSR
Progress:        0/    3447
MISS: DPB
Progress:        0/    3447
MISS: DDP
Progress:        0/    3447
MISS: DCD
Progress:        0/    3447
MISS: DMV
Progress:        0/    3447
MISS: DAL
Progress:        0/    3447
MISS: DLD
Progress:        0/    3447
MISS: DFC
Progress:        0/    3447
MISS: EDT
Progress:        0/    3447
MISS: DHJ
Progress:        0/    3447
MISS: DTM
Progress:        0/    3447
MISS: SVY
Progress:        0/    3447
MISS: DAZ
Progress:        0/    3447
MISS: DUV
Progress:        0/    3447
MISS: DUD
Progress:        0/    3447
MISS: DUC
Progress:        0/    3447
MISS: DCN
Progress:        0/    3447
MISS: YOZ
Progress:        0/    3447
MISS: DPZ
Progress:        0/    3447
MISS: DGY
Progress:        0/    3447
MISS: DLT
Progress:        0/    3447
MISS: BES
Progress:        0/    3447
MISS: DFH
Progress:        0/    3447
MISS: DKG
Progress:        0/    3447
MISS: DVG
Progress:        0/    3447
MISS: DDO
Progress:        0/    3447
MISS: EUG
Progress:        0/    3447
MISS: DIG
Progress:        0/    3447
MISS: DIK
Progress:        0/    3447
MISS: DOT
Progress:        0/    3447
MISS: DTE
Progress:        0/    3447
MISS: DYD
Progress:        0/    3447
MISS: DZG
Progress:        0/    3447
MISS: DMZ
Progress:        0/    3447
MISS: DAV
Progress:        0/    3447
MISS: DSV
Progress:        0/    3447
MISS: SSN
Progress:        0/    3447
MISS: EBS
Progress:        0/    3447
MISS: DTH
Progress:        0/    3447
MISS: EBI
Progress:        0/    3447
MISS: EPI
Progress:        0/    3447
MISS: EPK
Progress:        0/    3447
MISS: MOZ
Progress:        0/    3447
MISS: EPA
Progress:        0/    3447
MISS: EPP
Progress:        0/    3447
MISS: EPT
Progress:        0/    3447
MISS: SUR
Progress:        0/    3447
MISS: TVE
Progress:        0/    3447
MISS: FIB
Progress:        0/    3447
MISS: FZJ
Progress:        0/    3447
MISS: FSG
Progress:        0/    3447
MISS: FBI
Progress:        0/    3447
MISS: FVL
Progress:        0/    3447
MISS: FJB
Progress:        0/    3447
MISS: FIT
Progress:        0/    3447
MISS: FID
Progress:        0/    3447
MISS: FPE
Progress:        0/    3447
MISS: FJZ
Progress:        0/    3447
MISS: FSH
Progress:        0/    3447
MISS: FPG
Progress:        0/    3447
MISS: FPH
Progress:        0/    3447
MISS: FSR
Progress:        0/    3447
MISS: FCS
Progress:        0/    3447
MISS: FPK
Progress:        0/    3447
MISS: FJN
Progress:        0/    3447
MISS: FJM
Progress:        0/    3447
MISS: FJC
Progress:        0/    3447
MISS: MDF
Progress:        0/    3447
MISS: FHP
Progress:        0/    3447
MISS: FSF
Progress:        0/    3447
MISS: FIL
Progress:        0/    3447
MISS: FBN
Progress:        0/    3447
MISS: FZP
Progress:        0/    3447
MISS: SKT
Progress:        0/    3447
MISS: FBZ
Progress:        0/    3447
MISS: FTM
Progress:        0/    3447
MISS: FFD
Progress:        0/    3447
MISS: FUN
Progress:        0/    3447
MISS: FCB
Progress:        0/    3447
MISS: FBG
Progress:        0/    3447
MISS: FDC
Progress:        0/    3447
MISS: FPJ
Progress:        0/    3447
MISS: FOD
Progress:        0/    3447
MISS: FUG
Progress:        0/    3447
MISS: FAK
Progress:        0/    3447
MISS: FDG
Progress:        0/    3447
MISS: FRC
Progress:        0/    3447
MISS: FPI
Progress:        0/    3447
MISS: FMB
Progress:        0/    3447
MISS: FDN
Progress:        0/    3447
MISS: FHI
Progress:        0/    3447
MISS: FSP
Progress:        0/    3447
MISS: FN6
Progress:        0/    3447
MISS: FG6
Progress:        0/    3447
MISS: FG5
Progress:        0/    3447
MISS: FNR
Progress:        0/    3447
MISS: FNG
Progress:        0/    3447
MISS: FXW
Progress:        0/    3447
MISS: FDR
Progress:        0/    3447
MISS: FDS
Progress:        0/    3447
MISS: FLG
Progress:        0/    3447
MISS: FGR
Progress:        0/    3447
MISS: FNI
Progress:        0/    3447
MISS: FNF
Progress:        0/    3447
MISS: FG2
Progress:        0/    3447
MISS: FXQ
Progress:        0/    3447
MISS: FXX
Progress:        0/    3447
MISS: FCN
Progress:        0/    3447
MISS: FUI
Progress:        0/    3447
MISS: FG3
Progress:        0/    3447
MISS: FG7
Progress:        0/    3447
MISS: FTPGS
Progress:        0/    3447
MISS: FT1
Progress:        0/    3447
MISS: YSZ
Progress:        0/    3447
MISS: FT2
Progress:        0/    3447
MISS: FTI
Progress:        0/    3447
MISS: NUZ
Progress:        0/    3447
MISS: FTT
Progress:        0/    3447
MISS: GHA
Progress:        0/    3447
MISS: GCV
Progress:        0/    3447
MISS: GDV
Progress:        0/    3447
MISS: GCT
Progress:        0/    3447
MISS: GEK
Progress:        0/    3447
MISS: GHF
Progress:        0/    3447
MISS: GEU
Progress:        0/    3447
MISS: GHT
Progress:        0/    3447
MISS: GHG
Progress:        0/    3447
MISS: GHK
Progress:        0/    3447
MISS: GHE
Progress:        0/    3447
MISS: GEF
Progress:        0/    3447
MISS: GGJ
Progress:        0/    3447
MISS: GEH
Progress:        0/    3447
MISS: GEG
Progress:        0/    3447
MISS: GCY
Progress:        0/    3447
MISS: GEA
Progress:        0/    3447
MISS: GHL
Progress:        0/    3447
MISS: GES
Progress:        0/    3447
MISS: GHI
Progress:        0/    3447
MISS: GKB
Progress:        0/    3447
MISS: GHJ
Progress:        0/    3447
MISS: GHU
Progress:        0/    3447
MISS: GHN
Progress:        0/    3447
MISS: GHV
Progress:        0/    3447
MISS: GHM
Progress:        0/    3447
MISS: GHY
Progress:        0/    3447
MISS: GCK
Progress:        0/    3447
MISS: GCS
Progress:        0/    3447
MISS: GHP
Progress:        0/    3447
MISS: GHZ
Progress:        0/    3447
MISS: GEL
Progress:        0/    3447
MISS: GHD
Progress:        0/    3447
MISS: GHH
Progress:        0/    3447
MISS: GED
Progress:        0/    3447
MISS: GHO
Progress:        0/    3447
MISS: GCN
Progress:        0/    3447
MISS: GJO
Progress:        0/    3447
MISS: GVB
Progress:        0/    3447
MISS: GVZ
Progress:        0/    3447
MISS: TGA
Progress:        0/    3447
MISS: GTA
Progress:        0/    3447
MISS: GOL
Progress:        0/    3447
MISS: GGP
Progress:        0/    3447
MISS: GGN
Progress:        0/    3447
MISS: GFD
Progress:        0/    3447
MISS: GBJ
Progress:        0/    3447
MISS: GJF
Progress:        0/    3447
MISS: GBN
Progress:        0/    3447
MISS: GOH
Progress:        0/    3447
MISS: GUA
Progress:        0/    3447
MISS: GPB
Progress:        0/    3447
MISS: GZP
Progress:        0/    3447
MISS: GBH
Progress:        0/    3447
MISS: GTL
Progress:        0/    3447
MISS: GPL
Progress:        0/    3447
MISS: GAE
Progress:        0/    3447
MISS: GBV
Progress:        0/    3447
MISS: GA1
Progress:        0/    3447
MISS: GPF
Progress:        0/    3447
MISS: GFN
Progress:        0/    3447
MISS: GDP
Progress:        0/    3447
MISS: GDJ
Progress:        0/    3447
MISS: GJE
Progress:        0/    3447
MISS: GSR
Progress:        0/    3447
MISS: GZU
Progress:        0/    3447
MISS: HAG
Progress:        0/    3447
MISS: EGP
Progress:        0/    3447
MISS: GVA
Progress:        0/    3447
MISS: GZE
Progress:        0/    3447
MISS: GNS
Progress:        0/    3447
MISS: GVC
Progress:        0/    3447
MISS: GEZ
Progress:        0/    3447
MISS: GZV
Progress:        0/    3447
MISS: GPA
Progress:        0/    3447
MISS: GZZ
Progress:        0/    3447
MISS: GIE
Progress:        0/    3447
MISS: GMP
Progress:        0/    3447
MISS: GGM
Progress:        0/    3447
MISS: GTN
Progress:        0/    3447
MISS: GTZ
Progress:        0/    3447
MISS: GUK
Progress:        0/    3447
MISS: GFO
Progress:        0/    3447
MISS: GYN
Progress:        0/    3447
MISS: GHS
Progress:        0/    3447
MISS: GCA
Progress:        0/    3447
MISS: HIH
Progress:        0/    3447
MISS: IMG
Progress:        0/    3447
MISS: INH
Progress:        0/    3447
MISS: GTH
Progress:        0/    3447
MISS: GPI
Progress:        0/    3447
MISS: GZJ
Progress:        0/    3447
MISS: PIP
Progress:        0/    3447
MISS: GAL
Progress:        0/    3447
MISS: GPC
Progress:        0/    3447
MISS: EUN
Progress:        0/    3447
MISS: GID
Progress:        0/    3447
MISS: GTK
Progress:        0/    3447
MISS: GKE
Progress:        0/    3447
MISS: GKM
Progress:        0/    3447
MISS: GKG
Progress:        0/    3447
MISS: GMM
Progress:        0/    3447
MISS: GKO
Progress:        0/    3447
MISS: GSU
Progress:        0/    3447
MISS: GVD
Progress:        0/    3447
MISS: GCI
Progress:        0/    3447
MISS: GKV
Progress:        0/    3447
MISS: KDT
Progress:        0/    3447
MISS: TGT
Progress:        0/    3447
MISS: MET
Progress:        0/    3447
MISS: GFB
Progress:        0/    3447
MISS: GFL
Progress:        0/    3447
MISS: GPM
Progress:        0/    3447
MISS: GAH
Progress:        0/    3447
MISS: MUT
Progress:        0/    3447
MISS: GNP
Progress:        0/    3447
MISS: GMV
Progress:        0/    3447
MISS: GFY
Progress:        0/    3447
MISS: GKK
Progress:        0/    3447
MISS: GGR
Progress:        0/    3447
MISS: GPH
Progress:        0/    3447
MISS: GZD
Progress:        0/    3447
MISS: GJA
Progress:        0/    3447
MISS: GJD
Progress:        0/    3447
MISS: OSO
Progress:        0/    3447
MISS: GOF
Progress:        0/    3447
MISS: GRO
Progress:        0/    3447
MISS: GZB
Progress:        0/    3447
MISS: GSO
Progress:        0/    3447
MISS: GUB
Progress:        0/    3447
MISS: GZO
Progress:        0/    3447
MISS: GKH
Progress:        0/    3447
MISS: GPN
Progress:        0/    3447
MISS: GJH
Progress:        0/    3447
MISS: GPJ
Progress:        0/    3447
MISS: GLP
Progress:        0/    3447
MISS: GZG
Progress:        0/    3447
MISS: GGD
Progress:        0/    3447
MISS: EUZ
Progress:        0/    3447
MISS: PAU
Progress:        0/    3447
MISS: SGT
Progress:        0/    3447
MISS: GEC
Progress:        0/    3447
MISS: GZR
Progress:        0/    3447
MISS: GFE
Progress:        0/    3447
MISS: GZL
Progress:        0/    3447
MISS: GRT
Progress:        0/    3447
MISS: GYR
Progress:        0/    3447
MISS: GYG
Progress:        0/    3447
MISS: GTM
Progress:        0/    3447
MISS: GZH
Progress:        0/    3447
MISS: GTY
Progress:        0/    3447
MISS: GZY
Progress:        0/    3447
MISS: GNL
Progress:        0/    3447
MISS: GUV
Progress:        0/    3447
MISS: GPU
Progress:        0/    3447
MISS: GVI
Progress:        0/    3447
MISS: GPZ
Progress:        0/    3447
MISS: GUC
Progress:        0/    3447
MISS: GAS
Progress:        0/    3447
MISS: GP3
Progress:        0/    3447
MISS: GUH
Progress:        0/    3447
MISS: YIT
Progress:        0/    3447
MISS: GGA
Progress:        0/    3447
MISS: GKL
Progress:        0/    3447
MISS: GBP
Progress:        0/    3447
MISS: GYC
Progress:        0/    3447
MISS: GAC
Progress:        0/    3447
MISS: GAV
Progress:        0/    3447
MISS: GAU
Progress:        0/    3447
MISS: GCC
Progress:        0/    3447
MISS: GAJ
Progress:        0/    3447
MISS: GFI
Progress:        0/    3447
MISS: GCZ
Progress:        0/    3447
MISS: GVL
Progress:        0/    3447
MISS: UCE
Progress:        0/    3447
MISS: GJM
Progress:        0/    3447
MISS: GNH
Progress:        0/    3447
MISS: BSM
Progress:        0/    3447
MISS: ECA
Progress:        0/    3447
MISS: GMD
Progress:        0/    3447
MISS: EC2
Progress:        0/    3447
MISS: GMN
Progress:        0/    3447
MISS: BA1
Progress:        0/    3447
MISS: GZN
Progress:        0/    3447
MISS: GZM
Progress:        0/    3447
MISS: EBD
Progress:        0/    3447
MISS: GKF
Progress:        0/    3447
MISS: ECV
Progress:        0/    3447
MISS: GLV
Progress:        0/    3447
MISS: NLL
Progress:        0/    3447
MISS: ECB
Progress:        0/    3447
MISS: GCE
Progress:        0/    3447
MISS: GBR
Progress:        0/    3447
MISS: GOK
Progress:        0/    3447
MISS: GOP
Progress:        0/    3447
MISS: OLG
Progress:        0/    3447
MISS: GLI
Progress:        0/    3447
MISS: OLP
Progress:        0/    3447
MISS: GNG
Progress:        0/    3447
MISS: GLU
Progress:        0/    3447
MISS: HVG
Progress:        0/    3447
MISS: HG1
Progress:        0/    3447
MISS: HGG
Progress:        0/    3447
MISS: HV2
Progress:        0/    3447
MISS: GG2
Progress:        0/    3447
MISS: HG2
Progress:        0/    3447
MISS: HVY
Progress:        0/    3447
MISS: HBM
Progress:        0/    3447
MISS: HBI
Progress:        0/    3447
MISS: HBJ
Progress:        0/    3447
MISS: HOP
Progress:        0/    3447
MISS: EIK
Progress:        0/    3447
MISS: FET
Progress:        0/    3447
MISS: GRA
Progress:        0/    3447
MISS: EIE
Progress:        0/    3447
MISS: FEA
Progress:        0/    3447
MISS: FIE
Progress:        0/    3447
MISS: FIY
Progress:        0/    3447
MISS: EIG
Progress:        0/    3447
MISS: BGK
Progress:        0/    3447
MISS: FER
Progress:        0/    3447
MISS: BEE
Progress:        0/    3447
MISS: BGE
Progress:        0/    3447
MISS: FVI
Progress:        0/    3447
MISS: BEK
Progress:        0/    3447
MISS: FIK
Progress:        0/    3447
MISS: BEH
Progress:        0/    3447
MISS: BBH
Progress:        0/    3447
MISS: FFZ
Progress:        0/    3447
MISS: FIF
Progress:        0/    3447
MISS: FEO
Progress:        0/    3447
MISS: BKB
Progress:        0/    3447
MISS: FIM
Progress:        0/    3447
MISS: FII
Progress:        0/    3447
MISS: FIS
Progress:        0/    3447
MISS: FEI
Progress:        0/    3447
MISS: KMP
Progress:        0/    3447
MISS: FIC
Progress:        0/    3447
MISS: FIU
Progress:        0/    3447
MISS: FIH
Progress:        0/    3447
MISS: FIV
Progress:        0/    3447
MISS: FIG
Progress:        0/    3447
MISS: FIZ
Progress:        0/    3447
MISS: FGF
Progress:        0/    3447
MISS: FIR
Progress:        0/    3447
MISS: EHG
Progress:        0/    3447
MISS: EIH
Progress:        0/    3447
MISS: EIF
Progress:        0/    3447
MISS: EST
Progress:        0/    3447
MISS: FJG
Progress:        0/    3447
MISS: SSH
Progress:        0/    3447
MISS: FEN
Progress:        0/    3447
MISS: FEF
Progress:        0/    3447
MISS: FFC
Progress:        0/    3447
MISS: FES
Progress:        0/    3447
MISS: HMV
Progress:        0/    3447
MISS: HLR
Progress:        0/    3447
MISS: HRS
Progress:        0/    3447
MISS: HYK
Progress:        0/    3447
MISS: HEH
Progress:        0/    3447
MISS: HGR
Progress:        0/    3447
MISS: HAM
Progress:        0/    3447
MISS: HDJ
Progress:        0/    3447
MISS: HCV
Progress:        0/    3447
MISS: HAA
Progress:        0/    3447
MISS: HAT
Progress:        0/    3447
MISS: HKM
Progress:        0/    3447
MISS: HNJ
Progress:        0/    3447
MISS: HVK
Progress:        0/    3447
MISS: HCF
Progress:        0/    3447
MISS: HJB
Progress:        0/    3447
MISS: NNF
Progress:        0/    3447
MISS: HGV
Progress:        0/    3447
MISS: HPL
Progress:        0/    3447
MISS: HDC
Progress:        0/    3447
MISS: HDL
Progress:        0/    3447
MISS: HDH
Progress:        0/    3447
MISS: HBV
Progress:        0/    3447
MISS: HDA
Progress:        0/    3447
MISS: HVA
Progress:        0/    3447
MISS: HMK
Progress:        0/    3447
MISS: HMC
Progress:        0/    3447
MISS: HOT
Progress:        0/    3447
MISS: HGH
Progress:        0/    3447
MISS: HGJ
Progress:        0/    3447
MISS: HPI
Progress:        0/    3447
MISS: HMR
Progress:        0/    3447
MISS: HID
Progress:        0/    3447
MISS: HGM
Progress:        0/    3447
MISS: HIS
Progress:        0/    3447
MISS: HFI
Progress:        0/    3447
MISS: HIM
Progress:        0/    3447
MISS: HPP
Progress:        0/    3447
MISS: HIF
Progress:        0/    3447
MISS: HIA
Progress:        0/    3447
MISS: HTM
Progress:        0/    3447
MISS: HKP
Progress:        0/    3447
MISS: HKH
Progress:        0/    3447
MISS: KVK
Progress:        0/    3447
MISS: HML
Progress:        0/    3447
MISS: KSA
Progress:        0/    3447
MISS: HPF
Progress:        0/    3447
MISS: HP3
Progress:        0/    3447
MISS: LTS
Progress:        0/    3447
MISS: HIL
Progress:        0/    3447
MISS: FNT
Progress:        0/    3447
MISS: HVN
Progress:        0/    3447
MISS: NFK
Progress:        0/    3447
MISS: HPH
Progress:        0/    3447
MISS: HKJ
Progress:        0/    3447
MISS: HYV
Progress:        0/    3447
MISS: HTI
Progress:        0/    3447
MISS: HVL
Progress:        0/    3447
MISS: HVB
Progress:        0/    3447
MISS: HRT
Progress:        0/    3447
MISS: HVC
Progress:        0/    3447
MISS: SOS
Progress:        0/    3447
MISS: HDS
Progress:        0/    3447
MISS: HTR
Progress:        0/    3447
MISS: HTJ
Progress:        0/    3447
MISS: HTD
Progress:        0/    3447
MISS: HTE
Progress:        0/    3447
MISS: TRZ
Progress:        0/    3447
MISS: HTZ
Progress:        0/    3447
MISS: DUH
Progress:        0/    3447
MISS: HUS
Progress:        0/    3447
MISS: HNC
Progress:        0/    3447
MISS: HDK
Progress:        0/    3447
MISS: HVE
Progress:        0/    3447
MISS: HLN
Progress:        0/    3447
MISS: HPART
Progress:        0/    3447
MISS: HP5
Progress:        0/    3447
MISS: HBG
Progress:        0/    3447
MISS: HP1
Progress:        0/    3447
MISS: HRE
Progress:        0/    3447
MISS: HPN
Progress:        0/    3447
MISS: CLI
Progress:        0/    3447
MISS: HNG
Progress:        0/    3447
MISS: HDG
Progress:        0/    3447
MISS: HXW
Progress:        0/    3447
MISS: HMP
Progress:        0/    3447
MISS: HEY
Progress:        0/    3447
MISS: HRJ
Progress:        0/    3447
MISS: HFD
Progress:        0/    3447
MISS: HFG
Progress:        0/    3447
MISS: HFN
Progress:        0/    3447
MISS: HFT
Progress:        0/    3447
MISS: OFG
Progress:        0/    3447
MISS: HGE
Progress:        0/    3447
MISS: HGL
Progress:        0/    3447
MISS: HP2
Progress:        0/    3447
MISS: HP4
Progress:        0/    3447
MISS: HIK
Progress:        0/    3447
MISS: HAN
Progress:        0/    3447
MISS: HQX
Progress:        0/    3447
MISS: HPM
Progress:        0/    3447
MISS: HXQ
Progress:        0/    3447
MISS: HMD
Progress:        0/    3447
MISS: HXX
Progress:        0/    3447
MISS: HTPSB
Progress:        0/    3447
MISS: WXQ
Progress:        0/    3447
MISS: HEO
Progress:        0/    3447
MISS: HDU
Progress:        0/    3447
MISS: HPG
Progress:        0/    3447
MISS: HYL
Progress:        0/    3447
MISS: HMA
Progress:        0/    3447
MISS: HYG
Progress:        0/    3447
MISS: IVM
Progress:        0/    3447
MISS: SOL
Progress:        0/    3447
MISS: HPZ
Progress:        0/    3447
MISS: HFA
Progress:        0/    3447
MISS: HBF
Progress:        0/    3447
MISS: HTS
Progress:        0/    3447
MISS: HDE
Progress:        0/    3447
MISS: HBU
Progress:        0/    3447
MISS: HBN
Progress:        0/    3447
MISS: HST
Progress:        0/    3447
MISS: HPO
Progress:        0/    3447
MISS: HSA
Progress:        0/    3447
MISS: HME
Progress:        0/    3447
MISS: HAE
Progress:        0/    3447
MISS: HGU
Progress:        0/    3447
MISS: HVS
Progress:        0/    3447
MISS: HPD
Progress:        0/    3447
MISS: HIP
Progress:        0/    3447
MISS: HSP
Progress:        0/    3447
MISS: HNS
Progress:        0/    3447
MISS: HKR
Progress:        0/    3447
MISS: HPT
Progress:        0/    3447
MISS: HYU
Progress:        0/    3447
MISS: HGC
Progress:        0/    3447
MISS: HTF
Progress:        0/    3447
MISS: HSL
Progress:        0/    3447
MISS: HMS
Progress:        0/    3447
MISS: HOA
Progress:        0/    3447
MISS: HOY
Progress:        0/    3447
MISS: HDV
Progress:        0/    3447
MISS: HII
Progress:        0/    3447
MISS: HMG
Progress:        0/    3447
MISS: HFV
Progress:        0/    3447
MISS: ICA
Progress:        0/    3447
MISS: ICD
Progress:        0/    3447
MISS: IJH
Progress:        0/    3447
MISS: IFV
Progress:        0/    3447
MISS: ICV
Progress:        0/    3447
MISS: ICF
Progress:        0/    3447
MISS: ICC
Progress:        0/    3447
MISS: ICE
Progress:        0/    3447
MISS: ICS
Progress:        0/    3447
MISS: IFN
Progress:        0/    3447
MISS: GAN
Progress:        0/    3447
MISS: GGK
Progress:        0/    3447
MISS: IAY
Progress:        0/    3447
MISS: IAJ
Progress:        0/    3447
MISS: IJA
Progress:        0/    3447
MISS: IV7
Progress:        0/    3447
MISS: IHV
Progress:        0/    3447
MISS: IHE
Progress:        0/    3447
MISS: GMR
Progress:        0/    3447
MISS: GPG
Progress:        0/    3447
MISS: GJB
Progress:        0/    3447
MISS: GAF
Progress:        0/    3447
MISS: GAG
Progress:        0/    3447
MISS: GYK
Progress:        0/    3447
MISS: CVK
Progress:        0/    3447
MISS: IDN
Progress:        0/    3447
MISS: IUH
Progress:        0/    3447
MISS: NES
Progress:        0/    3447
MISS: IEZ
Progress:        0/    3447
MISS: GEI
Progress:        0/    3447
MISS: IUC
Progress:        0/    3447
MISS: GBG
Progress:        0/    3447
MISS: IHC
Progress:        0/    3447
MISS: GKS
Progress:        0/    3447
MISS: INV
Progress:        0/    3447
MISS: INZ
Progress:        0/    3447
MISS: GAK
Progress:        0/    3447
MISS: NVK
Progress:        0/    3447
MISS: GYL
Progress:        0/    3447
MISS: ICU
Progress:        0/    3447
MISS: IV8
Progress:        0/    3447
MISS: IIN
Progress:        0/    3447
MISS: IRY
Progress:        0/    3447
MISS: SSF
Progress:        0/    3447
MISS: GSM
Progress:        0/    3447
MISS: IRT
Progress:        0/    3447
MISS: ITC
Progress:        0/    3447
MISS: IV6
Progress:        0/    3447
MISS: IUR
Progress:        0/    3447
MISS: YHY
Progress:        0/    3447
MISS: NAT
Progress:        0/    3447
MISS: IEO
Progress:        0/    3447
MISS: BIE
Progress:        0/    3447
MISS: NGA
Progress:        0/    3447
MISS: IO1
Progress:        0/    3447
MISS: IRH
Progress:        0/    3447
MISS: QZW
Progress:        0/    3447
MISS: IVB
Progress:        0/    3447
MISS: IV1
Progress:        0/    3447
MISS: IXX
Progress:        0/    3447
MISS: IKJ
Progress:        0/    3447
MISS: BEG
Progress:        0/    3447
MISS: IV4
Progress:        0/    3447
MISS: IXW
Progress:        0/    3447
MISS: GTC
Progress:        0/    3447
MISS: IV3
Progress:        0/    3447
MISS: IPINV
Progress:        0/    3447
MISS: BUG
Progress:        0/    3447
MISS: IE1
Progress:        0/    3447
MISS: IO2
Progress:        0/    3447
MISS: WWX
Progress:        0/    3447
MISS: IN9
Progress:        0/    3447
MISS: IN8
Progress:        0/    3447
MISS: IFT
Progress:        0/    3447
MISS: IG1
Progress:        0/    3447
MISS: IY3
Progress:        0/    3447
MISS: IY2
Progress:        0/    3447
MISS: IG2
Progress:        0/    3447
MISS: IG3
Progress:        0/    3447
MISS: PIK
Progress:        0/    3447
MISS: PKA
Progress:        0/    3447
MISS: IY1
Progress:        0/    3447
MISS: IAE
Progress:        0/    3447
MISS: IMB
Progress:        0/    3447
MISS: IZS
Progress:        0/    3447
MISS: IIP
Progress:        0/    3447
MISS: IAF
Progress:        0/    3447
MISS: FYA
Progress:        0/    3447
MISS: IYV
Progress:        0/    3447
MISS: IZV
Progress:        0/    3447
MISS: BNH
Progress:        0/    3447
MISS: IVA
Progress:        0/    3447
MISS: IBE
Progress:        0/    3447
MISS: IPB
Progress:        0/    3447
MISS: IRF
Progress:        0/    3447
MISS: IZB
Progress:        0/    3447
MISS: BRH
Progress:        0/    3447
MISS: BIP
Progress:        0/    3447
MISS: IJV
Progress:        0/    3447
MISS: IVY
Progress:        0/    3447
MISS: ACC
Progress:        0/    3447
MISS: IAR
Progress:        0/    3447
MISS: EES
Progress:        0/    3447
MISS: IHY
Progress:        0/    3447
MISS: IJI
Progress:        0/    3447
MISS: HOI
Progress:        0/    3447
MISS: ACD
Progress:        0/    3447
MISS: IHP
Progress:        0/    3447
MISS: IVS
Progress:        0/    3447
MISS: IIS
Progress:        0/    3447
MISS: IEN
Progress:        0/    3447
MISS: IRB
Progress:        0/    3447
MISS: IRV
Progress:        0/    3447
MISS: IUA
Progress:        0/    3447
MISS: YCY
Progress:        0/    3447
MISS: IVF
Progress:        0/    3447
MISS: IJK
Progress:        0/    3447
MISS: IRL
Progress:        0/    3447
MISS: IST
Progress:        0/    3447
MISS: ACN
Progress:        0/    3447
MISS: IMF
Progress:        0/    3447
MISS: IBM
Progress:        0/    3447
MISS: ILU
Progress:        0/    3447
MISS: IOM
Progress:        0/    3447
MISS: IIA
Progress:        0/    3447
MISS: IIE
Progress:        0/    3447
MISS: ION
Progress:        0/    3447
MISS: ILM
Progress:        0/    3447
MISS: IIC
Progress:        0/    3447
MISS: IFY
Progress:        0/    3447
MISS: IOV
Progress:        0/    3447
MISS: IRO
Progress:        0/    3447
MISS: ITJ
Progress:        0/    3447
MISS: IJL
Progress:        0/    3447
MISS: SRH
Progress:        0/    3447
MISS: ACU
Progress:        0/    3447
MISS: IIH
Progress:        0/    3447
MISS: ICN
Progress:        0/    3447
MISS: ARE
Progress:        0/    3447
MISS: IYP
Progress:        0/    3447
MISS: ZEY
Progress:        0/    3447
MISS: ACG
Progress:        0/    3447
MISS: PYZ
Progress:        0/    3447
MISS: IGI
Progress:        0/    3447
MISS: CNT
Progress:        0/    3447
MISS: III
Progress:        0/    3447
MISS: ITF
Progress:        0/    3447
MISS: LJS
Progress:        0/    3447
MISS: PYV
Progress:        0/    3447
MISS: KUG
Progress:        0/    3447
MISS: ACF
Progress:        0/    3447
MISS: ILV
Progress:        0/    3447
MISS: MDT
Progress:        0/    3447
MISS: MFS
Progress:        0/    3447
MISS: ITN
Progress:        0/    3447
MISS: FZS
Progress:        0/    3447
MISS: IMR
Progress:        0/    3447
MISS: NKG
Progress:        0/    3447
MISS: ITH
Progress:        0/    3447
MISS: PRE
Progress:        0/    3447
MISS: RKN
Progress:        0/    3447
MISS: SVT
Progress:        0/    3447
MISS: STC
Progress:        0/    3447
MISS: PYT
Progress:        0/    3447
MISS: ITT
Progress:        0/    3447
MISS: PTV
Progress:        0/    3447
MISS: VNR
Progress:        0/    3447
MISS: VMG
Progress:        0/    3447
MISS: VMP
Progress:        0/    3447
MISS: CPL
Progress:        0/    3447
MISS: IRD
Progress:        0/    3447
MISS: YRT
Progress:        0/    3447
MISS: CTP
Progress:        0/    3447
MISS: IDV
Progress:        0/    3447
MISS: IED
Progress:        0/    3447
MISS: IAM
Progress:        0/    3447
MISS: TTA
Progress:        0/    3447
MISS: ISGLK
Progress:        0/    3447
MISS: ITV
Progress:        0/    3447
MISS: IMH
Progress:        0/    3447
MISS: IPE
Progress:        0/    3447
MISS: ILE
Progress:        0/    3447
MISS: IUZ
Progress:        0/    3447
MISS: ICG
Progress:        0/    3447
MISS: ITA
Progress:        0/    3447
MISS: IPU
Progress:        0/    3447
MISS: SKS
Progress:        0/    3447
MISS: CTF
Progress:        0/    3447
MISS: IBB
Progress:        0/    3447
MISS: IPG
Progress:        0/    3447
MISS: ITZ
Progress:        0/    3447
MISS: LFD
Progress:        0/    3447
MISS: BAS
Progress:        0/    3447
MISS: BSA
Progress:        0/    3447
MISS: IUV
Progress:        0/    3447
MISS: BFO
Progress:        0/    3447
MISS: TAU
Progress:        0/    3447
MISS: TTE
Progress:        0/    3447
MISS: IDH
Progress:        0/    3447
MISS: TIE
Progress:        0/    3447
MISS: BHL
Progress:        0/    3447
MISS: CKS
Progress:        0/    3447
MISS: ILH
Progress:        0/    3447
MISS: ISR
Progress:        0/    3447
MISS: BSF
Progress:        0/    3447
MISS: IJP
Progress:        0/    3447
MISS: TI6
Progress:        0/    3447
MISS: BTY
Progress:        0/    3447
MISS: CSD
Progress:        0/    3447
MISS: IBC
Progress:        0/    3447
MISS: IPC
Progress:        0/    3447
MISS: ISS
Progress:        0/    3447
MISS: TI7
Progress:        0/    3447
MISS: KKH
Progress:        0/    3447
MISS: IJB
Progress:        0/    3447
MISS: KPK
Progress:        0/    3447
MISS: IJE
Progress:        0/    3447
MISS: GME
Progress:        0/    3447
MISS: IOJ
Progress:        0/    3447
MISS: IPJ
Progress:        0/    3447
MISS: TGE
Progress:        0/    3447
MISS: IPV
Progress:        0/    3447
MISS: IUB
Progress:        0/    3447
MISS: EPO
Progress:        0/    3447
MISS: IZL
Progress:        0/    3447
MISS: IFA
Progress:        0/    3447
MISS: CTG
Progress:        0/    3447
MISS: IFD
Progress:        0/    3447
MISS: IBP
Progress:        0/    3447
MISS: IOG
Progress:        0/    3447
MISS: IGF
Progress:        0/    3447
MISS: IYR
Progress:        0/    3447
MISS: TI2
Progress:        0/    3447
MISS: IUM
Progress:        0/    3447
MISS: IPR
Progress:        0/    3447
MISS: IHT
Progress:        0/    3447
MISS: IKV
Progress:        0/    3447
MISS: IOO
Progress:        0/    3447
MISS: ILI
Progress:        0/    3447
MISS: NST
Progress:        0/    3447
MISS: IIF
Progress:        0/    3447
MISS: TI3
Progress:        0/    3447
MISS: IHK
Progress:        0/    3447
MISS: JOT
Progress:        0/    3447
MISS: KLM
Progress:        0/    3447
MISS: KNN
Progress:        0/    3447
MISS: KPH
Progress:        0/    3447
MISS: IK2
Progress:        0/    3447
MISS: IRE
Progress:        0/    3447
MISS: KRR
Progress:        0/    3447
MISS: TIL
Progress:        0/    3447
MISS: KDO
Progress:        0/    3447
MISS: CTM
Progress:        0/    3447
MISS: TIV
Progress:        0/    3447
MISS: IAT
Progress:        0/    3447
MISS: IPK
Progress:        0/    3447
MISS: KOZ
Progress:        0/    3447
MISS: TKK
Progress:        0/    3447
MISS: TSI
Progress:        0/    3447
MISS: IBK
Progress:        0/    3447
MISS: IMS
Progress:        0/    3447
MISS: PMG
Progress:        0/    3447
MISS: CTV
Progress:        0/    3447
MISS: MKL
Progress:        0/    3447
MISS: IML
Progress:        0/    3447
MISS: FBV
Progress:        0/    3447
MISS: MGB
Progress:        0/    3447
MISS: GMZ
Progress:        0/    3447
MISS: IAC
Progress:        0/    3447
MISS: IMO
Progress:        0/    3447
MISS: IOP
Progress:        0/    3447
MISS: INR
Progress:        0/    3447
MISS: IDO
Progress:        0/    3447
MISS: ONS
Progress:        0/    3447
MISS: IOH
Progress:        0/    3447
MISS: IPO
Progress:        0/    3447
MISS: ILC
Progress:        0/    3447
MISS: IZY
Progress:        0/    3447
MISS: IOL
Progress:        0/    3447
MISS: BOP
Progress:        0/    3447
MISS: ITL
Progress:        0/    3447
MISS: TBV
Progress:        0/    3447
MISS: KPI
Progress:        0/    3447
MISS: TI1
Progress:        0/    3447
MISS: PSD
Progress:        0/    3447
MISS: PSO
Progress:        0/    3447
MISS: ILP
Progress:        0/    3447
MISS: IMZ
Progress:        0/    3447
MISS: TBP
Progress:        0/    3447
MISS: TPE
Progress:        0/    3447
MISS: TPR
Progress:        0/    3447
MISS: TPO
Progress:        0/    3447
MISS: RAN
Progress:        0/    3447
MISS: YAR
Progress:        0/    3447
MISS: DPR
Progress:        0/    3447
MISS: IKL
Progress:        0/    3447
MISS: SAR
Progress:        0/    3447
MISS: IDF
Progress:        0/    3447
MISS: SSD
Progress:        0/    3447
MISS: IJZ
Progress:        0/    3447
MISS: IMY
Progress:        0/    3447
MISS: SMP
Progress:        0/    3447
MISS: BIO
Progress:        0/    3447
MISS: TMZ
Progress:        0/    3447
MISS: IPA
Progress:        0/    3447
MISS: IYS
Progress:        0/    3447
MISS: IJT
Progress:        0/    3447
MISS: IEV
Progress:        0/    3447
MISS: ITP
Progress:        0/    3447
MISS: TMC
Progress:        0/    3447
MISS: TI4
Progress:        0/    3447
MISS: ILZ
Progress:        0/    3447
MISS: EDU
Progress:        0/    3447
MISS: ITR
Progress:        0/    3447
MISS: ITD
Progress:        0/    3447
MISS: IMT
Progress:        0/    3447
MISS: IAI
Progress:        0/    3447
MISS: TND
Progress:        0/    3447
MISS: TFU
Progress:        0/    3447
MISS: IJS
Progress:        0/    3447
MISS: IZE
Progress:        0/    3447
MISS: UNT
Progress:        0/    3447
MISS: UST
Progress:        0/    3447
MISS: IGM
Progress:        0/    3447
MISS: IGZ
Progress:        0/    3447
MISS: TDG
Progress:        0/    3447
MISS: TMG
Progress:        0/    3447
MISS: IJC
Progress:        0/    3447
MISS: IUF
Progress:        0/    3447
MISS: IUN
Progress:        0/    3447
MISS: IKP
Progress:        0/    3447
MISS: YBR
Progress:        0/    3447
MISS: YPN
Progress:        0/    3447
MISS: IRP
Progress:        0/    3447
MISS: IAG
Progress:        0/    3447
MISS: RAR
Progress:        0/    3447
MISS: IIY
Progress:        0/    3447
MISS: ISZ
Progress:        0/    3447
MISS: ILT
Progress:        0/    3447
MISS: IRG
Progress:        0/    3447
MISS: ILN
Progress:        0/    3447
MISS: DJE
Progress:        0/    3447
MISS: IIG
Progress:        0/    3447
MISS: KPE
Progress:        0/    3447
MISS: ITG
Progress:        0/    3447
MISS: RIN
Progress:        0/    3447
MISS: UNO
Progress:        0/    3447
MISS: STU
Progress:        0/    3447
MISS: YAL
Progress:        0/    3447
MISS: YLP
Progress:        0/    3447
MISS: YYF
Progress:        0/    3447
MISS: RVT
Progress:        0/    3447
MISS: IYG
Progress:        0/    3447
MISS: IET
Progress:        0/    3447
MISS: UNC
Progress:        0/    3447
MISS: KKP
Progress:        0/    3447
MISS: BGG
Progress:        0/    3447
MISS: KBV
Progress:        0/    3447
MISS: KFO
Progress:        0/    3447
MISS: KG1
Progress:        0/    3447
MISS: OEI
Progress:        0/    3447
MISS: KGI
Progress:        0/    3447
MISS: KGK
Progress:        0/    3447
MISS: KRC
Progress:        0/    3447
MISS: KRF
Progress:        0/    3447
MISS: KHB
Progress:        0/    3447
MISS: KCL
Progress:        0/    3447
MISS: KUB
Progress:        0/    3447
MISS: KYA
Progress:        0/    3447
MISS: KDI
Progress:        0/    3447
MISS: KIH
Progress:        0/    3447
MISS: KKC
Progress:        0/    3447
MISS: KPM
Progress:        0/    3447
MISS: KPP
Progress:        0/    3447
MISS: KRS
Progress:        0/    3447
MISS: KRT
Progress:        0/    3447
MISS: KP3
Progress:        0/    3447
MISS: KYS
Progress:        0/    3447
MISS: KES
Progress:        0/    3447
MISS: KEF
Progress:        0/    3447
MISS: KEY
Progress:        0/    3447
MISS: KEG
Progress:        0/    3447
MISS: KED
Progress:        0/    3447
MISS: KGC
Progress:        0/    3447
MISS: KEK
Progress:        0/    3447
MISS: KFE
Progress:        0/    3447
MISS: KEH
Progress:        0/    3447
MISS: KEA
Progress:        0/    3447
MISS: KEB
Progress:        0/    3447
MISS: KKV
Progress:        0/    3447
MISS: KJM
Progress:        0/    3447
MISS: KKS
Progress:        0/    3447
MISS: KEZ
Progress:        0/    3447
MISS: KET
Progress:        0/    3447
MISS: KTZ
Progress:        0/    3447
MISS: KSU
Progress:        0/    3447
MISS: KSH
Progress:        0/    3447
MISS: KLT
Progress:        0/    3447
MISS: KGB
Progress:        0/    3447
MISS: KBI
Progress:        0/    3447
MISS: KCG
Progress:        0/    3447
MISS: KGG
Progress:        0/    3447
MISS: KNU
Progress:        0/    3447
MISS: KBG
Progress:        0/    3447
MISS: KJK
Progress:        0/    3447
MISS: KKG
Progress:        0/    3447
MISS: KPR
Progress:        0/    3447
MISS: KUA
Progress:        0/    3447
MISS: KZL
Progress:        0/    3447
MISS: KAN
Progress:        0/    3447
MISS: KAV
Progress:        0/    3447
MISS: KSC
Progress:        0/    3447
MISS: KDL
Progress:        0/    3447
MISS: KDK
Progress:        0/    3447
MISS: KHU
Progress:        0/    3447
MISS: KTR
Progress:        0/    3447
MISS: KTM
Progress:        0/    3447
MISS: KTE
Progress:        0/    3447
MISS: KCV
Progress:        0/    3447
MISS: KDE
Progress:        0/    3447
MISS: KUD
Progress:        0/    3447
MISS: KDV
Progress:        0/    3447
MISS: KTT
Progress:        0/    3447
MISS: DK1
Progress:        0/    3447
MISS: KKB
Progress:        0/    3447
MISS: EKL
Progress:        0/    3447
MISS: KNJ
Progress:        0/    3447
MISS: EZM
Progress:        0/    3447
MISS: KGM
Progress:        0/    3447
MISS: KZU
Progress:        0/    3447
MISS: KIK
Progress:        0/    3447
MISS: KPU
Progress:        0/    3447
MISS: KKT
Progress:        0/    3447
MISS: ZA2
Progress:        0/    3447
MISS: KMT
Progress:        0/    3447
MISS: KPA
Progress:        0/    3447
MISS: KPD
Progress:        0/    3447
MISS: KEO
Progress:        0/    3447
MISS: KEI
Progress:        0/    3447
MISS: KTS
Progress:        0/    3447
MISS: KPC
Progress:        0/    3447
MISS: KSV
Progress:        0/    3447
MISS: KTV
Progress:        0/    3447
MISS: KUT
Progress:        0/    3447
MISS: KTN
Progress:        0/    3447
MISS: KMA
Progress:        0/    3447
MISS: KVA
Progress:        0/    3447
MISS: KOB
Progress:        0/    3447
MISS: KMS
Progress:        0/    3447
MISS: KTU
Progress:        0/    3447
MISS: KNS
Progress:        0/    3447
MISS: NKV
Progress:        0/    3447
MISS: KEU
Progress:        0/    3447
MISS: KLU
Progress:        0/    3447
MISS: KHP
Progress:        0/    3447
MISS: KBP
Progress:        0/    3447
MISS: KBZ
Progress:        0/    3447
MISS: KDZ
Progress:        0/    3447
MISS: ZAD
Progress:        0/    3447
MISS: ZAY
Progress:        0/    3447
MISS: KSR
Progress:        0/    3447
MISS: KTJ
Progress:        0/    3447
MISS: KME
Progress:        0/    3447
MISS: KLL
Progress:        0/    3447
MISS: KKE
Progress:        0/    3447
MISS: KU3
Progress:        0/    3447
MISS: KDS
Progress:        0/    3447
MISS: KBN
Progress:        0/    3447
MISS: KKR
Progress:        0/    3447
MISS: KPJ
Progress:        0/    3447
MISS: KRL
Progress:        0/    3447
MISS: KLG
Progress:        0/    3447
MISS: KLC
Progress:        0/    3447
MISS: KOG
Progress:        0/    3447
MISS: KTY
Progress:        0/    3447
MISS: LC4
Progress:        0/    3447
MISS: LC3
Progress:        0/    3447
MISS: LDG
Progress:        0/    3447
MISS: LC1
Progress:        0/    3447
MISS: LC2
Progress:        0/    3447
MISS: LTO
Progress:        0/    3447
MISS: LTG
Progress:        0/    3447
MISS: LTT
Progress:        0/    3447
MISS: IDD
Progress:        0/    3447
MISS: LGC
Progress:        0/    3447
MISS: LTE
Progress:        0/    3447
MISS: MK1
Progress:        0/    3447
MISS: MDG
Progress:        0/    3447
MISS: MGG
Progress:        0/    3447
MISS: MFG
Progress:        0/    3447
MISS: MYI
Progress:        0/    3447
MISS: MFP
Progress:        0/    3447
MISS: MRE
Progress:        0/    3447
MISS: MMG
Progress:        0/    3447
MISS: MSS
Progress:        0/    3447
MISS: MYT
Progress:        0/    3447
MISS: MAS
Progress:        0/    3447
MISS: MAC
Progress:        0/    3447
MISS: MKA
Progress:        0/    3447
MISS: MGF
Progress:        0/    3447
MISS: MG1
Progress:        0/    3447
MISS: MGR
Progress:        0/    3447
MISS: BMA
Progress:        0/    3447
MISS: MAE
Progress:        0/    3447
MISS: MPA
Progress:        0/    3447
MISS: ITU
Progress:        0/    3447
MISS: MG3
Progress:        0/    3447
MISS: MGV
Progress:        0/    3447
MISS: MTT
Progress:        0/    3447
MISS: MOG
Progress:        0/    3447
MISS: MAI
Progress:        0/    3447
MISS: MG2
Progress:        0/    3447
MISS: MAT
Progress:        0/    3447
MISS: MGK
Progress:        0/    3447
MISS: MYF
Progress:        0/    3447
MISS: MGS
Progress:        0/    3447
MISS: MYU
Progress:        0/    3447
MISS: MSR
Progress:        0/    3447
MISS: MAD
Progress:        0/    3447
MISS: MBL
Progress:        0/    3447
MISS: MPI
Progress:        0/    3447
MISS: MJK
Progress:        0/    3447
MISS: MPP
Progress:        0/    3447
MISS: MHB
Progress:        0/    3447
MISS: MHC
Progress:        0/    3447
MISS: MEB
Progress:        0/    3447
MISS: MHG
Progress:        0/    3447
MISS: MHY
Progress:        0/    3447
MISS: MHH
Progress:        0/    3447
MISS: MHD
Progress:        0/    3447
MISS: MHA
Progress:        0/    3447
MISS: MHS
Progress:        0/    3447
MISS: MHT
Progress:        0/    3447
MISS: MHE
Progress:        0/    3447
MISS: MHR
Progress:        0/    3447
MISS: MHV
Progress:        0/    3447
MISS: MHO
Progress:        0/    3447
MISS: MHU
Progress:        0/    3447
MISS: MHN
Progress:        0/    3447
MISS: MHI
Progress:        0/    3447
MISS: MHZ
Progress:        0/    3447
MISS: MHM
Progress:        0/    3447
MISS: MHL
Progress:        0/    3447
MISS: MHK
Progress:        0/    3447
MISS: MEY
Progress:        0/    3447
MISS: MEV
Progress:        0/    3447
MISS: MEA
Progress:        0/    3447
MISS: MTA
Progress:        0/    3447
MISS: MT6
Progress:        0/    3447
MISS: MT5
Progress:        0/    3447
MISS: MHF
Progress:        0/    3447
MISS: MBR
Progress:        0/    3447
MISS: MD1
Progress:        0/    3447
MISS: MTH
Progress:        0/    3447
MISS: MTE
Progress:        0/    3447
MISS: MTF
Progress:        0/    3447
MISS: MT1
Progress:        0/    3447
MISS: MUL
Progress:        0/    3447
MISS: MT9
Progress:        0/    3447
MISS: MP4
Progress:        0/    3447
MISS: MP1
Progress:        0/    3447
MISS: MD2
Progress:        0/    3447
MISS: MP2
Progress:        0/    3447
MISS: MIK
Progress:        0/    3447
MISS: MTK
Progress:        0/    3447
MISS: MPE
Progress:        0/    3447
MISS: MT2
Progress:        0/    3447
MISS: MPL
Progress:        0/    3447
MISS: MT8
Progress:        0/    3447
MISS: MTU
Progress:        0/    3447
MISS: MT7
Progress:        0/    3447
MISS: MBP
Progress:        0/    3447
MISS: MTC
Progress:        0/    3447
MISS: MUC
Progress:        0/    3447
MISS: NQX
Progress:        0/    3447
MISS: NAA
Progress:        0/    3447
MISS: NGB
Progress:        0/    3447
MISS: NT1
Progress:        0/    3447
MISS: NXW
Progress:        0/    3447
MISS: NG1
Progress:        0/    3447
MISS: NBR
Progress:        0/    3447
MISS: QXW
Progress:        0/    3447
MISS: GNC
Progress:        0/    3447
MISS: NIK
Progress:        0/    3447
MISS: NGR
Progress:        0/    3447
MISS: NXX
Progress:        0/    3447
MISS: NGU
Progress:        0/    3447
MISS: NXQ
Progress:        0/    3447
MISS: NQW
Progress:        0/    3447
MISS: NOA
Progress:        0/    3447
MISS: NBH
Progress:        0/    3447
MISS: NAU
Progress:        0/    3447
MISS: NAK
Progress:        0/    3447
MISS: NAL
Progress:        0/    3447
MISS: OSF
Progress:        0/    3447
MISS: NBE
Progress:        0/    3447
MISS: NBM
Progress:        0/    3447
MISS: NRC
Progress:        0/    3447
MISS: NHP
Progress:        0/    3447
MISS: NHY
Progress:        0/    3447
MISS: NRG
Progress:        0/    3447
MISS: NBZ
Progress:        0/    3447
MISS: NSK
Progress:        0/    3447
MISS: NBO
Progress:        0/    3447
MISS: DRA
Progress:        0/    3447
MISS: NDS
Progress:        0/    3447
MISS: NFF
Progress:        0/    3447
MISS: NFH
Progress:        0/    3447
MISS: NVB
Progress:        0/    3447
MISS: NZH
Progress:        0/    3447
MISS: NP2
Progress:        0/    3447
MISS: NKC
Progress:        0/    3447
MISS: NKH
Progress:        0/    3447
MISS: NRM
Progress:        0/    3447
MISS: NMG
Progress:        0/    3447
MISS: NPK
Progress:        0/    3447
MISS: NIS
Progress:        0/    3447
MISS: NKP
Progress:        0/    3447
MISS: NKM
Progress:        0/    3447
MISS: NKA
Progress:        0/    3447
MISS: EDP
Progress:        0/    3447
MISS: KPF
Progress:        0/    3447
MISS: NVZ
Progress:        0/    3447
MISS: NSA
Progress:        0/    3447
MISS: NZT
Progress:        0/    3447
MISS: SKZ
Progress:        0/    3447
MISS: NTF
Progress:        0/    3447
MISS: NTI
Progress:        0/    3447
MISS: NUH
Progress:        0/    3447
MISS: HLA
Progress:        0/    3447
MISS: NCU
Progress:        0/    3447
MISS: NVT
Progress:        0/    3447
MISS: NVC
Progress:        0/    3447
MISS: NP1
Progress:        0/    3447
MISS: NSY
Progress:        0/    3447
MISS: NEA
Progress:        0/    3447
MISS: NAG
Progress:        0/    3447
MISS: NLT
Progress:        0/    3447
MISS: VG1
Progress:        0/    3447
MISS: NCA
Progress:        0/    3447
MISS: NNP
Progress:        0/    3447
MISS: NG5
Progress:        0/    3447
MISS: NPI
Progress:        0/    3447
MISS: NYD
Progress:        0/    3447
MISS: VVF
Progress:        0/    3447
MISS: NPR
Progress:        0/    3447
MISS: NBP
Progress:        0/    3447
MISS: NPCLN
Progress:        0/    3447
MISS: NIN
Progress:        0/    3447
MISS: NPU
Progress:        0/    3447
MISS: NH2
Progress:        0/    3447
MISS: NG8
Progress:        0/    3447
MISS: NP9
Progress:        0/    3447
MISS: NG4
Progress:        0/    3447
MISS: NPE
Progress:        0/    3447
MISS: NP4
Progress:        0/    3447
MISS: NPJET
Progress:        0/    3447
MISS: NFE
Progress:        0/    3447
MISS: NFA
Progress:        0/    3447
MISS: NFG
Progress:        0/    3447
MISS: NP7
Progress:        0/    3447
MISS: NIV
Progress:        0/    3447
MISS: NG2
Progress:        0/    3447
MISS: NKN
Progress:        0/    3447
MISS: NIH
Progress:        0/    3447
MISS: NG9
Progress:        0/    3447
MISS: NYL
Progress:        0/    3447
MISS: MAA
Progress:        0/    3447
MISS: NH1
Progress:        0/    3447
MISS: VVG
Progress:        0/    3447
MISS: NO6
Progress:        0/    3447
MISS: NO5
Progress:        0/    3447
MISS: NO1
Progress:        0/    3447
MISS: NGS
Progress:        0/    3447
MISS: NO4
Progress:        0/    3447
MISS: NGM
Progress:        0/    3447
MISS: NO2
Progress:        0/    3447
MISS: NGO
Progress:        0/    3447
MISS: NYC
Progress:        0/    3447
MISS: NO3
Progress:        0/    3447
MISS: NEC
Progress:        0/    3447
MISS: NCH
Progress:        0/    3447
MISS: NEP
Progress:        0/    3447
MISS: NRY
Progress:        0/    3447
MISS: NH4
Progress:        0/    3447
MISS: NP8
Progress:        0/    3447
MISS: NSG
Progress:        0/    3447
MISS: NSI
Progress:        0/    3447
MISS: NPT
Progress:        0/    3447
MISS: NPG
Progress:        0/    3447
MISS: NH3
Progress:        0/    3447
MISS: NG3
Progress:        0/    3447
MISS: NYG
Progress:        0/    3447
MISS: NH5
Progress:        0/    3447
MISS: NVA
Progress:        0/    3447
MISS: NPF
Progress:        0/    3447
MISS: NG7
Progress:        0/    3447
MISS: NPS
Progress:        0/    3447
MISS: NJF
Progress:        0/    3447
MISS: NUG
Progress:        0/    3447
MISS: NUB
Progress:        0/    3447
MISS: NPTLR
Progress:        0/    3447
MISS: NJR
Progress:        0/    3447
MISS: NDE
Progress:        0/    3447
MISS: NFS
Progress:        0/    3447
MISS: NPH
Progress:        0/    3447
MISS: NJY
Progress:        0/    3447
MISS: NKT
Progress:        0/    3447
MISS: NJG
Progress:        0/    3447
MISS: NHV
Progress:        0/    3447
MISS: NSD
Progress:        0/    3447
MISS: NNS
Progress:        0/    3447
MISS: NLE
Progress:        0/    3447
MISS: NKS
Progress:        0/    3447
MISS: NYH
Progress:        0/    3447
MISS: NUV
Progress:        0/    3447
MISS: NVP
Progress:        0/    3447
MISS: NTS
Progress:        0/    3447
MISS: NSH
Progress:        0/    3447
MISS: NLK
Progress:        0/    3447
MISS: LOD
Progress:        0/    3447
MISS: NME
Progress:        0/    3447
MISS: NMU
Progress:        0/    3447
MISS: NAV
Progress:        0/    3447
MISS: NSP
Progress:        0/    3447
MISS: PPN
Progress:        0/    3447
MISS: SFR
Progress:        0/    3447
MISS: NSS
Progress:        0/    3447
MISS: NTO
Progress:        0/    3447
MISS: NDU
Progress:        0/    3447
MISS: NCS
Progress:        0/    3447
MISS: NCV
Progress:        0/    3447
MISS: NLA
Progress:        0/    3447
MISS: NUS
Progress:        0/    3447
MISS: NDG
Progress:        0/    3447
MISS: NBA
Progress:        0/    3447
MISS: NLB
Progress:        0/    3447
MISS: NP5
Progress:        0/    3447
MISS: NPA
Progress:        0/    3447
MISS: NUK
Progress:        0/    3447
MISS: NBI
Progress:        0/    3447
MISS: NCG
Progress:        0/    3447
MISS: NUC
Progress:        0/    3447
MISS: NUF
Progress:        0/    3447
MISS: NDK
Progress:        0/    3447
MISS: NPD
Progress:        0/    3447
MISS: NUE
Progress:        0/    3447
MISS: NUA
Progress:        0/    3447
MISS: ULI
Progress:        0/    3447
MISS: NCP
Progress:        0/    3447
MISS: NUL
Progress:        0/    3447
MISS: NPB
Progress:        0/    3447
MISS: NIP
Progress:        0/    3447
MISS: NUJ
Progress:        0/    3447
MISS: NUN
Progress:        0/    3447
MISS: NMC
Progress:        0/    3447
MISS: NUT
Progress:        0/    3447
MISS: OCH
Progress:        0/    3447
MISS: NYO
Progress:        0/    3447
MISS: NBC
Progress:        0/    3447
MISS: NOP
Progress:        0/    3447
MISS: NPO
Progress:        0/    3447
MISS: NKI
Progress:        0/    3447
MISS: NOG
Progress:        0/    3447
MISS: NR3
Progress:        0/    3447
MISS: NOU
Progress:        0/    3447
MISS: NSZ
Progress:        0/    3447
MISS: NUI
Progress:        0/    3447
MISS: NUP
Progress:        0/    3447
MISS: NPC
Progress:        0/    3447
MISS: NUY
Progress:        0/    3447
MISS: NYE
Progress:        0/    3447
MISS: NZU
Progress:        0/    3447
MISS: BKL
Progress:        0/    3447
MISS: OMDBE
Progress:        0/    3447
MISS: OAG
Progress:        0/    3447
MISS: OG9
Progress:        0/    3447
MISS: OG4
Progress:        0/    3447
MISS: CAP
Progress:        0/    3447
MISS: OGE
Progress:        0/    3447
MISS: OMGIO
Progress:        0/    3447
MISS: OGI
Progress:        0/    3447
MISS: OGG
Progress:        0/    3447
MISS: OGS
Progress:        0/    3447
MISS: SHP
Progress:        0/    3447
MISS: OG3
Progress:        0/    3447
MISS: OG2
Progress:        0/    3447
MISS: FAL
Progress:        0/    3447
MISS: FSM
Progress:        0/    3447
MISS: FD1
Progress:        0/    3447
MISS: GO1
Progress:        0/    3447
MISS: GO9
Progress:        0/    3447
MISS: FS1
Progress:        0/    3447
MISS: FS5
Progress:        0/    3447
MISS: FR1
Progress:        0/    3447
MISS: FCK
Progress:        0/    3447
MISS: GO4
Progress:        0/    3447
MISS: FP4
Progress:        0/    3447
MISS: ODG
Progress:        0/    3447
MISS: FS2
Progress:        0/    3447
MISS: FS6
Progress:        0/    3447
MISS: FBC
Progress:        0/    3447
MISS: GO2
Progress:        0/    3447
MISS: FS3
Progress:        0/    3447
MISS: FTL
Progress:        0/    3447
MISS: GO6
Progress:        0/    3447
MISS: FTF
Progress:        0/    3447
MISS: GO3
Progress:        0/    3447
MISS: FS4
Progress:        0/    3447
MISS: GLY
Progress:        0/    3447
MISS: FLT
Progress:        0/    3447
MISS: FGY
Progress:        0/    3447
MISS: GG3
Progress:        0/    3447
MISS: GF1
Progress:        0/    3447
MISS: GO5
Progress:        0/    3447
MISS: BCP
Progress:        0/    3447
MISS: GF4
Progress:        0/    3447
MISS: GG4
Progress:        0/    3447
MISS: FGO
Progress:        0/    3447
MISS: OXX
Progress:        0/    3447
MISS: GF2
Progress:        0/    3447
MISS: BP2
Progress:        0/    3447
MISS: NRF
Progress:        0/    3447
MISS: ORP
Progress:        0/    3447
MISS: OP8
Progress:        0/    3447
MISS: GF3
Progress:        0/    3447
MISS: GG1
Progress:        0/    3447
MISS: YAZ
Progress:        0/    3447
MISS: YGI
Progress:        0/    3447
MISS: ORF
Progress:        0/    3447
MISS: ORV
Progress:        0/    3447
MISS: ODO
Progress:        0/    3447
MISS: OAZ
Progress:        0/    3447
MISS: ORX
Progress:        0/    3447
MISS: OGL
Progress:        0/    3447
MISS: OSH
Progress:        0/    3447
MISS: OPF
Progress:        0/    3447
MISS: OIL
Progress:        0/    3447
MISS: OPD
Progress:        0/    3447
MISS: OUD
Progress:        0/    3447
MISS: OPT25
Progress:        0/    3447
MISS: OPTLR
Progress:        0/    3447
MISS: OPX30
Progress:        0/    3447
MISS: OPB
Progress:        0/    3447
MISS: OLE
Progress:        0/    3447
MISS: OPH
Progress:        0/    3447
MISS: ODP
Progress:        0/    3447
MISS: OIR
Progress:        0/    3447
MISS: OPL
Progress:        0/    3447
MISS: OLA
Progress:        0/    3447
MISS: OPTGY
Progress:        0/    3447
MISS: OPI
Progress:        0/    3447
MISS: OPK30
Progress:        0/    3447
MISS: OSL
Progress:        0/    3447
MISS: OSD
Progress:        0/    3447
MISS: PLR
Progress:        0/    3447
MISS: OUR
Progress:        0/    3447
MISS: OUB
Progress:        0/    3447
MISS: WWC
Progress:        0/    3447
MISS: OGD
Progress:        0/    3447
MISS: OKT
Progress:        0/    3447
MISS: OKD
Progress:        0/    3447
MISS: OFS
Progress:        0/    3447
MISS: OHB
Progress:        0/    3447
MISS: OTK
Progress:        0/    3447
MISS: OKP
Progress:        0/    3447
MISS: OYL
Progress:        0/    3447
MISS: OYT
Progress:        0/    3447
MISS: ODD
Progress:        0/    3447
MISS: OBI
Progress:        0/    3447
MISS: OBP
Progress:        0/    3447
MISS: OFI
Progress:        0/    3447
MISS: OHT
Progress:        0/    3447
MISS: ODS
Progress:        0/    3447
MISS: OFB
Progress:        0/    3447
MISS: OKF
Progress:        0/    3447
MISS: OHK
Progress:        0/    3447
MISS: OTJ
Progress:        0/    3447
MISS: OYH
Progress:        0/    3447
MISS: OGF
Progress:        0/    3447
MISS: OSS
Progress:        0/    3447
MISS: OFK
Progress:        0/    3447
MISS: OFA
Progress:        0/    3447
MISS: OTF
Progress:        0/    3447
MISS: OYS
Progress:        0/    3447
MISS: OAL
Progress:        0/    3447
MISS: OJG
Progress:        0/    3447
MISS: OGM
Progress:        0/    3447
MISS: OGR
Progress:        0/    3447
MISS: OO1
Progress:        0/    3447
MISS: ODZ
Progress:        0/    3447
MISS: OGO
Progress:        0/    3447
MISS: OO4
Progress:        0/    3447
MISS: OFN
Progress:        0/    3447
MISS: OGT
Progress:        0/    3447
MISS: OO2
Progress:        0/    3447
MISS: ODT
Progress:        0/    3447
MISS: OSZ
Progress:        0/    3447
MISS: OTG
Progress:        0/    3447
MISS: OGB
Progress:        0/    3447
MISS: OO3
Progress:        0/    3447
MISS: OBK
Progress:        0/    3447
MISS: POS
Progress:        0/    3447
MISS: AP7
Progress:        0/    3447
MISS: PAF
Progress:        0/    3447
MISS: AP6
Progress:        0/    3447
MISS: PAO
Progress:        0/    3447
MISS: BST
Progress:        0/    3447
MISS: PHY
Progress:        0/    3447
MISS: BRT
Progress:        0/    3447
MISS: BHH
Progress:        0/    3447
MISS: PBY
Progress:        0/    3447
MISS: PPH
Progress:        0/    3447
MISS: BSE
Progress:        0/    3447
MISS: BDS
Progress:        0/    3447
MISS: BBF
Progress:        0/    3447
MISS: BHF
Progress:        0/    3447
MISS: PBI
Progress:        0/    3447
MISS: AC7
Progress:        0/    3447
MISS: BIH
Progress:        0/    3447
MISS: PP1
Progress:        0/    3447
MISS: BDI
Progress:        0/    3447
MISS: PCH
Progress:        0/    3447
MISS: PDH
Progress:        0/    3447
MISS: DHI
Progress:        0/    3447
MISS: DRH
Progress:        0/    3447
MISS: AC6
Progress:        0/    3447
MISS: PDS
Progress:        0/    3447
MISS: OME
Progress:        0/    3447
MISS: PGE
Progress:        0/    3447
MISS: ICH
Progress:        0/    3447
MISS: AC8
Progress:        0/    3447
MISS: KHA
Progress:        0/    3447
MISS: IAU
Progress:        0/    3447
MISS: PIS
Progress:        0/    3447
MISS: AC2
Progress:        0/    3447
MISS: PCE
Progress:        0/    3447
MISS: AC5
Progress:        0/    3447
MISS: KRH
Progress:        0/    3447
MISS: KHC
Progress:        0/    3447
MISS: AC1
Progress:        0/    3447
MISS: PKV
Progress:        0/    3447
MISS: PKU
Progress:        0/    3447
MISS: PMH
Progress:        0/    3447
MISS: PMP
Progress:        0/    3447
MISS: MGE
Progress:        0/    3447
MISS: POF
Progress:        0/    3447
MISS: POB
Progress:        0/    3447
MISS: PO9
Progress:        0/    3447
MISS: PPO
Progress:        0/    3447
MISS: POI
Progress:        0/    3447
MISS: PO8
Progress:        0/    3447
MISS: OHI
Progress:        0/    3447
MISS: POU
Progress:        0/    3447
MISS: PO7
Progress:        0/    3447
MISS: AC4
Progress:        0/    3447
MISS: PST
Progress:        0/    3447
MISS: PSR
Progress:        0/    3447
MISS: SHI
Progress:        0/    3447
MISS: SRL
Progress:        0/    3447
MISS: PTO
Progress:        0/    3447
MISS: CSH
Progress:        0/    3447
MISS: AC3
Progress:        0/    3447
MISS: PPU
Progress:        0/    3447
MISS: PYD
Progress:        0/    3447
MISS: PYI
Progress:        0/    3447
MISS: PYR
Progress:        0/    3447
MISS: EDV
Progress:        0/    3447
MISS: PP5
Progress:        0/    3447
MISS: BCI
Progress:        0/    3447
MISS: BKG
Progress:        0/    3447
MISS: PGN
Progress:        0/    3447
MISS: PP9
Progress:        0/    3447
MISS: DDG
Progress:        0/    3447
MISS: PP4
Progress:        0/    3447
MISS: EFU
Progress:        0/    3447
MISS: KCI
Progress:        0/    3447
MISS: NCI
Progress:        0/    3447
MISS: ABH
Progress:        0/    3447
MISS: ABM
Progress:        0/    3447
MISS: PSK
Progress:        0/    3447
MISS: UUG
Progress:        0/    3447
MISS: UCS
Progress:        0/    3447
MISS: PYE
Progress:        0/    3447
MISS: PEA
Progress:        0/    3447
MISS: PJP
Progress:        0/    3447
MISS: IPP
Progress:        0/    3447
MISS: PPD
Progress:        0/    3447
MISS: PHS
Progress:        0/    3447
MISS: PTC
Progress:        0/    3447
MISS: IPF
Progress:        0/    3447
MISS: PPP
Progress:        0/    3447
MISS: PUH
Progress:        0/    3447
MISS: PCN
Progress:        0/    3447
MISS: PTN
Progress:        0/    3447
MISS: IV2
Progress:        0/    3447
MISS: PPB
Progress:        0/    3447
MISS: PPS
Progress:        0/    3447
MISS: PBF
Progress:        0/    3447
MISS: PFO
Progress:        0/    3447
MISS: PDR
Progress:        0/    3447
MISS: PHK
Progress:        0/    3447
MISS: PJL
Progress:        0/    3447
MISS: RDT
Progress:        0/    3447
MISS: PPE
Progress:        0/    3447
MISS: PIR
Progress:        0/    3447
MISS: PBN
Progress:        0/    3447
MISS: PHF
Progress:        0/    3447
MISS: PID
Progress:        0/    3447
MISS: PHI
Progress:        0/    3447
MISS: PKN
Progress:        0/    3447
MISS: PPM
Progress:        0/    3447
MISS: POH
Progress:        0/    3447
MISS: PRD
Progress:        0/    3447
MISS: PSB
Progress:        0/    3447
MISS: IDP
Progress:        0/    3447
MISS: PBC
Progress:        0/    3447
MISS: PIM
Progress:        0/    3447
MISS: PBE
Progress:        0/    3447
MISS: PHB
Progress:        0/    3447
MISS: PBR
Progress:        0/    3447
MISS: PBH
Progress:        0/    3447
MISS: PDE
Progress:        0/    3447
MISS: PDG
Progress:        0/    3447
MISS: PDC
Progress:        0/    3447
MISS: PGH
Progress:        0/    3447
MISS: PHE
Progress:        0/    3447
MISS: PKD
Progress:        0/    3447
MISS: PHN
Progress:        0/    3447
MISS: PNU
Progress:        0/    3447
MISS: PKL
Progress:        0/    3447
MISS: PKZ
Progress:        0/    3447
MISS: PRY
Progress:        0/    3447
MISS: PCS
Progress:        0/    3447
MISS: PXX
Progress:        0/    3447
MISS: PGD
Progress:        0/    3447
MISS: BCC
Progress:        0/    3447
MISS: KOP
Progress:        0/    3447
MISS: ELZ
Progress:        0/    3447
MISS: MSO
Progress:        0/    3447
MISS: PRV
Progress:        0/    3447
MISS: PCI
Progress:        0/    3447
MISS: CPD
Progress:        0/    3447
MISS: PPC
Progress:        0/    3447
MISS: PCU
Progress:        0/    3447
MISS: QPERP
Progress:        0/    3447
MISS: ORC
Progress:        0/    3447
MISS: PBK
Progress:        0/    3447
MISS: KSD
Progress:        0/    3447
MISS: PDF
Progress:        0/    3447
MISS: OUY
Progress:        0/    3447
MISS: OZC
Progress:        0/    3447
MISS: EIB
Progress:        0/    3447
MISS: EID
Progress:        0/    3447
MISS: KCN
Progress:        0/    3447
MISS: OIS
Progress:        0/    3447
MISS: PDD
Progress:        0/    3447
MISS: KIS
Progress:        0/    3447
MISS: EKF
Progress:        0/    3447
MISS: OMB
Progress:        0/    3447
MISS: IAS
Progress:        0/    3447
MISS: EIL
Progress:        0/    3447
MISS: OPU
Progress:        0/    3447
MISS: GM1
Progress:        0/    3447
MISS: IVE
Progress:        0/    3447
MISS: OJH
Progress:        0/    3447
MISS: QP4GS
Progress:        0/    3447
MISS: GY2
Progress:        0/    3447
MISS: OIG
Progress:        0/    3447
MISS: IQI
Progress:        0/    3447
MISS: PCP
Progress:        0/    3447
MISS: SME
Progress:        0/    3447
MISS: UCY
Progress:        0/    3447
MISS: GLR
Progress:        0/    3447
MISS: MAV
Progress:        0/    3447
MISS: GRL
Progress:        0/    3447
MISS: SLG
Progress:        0/    3447
MISS: OJK
Progress:        0/    3447
MISS: GLDTR
Progress:        0/    3447
MISS: USDTR
Progress:        0/    3447
MISS: OAB
Progress:        0/    3447
MISS: BAL
Progress:        0/    3447
MISS: FUP
Progress:        0/    3447
MISS: FFF
Progress:        0/    3447
MISS: OJB
Progress:        0/    3447
MISS: BID
Progress:        0/    3447
MISS: FNO
Progress:        0/    3447
MISS: FYD
Progress:        0/    3447
MISS: FPZ
Progress:        0/    3447
MISS: FI3
Progress:        0/    3447
MISS: CBN
Progress:        0/    3447
MISS: FFH
Progress:        0/    3447
MISS: OVT
Progress:        0/    3447
MISS: OCT
Progress:        0/    3447
MISS: DNM
Progress:        0/    3447
MISS: OVD
Progress:        0/    3447
MISS: ENA
Progress:        0/    3447
MISS: ENS
Progress:        0/    3447
MISS: EDD
Progress:        0/    3447
MISS: ENR
Progress:        0/    3447
MISS: ENO
Progress:        0/    3447
MISS: FUB
Progress:        0/    3447
MISS: OVR
Progress:        0/    3447
MISS: FFP
Progress:        0/    3447
MISS: GMSTR
Progress:        0/    3447
MISS: FMG
Progress:        0/    3447
MISS: OGV
Progress:        0/    3447
MISS: FHZ
Progress:        0/    3447
MISS: FSK
Progress:        0/    3447
MISS: OFO
Progress:        0/    3447
MISS: KRV
Progress:        0/    3447
MISS: FDE
Progress:        0/    3447
MISS: DKP
Progress:        0/    3447
MISS: FDY
Progress:        0/    3447
MISS: FKH
Progress:        0/    3447
MISS: OND
Progress:        0/    3447
MISS: KO4
Progress:        0/    3447
MISS: KPS
Progress:        0/    3447
MISS: FNN
Progress:        0/    3447
MISS: FSV
Progress:        0/    3447
MISS: FTY
Progress:        0/    3447
MISS: KSP
Progress:        0/    3447
MISS: FKV
Progress:        0/    3447
MISS: FYT
Progress:        0/    3447
MISS: FKE
Progress:        0/    3447
MISS: LET
Progress:        0/    3447
MISS: OMC
Progress:        0/    3447
MISS: FYO
Progress:        0/    3447
MISS: PPK
Progress:        0/    3447
MISS: PTS
Progress:        0/    3447
MISS: FI5
Progress:        0/    3447
MISS: OPJ
Progress:        0/    3447
MISS: QTEMZ
Progress:        0/    3447
MISS: RBL
Progress:        0/    3447
MISS: FMS
Progress:        0/    3447
MISS: OCN
Progress:        0/    3447
MISS: ULL
Progress:        0/    3447
MISS: FFO
Progress:        0/    3447
MISS: OCM
Progress:        0/    3447
MISS: SLR
Progress:        0/    3447
MISS: FDO
Progress:        0/    3447
MISS: OTZ
Progress:        0/    3447
MISS: OTE
Progress:        0/    3447
MISS: OJT
Progress:        0/    3447
MISS: OLD
Progress:        0/    3447
MISS: PTF
Progress:        0/    3447
MISS: OJU
Progress:        0/    3447
MISS: OJY
Progress:        0/    3447
MISS: YMP
Progress:        0/    3447
MISS: NBY
Progress:        0/    3447
MISS: CFA
Progress:        0/    3447
MISS: CFB
Progress:        0/    3447
MISS: CFY
Progress:        0/    3447
MISS: CHH
Progress:        0/    3447
MISS: CHK
Progress:        0/    3447
MISS: CGG
Progress:        0/    3447
MISS: CHN
Progress:        0/    3447
MISS: CGE
Progress:        0/    3447
MISS: CFD
Progress:        0/    3447
MISS: CHM
Progress:        0/    3447
MISS: CFK
Progress:        0/    3447
MISS: CHT
Progress:        0/    3447
MISS: CHG
Progress:        0/    3447
MISS: CHD
Progress:        0/    3447
MISS: CHO
Progress:        0/    3447
MISS: CHA
Progress:        0/    3447
MISS: CHI
Progress:        0/    3447
MISS: CFE
Progress:        0/    3447
MISS: CHC
Progress:        0/    3447
MISS: CHU
Progress:        0/    3447
MISS: CFC
Progress:        0/    3447
MISS: CHL
Progress:        0/    3447
MISS: CHS
Progress:        0/    3447
MISS: RGD
Progress:        0/    3447
MISS: RPL
Progress:        0/    3447
MISS: RJG
Progress:        0/    3447
MISS: RE6
Progress:        0/    3447
MISS: RBN
Progress:        0/    3447
MISS: RBB
Progress:        0/    3447
MISS: RPD
Progress:        0/    3447
MISS: RTH
Progress:        0/    3447
MISS: BRC
Progress:        0/    3447
MISS: RBR
Progress:        0/    3447
MISS: RBP
Progress:        0/    3447
MISS: RBI
Progress:        0/    3447
MISS: RTP
Progress:        0/    3447
MISS: RDH
Progress:        0/    3447
MISS: PIA
Progress:        0/    3447
MISS: RIK
Progress:        0/    3447
MISS: RIH
Progress:        0/    3447
MISS: RKH
Progress:        0/    3447
MISS: RKV
Progress:        0/    3447
MISS: RGH
Progress:        0/    3447
MISS: RRP
Progress:        0/    3447
MISS: RE8
Progress:        0/    3447
MISS: RTD
Progress:        0/    3447
MISS: RUH
Progress:        0/    3447
MISS: RE7
Progress:        0/    3447
MISS: RR3
Progress:        0/    3447
MISS: REP
Progress:        0/    3447
MISS: PAG
Progress:        0/    3447
MISS: RAL
Progress:        0/    3447
MISS: RP2
Progress:        0/    3447
MISS: REC
Progress:        0/    3447
MISS: RR5
Progress:        0/    3447
MISS: RGA
Progress:        0/    3447
MISS: RAS
Progress:        0/    3447
MISS: RR4
Progress:        0/    3447
MISS: RPAVS
Progress:        0/    3447
MISS: RP3
Progress:        0/    3447
MISS: ROA
Progress:        0/    3447
MISS: RI5
Progress:        0/    3447
MISS: RE5
Progress:        0/    3447
MISS: REB
Progress:        0/    3447
MISS: RF1
Progress:        0/    3447
MISS: RPTEK
Progress:        0/    3447
MISS: RKP
Progress:        0/    3447
MISS: RTF
Progress:        0/    3447
MISS: RCT
Progress:        0/    3447
MISS: RG5
Progress:        0/    3447
MISS: REZ
Progress:        0/    3447
MISS: RG9
Progress:        0/    3447
MISS: RG7
Progress:        0/    3447
MISS: RDO
Progress:        0/    3447
MISS: RI4
Progress:        0/    3447
MISS: RE4
Progress:        0/    3447
MISS: RR9
Progress:        0/    3447
MISS: REO
Progress:        0/    3447
MISS: EPG
Progress:        0/    3447
MISS: RLT
Progress:        0/    3447
MISS: RER
Progress:        0/    3447
MISS: RDG
Progress:        0/    3447
MISS: RMK
Progress:        0/    3447
MISS: RG4
Progress:        0/    3447
MISS: RPFGY
Progress:        0/    3447
MISS: RR6
Progress:        0/    3447
MISS: RR7
Progress:        0/    3447
MISS: ROC
Progress:        0/    3447
MISS: RP6
Progress:        0/    3447
MISS: RBZ
Progress:        0/    3447
MISS: RGO
Progress:        0/    3447
MISS: RR1
Progress:        0/    3447
MISS: RKA
Progress:        0/    3447
MISS: RF2
Progress:        0/    3447
MISS: RFT
Progress:        0/    3447
MISS: RE2
Progress:        0/    3447
MISS: RIP
Progress:        0/    3447
MISS: RG6
Progress:        0/    3447
MISS: RKK
Progress:        0/    3447
MISS: LRN
Progress:        0/    3447
MISS: RG2
Progress:        0/    3447
MISS: RG8
Progress:        0/    3447
MISS: RMT
Progress:        0/    3447
MISS: RMG
Progress:        0/    3447
MISS: RP5
Progress:        0/    3447
MISS: RE1
Progress:        0/    3447
MISS: RKG
Progress:        0/    3447
MISS: RP9
Progress:        0/    3447
MISS: RP1
Progress:        0/    3447
MISS: RLN
Progress:        0/    3447
MISS: RNB
Progress:        0/    3447
MISS: RK9
Progress:        0/    3447
MISS: ROK
Progress:        0/    3447
MISS: RK8
Progress:        0/    3447
MISS: RYK
Progress:        0/    3447
MISS: RK7
Progress:        0/    3447
MISS: REG
Progress:        0/    3447
MISS: RPF
Progress:        0/    3447
MISS: RTK
Progress:        0/    3447
MISS: UCG
Progress:        0/    3447
MISS: SEC
Progress:        0/    3447
MISS: REK
Progress:        0/    3447
MISS: RSH
Progress:        0/    3447
MISS: RPR
Progress:        0/    3447
MISS: RSM
Progress:        0/    3447
MISS: RSO
Progress:        0/    3447
MISS: RVL
Progress:        0/    3447
MISS: RPSTP
Progress:        0/    3447
MISS: RSA
Progress:        0/    3447
MISS: RTL
Progress:        0/    3447
MISS: REL
Progress:        0/    3447
MISS: RP8
Progress:        0/    3447
MISS: RTS
Progress:        0/    3447
MISS: RTO
Progress:        0/    3447
MISS: RG3
Progress:        0/    3447
MISS: RIF
Progress:        0/    3447
MISS: TNG
Progress:        0/    3447
MISS: RP7
Progress:        0/    3447
MISS: RAG
Progress:        0/    3447
MISS: RF3
Progress:        0/    3447
MISS: REA
Progress:        0/    3447
MISS: RE3
Progress:        0/    3447
MISS: REM
Progress:        0/    3447
MISS: RG1
Progress:        0/    3447
MISS: RZG
Progress:        0/    3447
MISS: RR8
Progress:        0/    3447
MISS: RMO
Progress:        0/    3447
MISS: RHI
Progress:        0/    3447
MISS: RAI
Progress:        0/    3447
MISS: RAV
Progress:        0/    3447
MISS: RPG
Progress:        0/    3447
MISS: RAF
Progress:        0/    3447
MISS: RBE
Progress:        0/    3447
MISS: RBF
Progress:        0/    3447
MISS: RD1
Progress:        0/    3447
MISS: RS1
Progress:        0/    3447
MISS: RO1
Progress:        0/    3447
MISS: RPS
Progress:        0/    3447
MISS: RCL
Progress:        0/    3447
MISS: CEY
Progress:        0/    3447
MISS: RCS
Progress:        0/    3447
MISS: CPT
Progress:        0/    3447
MISS: RDF
Progress:        0/    3447
MISS: RDS
Progress:        0/    3447
MISS: RPE
Progress:        0/    3447
MISS: RDK
Progress:        0/    3447
MISS: RPO
Progress:        0/    3447
MISS: RHD
Progress:        0/    3447
MISS: RHS
Progress:        0/    3447
MISS: RKC
Progress:        0/    3447
MISS: CFO
Progress:        0/    3447
MISS: RPT
Progress:        0/    3447
MISS: RPC
Progress:        0/    3447
MISS: RPM
Progress:        0/    3447
MISS: RIA
Progress:        0/    3447
MISS: RPI
Progress:        0/    3447
MISS: RKS
Progress:        0/    3447
MISS: RPN
Progress:        0/    3447
MISS: ROD
Progress:        0/    3447
MISS: RVI
Progress:        0/    3447
MISS: RVS
Progress:        0/    3447
MISS: RDZ
Progress:        0/    3447
MISS: ROY
Progress:        0/    3447
MISS: RTA
Progress:        0/    3447
MISS: RSK
Progress:        0/    3447
MISS: ROF
Progress:        0/    3447
MISS: RTB
Progress:        0/    3447
MISS: ROS
Progress:        0/    3447
MISS: KPB
Progress:        0/    3447
MISS: PKR
Progress:        0/    3447
MISS: RRA
Progress:        0/    3447
MISS: RPP
Progress:        0/    3447
MISS: PIL
Progress:        0/    3447
MISS: PRZ
Progress:        0/    3447
MISS: RAY
Progress:        0/    3447
MISS: RZR
Progress:        0/    3447
MISS: SLF
Progress:        0/    3447
MISS: RPK
Progress:        0/    3447
MISS: RPX
Progress:        0/    3447
MISS: RYF
Progress:        0/    3447
MISS: RYB
Progress:        0/    3447
MISS: RYD
Progress:        0/    3447
MISS: RYI
Progress:        0/    3447
MISS: RLH
Progress:        0/    3447
MISS: RYU
Progress:        0/    3447
MISS: ZG9
Progress:        0/    3447
MISS: RAA
Progress:        0/    3447
MISS: REI
Progress:        0/    3447
MISS: BTG
Progress:        0/    3447
MISS: RNG
Progress:        0/    3447
MISS: SIM
Progress:        0/    3447
MISS: BLY
Progress:        0/    3447
MISS: RCH
Progress:        0/    3447
MISS: RDE
Progress:        0/    3447
MISS: ROR
Progress:        0/    3447
MISS: RDV
Progress:        0/    3447
MISS: EII
Progress:        0/    3447
MISS: RET
Progress:        0/    3447
MISS: ETF
Progress:        0/    3447
MISS: FOK
Progress:        0/    3447
MISS: GST
Progress:        0/    3447
MISS: HIG
Progress:        0/    3447
MISS: RGK
Progress:        0/    3447
MISS: RGU
Progress:        0/    3447
MISS: RIZ
Progress:        0/    3447
MISS: RNR
Progress:        0/    3447
MISS: RNV
Progress:        0/    3447
MISS: DSE
Progress:        0/    3447
MISS: ONX
Progress:        0/    3447
MISS: IVG
Progress:        0/    3447
MISS: ROV
Progress:        0/    3447
MISS: RST
Progress:        0/    3447
MISS: PRO
Progress:        0/    3447
MISS: RZB
Progress:        0/    3447
MISS: SEB
Progress:        0/    3447
MISS: RSB
Progress:        0/    3447
MISS: GRN
Progress:        0/    3447
MISS: RTN
Progress:        0/    3447
MISS: BRS
Progress:        0/    3447
MISS: RGF
Progress:        0/    3447
MISS: RTT
Progress:        0/    3447
MISS: RRG
Progress:        0/    3447
MISS: PLI
Progress:        0/    3447
MISS: ROG
Progress:        0/    3447
MISS: YSN
Progress:        0/    3447
MISS: R3P
Progress:        0/    3447
MISS: SBH
Progress:        0/    3447
MISS: SIA
Progress:        0/    3447
MISS: SPP
Progress:        0/    3447
MISS: SDS
Progress:        0/    3447
MISS: SIS
Progress:        0/    3447
MISS: SHU
Progress:        0/    3447
MISS: SPF
Progress:        0/    3447
MISS: SDR
Progress:        0/    3447
MISS: SG2
Progress:        0/    3447
MISS: SFA
Progress:        0/    3447
MISS: LPH
Progress:        0/    3447
MISS: SYN
Progress:        0/    3447
MISS: SDP
Progress:        0/    3447
MISS: SVB
Progress:        0/    3447
MISS: SBS
Progress:        0/    3447
MISS: AN1
Progress:        0/    3447
MISS: ST1
Progress:        0/    3447
MISS: STS
Progress:        0/    3447
MISS: SBR
Progress:        0/    3447
MISS: SBI
Progress:        0/    3447
MISS: EME
Progress:        0/    3447
MISS: FPR
Progress:        0/    3447
MISS: STZ
Progress:        0/    3447
MISS: SST
Progress:        0/    3447
MISS: SKO
Progress:        0/    3447
MISS: SJP
Progress:        0/    3447
MISS: KBJ
Progress:        0/    3447
MISS: FYF
Progress:        0/    3447
MISS: SPU
Progress:        0/    3447
MISS: TJB
Progress:        0/    3447
MISS: TPF
Progress:        0/    3447
MISS: TCD
Progress:        0/    3447
MISS: DNK
Progress:        0/    3447
MISS: TKF
Progress:        0/    3447
MISS: TCI
Progress:        0/    3447
MISS: TTL
Progress:        0/    3447
MISS: TGV
Progress:        0/    3447
MISS: TMS
Progress:        0/    3447
MISS: TNS
Progress:        0/    3447
MISS: NDC
Progress:        0/    3447
MISS: NOI
Progress:        0/    3447
MISS: THG
Progress:        0/    3447
MISS: TCB
Progress:        0/    3447
MISS: TNH
Progress:        0/    3447
MISS: RSY
Progress:        0/    3447
MISS: TZP
Progress:        0/    3447
MISS: TCC
Progress:        0/    3447
MISS: TCS
Progress:        0/    3447
MISS: TGZ
Progress:        0/    3447
MISS: TCH
Progress:        0/    3447
MISS: TTV
Progress:        0/    3447
MISS: TCE
Progress:        0/    3447
MISS: BIF
Progress:        0/    3447
MISS: FNA
Progress:        0/    3447
MISS: TGC
Progress:        0/    3447
MISS: OSE
Progress:        0/    3447
MISS: TAO
Progress:        0/    3447
MISS: ONB
Progress:        0/    3447
MISS: PYB
Progress:        0/    3447
MISS: TUA
Progress:        0/    3447
MISS: TJT
Progress:        0/    3447
MISS: TFF
Progress:        0/    3447
MISS: TRR
Progress:        0/    3447
MISS: YZH
Progress:        0/    3447
MISS: TE4
Progress:        0/    3447
MISS: TPC
Progress:        0/    3447
MISS: PTE
Progress:        0/    3447
MISS: TPJ
Progress:        0/    3447
MISS: TBT
Progress:        0/    3447
MISS: BRG
Progress:        0/    3447
MISS: BRZ
Progress:        0/    3447
MISS: TCG
Progress:        0/    3447
MISS: TB9
Progress:        0/    3447
MISS: TTS
Progress:        0/    3447
MISS: TPL
Progress:        0/    3447
MISS: GMC
Progress:        0/    3447
MISS: TYH
Progress:        0/    3447
MISS: TNB
Progress:        0/    3447
MISS: TNI
Progress:        0/    3447
MISS: TIP
Progress:        0/    3447
MISS: TGN
Progress:        0/    3447
MISS: IGL
Progress:        0/    3447
MISS: IDY
Progress:        0/    3447
MISS: TJI
Progress:        0/    3447
MISS: PTL
Progress:        0/    3447
MISS: TDP
Progress:        0/    3447
MISS: TNK
Progress:        0/    3447
MISS: TPZ
Progress:        0/    3447
MISS: TMR
Progress:        0/    3447
MISS: MRI
Progress:        0/    3447
MISS: MTX
Progress:        0/    3447
MISS: TE3
Progress:        0/    3447
MISS: MGH
Progress:        0/    3447
MISS: NLC
Progress:        0/    3447
MISS: TNA
Progress:        0/    3447
MISS: TOK
Progress:        0/    3447
MISS: ONT
Progress:        0/    3447
MISS: TLU
Progress:        0/    3447
MISS: TO8
Progress:        0/    3447
MISS: TNF
Progress:        0/    3447
MISS: ONY
Progress:        0/    3447
MISS: SHE
Progress:        0/    3447
MISS: TOT
Progress:        0/    3447
MISS: TKM
Progress:        0/    3447
MISS: TPP
Progress:        0/    3447
MISS: TJF
Progress:        0/    3447
MISS: SKL
Progress:        0/    3447
MISS: ZLB
Progress:        0/    3447
MISS: TP1
Progress:        0/    3447
MISS: TCF
Progress:        0/    3447
MISS: TTP
Progress:        0/    3447
MISS: TLT
Progress:        0/    3447
MISS: TIT
Progress:        0/    3447
MISS: TMV
Progress:        0/    3447
MISS: TRJ
Progress:        0/    3447
MISS: TLY
Progress:        0/    3447
MISS: DOH
Progress:        0/    3447
MISS: FSU
Progress:        0/    3447
MISS: THF
Progress:        0/    3447
MISS: TMM
Progress:        0/    3447
MISS: TRU
Progress:        0/    3447
MISS: MLK
Progress:        0/    3447
MISS: TLV
Progress:        0/    3447
MISS: TP2
Progress:        0/    3447
MISS: T3B
Progress:        0/    3447
MISS: TWX
Progress:        0/    3447
MISS: TUG
Progress:        0/    3447
MISS: TXW
Progress:        0/    3447
MISS: TN1
Progress:        0/    3447
MISS: BSI
Progress:        0/    3447
MISS: OGC
Progress:        0/    3447
MISS: TPYGI
Progress:        0/    3447
MISS: TGI
Progress:        0/    3447
MISS: TPKGY
Progress:        0/    3447
MISS: LDS
Progress:        0/    3447
MISS: TPYTI
Progress:        0/    3447
MISS: TXQ
Progress:        0/    3447
MISS: TRO
Progress:        0/    3447
MISS: TVN
Progress:        0/    3447
MISS: THD
Progress:        0/    3447
MISS: KID
Progress:        0/    3447
MISS: KIF
Progress:        0/    3447
MISS: KIA
Progress:        0/    3447
MISS: KIE
Progress:        0/    3447
MISS: KIB
Progress:        0/    3447
MISS: NIG
Progress:        0/    3447
MISS: THT
Progress:        0/    3447
MISS: BIA
Progress:        0/    3447
MISS: KRA
Progress:        0/    3447
MISS: BTP
Progress:        0/    3447
MISS: TG1
Progress:        0/    3447
MISS: VGA
Progress:        0/    3447
MISS: VKJ
Progress:        0/    3447
MISS: HHB
Progress:        0/    3447
MISS: VEG
Progress:        0/    3447
MISS: TML
Progress:        0/    3447
MISS: VES
Progress:        0/    3447
MISS: ZHE
Progress:        0/    3447
MISS: VGE
Progress:        0/    3447
MISS: VEH
Progress:        0/    3447
MISS: TYJ
Progress:        0/    3447
MISS: ZHG
Progress:        0/    3447
MISS: VET
Progress:        0/    3447
MISS: ZHD
Progress:        0/    3447
MISS: HHY
Progress:        0/    3447
MISS: HHM
Progress:        0/    3447
MISS: VEB
Progress:        0/    3447
MISS: VYB
Progress:        0/    3447
MISS: KRM
Progress:        0/    3447
MISS: VER
Progress:        0/    3447
MISS: VGB
Progress:        0/    3447
MISS: ZHF
Progress:        0/    3447
MISS: VEI
Progress:        0/    3447
MISS: VGD
Progress:        0/    3447
MISS: THK
Progress:        0/    3447
MISS: TMN
Progress:        0/    3447
MISS: MDE
Progress:        0/    3447
MISS: VGH
Progress:        0/    3447
MISS: VGF
Progress:        0/    3447
MISS: VEO
Progress:        0/    3447
MISS: VEV
Progress:        0/    3447
MISS: VGG
Progress:        0/    3447
MISS: VGK
Progress:        0/    3447
MISS: VED
Progress:        0/    3447
MISS: VGZ
Progress:        0/    3447
MISS: VEP
Progress:        0/    3447
MISS: VEL
Progress:        0/    3447
MISS: VEY
Progress:        0/    3447
MISS: VGT
Progress:        0/    3447
MISS: VGY
Progress:        0/    3447
MISS: VEK
Progress:        0/    3447
MISS: ZHB
Progress:        0/    3447
MISS: THE
Progress:        0/    3447
MISS: TBJ
Progress:        0/    3447
MISS: VEU
Progress:        0/    3447
MISS: VGP
Progress:        0/    3447
MISS: TJY
Progress:        0/    3447
MISS: VKE
Progress:        0/    3447
MISS: VGC
Progress:        0/    3447
MISS: UP1
Progress:        0/    3447
MISS: UAP
Progress:        0/    3447
MISS: SUA
Progress:        0/    3447
MISS: UAB
Progress:        0/    3447
MISS: USY
Progress:        0/    3447
MISS: UYH
Progress:        0/    3447
MISS: UPD
Progress:        0/    3447
MISS: UPH
Progress:        0/    3447
MISS: SUB
Progress:        0/    3447
MISS: UZY
Progress:        0/    3447
MISS: UP2
Progress:        0/    3447
MISS: ULH
Progress:        0/    3447
MISS: UPP
Progress:        0/    3447
MISS: UPS
Progress:        0/    3447
MISS: NTD
Progress:        0/    3447
MISS: SUC
Progress:        0/    3447
MISS: UAR
Progress:        0/    3447
MISS: UJG
Progress:        0/    3447
MISS: UG2
Progress:        0/    3447
MISS: UNG
Progress:        0/    3447
MISS: VNK
Progress:        0/    3447
MISS: VMV
Progress:        0/    3447
MISS: VPP
Progress:        0/    3447
MISS: VPS
Progress:        0/    3447
MISS: ANS
Progress:        0/    3447
MISS: ANE
Progress:        0/    3447
MISS: AEY
Progress:        0/    3447
MISS: ANK
Progress:        0/    3447
MISS: ANG
Progress:        0/    3447
MISS: VBR
Progress:        0/    3447
MISS: VBI
Progress:        0/    3447
MISS: VIK
Progress:        0/    3447
MISS: VNG
Progress:        0/    3447
MISS: CRL
Progress:        0/    3447
MISS: YDL
Progress:        0/    3447
MISS: YLR
Progress:        0/    3447
MISS: YPD
Progress:        0/    3447
MISS: YPF
Progress:        0/    3447
MISS: YIV
Progress:        0/    3447
MISS: YUY
Progress:        0/    3447
MISS: YKT
Progress:        0/    3447
MISS: YPL
Progress:        0/    3447
MISS: YCP
Progress:        0/    3447
MISS: YZM
Progress:        0/    3447
MISS: YVS
Progress:        0/    3447
MISS: YHZ
Progress:        0/    3447
MISS: YHB
Progress:        0/    3447
MISS: YEF
Progress:        0/    3447
MISS: YDP
Progress:        0/    3447
MISS: YAN
Progress:        0/    3447
MISS: YHS
Progress:        0/    3447
MISS: BKY
Progress:        0/    3447
MISS: BDA
Progress:        0/    3447
MISS: YA1
Progress:        0/    3447
MISS: YLE
Progress:        0/    3447
MISS: YUD
Progress:        0/    3447
MISS: YOT
Progress:        0/    3447
MISS: YNL
Progress:        0/    3447
MISS: YCK
Progress:        0/    3447
MISS: DCP
Progress:        0/    3447
MISS: YDK
Progress:        0/    3447
MISS: CKL
Progress:        0/    3447
MISS: YTJ
Progress:        0/    3447
MISS: EKI
Progress:        0/    3447
MISS: YLO
Progress:        0/    3447
MISS: YGM
Progress:        0/    3447
MISS: YVF
Progress:        0/    3447
MISS: YBE
Progress:        0/    3447
MISS: YP4
Progress:        0/    3447
MISS: YZC
Progress:        0/    3447
MISS: FLS
Progress:        0/    3447
MISS: YPK
Progress:        0/    3447
MISS: YZG
Progress:        0/    3447
MISS: YAC
Progress:        0/    3447
MISS: YIK
Progress:        0/    3447
MISS: YVD
Progress:        0/    3447
MISS: YIS
Progress:        0/    3447
MISS: YHI
Progress:        0/    3447
MISS: YKS
Progress:        0/    3447
MISS: YUN
Progress:        0/    3447
MISS: YHP
Progress:        0/    3447
MISS: YZK
Progress:        0/    3447
MISS: YSL
Progress:        0/    3447
MISS: YUB
Progress:        0/    3447
MISS: YAK
Progress:        0/    3447
MISS: YCG
Progress:        0/    3447
MISS: KKO
Progress:        0/    3447
MISS: YHK
Progress:        0/    3447
MISS: YHT
Progress:        0/    3447
MISS: KMN
Progress:        0/    3447
MISS: YLY
Progress:        0/    3447
MISS: YFV
Progress:        0/    3447
MISS: YAS
Progress:        0/    3447
MISS: KOD
Progress:        0/    3447
MISS: YTR
Progress:        0/    3447
MISS: YMD
Progress:        0/    3447
MISS: MOD
Progress:        0/    3447
MISS: YDI
Progress:        0/    3447
MISS: YMH
Progress:        0/    3447
MISS: YVO
Progress:        0/    3447
MISS: YNK
Progress:        0/    3447
MISS: YCH
Progress:        0/    3447
MISS: YDZ
Progress:        0/    3447
MISS: YOS
Progress:        0/    3447
MISS: YBS
Progress:        0/    3447
MISS: YLB
Progress:        0/    3447
MISS: PKT
Progress:        0/    3447
MISS: YPT
Progress:        0/    3447
MISS: YP2
Progress:        0/    3447
MISS: PLA
Progress:        0/    3447
MISS: YJA
Progress:        0/    3447
MISS: YUI
Progress:        0/    3447
MISS: YBP
Progress:        0/    3447
MISS: YOA
Progress:        0/    3447
MISS: YZL
Progress:        0/    3447
MISS: YSF
Progress:        0/    3447
MISS: YZF
Progress:        0/    3447
MISS: YPI
Progress:        0/    3447
MISS: YP1
Progress:        0/    3447
MISS: PYS
Progress:        0/    3447
MISS: KSY
Progress:        0/    3447
MISS: YPP
Progress:        0/    3447
MISS: YPZ
Progress:        0/    3447
MISS: YJU
Progress:        0/    3447
MISS: YJK
Progress:        0/    3447
MISS: YSO
Progress:        0/    3447
MISS: YVG
Progress:        0/    3447
MISS: SSS
Progress:        0/    3447
MISS: YPU
Progress:        0/    3447
MISS: YSA
Progress:        0/    3447
MISS: YPC
Progress:        0/    3447
MISS: YSS
Progress:        0/    3447
MISS: YRZ
Progress:        0/    3447
MISS: SYS
Progress:        0/    3447
MISS: YTY
Progress:        0/    3447
MISS: YTV
Progress:        0/    3447
MISS: YJH
Progress:        0/    3447
MISS: YTC
Progress:        0/    3447
MISS: YAE
Progress:        0/    3447
MISS: YTO
Progress:        0/    3447
MISS: GPV
Progress:        0/    3447
MISS: YVB
Progress:        0/    3447
MISS: YSU
Progress:        0/    3447
MISS: YPV
Progress:        0/    3447
MISS: BIG
Progress:        0/    3447
MISS: PPI
Progress:        0/    3447
MISS: YUK
Progress:        0/    3447
MISS: YTD
Progress:        0/    3447
MISS: YAY
Progress:        0/    3447
MISS: YJY
Progress:        0/    3447
MISS: YF1
Progress:        0/    3447
MISS: YGN
Progress:        0/    3447
MISS: YHG
Progress:        0/    3447
MISS: YLH
Progress:        0/    3447
MISS: KOI
Progress:        0/    3447
MISS: YBH
Progress:        0/    3447
MISS: ZDZ
Progress:        0/    3447
MISS: ZCK
Progress:        0/    3447
MISS: ZP9
Progress:        0/    3447
MISS: ZGOLD
Progress:        0/    3447
MISS: TCA
Progress:        0/    3447
MISS: ZCD
Progress:        0/    3447
MISS: ZFZ
Progress:        0/    3447
MISS: ZP1
Progress:        0/    3447
MISS: ZK1
Progress:        0/    3447
MISS: ZK2
Progress:        0/    3447
MISS: ZBJ
Progress:        0/    3447
MISS: ZUS
Progress:        0/    3447
MISS: ZAV
Progress:        0/    3447
MISS: ZNF
Progress:        0/    3447
MISS: ZPBDL
Progress:        0/    3447
MISS: Z30KP
Progress:        0/    3447
MISS: Z30KE
Progress:        0/    3447
MISS: ZPLIB
Progress:        0/    3447
MISS: ZSR25
Progress:        0/    3447
MISS: ZTM25
Progress:        0/    3447
MISS: ZTLRF
Progress:        0/    3447
MISS: ZTLRK
Progress:        0/    3447
MISS: ZJL
Progress:        0/    3447
MISS: ZLH
Progress:        0/    3447
MISS: ZJV
Progress:        0/    3447
MISS: ZPX30
Progress:        0/    3447
MISS: Z30EA
Progress:        0/    3447
MISS: ZELOT
Progress:        0/    3447
MISS: ZTF
Progress:        0/    3447
MISS: ZJB
Progress:        0/    3447
MISS: TZT
Progress:        0/    3447
MISS: ZPN
Progress:        0/    3447
MISS: TZC
Progress:        0/    3447
MISS: DMR
Progress:        0/    3447
MISS: ZBD
Progress:        0/    3447
MISS: ZCG
Progress:        0/    3447
MISS: ZJT
Progress:        0/    3447
OK: ZCC -> 4028328c8288ba6a0182b12dbd7a4078
Progress:        0/    3447
OK: ZCN -> 4028328d8029261a0180998df8461a55
Progress:        0/    3447
OK: ZSG -> 4028328c8304fea80183606527ef251f
Progress:        0/    3447
OK: ZKK -> 4028328d8588f3000185bfe2347e0465
Progress:        0/    3447
OK: ZPC -> 33E5FED7F12F00EAE0530A4A622B2AEA
Progress:        0/    3447
OK: ZBZ -> 4028328c7da7e73b017e767e2b3e2a0a
Progress:        0/    3447
OK: HKV -> 33E5FED7E2B700EAE0530A4A622B2AEA
Progress:        0/    3447
OK: HPV -> 4028328d5fc61027016021e425a6771c
Progress:        0/    3447
OK: HLL -> 33E5FED7E58300EAE0530A4A622B2AEA
Progress:        0/    3447
OK: HB1 -> 4028328c944ba53e01945fdeb6c4175d
Progress:        0/    3447
OK: HB2 -> 4028328c944ba53e01945fde96371752
Progress:        0/    3447
OK: ZHH -> 4028328d906f407a0190c0bd1d6161ef
Progress:        0/    3447
OK: HKG -> 4028328c906f3e7b0190c0601322668f
Progress:        0/    3447
OK: HPC -> 4028328d65fd445501667d265d01174d
Progress:        0/    3447
OK: TZD -> 33E5FED7E6D300EAE0530A4A622B2AEA
Progress:        0/    3447
OK: ZBN -> 4028328c7da7e73b017e76809ebf2a2a
Progress:        0/    3447
OK: ZSB -> 4028328c800a1f9f01801dcc23df5666
Progress:        0/    3447
OK: ZP2 -> 4028328c838f7bfd0183d5c9c8392333
Progress:        0/    3447
OK: VFK -> 4028328d71bc3c63017293dd353b677a
Progress:        0/    3447
MISS: ZJI
Progress:        0/    3447
OK: ZFH -> 4028328d8029261a0180d5f1bb6219b7
Progress:        0/    3447
OK: ZPF -> 33E5FED7F13B00EAE0530A4A622B2AEA
Progress:        0/    3447
OK: ZPE -> 33E5FED7F13300EAE0530A4A622B2AEA
Progress:        0/    3447
OK: ZPJ -> 4028328c794d2f880179cd0d116a6b67
Progress:        0/    3447
OK: ZP8 -> 4028328d84686d10018484d798f9728e
Progress:        0/    3447
OK: TZV -> 33E5FED7EDF300EAE0530A4A622B2AEA
Progress:        0/    3447
OK: ZPK -> 4028328c5b3ef438015c44f7591e57a7
Progress:        0/    3447
OK: ZPG -> 33E5FED7F13700EAE0530A4A622B2AEA
Progress:        0/    3447
OK: ZCE -> 4028328c82b7f0300182e964cd7b2fff
Progress:        0/    3447
OK: ZMY -> 4028328c800a1f9f01801dcce17f5676
Progress:        0/    3447
OK: ZCB -> 4028328c8288ba6a0182b1310ca140cc
Progress:        0/    3447
OK: ZCF -> 4028328c82b7f0300182e965e433300f
Progress:        0/    3447
OK: ZBO -> 4028328c7da7e73b017e767f34e72a1a
Progress:        0/    3447
OK: ZCH -> 4028328c82b7f0300182e9683876302f
Progress:        0/    3447
OK: ZOS -> 4028328c906f3e7c0190caf50f7321e8
Progress:        0/    3447
OK: ZZL -> 4028328c7d3c2e72017d94a907fe3813
Progress:        0/    3447
OK: ZR3 -> 4028328d84686d100184f18f5cc06834
Progress:        0/    3447
OK: ZSN -> 4028328d8588f3000185bfe1ae880440
Progress:        0/    3447
OK: ZCA -> 4028328c8288ba6a0182a087ab652042
Progress:        0/    3447
OK: ZDK -> 4028328d8588f3000185bfe2b606047d
Progress:        0/    3447
OK: ZPR -> 4028328c976d29880197ab7441a2256e
Progress:        0/    3447
OK: TZL -> 33E5FED7E91700EAE0530A4A622B2AEA
Progress:        0/    3447
OK: ZPH -> 4028328d96289e8c01966cb39c9f15bf
Progress:        0/    3447
OK: ZRE20 -> 4028328c72f8dbc5017348204af7575b
Progress:        0/    3447
OK: ZP6 -> 4028328d84686d10018484d726a07284
Progress:        0/    3447
OK: ZPA -> 33E5FED7F13F00EAE0530A4A622B2AEA
Progress:        0/    3447
OK: ZSF -> 4028328d6cd9324d016d44085071561e
Progress:        0/    3447
OK: ZSK -> 4028328c8b2fcee7018ce98228917375
Progress:        0/    3447
OK: ZTG -> 4028328d969f29540196edca1cc67b2a
Progress:        0/    3447
OK: ZDD -> 4028328d7179849801717e29b9f01969
Progress:        0/    3447
MISS: ZBI
Progress:        0/    3447
OK: ZP7 -> 4028328d84686d10018484d5cbc2726c
Progress:        0/    3447
OK: ZUD -> 4028328c80e9179001811de1b5f64689
Progress:        0/    3447
OK: ZYD -> 4028328d819d4b9d0181cdbb889344ea
Progress:        0/    3447
OK: ZUE -> 4028328c80e9179001811de282b946b5
Progress:        0/    3447
OK: ZYC -> 4028328d819d4b9d0181cdba819444da
Progress:        0/    3447
OK: ZJR -> 4028328c794d2f880179cd06cd7a6ad2
Progress:        0/    3447
OK: TZH -> 4028328c6faf9e510170619f0aa37dc7
Progress:        0/    3447
OK: ZP3 -> 4028328c838f7bfd0183d5cb7e1f2345
Progress:        0/    3447
OK: ZVO -> 4028328c812b72a30181907a81363b47
Progress:        0/    3447
OK: VKT -> 33E5FED7E97B00EAE0530A4A622B2AEA
Progress:        0/    3447
OK: VK6 -> 33E5FED7E94B00EAE0530A4A622B2AEA
Progress:        0/    3447
OK: ZJH -> 4028328c794d2f89017a3421dd5163ad
Progress:        0/    3447
OK: ZR2 -> 4028328c84686b400184f18cd75934b6
Progress:        0/    3447
OK: ZPT10 -> 4028328c794d2f8a017a41e2c37244a6
Progress:        0/    3447
OK: ZPV -> 4028328d7bf4b81d017cbcaacd022174
Progress:        0/    3447
OK: ZGG -> 4028328d89555d7f01898cca6705260c
Progress:        0/    3447
OK: ZBU -> 4028328d9aaa2dfa019ac58eb4340530
Progress:        0/    3447
OK: ZTA -> 4028328c81fdc449018211447e96293e
Progress:        0/    3447
OK: DRN -> 4028328d9132fce701915b0392580660
Progress:        0/    3447
OK: EOG -> 4028328c969f295c01971c5bb7ef3140
Progress:        0/    3447
OK: ZEP -> 4028328d950b608601953749b14d0dd0
Progress:        0/    3447
OK: ZFN -> 4028328d9aaa2dfa019ac58e7fff0522
Progress:        0/    3447
OK: ZR1 -> 4028328d84686d1101847f54cb3a52ea
Progress:        0/    3447
OK: ZTC -> 4028328c81fdc4490182114ab6a9297b
Progress:        0/    3447
OK: PLN -> 4028328d9132fce701914b9698b073b4
Progress:        0/    3447
OK: SRJ -> 4028328d9aaa2dfa019ac58ef56c053b
Progress:        0/    3447
OK: ZTU -> 4028328d93c3b68c0193df4eb0520ba7
Progress:        0/    3447
OK: ZUN -> 4028328c906f3e7c01909785fa377bc5
Progress:        0/    3447
OK: ZUG -> 4028328c7707357b0177ceae3f1335b2
Progress:        0/    3447
MISS: IEG
Progress:        0/    3447
MISS: IEA
Progress:        0/    3447
OK: NHA -> 4028328c5a953393015aa8db990f56df
Progress:        0/    3447
MISS: IEE
Progress:        0/    3447
MISS: IEF
Progress:        0/    3447
MISS: IEH
Progress:        0/    3447
OK: NHN -> 4028328d5c459ee5015cca85f7dc516c
Progress:        0/    3447
MISS: IEK
Progress:        0/    3447
MISS: IGE
Progress:        0/    3447
MISS: IER
Progress:        0/    3447
OK: NHM -> 4028328d5c459ee5015cca83248a515e
Progress:        0/    3447
MISS: IEB
Progress:        0/    3447
OK: YG9 -> 4028328c8e21cef8018e7f3673950666
Progress:        0/    3447
OK: YE3 -> 4028328d7bf4b81c017d0e50be056972
Progress:        0/    3447
OK: YE2 -> 4028328c7600748301764c0c333a1c97
Progress:        0/    3447
OK: YD1 -> 4028328d65fd445501663e3e900b0f0d
Progress:        0/    3447
OK: YD2 -> 4028328d65442dfb0165c37d03190ab4
Progress:        0/    3447
OK: YD9 -> 4028328c7600748301764c0acaee1c88
Progress:        0/    3447
OK: YG2 -> 4028328c7bf4b5e3017cc5f1155f71da
Progress:        0/    3447
OK: YD5 -> 4028328c65fd41d801661b03d1987ab1
Progress:        0/    3447
OK: YE1 -> 4028328c767baf670176ad9614b85165
Progress:        0/    3447
OK: YG3 -> 4028328d7fd4339b018009b4c39b755e
Progress:        0/    3447
OK: YD8 -> 4028328c7600748301764c037b8a1c79
Progress:        0/    3447
OK: YG5 -> 4028328d812b6d6b01816256fbc471ee
Progress:        0/    3447
OK: YP9 -> 4028328c8b2fcee7018c10a3373937e9
Progress:        0/    3447
OK: YD7 -> 4028328c67cc93610167f44e63aa1c38
Progress:        0/    3447
OK: YG8 -> 4028328c8a99cab9018ad6cd61b41b74
Progress:        0/    3447
OK: YG1 -> 4028328d7610639801764c81445c414c
Progress:        0/    3447
OK: YG6 -> 4028328c838f7bfd0183d5ab31986eab
Progress:        0/    3447
OK: YG7 -> 4028328c838f7bfd0183d5b4c3036efb
Progress:        0/    3447
OK: YG4 -> 4028328d7fd4339b018009b57c647572
Progress:        0/    3447
OK: YE6 -> 4028328c81fdc4490182258757a5159c
Progress:        0/    3447
OK: YE5 -> 4028328c7da7e73d017f017cf69b7bd5
Progress:        0/    3447
OK: YOR -> 4028328d8e21d0eb018f2ed010b8226b
Progress:        0/    3447
OK: YE7 -> 4028328c8304fea801834696e3c9145c
Progress:        0/    3447
OK: YE8 -> 4028328c86d231ff0186ea8a2e83455b
Progress:        0/    3447
OK: YD3 -> 4028328d65442dfb0165c37e524d0adb
Progress:        0/    3447
OK: YE4 -> 4028328c7da7e73c017e59076bdc405a
Progress:        0/    3447
OK: YRN -> 4028328c919f164b019289dd846c667d
Progress:        0/    3447
OK: YZA -> 4028328d8e21d0eb018f2ecfdedc2251
Progress:        0/    3447
OK: YD4 -> 4028328c65fd41d801661b0183747a9b
Progress:        0/    3447
OK: PNC -> 33E5FED7EFCB00EAE0530A4A622B2AEA
Progress:        0/    3447
OK: PNH -> 33E5FED7EF8F00EAE0530A4A622B2AEA
Progress:        0/    3447
OK: PND -> 33E5FED7EF8700EAE0530A4A622B2AEA
Progress:        0/    3447
OK: FFA -> 4028328d5b3ef6c7015bfb9405ad33d4
Progress:        0/    3447
OK: FFE -> 4028328d5b3ef6c7015bfb95271c33e3
Progress:        0/    3447
OK: MBU -> 33E5FED7EFAB00EAE0530A4A622B2AEA
Progress:        0/    3447
OK: CHF -> 33E5FED7F03F00EAE0530A4A622B2AEA
Progress:        0/    3447
OK: EMA -> 33E5FED7EFAF00EAE0530A4A622B2AEA
Progress:        0/    3447
OK: LAF -> 33E5FED7F03B00EAE0530A4A622B2AEA
Progress:        0/    3447
Done! OIDs collected:      703
