2026-04-26 14:52:43,644 [INFO] ============================================================
2026-04-26 14:52:43,644 [INFO] ============================================================
2026-04-26 14:52:43,644 [INFO] KAP Daily Pipeline started
2026-04-26 14:52:43,644 [INFO] KAP Daily Pipeline started
2026-04-26 14:52:43,644 [INFO] No last_run in state — scanning last 30 days
2026-04-26 14:52:43,644 [INFO] No last_run in state — scanning last 30 days
2026-04-26 14:52:45,724 [INFO] KAP discovered 1162 portfolio disclosures in 2026-03-27 → 2026-04-26
2026-04-26 14:52:45,724 [INFO] KAP discovered 1162 portfolio disclosures in 2026-03-27 → 2026-04-26
2026-04-26 14:52:46,063 [ERROR] SB GET funds?select=code,name → 400: {"code":"PGRST100","details":"unexpected '?' expecting letter, digit, \"-\", \"->>\", \"->\", \"::\"
2026-04-26 14:52:46,063 [ERROR] SB GET funds?select=code,name → 400: {"code":"PGRST100","details":"unexpected '?' expecting letter, digit, \"-\", \"->>\", \"->\", \"::\"
2026-04-26 14:52:46,066 [ERROR] Could not load fund list from DB
2026-04-26 14:52:46,066 [ERROR] Could not load fund list from DB
2026-04-26 14:52:46,066 [ERROR] Cannot proceed without fund map
2026-04-26 14:52:46,066 [ERROR] Cannot proceed without fund map
2026-04-26 14:53:12,925 [INFO] ============================================================
2026-04-26 14:53:12,925 [INFO] KAP Daily Pipeline started
2026-04-26 14:53:12,925 [INFO] No last_run in state — scanning last 30 days
2026-04-26 14:53:14,779 [INFO] KAP discovered 1162 portfolio disclosures in 2026-03-27 → 2026-04-26
2026-04-26 14:53:15,402 [INFO] Loaded 1191 fund names
2026-04-26 14:53:15,404 [WARNING] No fund match for: AK PORTFÖY SABANCI TOPLULUĞU ŞİRKETLERİ ENDEKSİ HİSSE SENEDİ (TL) FONU (HİSSE SE
2026-04-26 14:53:15,404 [INFO]   [HVC] Portföy Dağılım Raporu
2026-04-26 14:53:15,404 [INFO]   [DDF] Portföy Dağılım Raporu
2026-04-26 14:53:15,404 [INFO]   [IRO] Portföy Dağılım Raporu
2026-04-26 14:53:15,405 [INFO]   [IRO] Portföy Dağılım Raporu
2026-04-26 14:53:15,405 [INFO]   [IRO] Portföy Dağılım Raporu
2026-04-26 14:53:15,405 [INFO]   [MTF] Portföy Dağılım Raporu
2026-04-26 14:53:15,405 [INFO]   [MTF] Portföy Dağılım Raporu
2026-04-26 14:53:15,405 [INFO]   [OTK] Portföy Dağılım Raporu
2026-04-26 14:53:15,405 [INFO]   [OTJ] Portföy Dağılım Raporu
2026-04-26 14:53:15,405 [INFO]   [OBI] Portföy Dağılım Raporu
2026-04-26 14:53:15,405 [INFO]   [MTF] Portföy Dağılım Raporu
2026-04-26 14:53:15,405 [INFO]   [MTF] Portföy Dağılım Raporu
2026-04-26 14:53:15,405 [INFO]   [OKF] Portföy Dağılım Raporu
2026-04-26 14:53:15,405 [INFO]   [MTF] Portföy Dağılım Raporu
2026-04-26 14:53:15,406 [INFO]   [OBI] Portföy Dağılım Raporu
2026-04-26 14:53:15,406 [INFO]   [MTF] Portföy Dağılım Raporu
2026-04-26 14:53:15,406 [INFO]   [OBI] Portföy Dağılım Raporu
2026-04-26 14:53:15,406 [INFO]   [OBI] Portföy Dağılım Raporu
2026-04-26 14:53:15,406 [INFO]   [OFS] Portföy Dağılım Raporu
2026-04-26 14:53:15,406 [INFO]   [OBI] Portföy Dağılım Raporu
2026-04-26 14:53:15,406 [INFO]   [OBI] Portföy Dağılım Raporu
2026-04-26 14:53:15,406 [INFO]   [OBI] Portföy Dağılım Raporu
2026-04-26 14:53:15,406 [INFO]   [OBI] Portföy Dağılım Raporu
2026-04-26 14:53:15,406 [INFO]   [OBI] Portföy Dağılım Raporu
2026-04-26 14:53:15,407 [INFO]   [PDE] Portföy Dağılım Raporu
2026-04-26 14:53:15,407 [INFO]   [PNU] Portföy Dağılım Raporu
2026-04-26 14:53:15,407 [INFO]   [PHE] Portföy Dağılım Raporu
2026-04-26 14:53:15,407 [INFO]   [PBR] Portföy Dağılım Raporu
2026-04-26 14:53:15,407 [INFO]   [PRY] Portföy Dağılım Raporu
2026-04-26 14:53:15,407 [INFO]   [IUF] Portföy Dağılım Raporu
2026-04-26 14:53:15,408 [INFO]   [PMG] Portföy Dağılım Raporu
2026-04-26 14:53:15,408 [INFO]   [KP3] Portföy Dağılım Raporu
2026-04-26 14:53:15,408 [INFO]   [MTF] Portföy Dağılım Raporu
2026-04-26 14:53:15,408 [INFO]   [MTF] Portföy Dağılım Raporu
2026-04-26 14:53:15,408 [INFO]   [AIS] Portföy Dağılım Raporu
2026-04-26 14:53:15,408 [INFO]   [KP3] Portföy Dağılım Raporu
2026-04-26 14:53:15,409 [INFO]   [KP3] Portföy Dağılım Raporu
2026-04-26 14:53:15,409 [INFO]   [IKV] Portföy Dağılım Raporu
2026-04-26 14:53:15,409 [INFO]   [KP3] Portföy Dağılım Raporu
2026-04-26 14:53:15,409 [INFO]   [KP3] Portföy Dağılım Raporu
2026-04-26 14:53:15,409 [INFO]   [KP3] Portföy Dağılım Raporu
2026-04-26 14:53:15,410 [INFO]   [KP3] Portföy Dağılım Raporu
2026-04-26 14:53:15,410 [INFO]   [KKC] Portföy Dağılım Raporu
2026-04-26 14:53:15,410 [INFO]   [GJD] Portföy Dağılım Raporu
2026-04-26 14:53:15,410 [INFO]   [GJD] Portföy Dağılım Raporu
2026-04-26 14:53:15,410 [INFO]   [GNP] Portföy Dağılım Raporu
2026-04-26 14:53:15,410 [INFO]   [HIH] Portföy Dağılım Raporu
2026-04-26 14:53:15,410 [INFO]   [GJD] Portföy Dağılım Raporu
2026-04-26 14:53:15,410 [INFO]   [GKG] Portföy Dağılım Raporu
2026-04-26 14:53:15,410 [INFO]   [GJD] Portföy Dağılım Raporu
2026-04-26 14:53:15,410 [INFO]   [GJD] Portföy Dağılım Raporu
2026-04-26 14:53:15,410 [INFO]   [GTH] Portföy Dağılım Raporu
2026-04-26 14:53:15,410 [INFO]   [GJD] Portföy Dağılım Raporu
2026-04-26 14:53:15,411 [INFO]   [GRT] Portföy Dağılım Raporu
2026-04-26 14:53:15,411 [INFO]   [GJD] Portföy Dağılım Raporu
2026-04-26 14:53:15,411 [INFO]   [KDT] Portföy Dağılım Raporu
2026-04-26 14:53:15,411 [INFO]   [GJD] Portföy Dağılım Raporu
2026-04-26 14:53:15,411 [INFO]   [GJD] Portföy Dağılım Raporu
2026-04-26 14:53:15,411 [INFO]   [GJD] Portföy Dağılım Raporu
2026-04-26 14:53:15,411 [INFO]   [GBJ] Portföy Dağılım Raporu
2026-04-26 14:53:15,411 [INFO]   [GJD] Portföy Dağılım Raporu
2026-04-26 14:53:15,411 [INFO]   [GOL] Portföy Dağılım Raporu
2026-04-26 14:53:15,411 [INFO]   [GJD] Portföy Dağılım Raporu
2026-04-26 14:53:15,411 [INFO]   [GJD] Portföy Dağılım Raporu
2026-04-26 14:53:15,411 [INFO]   [GJD] Portföy Dağılım Raporu
2026-04-26 14:53:15,411 [INFO]   [GTM] Portföy Dağılım Raporu
2026-04-26 14:53:15,411 [INFO]   [GJD] Portföy Dağılım Raporu
2026-04-26 14:53:15,411 [INFO]   [GKH] Portföy Dağılım Raporu
2026-04-26 14:53:15,411 [INFO]   [GJD] Portföy Dağılım Raporu
2026-04-26 14:53:15,412 [INFO]   [GVI] Portföy Dağılım Raporu
2026-04-26 14:53:15,412 [INFO]   [GJD] Portföy Dağılım Raporu
2026-04-26 14:53:15,412 [INFO]   [GJD] Portföy Dağılım Raporu
2026-04-26 14:53:15,412 [INFO]   [GJD] Portföy Dağılım Raporu
2026-04-26 14:53:15,412 [INFO]   [GJD] Portföy Dağılım Raporu
2026-04-26 14:53:15,412 [INFO]   [GJD] Portföy Dağılım Raporu
2026-04-26 14:53:15,412 [INFO]   [GJD] Portföy Dağılım Raporu
2026-04-26 14:53:15,412 [INFO]   [GJD] Portföy Dağılım Raporu
2026-04-26 14:53:15,412 [INFO]   [GJD] Portföy Dağılım Raporu
2026-04-26 14:53:15,412 [INFO]   [GOH] Portföy Dağılım Raporu
2026-04-26 14:53:15,412 [INFO]   [GJD] Portföy Dağılım Raporu
2026-04-26 14:53:15,412 [INFO]   [GJD] Portföy Dağılım Raporu
2026-04-26 14:53:15,412 [INFO]   [GZJ] Portföy Dağılım Raporu
2026-04-26 14:53:15,412 [INFO]   [GZP] Portföy Dağılım Raporu
2026-04-26 14:53:15,412 [INFO]   [GJD] Portföy Dağılım Raporu
2026-04-26 14:53:15,412 [INFO]   [GZH] Portföy Dağılım Raporu
2026-04-26 14:53:15,412 [INFO]   [GJD] Portföy Dağılım Raporu
2026-04-26 14:53:15,413 [INFO]   [GJD] Portföy Dağılım Raporu
2026-04-26 14:53:15,413 [INFO]   [GJD] Portföy Dağılım Raporu
2026-04-26 14:53:15,413 [INFO]   [GJD] Portföy Dağılım Raporu
2026-04-26 14:53:15,413 [INFO]   [GJD] Portföy Dağılım Raporu
2026-04-26 14:53:15,413 [INFO]   [GJD] Portföy Dağılım Raporu
2026-04-26 14:53:15,413 [INFO]   [INH] Portföy Dağılım Raporu
2026-04-26 14:53:15,413 [INFO]   [GJD] Portföy Dağılım Raporu
2026-04-26 14:53:15,413 [INFO]   [GJD] Portföy Dağılım Raporu
2026-04-26 14:53:15,413 [INFO]   [GPF] Portföy Dağılım Raporu
2026-04-26 14:53:15,413 [INFO]   [GJD] Portföy Dağılım Raporu
2026-04-26 14:53:15,413 [INFO]   [GJD] Portföy Dağılım Raporu
2026-04-26 14:53:15,413 [INFO]   [GJD] Portföy Dağılım Raporu
2026-04-26 14:53:15,413 [INFO]   [GJD] Portföy Dağılım Raporu
2026-04-26 14:53:15,413 [INFO]   [GJD] Portföy Dağılım Raporu
2026-04-26 14:53:15,413 [INFO]   [GJD] Portföy Dağılım Raporu
2026-04-26 14:53:15,413 [INFO]   [GJD] Portföy Dağılım Raporu
2026-04-26 14:53:15,414 [INFO]   [GJD] Portföy Dağılım Raporu
2026-04-26 14:53:15,414 [INFO]   [GJD] Portföy Dağılım Raporu
2026-04-26 14:53:15,414 [INFO]   [GJD] Portföy Dağılım Raporu
2026-04-26 14:53:15,414 [INFO]   [GJD] Portföy Dağılım Raporu
2026-04-26 14:53:15,414 [INFO]   [GJD] Portföy Dağılım Raporu
2026-04-26 14:53:15,414 [INFO]   [GJD] Portföy Dağılım Raporu
2026-04-26 14:53:15,414 [INFO]   [MTF] Portföy Dağılım Raporu
2026-04-26 14:53:15,414 [INFO]   [TRO] Portföy Dağılım Raporu
2026-04-26 14:53:15,414 [INFO]   [PMG] Portföy Dağılım Raporu
2026-04-26 14:53:15,414 [INFO]   [MTF] Portföy Dağılım Raporu
2026-04-26 14:53:15,414 [INFO]   [AIS] Portföy Dağılım Raporu
2026-04-26 14:53:15,414 [INFO]   [DTZ] Portföy Dağılım Raporu
2026-04-26 14:53:15,415 [INFO]   [BHI] Portföy Dağılım Raporu
2026-04-26 14:53:15,415 [INFO]   [ZAY] Portföy Dağılım Raporu
2026-04-26 14:53:15,415 [INFO]   [KVA] Portföy Dağılım Raporu
2026-04-26 14:53:15,415 [INFO]   [KVA] Portföy Dağılım Raporu
2026-04-26 14:53:15,415 [INFO]   [KVA] Portföy Dağılım Raporu
2026-04-26 14:53:15,415 [INFO]   [KVA] Portföy Dağılım Raporu
2026-04-26 14:53:15,415 [INFO]   [KVA] Portföy Dağılım Raporu
2026-04-26 14:53:15,415 [INFO]   [KVA] Portföy Dağılım Raporu
2026-04-26 14:53:15,415 [INFO]   [KVA] Portföy Dağılım Raporu
2026-04-26 14:53:15,415 [INFO]   [KVA] Portföy Dağılım Raporu
2026-04-26 14:53:15,415 [INFO]   [KVA] Portföy Dağılım Raporu
2026-04-26 14:53:15,415 [INFO]   [KTR] Portföy Dağılım Raporu
2026-04-26 14:53:15,415 [INFO]   [KVA] Portföy Dağılım Raporu
2026-04-26 14:53:15,415 [INFO]   [KVA] Portföy Dağılım Raporu
2026-04-26 14:53:15,415 [INFO]   [KTJ] Portföy Dağılım Raporu
2026-04-26 14:53:15,415 [INFO]   [KSV] Portföy Dağılım Raporu
2026-04-26 14:53:15,415 [INFO]   [AP5] Portföy Dağılım Raporu
2026-04-26 14:53:15,415 [INFO]   [KVA] Portföy Dağılım Raporu
2026-04-26 14:53:15,416 [INFO]   [KPU] Portföy Dağılım Raporu
2026-04-26 14:53:15,416 [INFO]   [KVA] Portföy Dağılım Raporu
2026-04-26 14:53:15,416 [INFO]   [KVA] Portföy Dağılım Raporu
2026-04-26 14:53:15,416 [INFO]   [KVA] Portföy Dağılım Raporu
2026-04-26 14:53:15,416 [INFO]   [KVA] Portföy Dağılım Raporu
2026-04-26 14:53:15,416 [INFO]   [KME] Portföy Dağılım Raporu
2026-04-26 14:53:15,416 [INFO]   [KVA] Portföy Dağılım Raporu
2026-04-26 14:53:15,416 [INFO]   [KIK] Portföy Dağılım Raporu
2026-04-26 14:53:15,416 [INFO]   [KGM] Portföy Dağılım Raporu
2026-04-26 14:53:15,416 [INFO]   [KVA] Portföy Dağılım Raporu
2026-04-26 14:53:15,416 [INFO]   [KDE] Portföy Dağılım Raporu
2026-04-26 14:53:15,416 [INFO]   [KVA] Portföy Dağılım Raporu
2026-04-26 14:53:15,416 [INFO]   [KAV] Portföy Dağılım Raporu
2026-04-26 14:53:15,416 [INFO]   [EKL] Portföy Dağılım Raporu
2026-04-26 14:53:15,416 [INFO]   [AP5] Portföy Dağılım Raporu
2026-04-26 14:53:15,416 [INFO]   [AP5] Portföy Dağılım Raporu
2026-04-26 14:53:15,416 [INFO]   [AP5] Portföy Dağılım Raporu
2026-04-26 14:53:15,416 [INFO]   [AP5] Portföy Dağılım Raporu
2026-04-26 14:53:15,417 [INFO]   [LAI] Portföy Dağılım Raporu
2026-04-26 14:53:15,417 [INFO]   [LAI] Portföy Dağılım Raporu
2026-04-26 14:53:15,417 [INFO]   [BTZ] Portföy Dağılım Raporu
2026-04-26 14:53:15,417 [INFO]   [LAI] Portföy Dağılım Raporu
2026-04-26 14:53:15,417 [INFO]   [MTF] Portföy Dağılım Raporu
2026-04-26 14:53:15,417 [INFO]   [LAI] Portföy Dağılım Raporu
2026-04-26 14:53:15,417 [INFO]   [LAI] Portföy Dağılım Raporu
2026-04-26 14:53:15,417 [INFO]   [PPT] Portföy Dağılım Raporu
2026-04-26 14:53:15,417 [INFO]   [PFS] Portföy Dağılım Raporu
2026-04-26 14:53:15,417 [INFO]   [LAI] Portföy Dağılım Raporu
2026-04-26 14:53:15,417 [INFO]   [LAI] Portföy Dağılım Raporu
2026-04-26 14:53:15,417 [INFO]   [LAI] Portföy Dağılım Raporu
2026-04-26 14:53:15,417 [INFO]   [KVR] Portföy Dağılım Raporu
2026-04-26 14:53:15,417 [INFO]   [LAI] Portföy Dağılım Raporu
2026-04-26 14:53:15,417 [INFO]   [LAI] Portföy Dağılım Raporu
2026-04-26 14:53:15,417 [INFO]   [EDP] Portföy Dağılım Raporu
2026-04-26 14:53:15,417 [INFO]   [MTF] Portföy Dağılım Raporu
2026-04-26 14:53:15,418 [INFO]   [OVR] Portföy Dağılım Raporu
2026-04-26 14:53:15,418 [INFO]   [FSK] Portföy Dağılım Raporu
2026-04-26 14:53:15,418 [INFO]   [MTF] Portföy Dağılım Raporu
2026-04-26 14:53:15,418 [INFO]   [MTF] Portföy Dağılım Raporu
2026-04-26 14:53:15,418 [INFO]   [OVR] Portföy Dağılım Raporu
2026-04-26 14:53:15,418 [INFO]   [OVR] Portföy Dağılım Raporu
2026-04-26 14:53:15,418 [INFO]   [OVR] Portföy Dağılım Raporu
2026-04-26 14:53:15,418 [INFO]   [OVR] Portföy Dağılım Raporu
2026-04-26 14:53:15,418 [INFO]   [OVR] Portföy Dağılım Raporu
2026-04-26 14:53:15,418 [INFO]   [OVR] Portföy Dağılım Raporu
2026-04-26 14:53:15,418 [INFO]   [OVR] Portföy Dağılım Raporu
2026-04-26 14:53:15,418 [INFO]   [OVR] Portföy Dağılım Raporu
2026-04-26 14:53:15,418 [INFO]   [OVR] Portföy Dağılım Raporu
2026-04-26 14:53:15,418 [INFO]   [OVR] Portföy Dağılım Raporu
2026-04-26 14:53:15,419 [INFO]   [OVR] Portföy Dağılım Raporu
2026-04-26 14:53:15,419 [INFO]   [OVR] Portföy Dağılım Raporu
2026-04-26 14:53:15,419 [INFO]   [OVR] Portföy Dağılım Raporu
2026-04-26 14:53:15,419 [INFO]   [OVR] Portföy Dağılım Raporu
2026-04-26 14:53:15,419 [INFO]   [OVR] Portföy Dağılım Raporu
2026-04-26 14:53:15,419 [INFO]   [PTS] Portföy Dağılım Raporu
2026-04-26 14:53:15,419 [INFO]   [PTF] Portföy Dağılım Raporu
2026-04-26 14:53:15,419 [INFO]   [PPK] Portföy Dağılım Raporu
2026-04-26 14:53:15,419 [INFO]   [OVR] Portföy Dağılım Raporu
2026-04-26 14:53:15,419 [INFO]   [OVR] Portföy Dağılım Raporu
2026-04-26 14:53:15,419 [INFO]   [OLD] Portföy Dağılım Raporu
2026-04-26 14:53:15,419 [INFO]   [BTK] Portföy Dağılım Raporu
2026-04-26 14:53:15,419 [INFO]   [OVR] Portföy Dağılım Raporu
2026-04-26 14:53:15,419 [INFO]   [OVR] Portföy Dağılım Raporu
2026-04-26 14:53:15,419 [INFO]   [GRL] Portföy Dağılım Raporu
2026-04-26 14:53:15,419 [INFO]   [OVR] Portföy Dağılım Raporu
2026-04-26 14:53:15,420 [INFO]   [AZF] Portföy Dağılım Raporu
2026-04-26 14:53:15,420 [INFO]   [MTF] Portföy Dağılım Raporu
2026-04-26 14:53:15,420 [INFO]   [DA1] Portföy Dağılım Raporu
2026-04-26 14:53:15,420 [INFO]   [PMG] Portföy Dağılım Raporu
2026-04-26 14:53:15,420 [INFO]   [YHI] Portföy Dağılım Raporu
2026-04-26 14:53:15,420 [INFO]   [YVB] Portföy Dağılım Raporu
2026-04-26 14:53:15,420 [INFO]   [YTY] Portföy Dağılım Raporu
2026-04-26 14:53:15,420 [INFO]   [BIG] Portföy Dağılım Raporu
2026-04-26 14:53:15,420 [INFO]   [YTY] Portföy Dağılım Raporu
2026-04-26 14:53:15,420 [INFO]   [YTY] Portföy Dağılım Raporu
2026-04-26 14:53:15,420 [INFO]   [YTY] Portföy Dağılım Raporu
2026-04-26 14:53:15,420 [INFO]   [YTY] Portföy Dağılım Raporu
2026-04-26 14:53:15,420 [INFO]   [YTY] Portföy Dağılım Raporu
2026-04-26 14:53:15,420 [INFO]   [YTY] Portföy Dağılım Raporu
2026-04-26 14:53:15,420 [INFO]   [YTY] Portföy Dağılım Raporu
2026-04-26 14:53:15,420 [INFO]   [YTY] Portföy Dağılım Raporu
2026-04-26 14:53:15,420 [INFO]   [PKT] Portföy Dağılım Raporu
2026-04-26 14:53:15,420 [INFO]   [YTY] Portföy Dağılım Raporu
2026-04-26 14:53:15,421 [INFO]   [YTY] Portföy Dağılım Raporu
2026-04-26 14:53:15,421 [INFO]   [YTY] Portföy Dağılım Raporu
2026-04-26 14:53:15,421 [INFO]   [YTY] Portföy Dağılım Raporu
2026-04-26 14:53:15,421 [INFO]   [YTY] Portföy Dağılım Raporu
2026-04-26 14:53:15,421 [INFO]   [YTY] Portföy Dağılım Raporu
2026-04-26 14:53:15,421 [INFO]   [YTY] Portföy Dağılım Raporu
2026-04-26 14:53:15,421 [INFO]   [YTY] Portföy Dağılım Raporu
2026-04-26 14:53:15,421 [INFO]   [YTY] Portföy Dağılım Raporu
2026-04-26 14:53:15,421 [INFO]   [YTY] Portföy Dağılım Raporu
2026-04-26 14:53:15,421 [INFO]   [YTY] Portföy Dağılım Raporu
2026-04-26 14:53:15,421 [INFO]   [YTY] Portföy Dağılım Raporu
2026-04-26 14:53:15,421 [INFO]   [YTY] Portföy Dağılım Raporu
2026-04-26 14:53:15,421 [INFO]   [YTY] Portföy Dağılım Raporu
2026-04-26 14:53:15,421 [INFO]   [YTY] Portföy Dağılım Raporu
2026-04-26 14:53:15,421 [INFO]   [YTY] Portföy Dağılım Raporu
2026-04-26 14:53:15,421 [INFO]   [YPF] Portföy Dağılım Raporu
2026-04-26 14:53:15,421 [INFO]   [YPK] Portföy Dağılım Raporu
2026-04-26 14:53:15,421 [INFO]   [YTY] Portföy Dağılım Raporu
2026-04-26 14:53:15,421 [INFO]   [YTY] Portföy Dağılım Raporu
2026-04-26 14:53:15,421 [INFO]   [YTY] Portföy Dağılım Raporu
2026-04-26 14:53:15,421 [INFO]   [YTY] Portföy Dağılım Raporu
2026-04-26 14:53:15,421 [INFO]   [YKS] Portföy Dağılım Raporu
2026-04-26 14:53:15,421 [INFO]   [YTY] Portföy Dağılım Raporu
2026-04-26 14:53:15,422 [INFO]   [YTY] Portföy Dağılım Raporu
2026-04-26 14:53:15,422 [INFO]   [YP4] Portföy Dağılım Raporu
2026-04-26 14:53:15,422 [INFO]   [YTY] Portföy Dağılım Raporu
2026-04-26 14:53:15,422 [INFO]   [YUB] Portföy Dağılım Raporu
2026-04-26 14:53:15,422 [INFO]   [YTY] Portföy Dağılım Raporu
2026-04-26 14:53:15,422 [INFO]   [YTY] Portföy Dağılım Raporu
2026-04-26 14:53:15,422 [INFO]   [YTY] Portföy Dağılım Raporu
2026-04-26 14:53:15,422 [INFO]   [YTY] Portföy Dağılım Raporu
2026-04-26 14:53:15,422 [INFO]   [YGM] Portföy Dağılım Raporu
2026-04-26 14:53:15,422 [INFO]   [YIV] Portföy Dağılım Raporu
2026-04-26 14:53:15,422 [INFO]   [YCP] Portföy Dağılım Raporu
2026-04-26 14:53:15,422 [INFO]   [YTY] Portföy Dağılım Raporu
2026-04-26 14:53:15,422 [INFO]   [YTY] Portföy Dağılım Raporu
2026-04-26 14:53:15,422 [INFO]   [YTY] Portföy Dağılım Raporu
2026-04-26 14:53:15,422 [INFO]   [YVG] Portföy Dağılım Raporu
2026-04-26 14:53:15,422 [INFO]   [YTY] Portföy Dağılım Raporu
2026-04-26 14:53:15,422 [INFO]   [YTY] Portföy Dağılım Raporu
2026-04-26 14:53:15,422 [INFO]   [YTY] Portföy Dağılım Raporu
2026-04-26 14:53:15,422 [INFO]   [YTY] Portföy Dağılım Raporu
2026-04-26 14:53:15,422 [INFO]   [YTY] Portföy Dağılım Raporu
2026-04-26 14:53:15,422 [INFO]   [YZK] Portföy Dağılım Raporu
2026-04-26 14:53:15,422 [INFO]   [YTY] Portföy Dağılım Raporu
2026-04-26 14:53:15,422 [INFO]   [YPV] Portföy Dağılım Raporu
2026-04-26 14:53:15,423 [INFO]   [YTY] Portföy Dağılım Raporu
2026-04-26 14:53:15,423 [INFO]   [YTY] Portföy Dağılım Raporu
2026-04-26 14:53:15,423 [INFO]   [YTY] Portföy Dağılım Raporu
2026-04-26 14:53:15,423 [INFO]   [PLA] Portföy Dağılım Raporu
2026-04-26 14:53:15,423 [INFO]   [YSA] Portföy Dağılım Raporu
2026-04-26 14:53:15,423 [INFO]   [YTY] Portföy Dağılım Raporu
2026-04-26 14:53:15,423 [INFO]   [BDA] Portföy Dağılım Raporu
2026-04-26 14:53:15,423 [INFO]   [YIK] Portföy Dağılım Raporu
2026-04-26 14:53:15,423 [INFO]   [CKL] Portföy Dağılım Raporu
2026-04-26 14:53:15,423 [INFO]   [SSS] Portföy Dağılım Raporu
2026-04-26 14:53:15,423 [INFO]   [YMH] Portföy Dağılım Raporu
2026-04-26 14:53:15,423 [INFO]   [FLS] Portföy Dağılım Raporu
2026-04-26 14:53:15,423 [INFO]   [YSO] Portföy Dağılım Raporu
2026-04-26 14:53:15,423 [INFO]   [HVC] Portföy Dağılım Raporu
2026-04-26 14:53:15,423 [INFO]   [NNF] Portföy Dağılım Raporu
2026-04-26 14:53:15,423 [INFO]   [HVC] Portföy Dağılım Raporu
2026-04-26 14:53:15,423 [INFO]   [HVC] Portföy Dağılım Raporu
2026-04-26 14:53:15,423 [INFO]   [HYV] Portföy Dağılım Raporu
2026-04-26 14:53:15,423 [INFO]   [HVK] Portföy Dağılım Raporu
2026-04-26 14:53:15,423 [INFO]   [HVC] Portföy Dağılım Raporu
2026-04-26 14:53:15,423 [INFO]   [HVC] Portföy Dağılım Raporu
2026-04-26 14:53:15,424 [INFO]   [HVC] Portföy Dağılım Raporu
2026-04-26 14:53:15,424 [INFO]   [HVC] Portföy Dağılım Raporu
2026-04-26 14:53:15,424 [INFO]   [HVC] Portföy Dağılım Raporu
2026-04-26 14:53:15,424 [INFO]   [HVC] Portföy Dağılım Raporu
2026-04-26 14:53:15,424 [INFO]   [HVC] Portföy Dağılım Raporu
2026-04-26 14:53:15,424 [INFO]   [HKJ] Portföy Dağılım Raporu
2026-04-26 14:53:15,424 [INFO]   [HKH] Portföy Dağılım Raporu
2026-04-26 14:53:15,424 [INFO]   [MTF] Portföy Dağılım Raporu
2026-04-26 14:53:15,424 [INFO]   [HVC] Portföy Dağılım Raporu
2026-04-26 14:53:15,424 [INFO]   [HVC] Portföy Dağılım Raporu
2026-04-26 14:53:15,424 [INFO]   [MTF] Portföy Dağılım Raporu
2026-04-26 14:53:15,424 [INFO]   [HVC] Portföy Dağılım Raporu
2026-04-26 14:53:15,424 [INFO]   [HVC] Portföy Dağılım Raporu
2026-04-26 14:53:15,424 [INFO]   [HVC] Portföy Dağılım Raporu
2026-04-26 14:53:15,424 [INFO]   [HVC] Portföy Dağılım Raporu
2026-04-26 14:53:15,424 [INFO]   [HVC] Portföy Dağılım Raporu
2026-04-26 14:53:15,425 [INFO]   [HVC] Portföy Dağılım Raporu
2026-04-26 14:53:15,425 [INFO]   [HVC] Portföy Dağılım Raporu
2026-04-26 14:53:15,425 [INFO]   [HVC] Portföy Dağılım Raporu
2026-04-26 14:53:15,425 [INFO]   [FNT] Portföy Dağılım Raporu
2026-04-26 14:53:15,425 [INFO]   [HVC] Portföy Dağılım Raporu
2026-04-26 14:53:15,425 [INFO]   [MTF] Portföy Dağılım Raporu
2026-04-26 14:53:15,425 [INFO]   [FDG] Portföy Dağılım Raporu
2026-04-26 14:53:15,425 [INFO]   [ILK] Portföy Dağılım Raporu
2026-04-26 14:53:15,425 [INFO]   [GJM] Portföy Dağılım Raporu
2026-04-26 14:53:15,425 [INFO]   [MTF] Portföy Dağılım Raporu
2026-04-26 14:53:15,425 [INFO]   [BSD] Portföy Dağılım Raporu
2026-04-26 14:53:15,425 [INFO]   [HDE] Portföy Dağılım Raporu
2026-04-26 14:53:15,426 [INFO]   [PMG] Portföy Dağılım Raporu
2026-04-26 14:53:15,426 [INFO]   [ILK] Portföy Dağılım Raporu
2026-04-26 14:53:15,426 [INFO]   [AIS] Portföy Dağılım Raporu
2026-04-26 14:53:15,426 [INFO]   [HDE] Portföy Dağılım Raporu
2026-04-26 14:53:15,426 [INFO]   [AIS] Portföy Dağılım Raporu
2026-04-26 14:53:15,426 [INFO]   [HDE] Portföy Dağılım Raporu
2026-04-26 14:53:15,426 [INFO]   [HDE] Portföy Dağılım Raporu
2026-04-26 14:53:15,427 [INFO]   [HDE] Portföy Dağılım Raporu
2026-04-26 14:53:15,427 [INFO]   [IKV] Portföy Dağılım Raporu
2026-04-26 14:53:15,427 [INFO]   [HDE] Portföy Dağılım Raporu
2026-04-26 14:53:15,427 [INFO]   [BTK] Portföy Dağılım Raporu
2026-04-26 14:53:15,427 [INFO]   [BIO] Portföy Dağılım Raporu
2026-04-26 14:53:15,427 [INFO]   [HFV] Portföy Dağılım Raporu
2026-04-26 14:53:15,427 [INFO]   [HDE] Portföy Dağılım Raporu
2026-04-26 14:53:15,427 [INFO]   [IKV] Portföy Dağılım Raporu
2026-04-26 14:53:15,427 [INFO]   [MHF] Portföy Dağılım Raporu
2026-04-26 14:53:15,427 [INFO]   [MTF] Portföy Dağılım Raporu
2026-04-26 14:53:15,427 [INFO]   [ILK] Portföy Dağılım Raporu
2026-04-26 14:53:15,428 [INFO]   [SFA] Portföy Dağılım Raporu
2026-04-26 14:53:15,428 [INFO]   [ZCN] Portföy Dağılım Raporu
2026-04-26 14:53:15,428 [INFO]   [ZTG] Portföy Dağılım Raporu
2026-04-26 14:53:15,428 [INFO]   [ZCN] Portföy Dağılım Raporu
2026-04-26 14:53:15,428 [INFO]   [ZSF] Portföy Dağılım Raporu
2026-04-26 14:53:15,428 [INFO]   [ZR3] Portföy Dağılım Raporu
2026-04-26 14:53:15,428 [INFO]   [ZPR] Portföy Dağılım Raporu
2026-04-26 14:53:15,428 [INFO]   [ZCN] Portföy Dağılım Raporu
2026-04-26 14:53:15,428 [INFO]   [ZPJ] Portföy Dağılım Raporu
2026-04-26 14:53:15,428 [INFO]   [ZCN] Portföy Dağılım Raporu
2026-04-26 14:53:15,428 [INFO]   [ZCN] Portföy Dağılım Raporu
2026-04-26 14:53:15,428 [INFO]   [ZCN] Portföy Dağılım Raporu
2026-04-26 14:53:15,428 [INFO]   [ZCN] Portföy Dağılım Raporu
2026-04-26 14:53:15,428 [INFO]   [ZCN] Portföy Dağılım Raporu
2026-04-26 14:53:15,428 [INFO]   [ZCN] Portföy Dağılım Raporu
2026-04-26 14:53:15,428 [INFO]   [ZP8] Portföy Dağılım Raporu
2026-04-26 14:53:15,428 [INFO]   [ZCN] Portföy Dağılım Raporu
2026-04-26 14:53:15,428 [INFO]   [ZCN] Portföy Dağılım Raporu
2026-04-26 14:53:15,428 [INFO]   [ZCN] Portföy Dağılım Raporu
2026-04-26 14:53:15,428 [INFO]   [ZCN] Portföy Dağılım Raporu
2026-04-26 14:53:15,428 [INFO]   [ZCN] Portföy Dağılım Raporu
2026-04-26 14:53:15,429 [INFO]   [ZCN] Portföy Dağılım Raporu
2026-04-26 14:53:15,429 [INFO]   [ZCN] Portföy Dağılım Raporu
2026-04-26 14:53:15,429 [INFO]   [ZHH] Portföy Dağılım Raporu
2026-04-26 14:53:15,429 [INFO]   [ZDZ] Portföy Dağılım Raporu
2026-04-26 14:53:15,429 [INFO]   [ZCN] Portföy Dağılım Raporu
2026-04-26 14:53:15,429 [INFO]   [ZCN] Portföy Dağılım Raporu
2026-04-26 14:53:15,429 [INFO]   [ZCN] Portföy Dağılım Raporu
2026-04-26 14:53:15,429 [INFO]   [ZCN] Portföy Dağılım Raporu
2026-04-26 14:53:15,429 [INFO]   [ZBO] Portföy Dağılım Raporu
2026-04-26 14:53:15,429 [INFO]   [ZBN] Portföy Dağılım Raporu
2026-04-26 14:53:15,429 [INFO]   [ZBJ] Portföy Dağılım Raporu
2026-04-26 14:53:15,429 [INFO]   [ZCN] Portföy Dağılım Raporu
2026-04-26 14:53:15,429 [INFO]   [ZCN] Portföy Dağılım Raporu
2026-04-26 14:53:15,429 [INFO]   [ZCN] Portföy Dağılım Raporu
2026-04-26 14:53:15,429 [INFO]   [ZCN] Portföy Dağılım Raporu
2026-04-26 14:53:15,429 [INFO]   [VFK] Portföy Dağılım Raporu
2026-04-26 14:53:15,429 [INFO]   [ZCN] Portföy Dağılım Raporu
2026-04-26 14:53:15,429 [INFO]   [ZCN] Portföy Dağılım Raporu
2026-04-26 14:53:15,429 [INFO]   [ZCN] Portföy Dağılım Raporu
2026-04-26 14:53:15,429 [INFO]   [ZCN] Portföy Dağılım Raporu
2026-04-26 14:53:15,429 [INFO]   [ZCN] Portföy Dağılım Raporu
2026-04-26 14:53:15,429 [INFO]   [ZCN] Portföy Dağılım Raporu
2026-04-26 14:53:15,429 [INFO]   [ZCN] Portföy Dağılım Raporu
2026-04-26 14:53:15,429 [INFO]   [ZCN] Portföy Dağılım Raporu
2026-04-26 14:53:15,430 [INFO]   [ZCN] Portföy Dağılım Raporu
2026-04-26 14:53:15,430 [INFO]   [HKG] Portföy Dağılım Raporu
2026-04-26 14:53:15,430 [INFO]   [NBZ] Portföy Dağılım Raporu
2026-04-26 14:53:15,430 [INFO]   [EDP] Portföy Dağılım Raporu
2026-04-26 14:53:15,430 [INFO]   [MTF] Portföy Dağılım Raporu
2026-04-26 14:53:15,430 [INFO]   [EDP] Portföy Dağılım Raporu
2026-04-26 14:53:15,430 [INFO]   [BHI] Portföy Dağılım Raporu
2026-04-26 14:53:15,430 [INFO]   [NFF] Portföy Dağılım Raporu
2026-04-26 14:53:15,430 [INFO]   [EDP] Portföy Dağılım Raporu
2026-04-26 14:53:15,430 [INFO]   [NAU] Portföy Dağılım Raporu
2026-04-26 14:53:15,430 [INFO]   [NVC] Portföy Dağılım Raporu
2026-04-26 14:53:15,430 [INFO]   [EDP] Portföy Dağılım Raporu
2026-04-26 14:53:15,430 [INFO]   [MTF] Portföy Dağılım Raporu
2026-04-26 14:53:15,430 [INFO]   [NVT] Portföy Dağılım Raporu
2026-04-26 14:53:15,430 [INFO]   [EDP] Portföy Dağılım Raporu
2026-04-26 14:53:15,430 [INFO]   [MTF] Portföy Dağılım Raporu
2026-04-26 14:53:15,430 [INFO]   [MTF] Portföy Dağılım Raporu
2026-04-26 14:53:15,430 [INFO]   [MTF] Portföy Dağılım Raporu
2026-04-26 14:53:15,430 [INFO]   [EDP] Portföy Dağılım Raporu
2026-04-26 14:53:15,430 [INFO]   [NKM] Portföy Dağılım Raporu
2026-04-26 14:53:15,430 [INFO]   [EDP] Portföy Dağılım Raporu
2026-04-26 14:53:15,431 [INFO]   [EDP] Portföy Dağılım Raporu
2026-04-26 14:53:15,431 [INFO]   [EDP] Portföy Dağılım Raporu
2026-04-26 14:53:15,431 [INFO]   [EDP] Portföy Dağılım Raporu
2026-04-26 14:53:15,431 [INFO]   [EDP] Portföy Dağılım Raporu
2026-04-26 14:53:15,431 [INFO]   [EDP] Portföy Dağılım Raporu
2026-04-26 14:53:15,431 [INFO]   [NTI] Portföy Dağılım Raporu
2026-04-26 14:53:15,431 [INFO]   [NKA] Portföy Dağılım Raporu
2026-04-26 14:53:15,431 [INFO]   [ODP] Portföy Dağılım Raporu
2026-04-26 14:53:15,431 [INFO]   [OUR] Portföy Dağılım Raporu
2026-04-26 14:53:15,431 [INFO]   [OUD] Portföy Dağılım Raporu
2026-04-26 14:53:15,431 [INFO]   [ODP] Portföy Dağılım Raporu
2026-04-26 14:53:15,431 [INFO]   [ODP] Portföy Dağılım Raporu
2026-04-26 14:53:15,431 [INFO]   [ODP] Portföy Dağılım Raporu
2026-04-26 14:53:15,431 [INFO]   [ODP] Portföy Dağılım Raporu
2026-04-26 14:53:15,431 [INFO]   [ODP] Portföy Dağılım Raporu
2026-04-26 14:53:15,431 [INFO]   [ODP] Portföy Dağılım Raporu
2026-04-26 14:53:15,431 [INFO]   [ODP] Portföy Dağılım Raporu
2026-04-26 14:53:15,431 [INFO]   [ODP] Portföy Dağılım Raporu
2026-04-26 14:53:15,431 [INFO]   [ODP] Portföy Dağılım Raporu
2026-04-26 14:53:15,432 [INFO]   [ODP] Portföy Dağılım Raporu
2026-04-26 14:53:15,432 [INFO]   [ODP] Portföy Dağılım Raporu
2026-04-26 14:53:15,432 [INFO]   [MTF] Portföy Dağılım Raporu
2026-04-26 14:53:15,432 [INFO]   [ODP] Portföy Dağılım Raporu
2026-04-26 14:53:15,432 [INFO]   [ODP] Portföy Dağılım Raporu
2026-04-26 14:53:15,432 [INFO]   [OPB] Portföy Dağılım Raporu
2026-04-26 14:53:15,432 [INFO]   [MTF] Portföy Dağılım Raporu
2026-04-26 14:53:15,432 [INFO]   [ODP] Portföy Dağılım Raporu
2026-04-26 14:53:15,432 [INFO]   [ODP] Portföy Dağılım Raporu
2026-04-26 14:53:15,432 [INFO]   [ODP] Portföy Dağılım Raporu
2026-04-26 14:53:15,432 [INFO]   [ODP] Portföy Dağılım Raporu
2026-04-26 14:53:15,432 [INFO]   [IHC] Portföy Dağılım Raporu
2026-04-26 14:53:15,432 [INFO]   [GEI] Portföy Dağılım Raporu
2026-04-26 14:53:15,432 [INFO]   [GEI] Portföy Dağılım Raporu
2026-04-26 14:53:15,432 [INFO]   [GEI] Portföy Dağılım Raporu
2026-04-26 14:53:15,432 [INFO]   [GEI] Portföy Dağılım Raporu
2026-04-26 14:53:15,432 [INFO]   [GEI] Portföy Dağılım Raporu
2026-04-26 14:53:15,432 [INFO]   [GEI] Portföy Dağılım Raporu
2026-04-26 14:53:15,432 [INFO]   [GEI] Portföy Dağılım Raporu
2026-04-26 14:53:15,432 [INFO]   [GGK] Portföy Dağılım Raporu
2026-04-26 14:53:15,432 [INFO]   [GEI] Portföy Dağılım Raporu
2026-04-26 14:53:15,432 [INFO]   [GEI] Portföy Dağılım Raporu
2026-04-26 14:53:15,432 [INFO]   [GAN] Portföy Dağılım Raporu
2026-04-26 14:53:15,432 [INFO]   [GEI] Portföy Dağılım Raporu
2026-04-26 14:53:15,433 [INFO]   [GEI] Portföy Dağılım Raporu
2026-04-26 14:53:15,433 [INFO]   [CVK] Portföy Dağılım Raporu
2026-04-26 14:53:15,433 [INFO]   [GEI] Portföy Dağılım Raporu
2026-04-26 14:53:15,433 [INFO]   [GEI] Portföy Dağılım Raporu
2026-04-26 14:53:15,433 [INFO]   [GEI] Portföy Dağılım Raporu
2026-04-26 14:53:15,433 [INFO]   [IV7] Portföy Dağılım Raporu
2026-04-26 14:53:15,433 [INFO]   [GEI] Portföy Dağılım Raporu
2026-04-26 14:53:15,433 [INFO]   [GEI] Portföy Dağılım Raporu
2026-04-26 14:53:15,433 [INFO]   [GEI] Portföy Dağılım Raporu
2026-04-26 14:53:15,433 [INFO]   [GEI] Portföy Dağılım Raporu
2026-04-26 14:53:15,433 [INFO]   [IRT] Portföy Dağılım Raporu
2026-04-26 14:53:15,433 [INFO]   [GEI] Portföy Dağılım Raporu
2026-04-26 14:53:15,433 [INFO]   [INV] Portföy Dağılım Raporu
2026-04-26 14:53:15,433 [INFO]   [GEI] Portföy Dağılım Raporu
2026-04-26 14:53:15,433 [INFO]   [GEI] Portföy Dağılım Raporu
2026-04-26 14:53:15,433 [INFO]   [GEI] Portföy Dağılım Raporu
2026-04-26 14:53:15,433 [INFO]   [YHY] Portföy Dağılım Raporu
2026-04-26 14:53:15,433 [INFO]   [SSF] Portföy Dağılım Raporu
2026-04-26 14:53:15,433 [INFO]   [GEI] Portföy Dağılım Raporu
2026-04-26 14:53:15,433 [INFO]   [GEI] Portföy Dağılım Raporu
2026-04-26 14:53:15,433 [INFO]   [MTF] Portföy Dağılım Raporu
2026-04-26 14:53:15,433 [INFO]   [EJG] Portföy Dağılım Raporu
2026-04-26 14:53:15,433 [INFO]   [AZJ] Portföy Dağılım Raporu
2026-04-26 14:53:15,433 [INFO]   [EJG] Portföy Dağılım Raporu
2026-04-26 14:53:15,433 [INFO]   [AZJ] Portföy Dağılım Raporu
2026-04-26 14:53:15,433 [INFO]   [EJG] Portföy Dağılım Raporu
2026-04-26 14:53:15,434 [INFO]   [FYI] Portföy Dağılım Raporu
2026-04-26 14:53:15,434 [INFO]   [BJD] Portföy Dağılım Raporu
2026-04-26 14:53:15,434 [INFO]   [EJG] Portföy Dağılım Raporu
2026-04-26 14:53:15,434 [INFO]   [EJG] Portföy Dağılım Raporu
2026-04-26 14:53:15,434 [INFO]   [EJG] Portföy Dağılım Raporu
2026-04-26 14:53:15,434 [INFO]   [EJG] Portföy Dağılım Raporu
2026-04-26 14:53:15,434 [INFO]   [EJG] Portföy Dağılım Raporu
2026-04-26 14:53:15,434 [INFO]   [EJG] Portföy Dağılım Raporu
2026-04-26 14:53:15,434 [INFO]   [EJG] Portföy Dağılım Raporu
2026-04-26 14:53:15,434 [INFO]   [EJG] Portföy Dağılım Raporu
2026-04-26 14:53:15,434 [INFO]   [HYP] Portföy Dağılım Raporu
2026-04-26 14:53:15,434 [INFO]   [EJG] Portföy Dağılım Raporu
2026-04-26 14:53:15,434 [INFO]   [EJG] Portföy Dağılım Raporu
2026-04-26 14:53:15,434 [INFO]   [EJG] Portföy Dağılım Raporu
2026-04-26 14:53:15,434 [INFO]   [EJG] Portföy Dağılım Raporu
2026-04-26 14:53:15,434 [INFO]   [SFS] Portföy Dağılım Raporu
2026-04-26 14:53:15,434 [INFO]   [EJG] Portföy Dağılım Raporu
2026-04-26 14:53:15,434 [INFO]   [EJG] Portföy Dağılım Raporu
2026-04-26 14:53:15,434 [INFO]   [PPZ] Portföy Dağılım Raporu
2026-04-26 14:53:15,434 [INFO]   [PGS] Portföy Dağılım Raporu
2026-04-26 14:53:15,434 [INFO]   [OTM] Portföy Dağılım Raporu
2026-04-26 14:53:15,434 [INFO]   [EJG] Portföy Dağılım Raporu
2026-04-26 14:53:15,434 [INFO]   [EJG] Portföy Dağılım Raporu
2026-04-26 14:53:15,434 [INFO]   [KVS] Portföy Dağılım Raporu
2026-04-26 14:53:15,434 [INFO]   [EJG] Portföy Dağılım Raporu
2026-04-26 14:53:15,434 [INFO]   [ZMT] Portföy Dağılım Raporu
2026-04-26 14:53:15,435 [INFO]   [EJG] Portföy Dağılım Raporu
2026-04-26 14:53:15,435 [INFO]   [EJG] Portföy Dağılım Raporu
2026-04-26 14:53:15,435 [INFO]   [EJG] Portföy Dağılım Raporu
2026-04-26 14:53:15,435 [INFO]   [EJG] Portföy Dağılım Raporu
2026-04-26 14:53:15,435 [INFO]   [EJG] Portföy Dağılım Raporu
2026-04-26 14:53:15,435 [INFO]   [UPS] Portföy Dağılım Raporu
2026-04-26 14:53:15,435 [INFO]   [UPS] Portföy Dağılım Raporu
2026-04-26 14:53:15,435 [INFO]   [UPS] Portföy Dağılım Raporu
2026-04-26 14:53:15,435 [INFO]   [UPS] Portföy Dağılım Raporu
2026-04-26 14:53:15,435 [INFO]   [UPS] Portföy Dağılım Raporu
2026-04-26 14:53:15,435 [INFO]   [UPS] Portföy Dağılım Raporu
2026-04-26 14:53:15,435 [INFO]   [UPS] Portföy Dağılım Raporu
2026-04-26 14:53:15,435 [INFO]   [UPS] Portföy Dağılım Raporu
2026-04-26 14:53:15,435 [INFO]   [UPS] Portföy Dağılım Raporu
2026-04-26 14:53:15,435 [INFO]   [MTF] Portföy Dağılım Raporu
2026-04-26 14:53:15,435 [INFO]   [MTF] Portföy Dağılım Raporu
2026-04-26 14:53:15,435 [INFO]   [MTF] Portföy Dağılım Raporu
2026-04-26 14:53:15,435 [INFO]   [PTP] Portföy Dağılım Raporu
2026-04-26 14:53:15,435 [INFO]   [GZN] Portföy Dağılım Raporu
2026-04-26 14:53:15,436 [WARNING] No fund match for: GLOBAL MD PORTFÖY DURU SERBEST FON
2026-04-26 14:53:15,436 [WARNING] No fund match for: GLOBAL MD PORTFÖY ALGORİTMİK MODEL HİSSE SENEDİ FONU (HİSSE SENEDİ YOĞUN FON)
2026-04-26 14:53:15,436 [INFO]   [MTF] Portföy Dağılım Raporu
2026-04-26 14:53:15,436 [INFO]   [GMD] Portföy Dağılım Raporu
2026-04-26 14:53:15,436 [INFO]   [TIL] Portföy Dağılım Raporu
2026-04-26 14:53:15,437 [WARNING] No fund match for: GLOBAL MD PORTFÖY KISA VADELİ BORÇLANMA ARAÇLARI (TL) FONU
2026-04-26 14:53:15,437 [INFO]   [AIS] Portföy Dağılım Raporu
2026-04-26 14:53:15,437 [INFO]   [MTF] Portföy Dağılım Raporu
2026-04-26 14:53:15,437 [INFO]   [MTF] Portföy Dağılım Raporu
2026-04-26 14:53:15,437 [INFO]   [IKV] Portföy Dağılım Raporu
2026-04-26 14:53:15,437 [WARNING] No fund match for: GLOBAL MD PORTFÖY BERRAK SERBEST FON
2026-04-26 14:53:15,437 [INFO]   [IJZ] Portföy Dağılım Raporu
2026-04-26 14:53:15,437 [INFO]   [TNH] Portföy Dağılım Raporu
2026-04-26 14:53:15,437 [INFO]   [TNH] Portföy Dağılım Raporu
2026-04-26 14:53:15,437 [INFO]   [TNH] Portföy Dağılım Raporu
2026-04-26 14:53:15,437 [INFO]   [TNH] Portföy Dağılım Raporu
2026-04-26 14:53:15,437 [INFO]   [TNH] Portföy Dağılım Raporu
2026-04-26 14:53:15,437 [INFO]   [TNH] Portföy Dağılım Raporu
2026-04-26 14:53:15,437 [INFO]   [TNH] Portföy Dağılım Raporu
2026-04-26 14:53:15,437 [INFO]   [TNH] Portföy Dağılım Raporu
2026-04-26 14:53:15,438 [INFO]   [PRD] Portföy Dağılım Raporu
2026-04-26 14:53:15,438 [INFO]   [PPM] Portföy Dağılım Raporu
2026-04-26 14:53:15,438 [INFO]   [ILK] Portföy Dağılım Raporu
2026-04-26 14:53:15,438 [INFO]   [PID] Portföy Dağılım Raporu
2026-04-26 14:53:15,438 [INFO]   [PPM] Portföy Dağılım Raporu
2026-04-26 14:53:15,438 [INFO]   [MTF] Portföy Dağılım Raporu
2026-04-26 14:53:15,438 [INFO]   [BHI] Portföy Dağılım Raporu
2026-04-26 14:53:15,438 [INFO]   [BIS] Portföy Dağılım Raporu
2026-04-26 14:53:15,438 [INFO]   [BSD] Portföy Dağılım Raporu
2026-04-26 14:53:15,438 [INFO]   [BTE] Portföy Dağılım Raporu
2026-04-26 14:53:15,438 [INFO]   [BTK] Portföy Dağılım Raporu
2026-04-26 14:53:15,438 [INFO]   [MTF] Portföy Dağılım Raporu
2026-04-26 14:53:15,438 [INFO]   [BVD] Portföy Dağılım Raporu
2026-04-26 14:53:15,438 [INFO]   [AIS] Portföy Dağılım Raporu
2026-04-26 14:53:15,438 [INFO]   [BVV] Portföy Dağılım Raporu
2026-04-26 14:53:15,438 [WARNING] No fund match for: BV PORTFÖY İSTATİSTİKSEL ARBİTRAJ SERBEST (TL) FON
2026-04-26 14:53:15,438 [INFO]   [HAR] Portföy Dağılım Raporu
2026-04-26 14:53:15,439 [INFO]   [MTD] Portföy Dağılım Raporu
2026-04-26 14:53:15,439 [INFO]   [DTZ] Portföy Dağılım Raporu
2026-04-26 14:53:15,439 [INFO]   [SPR] Portföy Dağılım Raporu
2026-04-26 14:53:15,439 [INFO]   [PBK] Portföy Dağılım Raporu
2026-04-26 14:53:15,439 [INFO]   [IAS] Portföy Dağılım Raporu
2026-04-26 14:53:15,439 [INFO]   [IAS] Portföy Dağılım Raporu
2026-04-26 14:53:15,439 [INFO]   [THV] Portföy Dağılım Raporu
2026-04-26 14:53:15,439 [INFO]   [URA] Portföy Dağılım Raporu
2026-04-26 14:53:15,439 [INFO]   [TLZ] Portföy Dağılım Raporu
2026-04-26 14:53:15,439 [INFO]   [THV] Portföy Dağılım Raporu
2026-04-26 14:53:15,439 [INFO]   [PKP] Portföy Dağılım Raporu
2026-04-26 14:53:15,439 [INFO]   [PKF] Portföy Dağılım Raporu
2026-04-26 14:53:15,439 [INFO]   [THV] Portföy Dağılım Raporu
2026-04-26 14:53:15,439 [INFO]   [THV] Portföy Dağılım Raporu
2026-04-26 14:53:15,439 [INFO]   [THV] Portföy Dağılım Raporu
2026-04-26 14:53:15,439 [INFO]   [THV] Portföy Dağılım Raporu
2026-04-26 14:53:15,439 [INFO]   [THV] Portföy Dağılım Raporu
2026-04-26 14:53:15,439 [INFO]   [MTF] Portföy Dağılım Raporu
2026-04-26 14:53:15,439 [INFO]   [THV] Portföy Dağılım Raporu
2026-04-26 14:53:15,439 [INFO]   [THV] Portföy Dağılım Raporu
2026-04-26 14:53:15,439 [INFO]   [THV] Portföy Dağılım Raporu
2026-04-26 14:53:15,439 [INFO]   [THV] Portföy Dağılım Raporu
2026-04-26 14:53:15,440 [INFO]   [MPP] Portföy Dağılım Raporu
2026-04-26 14:53:15,440 [INFO]   [IKV] Portföy Dağılım Raporu
2026-04-26 14:53:15,440 [INFO]   [MTF] Portföy Dağılım Raporu
2026-04-26 14:53:15,440 [INFO]   [FUA] Portföy Dağılım Raporu
2026-04-26 14:53:15,440 [INFO]   [IPG] Portföy Dağılım Raporu
2026-04-26 14:53:15,440 [INFO]   [IKV] Portföy Dağılım Raporu
2026-04-26 14:53:15,440 [INFO]   [IEV] Portföy Dağılım Raporu
2026-04-26 14:53:15,440 [INFO]   [IUZ] Portföy Dağılım Raporu
2026-04-26 14:53:15,440 [INFO]   [IUF] Portföy Dağılım Raporu
2026-04-26 14:53:15,440 [INFO]   [BNC] Portföy Dağılım Raporu
2026-04-26 14:53:15,440 [WARNING] No fund match for: İŞ PORTFÖY TARIM SERBEST FON
2026-04-26 14:53:15,440 [INFO]   [IJC] Portföy Dağılım Raporu
2026-04-26 14:53:15,440 [INFO]   [IJB] Portföy Dağılım Raporu
2026-04-26 14:53:15,441 [INFO]   [VNK] Portföy Dağılım Raporu
2026-04-26 14:53:15,441 [INFO]   [VPS] Portföy Dağılım Raporu
2026-04-26 14:53:15,441 [INFO]   [VNK] Portföy Dağılım Raporu
2026-04-26 14:53:15,441 [INFO]   [VNK] Portföy Dağılım Raporu
2026-04-26 14:53:15,441 [INFO]   [PRV] Portföy Dağılım Raporu
2026-04-26 14:53:15,441 [INFO]   [PRV] Portföy Dağılım Raporu
2026-04-26 14:53:15,441 [INFO]   [MTF] Portföy Dağılım Raporu
2026-04-26 14:53:15,441 [INFO]   [PDD] Portföy Dağılım Raporu
2026-04-26 14:53:15,441 [INFO]   [PBK] Portföy Dağılım Raporu
2026-04-26 14:53:15,441 [INFO]   [IAS] Portföy Dağılım Raporu
2026-04-26 14:53:15,441 [INFO]   [IAS] Portföy Dağılım Raporu
2026-04-26 14:53:15,441 [INFO]   [PRV] Portföy Dağılım Raporu
2026-04-26 14:53:15,441 [INFO]   [IAS] Portföy Dağılım Raporu
2026-04-26 14:53:15,441 [INFO]   [IAS] Portföy Dağılım Raporu
2026-04-26 14:53:15,441 [INFO]   [IAS] Portföy Dağılım Raporu
2026-04-26 14:53:15,441 [INFO]   [IAS] Portföy Dağılım Raporu
2026-04-26 14:53:15,441 [INFO]   [ODG] Portföy Dağılım Raporu
2026-04-26 14:53:15,441 [INFO]   [FJM] Portföy Dağılım Raporu
2026-04-26 14:53:15,442 [INFO]   [FJM] Portföy Dağılım Raporu
2026-04-26 14:53:15,442 [INFO]   [FJM] Portföy Dağılım Raporu
2026-04-26 14:53:15,442 [INFO]   [MTF] Portföy Dağılım Raporu
2026-04-26 14:53:15,442 [INFO]   [IKV] Portföy Dağılım Raporu
2026-04-26 14:53:15,442 [INFO]   [FJM] Portföy Dağılım Raporu
2026-04-26 14:53:15,442 [INFO]   [MTF] Portföy Dağılım Raporu
2026-04-26 14:53:15,442 [INFO]   [AIS] Portföy Dağılım Raporu
2026-04-26 14:53:15,442 [INFO]   [FJM] Portföy Dağılım Raporu
2026-04-26 14:53:15,442 [INFO]   [PMG] Portföy Dağılım Raporu
2026-04-26 14:53:15,442 [INFO]   [IZS] Portföy Dağılım Raporu
2026-04-26 14:53:15,442 [INFO]   [IRO] Portföy Dağılım Raporu
2026-04-26 14:53:15,442 [INFO]   [IVY] Portföy Dağılım Raporu
2026-04-26 14:53:15,442 [INFO]   [IRO] Portföy Dağılım Raporu
2026-04-26 14:53:15,442 [INFO]   [IRO] Portföy Dağılım Raporu
2026-04-26 14:53:15,442 [INFO]   [IRO] Portföy Dağılım Raporu
2026-04-26 14:53:15,442 [INFO]   [IRO] Portföy Dağılım Raporu
2026-04-26 14:53:15,442 [INFO]   [IRB] Portföy Dağılım Raporu
2026-04-26 14:53:15,442 [INFO]   [IRO] Portföy Dağılım Raporu
2026-04-26 14:53:15,442 [INFO]   [IRO] Portföy Dağılım Raporu
2026-04-26 14:53:15,442 [INFO]   [IRO] Portföy Dağılım Raporu
2026-04-26 14:53:15,442 [INFO]   [IRO] Portföy Dağılım Raporu
2026-04-26 14:53:15,443 [INFO]   [IRO] Portföy Dağılım Raporu
2026-04-26 14:53:15,443 [INFO]   [IRO] Portföy Dağılım Raporu
2026-04-26 14:53:15,443 [INFO]   [IRO] Portföy Dağılım Raporu
2026-04-26 14:53:15,443 [INFO]   [IRO] Portföy Dağılım Raporu
2026-04-26 14:53:15,443 [INFO]   [IRO] Portföy Dağılım Raporu
2026-04-26 14:53:15,443 [INFO]   [IRO] Portföy Dağılım Raporu
2026-04-26 14:53:15,443 [INFO]   [BIP] Portföy Dağılım Raporu
2026-04-26 14:53:15,443 [INFO]   [IRO] Portföy Dağılım Raporu
2026-04-26 14:53:15,443 [INFO]   [IRO] Portföy Dağılım Raporu
2026-04-26 14:53:15,443 [INFO]   [GMI] Portföy Dağılım Raporu
2026-04-26 14:53:15,443 [INFO]   [FJM] Portföy Dağılım Raporu
2026-04-26 14:53:15,443 [INFO]   [FJM] Portföy Dağılım Raporu
2026-04-26 14:53:15,443 [INFO]   [FJM] Portföy Dağılım Raporu
2026-04-26 14:53:15,443 [INFO]   [FJM] Portföy Dağılım Raporu
2026-04-26 14:53:15,443 [INFO]   [AIS] Portföy Dağılım Raporu
2026-04-26 14:53:15,443 [INFO]   [FJM] Portföy Dağılım Raporu
2026-04-26 14:53:15,443 [INFO]   [ILK] Portföy Dağılım Raporu
2026-04-26 14:53:15,443 [INFO]   [FBZ] Portföy Dağılım Raporu
2026-04-26 14:53:15,443 [INFO]   [MTF] Portföy Dağılım Raporu
2026-04-26 14:53:15,444 [INFO]   [EBS] Portföy Dağılım Raporu
2026-04-26 14:53:15,444 [INFO]   [EBS] Portföy Dağılım Raporu
2026-04-26 14:53:15,444 [INFO]   [EBS] Portföy Dağılım Raporu
2026-04-26 14:53:15,444 [INFO]   [EBS] Portföy Dağılım Raporu
2026-04-26 14:53:15,444 [INFO]   [EPT] Portföy Dağılım Raporu
2026-04-26 14:53:15,444 [INFO]   [EBS] Portföy Dağılım Raporu
2026-04-26 14:53:15,444 [INFO]   [EBS] Portföy Dağılım Raporu
2026-04-26 14:53:15,444 [INFO]   [EBS] Portföy Dağılım Raporu
2026-04-26 14:53:15,444 [INFO]   [EBS] Portföy Dağılım Raporu
2026-04-26 14:53:15,444 [INFO]   [EBS] Portföy Dağılım Raporu
2026-04-26 14:53:15,444 [INFO]   [EBI] Portföy Dağılım Raporu
2026-04-26 14:53:15,444 [WARNING] No fund match for: İŞ PORTFÖY YABANCI HİSSE SENEDİ FONU
2026-04-26 14:53:15,444 [WARNING] No fund match for: İŞ PORTFÖY KUMBARA HESABI FON SEPETİ ÖZEL FON
2026-04-26 14:53:15,445 [WARNING] No fund match for: İŞ PORTFÖY DENGELİ DEĞİŞKEN FON
2026-04-26 14:53:15,445 [WARNING] No fund match for: İŞ PORTFÖY İŞ BANKASI İŞTİRAKLERİ ENDEKSİ HİSSE SENEDİ (TL) FONU (HİSSE SENEDİ Y
2026-04-26 14:53:15,445 [INFO]   [PMG] Portföy Dağılım Raporu
2026-04-26 14:53:15,445 [WARNING] No fund match for: İŞ PORTFÖY TEMKİNLİ DEĞİŞKEN FON
2026-04-26 14:53:15,446 [WARNING] No fund match for: İŞ PORTFÖY BORÇLANMA ARAÇLARI (TL) FONU
2026-04-26 14:53:15,446 [WARNING] No fund match for: İŞ PORTFÖY MAKSİMUM HESAP KISA VADELİ BORÇLANMA ARAÇLARI (TL) FONU
2026-04-26 14:53:15,446 [WARNING] No fund match for: İŞ PORTFÖY KISA VADELİ BORÇLANMA ARAÇLARI (TL) FONU
2026-04-26 14:53:15,446 [INFO]   [AIS] Portföy Dağılım Raporu
2026-04-26 14:53:15,446 [INFO]   [IRO] Portföy Dağılım Raporu
2026-04-26 14:53:15,446 [INFO]   [IRO] Portföy Dağılım Raporu
2026-04-26 14:53:15,446 [INFO]   [IRO] Portföy Dağılım Raporu
2026-04-26 14:53:15,446 [INFO]   [IRO] Portföy Dağılım Raporu
2026-04-26 14:53:15,447 [INFO]   [ACN] Portföy Dağılım Raporu
2026-04-26 14:53:15,447 [INFO]   [IRO] Portföy Dağılım Raporu
2026-04-26 14:53:15,447 [INFO]   [MTF] Portföy Dağılım Raporu
2026-04-26 14:53:15,447 [INFO]   [GO6] Portföy Dağılım Raporu
2026-04-26 14:53:15,447 [INFO]   [GO4] Portföy Dağılım Raporu
2026-04-26 14:53:15,447 [INFO]   [ODG] Portföy Dağılım Raporu
2026-04-26 14:53:15,447 [INFO]   [ODG] Portföy Dağılım Raporu
2026-04-26 14:53:15,447 [INFO]   [MTF] Portföy Dağılım Raporu
2026-04-26 14:53:15,447 [INFO]   [ODG] Portföy Dağılım Raporu
2026-04-26 14:53:15,447 [INFO]   [ODG] Portföy Dağılım Raporu
2026-04-26 14:53:15,447 [INFO]   [MTF] Portföy Dağılım Raporu
2026-04-26 14:53:15,447 [INFO]   [ODG] Portföy Dağılım Raporu
2026-04-26 14:53:15,447 [INFO]   [MTF] Portföy Dağılım Raporu
2026-04-26 14:53:15,447 [INFO]   [ODG] Portföy Dağılım Raporu
2026-04-26 14:53:15,447 [INFO]   [FBC] Portföy Dağılım Raporu
2026-04-26 14:53:15,447 [INFO]   [FAL] Portföy Dağılım Raporu
2026-04-26 14:53:15,447 [INFO]   [PKR] Portföy Dağılım Raporu
2026-04-26 14:53:15,447 [INFO]   [RTA] Portföy Dağılım Raporu
2026-04-26 14:53:15,447 [INFO]   [RTA] Portföy Dağılım Raporu
2026-04-26 14:53:15,447 [INFO]   [RTA] Portföy Dağılım Raporu
2026-04-26 14:53:15,447 [INFO]   [CPT] Portföy Dağılım Raporu
2026-04-26 14:53:15,447 [INFO]   [RTA] Portföy Dağılım Raporu
2026-04-26 14:53:15,447 [INFO]   [RPX] Portföy Dağılım Raporu
2026-04-26 14:53:15,447 [INFO]   [RTA] Portföy Dağılım Raporu
2026-04-26 14:53:15,447 [INFO]   [RTA] Portföy Dağılım Raporu
2026-04-26 14:53:15,447 [INFO]   [RTA] Portföy Dağılım Raporu
2026-04-26 14:53:15,447 [INFO]   [RPI] Portföy Dağılım Raporu
2026-04-26 14:53:15,447 [INFO]   [RTA] Portföy Dağılım Raporu
2026-04-26 14:53:15,447 [INFO]   [RTA] Portföy Dağılım Raporu
2026-04-26 14:53:15,447 [INFO]   [RKS] Portföy Dağılım Raporu
2026-04-26 14:53:15,447 [INFO]   [RPG] Portföy Dağılım Raporu
2026-04-26 14:53:15,447 [INFO]   [RTA] Portföy Dağılım Raporu
2026-04-26 14:53:15,448 [INFO]   [RTA] Portföy Dağılım Raporu
2026-04-26 14:53:15,448 [INFO]   [RTA] Portföy Dağılım Raporu
2026-04-26 14:53:15,448 [INFO]   [RTA] Portföy Dağılım Raporu
2026-04-26 14:53:15,448 [INFO]   [ROF] Portföy Dağılım Raporu
2026-04-26 14:53:15,448 [INFO]   [RSK] Portföy Dağılım Raporu
2026-04-26 14:53:15,448 [INFO]   [RTA] Portföy Dağılım Raporu
2026-04-26 14:53:15,448 [INFO]   [RTA] Portföy Dağılım Raporu
2026-04-26 14:53:15,448 [INFO]   [RDF] Portföy Dağılım Raporu
2026-04-26 14:53:15,448 [INFO]   [RIK] Portföy Dağılım Raporu
2026-04-26 14:53:15,448 [INFO]   [MTF] Portföy Dağılım Raporu
2026-04-26 14:53:15,448 [INFO]   [MTF] Portföy Dağılım Raporu
2026-04-26 14:53:15,448 [INFO]   [BNC] Portföy Dağılım Raporu
2026-04-26 14:53:15,448 [INFO]   [MTF] Portföy Dağılım Raporu
2026-04-26 14:53:15,448 [INFO]   [MTF] Portföy Dağılım Raporu
2026-04-26 14:53:15,448 [INFO]   [BRC] Portföy Dağılım Raporu
2026-04-26 14:53:15,448 [INFO]   [MTF] Portföy Dağılım Raporu
2026-04-26 14:53:15,448 [INFO]   [MTF] Portföy Dağılım Raporu
2026-04-26 14:53:15,448 [INFO]   [BTK] Portföy Dağılım Raporu
2026-04-26 14:53:15,448 [INFO]   [AIS] Portföy Dağılım Raporu
2026-04-26 14:53:15,448 [INFO]   [RIK] Portföy Dağılım Raporu
2026-04-26 14:53:15,448 [INFO]   [MTF] Portföy Dağılım Raporu
2026-04-26 14:53:15,448 [INFO]   [RIK] Portföy Dağılım Raporu
2026-04-26 14:53:15,448 [INFO]   [TLV] Portföy Dağılım Raporu
2026-04-26 14:53:15,449 [INFO]   [RIK] Portföy Dağılım Raporu
2026-04-26 14:53:15,449 [INFO]   [ILK] Portföy Dağılım Raporu
2026-04-26 14:53:15,449 [INFO]   [IKV] Portföy Dağılım Raporu
2026-04-26 14:53:15,449 [INFO]   [MTF] Portföy Dağılım Raporu
2026-04-26 14:53:15,449 [INFO]   [RGH] Portföy Dağılım Raporu
2026-04-26 14:53:15,449 [INFO]   [RIK] Portföy Dağılım Raporu
2026-04-26 14:53:15,449 [INFO]   [PAB] Portföy Dağılım Raporu
2026-04-26 14:53:15,449 [INFO]   [AIS] Portföy Dağılım Raporu
2026-04-26 14:53:15,449 [INFO]   [PMG] Portföy Dağılım Raporu
2026-04-26 14:53:15,449 [INFO]   [DA1] Portföy Dağılım Raporu
2026-04-26 14:53:15,449 [INFO]   [DA1] Portföy Dağılım Raporu
2026-04-26 14:53:15,449 [INFO]   [DA1] Portföy Dağılım Raporu
2026-04-26 14:53:15,449 [INFO]   [CVL] Portföy Dağılım Raporu
2026-04-26 14:53:15,449 [INFO]   [PMG] Portföy Dağılım Raporu
2026-04-26 14:53:15,449 [INFO]   [DA1] Portföy Dağılım Raporu
2026-04-26 14:53:15,449 [INFO]   [ILK] Portföy Dağılım Raporu
2026-04-26 14:53:15,449 [INFO]   [AJ1] Portföy Dağılım Raporu
2026-04-26 14:53:15,449 [INFO]   [MTF] Portföy Dağılım Raporu
2026-04-26 14:53:15,450 [INFO]   [PEA] Portföy Dağılım Raporu
2026-04-26 14:53:15,450 [INFO]   [AIS] Portföy Dağılım Raporu
2026-04-26 14:53:15,450 [INFO]   [GMI] Portföy Dağılım Raporu
2026-04-26 14:53:15,450 [INFO]   [STM] Portföy Dağılım Raporu
2026-04-26 14:53:15,450 [INFO]   [AOJ] Portföy Dağılım Raporu
2026-04-26 14:53:15,450 [INFO]   [MTF] Portföy Dağılım Raporu
2026-04-26 14:53:15,450 [INFO]   [MTF] Portföy Dağılım Raporu
2026-04-26 14:53:15,450 [INFO]   [BFE] Portföy Dağılım Raporu
2026-04-26 14:53:15,450 [INFO]   [MTF] Portföy Dağılım Raporu
2026-04-26 14:53:15,450 [INFO]   [STM] Portföy Dağılım Raporu
2026-04-26 14:53:15,450 [INFO]   [STM] Portföy Dağılım Raporu
2026-04-26 14:53:15,450 [INFO]   [STM] Portföy Dağılım Raporu
2026-04-26 14:53:15,450 [INFO]   [HVU] Portföy Dağılım Raporu
2026-04-26 14:53:15,450 [INFO]   [HVZ] Portföy Dağılım Raporu
2026-04-26 14:53:15,450 [INFO]   [IKV] Portföy Dağılım Raporu
2026-04-26 14:53:15,450 [INFO]   [IKV] Portföy Dağılım Raporu
2026-04-26 14:53:15,450 [INFO]   [STM] Portföy Dağılım Raporu
2026-04-26 14:53:15,450 [INFO]   [STM] Portföy Dağılım Raporu
2026-04-26 14:53:15,450 [INFO]   [KLS] Portföy Dağılım Raporu
2026-04-26 14:53:15,451 [INFO]   [STM] Portföy Dağılım Raporu
2026-04-26 14:53:15,451 [INFO]   [LLA] Portföy Dağılım Raporu
2026-04-26 14:53:15,451 [INFO]   [STM] Portföy Dağılım Raporu
2026-04-26 14:53:15,451 [INFO]   [SBS] Portföy Dağılım Raporu
2026-04-26 14:53:15,451 [INFO]   [MTF] Portföy Dağılım Raporu
2026-04-26 14:53:15,451 [INFO]   [SBS] Portföy Dağılım Raporu
2026-04-26 14:53:15,451 [INFO]   [MTF] Portföy Dağılım Raporu
2026-04-26 14:53:15,451 [INFO]   [YBJ] Portföy Dağılım Raporu
2026-04-26 14:53:15,451 [INFO]   [NUB] Portföy Dağılım Raporu
2026-04-26 14:53:15,451 [INFO]   [NUB] Portföy Dağılım Raporu
2026-04-26 14:53:15,451 [INFO]   [NCS] Portföy Dağılım Raporu
2026-04-26 14:53:15,451 [INFO]   [NUB] Portföy Dağılım Raporu
2026-04-26 14:53:15,451 [INFO]   [NUB] Portföy Dağılım Raporu
2026-04-26 14:53:15,451 [INFO]   [NUB] Portföy Dağılım Raporu
2026-04-26 14:53:15,451 [INFO]   [NUB] Portföy Dağılım Raporu
2026-04-26 14:53:15,451 [INFO]   [NUB] Portföy Dağılım Raporu
2026-04-26 14:53:15,451 [INFO]   [NSH] Portföy Dağılım Raporu
2026-04-26 14:53:15,451 [INFO]   [NUB] Portföy Dağılım Raporu
2026-04-26 14:53:15,451 [INFO]   [NUB] Portföy Dağılım Raporu
2026-04-26 14:53:15,451 [INFO]   [NUB] Portföy Dağılım Raporu
2026-04-26 14:53:15,451 [INFO]   [NME] Portföy Dağılım Raporu
2026-04-26 14:53:15,451 [INFO]   [NUB] Portföy Dağılım Raporu
2026-04-26 14:53:15,451 [INFO]   [NUB] Portföy Dağılım Raporu
2026-04-26 14:53:15,451 [INFO]   [NKT] Portföy Dağılım Raporu
2026-04-26 14:53:15,451 [INFO]   [NUB] Portföy Dağılım Raporu
2026-04-26 14:53:15,452 [WARNING] No fund match for: İŞ PORTFÖY PY ÖZEL SEKTÖR BORÇLANMA ARAÇLARI (TL) ÖZEL FONU
2026-04-26 14:53:15,452 [INFO]   [ILK] Portföy Dağılım Raporu
2026-04-26 14:53:15,452 [INFO]   [TMC] Portföy Dağılım Raporu
2026-04-26 14:53:15,452 [WARNING] No fund match for: İŞ PORTFÖY PRİVİA BANKACILIK FON SEPETİ ÖZEL FONU
2026-04-26 14:53:15,452 [WARNING] No fund match for: İŞ PORTFÖY EMTİA YABANCI BYF FON SEPETİ FONU
2026-04-26 14:53:15,453 [WARNING] No fund match for: İŞ PORTFÖY YABANCI BORÇLANMA ARAÇLARI FONU
2026-04-26 14:53:15,453 [INFO]   [AZF] Portföy Dağılım Raporu
2026-04-26 14:53:15,453 [INFO]   [MHF] Portföy Dağılım Raporu
2026-04-26 14:53:15,453 [INFO]   [MHF] Portföy Dağılım Raporu
2026-04-26 14:53:15,453 [INFO]   [MHF] Portföy Dağılım Raporu
2026-04-26 14:53:15,453 [INFO]   [UCP] Portföy Dağılım Raporu
2026-04-26 14:53:15,453 [INFO]   [AIS] Portföy Dağılım Raporu
2026-04-26 14:53:15,453 [WARNING] No fund match for: AK PORTFÖY ALTERNATİF ENERJİ YABANCI HİSSE SENEDİ FONU
2026-04-26 14:53:15,454 [WARNING] No fund match for: AK PORTFÖY ALTERNATİF BANK PARA PİYASASI (TL) FONU
2026-04-26 14:53:15,454 [INFO]   [AIS] Portföy Dağılım Raporu
2026-04-26 14:53:15,454 [INFO]   [KUP] Portföy Dağılım Raporu
2026-04-26 14:53:15,454 [INFO]   [MHF] Portföy Dağılım Raporu
2026-04-26 14:53:15,454 [WARNING] No fund match for: AK PORTFÖY EUROBOND (AMERİKAN DOLARI) BORÇLANMA ARAÇLARI FONU
2026-04-26 14:53:15,454 [INFO]   [PMG] Portföy Dağılım Raporu
2026-04-26 14:53:15,454 [INFO]   [AUV] Portföy Dağılım Raporu
2026-04-26 14:53:15,454 [INFO]   [DSH] Portföy Dağılım Raporu
2026-04-26 14:53:15,454 [INFO]   [AJL] Portföy Dağılım Raporu
2026-04-26 14:53:15,455 [WARNING] No fund match for: AK PORTFÖY 0-5 YIL VADELİ SERBEST (DÖVİZ) FON
2026-04-26 14:53:15,455 [INFO]   [UCP] Portföy Dağılım Raporu
2026-04-26 14:53:15,455 [INFO]   [AIS] Portföy Dağılım Raporu
2026-04-26 14:53:15,455 [INFO]   [IKV] Portföy Dağılım Raporu
2026-04-26 14:53:15,455 [WARNING] No fund match for: AK PORTFÖY AVRUPA YABANCI HİSSE SENEDİ FONU
2026-04-26 14:53:15,455 [WARNING] No fund match for: AK PORTFÖY YENİ TEKNOLOJİLER YABANCI HİSSE SENEDİ FONU
2026-04-26 14:53:15,456 [WARNING] No fund match for: AK PORTFÖY SAĞLIK SEKTÖRÜ YABANCI HİSSE SENEDİ FONU
2026-04-26 14:53:15,456 [INFO]   [ILK] Portföy Dağılım Raporu
2026-04-26 14:53:15,456 [WARNING] No fund match for: AK PORTFÖY AMERİKA YABANCI HİSSE SENEDİ FONU
2026-04-26 14:53:15,456 [WARNING] No fund match for: AK PORTFÖY PETROL YABANCI BYF FON SEPETİ FONU
2026-04-26 14:53:15,456 [INFO]   [MHF] Portföy Dağılım Raporu
2026-04-26 14:53:15,456 [INFO]   [BHI] Portföy Dağılım Raporu
2026-04-26 14:53:15,456 [INFO]   [ABU] Portföy Dağılım Raporu
2026-04-26 14:53:15,456 [INFO]   [DTZ] Portföy Dağılım Raporu
2026-04-26 14:53:15,457 [WARNING] No fund match for: AK PORTFÖY EMLAK SEKTÖRÜ DEĞİŞKEN FON
2026-04-26 14:53:15,457 [INFO]   [FUA] Portföy Dağılım Raporu
2026-04-26 14:53:15,457 [INFO]   [GMI] Portföy Dağılım Raporu
2026-04-26 14:53:15,457 [INFO]   [GMI] Portföy Dağılım Raporu
2026-04-26 14:53:15,457 [INFO]   [BNC] Portföy Dağılım Raporu
2026-04-26 14:53:15,457 [INFO]   [BRR] Portföy Dağılım Raporu
2026-04-26 14:53:15,457 [INFO]   [BUY] Portföy Dağılım Raporu
2026-04-26 14:53:15,457 [INFO]   [MT8] Portföy Dağılım Raporu
2026-04-26 14:53:15,457 [INFO]   [DZS] Portföy Dağılım Raporu
2026-04-26 14:53:15,457 [INFO]   [COT] Portföy Dağılım Raporu
2026-04-26 14:53:15,457 [INFO]   [MTF] Portföy Dağılım Raporu
2026-04-26 14:53:15,457 [INFO]   [CYD] Portföy Dağılım Raporu
2026-04-26 14:53:15,457 [WARNING] No fund match for: AK PORTFÖY ORTA VADELİ BORÇLANMA ARAÇLARI FONU
2026-04-26 14:53:15,457 [INFO]   [MTF] Portföy Dağılım Raporu
2026-04-26 14:53:15,457 [INFO]   [IKV] Portföy Dağılım Raporu
2026-04-26 14:53:15,457 [INFO]   [AUV] Portföy Dağılım Raporu
2026-04-26 14:53:15,458 [WARNING] No fund match for: AK PORTFÖY KISA VADELİ BORÇLANMA ARAÇLARI (TL) FONU
2026-04-26 14:53:15,458 [INFO]   [AZF] Portföy Dağılım Raporu
2026-04-26 14:53:15,458 [INFO]   [AZF] Portföy Dağılım Raporu
2026-04-26 14:53:15,458 [INFO]   [MHF] Portföy Dağılım Raporu
2026-04-26 14:53:15,458 [INFO]   [UCP] Portföy Dağılım Raporu
2026-04-26 14:53:15,458 [INFO]   [MHF] Portföy Dağılım Raporu
2026-04-26 14:53:15,458 [INFO]   [SPP] Portföy Dağılım Raporu
2026-04-26 14:53:15,458 [INFO]   [MTF] Portföy Dağılım Raporu
2026-04-26 14:53:15,458 [INFO]   [YBJ] Portföy Dağılım Raporu
2026-04-26 14:53:15,458 [INFO]   [AIS] Portföy Dağılım Raporu
2026-04-26 14:53:15,458 [INFO]   [YBJ] Portföy Dağılım Raporu
2026-04-26 14:53:15,458 [INFO]   [YBJ] Portföy Dağılım Raporu
2026-04-26 14:53:15,458 [INFO]   [YBJ] Portföy Dağılım Raporu
2026-04-26 14:53:15,458 [INFO]   [YBJ] Portföy Dağılım Raporu
2026-04-26 14:53:15,458 [INFO]   [YBJ] Portföy Dağılım Raporu
2026-04-26 14:53:15,458 [INFO]   [YBJ] Portföy Dağılım Raporu
2026-04-26 14:53:15,458 [INFO]   [YBJ] Portföy Dağılım Raporu
2026-04-26 14:53:15,458 [INFO]   [YBJ] Portföy Dağılım Raporu
2026-04-26 14:53:15,459 [INFO]   [YBJ] Portföy Dağılım Raporu
2026-04-26 14:53:15,459 [INFO]   [DB2] Portföy Dağılım Raporu
2026-04-26 14:53:15,459 [INFO]   [BTK] Portföy Dağılım Raporu
2026-04-26 14:53:15,459 [INFO]   [MTF] Portföy Dağılım Raporu
2026-04-26 14:53:15,459 [INFO]   [BOL] Portföy Dağılım Raporu
2026-04-26 14:53:15,459 [INFO]   [YBJ] Portföy Dağılım Raporu
2026-04-26 14:53:15,459 [INFO]   [AIS] Portföy Dağılım Raporu
2026-04-26 14:53:15,459 [INFO]   [YBJ] Portföy Dağılım Raporu
2026-04-26 14:53:15,459 [INFO]   [ONN] Portföy Dağılım Raporu
2026-04-26 14:53:15,459 [INFO]   [MTF] Portföy Dağılım Raporu
2026-04-26 14:53:15,459 [INFO]   [YBJ] Portföy Dağılım Raporu
2026-04-26 14:53:15,459 [INFO]   [MTS] Portföy Dağılım Raporu
2026-04-26 14:53:15,459 [INFO]   [YBJ] Portföy Dağılım Raporu
2026-04-26 14:53:15,459 [INFO]   [MPN] Portföy Dağılım Raporu
2026-04-26 14:53:15,459 [INFO]   [YBJ] Portföy Dağılım Raporu
2026-04-26 14:53:15,459 [INFO]   [YBJ] Portföy Dağılım Raporu
2026-04-26 14:53:15,459 [INFO]   [YBJ] Portföy Dağılım Raporu
2026-04-26 14:53:15,459 [INFO]   [ILK] Portföy Dağılım Raporu
2026-04-26 14:53:15,459 [INFO]   [YBJ] Portföy Dağılım Raporu
2026-04-26 14:53:15,459 [INFO]   [YBJ] Portföy Dağılım Raporu
2026-04-26 14:53:15,459 [INFO]   [YBJ] Portföy Dağılım Raporu
2026-04-26 14:53:15,459 [INFO]   [MTF] Portföy Dağılım Raporu
2026-04-26 14:53:15,459 [INFO]   [BOS] Portföy Dağılım Raporu
2026-04-26 14:53:15,459 [INFO]   [BAG] Portföy Dağılım Raporu
2026-04-26 14:53:15,459 [INFO]   [BRB] Portföy Dağılım Raporu
2026-04-26 14:53:15,459 [INFO]   [BBS] Portföy Dağılım Raporu
2026-04-26 14:53:15,460 [INFO]   [BCO] Portföy Dağılım Raporu
2026-04-26 14:53:15,460 [INFO]   [BFS] Portföy Dağılım Raporu
2026-04-26 14:53:15,460 [INFO]   [BRB] Portföy Dağılım Raporu
2026-04-26 14:53:15,460 [INFO]   [BMU] Portföy Dağılım Raporu
2026-04-26 14:53:15,460 [INFO]   [BPZ] Portföy Dağılım Raporu
2026-04-26 14:53:15,460 [INFO]   [BVK] Portföy Dağılım Raporu
2026-04-26 14:53:15,460 [INFO]   [BUV] Portföy Dağılım Raporu
2026-04-26 14:53:15,460 [INFO]   [BLT] Portföy Dağılım Raporu
2026-04-26 14:53:15,460 [WARNING] No fund match for: İŞ PORTFÖY ODEABANK PARA PİYASASI (TL) FONU
2026-04-26 14:53:15,460 [INFO]   [BSD] Portföy Dağılım Raporu
2026-04-26 14:53:15,460 [INFO]   [VCY] Portföy Dağılım Raporu
2026-04-26 14:53:15,460 [INFO]   [IPG] Portföy Dağılım Raporu
2026-04-26 14:53:15,461 [WARNING] No fund match for: İŞ PORTFÖY EUROBOND BORÇLANMA ARAÇLARI (DÖVİZ) FONU
2026-04-26 14:53:15,461 [WARNING] No fund match for: İŞ PORTFÖY PY EUROBOND BORÇLANMA ARAÇLARI (DÖVİZ) ÖZEL FONU
2026-04-26 14:53:15,461 [WARNING] No fund match for: İŞ PORTFÖY KİRA SERTİFİKALARI KATILIM (TL) FONU
2026-04-26 14:53:15,461 [INFO]   [YAR] Portföy Dağılım Raporu
2026-04-26 14:53:15,461 [INFO]   [TPR] Portföy Dağılım Raporu
2026-04-26 14:53:15,461 [WARNING] No fund match for: İŞ PORTFÖY MAXİMUM KART KISA VADELİ BORÇLANMA ARAÇLARI (TL) FONU
2026-04-26 14:53:15,461 [INFO]   [KRR] Portföy Dağılım Raporu
2026-04-26 14:53:15,462 [INFO]   [TIL] Portföy Dağılım Raporu
2026-04-26 14:53:15,462 [WARNING] No fund match for: İŞ PORTFÖY TÜFE'YE ENDEKSLİ BORÇLANMA ARAÇLARI (TL) FONU
2026-04-26 14:53:15,462 [INFO]   [TIL] Portföy Dağılım Raporu
2026-04-26 14:53:15,462 [INFO]   [AIS] Portföy Dağılım Raporu
2026-04-26 14:53:15,462 [INFO]   [NST] Portföy Dağılım Raporu
2026-04-26 14:53:15,462 [INFO]   [TND] Portföy Dağılım Raporu
2026-04-26 14:53:15,462 [INFO]   [IKV] Portföy Dağılım Raporu
2026-04-26 14:53:15,462 [INFO]   [UCP] Portföy Dağılım Raporu
2026-04-26 14:53:15,462 [INFO]   [YBR] Portföy Dağılım Raporu
2026-04-26 14:53:15,462 [INFO]   [MGB] Portföy Dağılım Raporu
2026-04-26 14:53:15,462 [WARNING] No fund match for: LOGOS PORTFÖY DİNAMİK DAĞILIMLI SERBEST FON
2026-04-26 14:53:15,462 [WARNING] No fund match for: LOGOS PORTFÖY DİNAMİK DAĞILIMLI SERBEST FON
2026-04-26 14:53:15,463 [INFO]   [UCP] Portföy Dağılım Raporu
2026-04-26 14:53:15,463 [WARNING] No fund match for: AK PORTFÖY FİNTEK VE BLOKZİNCİRİ TEKNOLOJİLERİ DEĞİŞKEN FON
2026-04-26 14:53:15,463 [INFO]   [VCY] Portföy Dağılım Raporu
2026-04-26 14:53:15,463 [WARNING] No fund match for: AK PORTFÖY DEĞER ODAKLI 100 ŞİRKETLERİ HİSSE SENEDİ (TL) FONU (HİSSE SENEDİ YOĞU
2026-04-26 14:53:15,463 [INFO]   [URC] Portföy Dağılım Raporu
2026-04-26 14:53:15,463 [INFO]   [TGR] Portföy Dağılım Raporu
2026-04-26 14:53:15,464 [WARNING] No fund match for: AK PORTFÖY TARIM VE GIDA TEKNOLOJİLERİ DEĞİŞKEN FON
2026-04-26 14:53:15,464 [INFO]   [SER] Portföy Dağılım Raporu
2026-04-26 14:53:15,464 [WARNING] No fund match for: AK PORTFÖY 2026 SERBEST (DÖVİZ) FON
2026-04-26 14:53:15,464 [WARNING] No fund match for: AK PORTFÖY ŞEKERBANK PARA PİYASASI (TL) FONU
2026-04-26 14:53:15,464 [WARNING] No fund match for: AK PORTFÖY SABANCI TOPLULUĞU ŞİRKETLERİ ENDEKSİ HİSSE SENEDİ (TL) FONU (HİSSE SE
2026-04-26 14:53:15,464 [INFO]   [MTF] Portföy Dağılım Raporu
2026-04-26 14:53:15,464 [INFO]   [PAI] Portföy Dağılım Raporu
2026-04-26 14:53:15,465 [INFO]   [ILK] Portföy Dağılım Raporu
2026-04-26 14:53:15,465 [INFO]   [ONK] Portföy Dağılım Raporu
2026-04-26 14:53:15,465 [INFO]   [UCP] Portföy Dağılım Raporu
2026-04-26 14:53:15,465 [INFO]   [MTV] Portföy Dağılım Raporu
2026-04-26 14:53:15,465 [INFO]   [LHP] Portföy Dağılım Raporu
2026-04-26 14:53:15,465 [INFO]   [TIL] Portföy Dağılım Raporu
2026-04-26 14:53:15,465 [INFO]   [KVT] Portföy Dağılım Raporu
2026-04-26 14:53:15,465 [INFO]   [ICZ] Portföy Dağılım Raporu
2026-04-26 14:53:15,465 [INFO]   [PAI] Portföy Dağılım Raporu
2026-04-26 14:53:15,465 [INFO]   [MTF] Portföy Dağılım Raporu
2026-04-26 14:53:15,465 [INFO]   [IKV] Portföy Dağılım Raporu
2026-04-26 14:53:15,465 [INFO]   [PMG] Portföy Dağılım Raporu
2026-04-26 14:53:15,465 [INFO]   [BHL] Portföy Dağılım Raporu
2026-04-26 14:53:15,465 [INFO]   [ILK] Portföy Dağılım Raporu
2026-04-26 14:53:15,465 [WARNING] No fund match for: İŞ PORTFÖY AGRESİF FON SEPETİ FONU
2026-04-26 14:53:15,465 [INFO]   [KPH] Portföy Dağılım Raporu
2026-04-26 14:53:15,465 [INFO]   [IDO] Portföy Dağılım Raporu
2026-04-26 14:53:15,465 [INFO]   [TMZ] Portföy Dağılım Raporu
2026-04-26 14:53:15,465 [INFO]   [BIO] Portföy Dağılım Raporu
2026-04-26 14:53:15,466 [WARNING] No fund match for: İŞ PORTFÖY TEV EĞİTİME DESTEK DEĞİŞKEN FON
2026-04-26 14:53:15,466 [INFO]   [MTF] Portföy Dağılım Raporu
2026-04-26 14:53:15,466 [INFO]   [ONK] Portföy Dağılım Raporu
2026-04-26 14:53:15,466 [WARNING] No fund match for: İŞ PORTFÖY BLOCKCHAİN TEKNOLOJİLERİ KARMA FON
2026-04-26 14:53:15,466 [WARNING] No fund match for: İŞ PORTFÖY YENİLENEBİLİR ENERJİ KARMA FON
2026-04-26 14:53:15,466 [INFO]   [IHK] Portföy Dağılım Raporu
2026-04-26 14:53:15,466 [WARNING] No fund match for: İŞ PORTFÖY TEMKİNLİ FON SEPETİ FONU
2026-04-26 14:53:15,467 [WARNING] No fund match for: İŞ PORTFÖY SAĞLIK ŞİRKETLERİ KARMA FON
2026-04-26 14:53:15,467 [INFO]   [ITP] Portföy Dağılım Raporu
2026-04-26 14:53:15,467 [INFO]   [MHF] Portföy Dağılım Raporu
2026-04-26 14:53:15,467 [INFO]   [FBV] Portföy Dağılım Raporu
2026-04-26 14:53:15,467 [INFO]   [GMI] Portföy Dağılım Raporu
2026-04-26 14:53:15,467 [WARNING] No fund match for: İŞ PORTFÖY DENGELİ FON SEPETİ FONU
2026-04-26 14:53:15,467 [INFO]   [DDF] Portföy Dağılım Raporu
2026-04-26 14:53:15,467 [INFO]   [DDF] Portföy Dağılım Raporu
2026-04-26 14:53:15,467 [INFO]   [DDF] Portföy Dağılım Raporu
2026-04-26 14:53:15,467 [INFO]   [DDF] Portföy Dağılım Raporu
2026-04-26 14:53:15,467 [INFO]   [DDF] Portföy Dağılım Raporu
2026-04-26 14:53:15,467 [INFO]   [DDF] Portföy Dağılım Raporu
2026-04-26 14:53:15,467 [INFO]   [DDF] Portföy Dağılım Raporu
2026-04-26 14:53:15,467 [INFO]   [DDF] Portföy Dağılım Raporu
2026-04-26 14:53:15,467 [INFO]   [DOV] Portföy Dağılım Raporu
2026-04-26 14:53:15,467 [INFO]   [DDF] Portföy Dağılım Raporu
2026-04-26 14:53:15,467 [INFO]   [DDF] Portföy Dağılım Raporu
2026-04-26 14:53:15,467 [INFO]   [DDF] Portföy Dağılım Raporu
2026-04-26 14:53:15,467 [INFO]   [DID] Portföy Dağılım Raporu
2026-04-26 14:53:15,467 [INFO]   [DHT] Portföy Dağılım Raporu
2026-04-26 14:53:15,467 [INFO]   [DDF] Portföy Dağılım Raporu
2026-04-26 14:53:15,467 [INFO]   [DDF] Portföy Dağılım Raporu
2026-04-26 14:53:15,468 [INFO]   [DFD] Portföy Dağılım Raporu
2026-04-26 14:53:15,468 [INFO]   [DDF] Portföy Dağılım Raporu
2026-04-26 14:53:15,468 [INFO]   [DDF] Portföy Dağılım Raporu
2026-04-26 14:53:15,468 [INFO]   [DDF] Portföy Dağılım Raporu
2026-04-26 14:53:15,468 [INFO]   [DDF] Portföy Dağılım Raporu
2026-04-26 14:53:15,468 [INFO]   [DMG] Portföy Dağılım Raporu
2026-04-26 14:53:15,468 [INFO]   [DDF] Portföy Dağılım Raporu
2026-04-26 14:53:15,468 [INFO]   [BIO] Portföy Dağılım Raporu
2026-04-26 14:53:15,468 [INFO]   [DDF] Portföy Dağılım Raporu
2026-04-26 14:53:15,468 [INFO]   [DDF] Portföy Dağılım Raporu
2026-04-26 14:53:15,468 [INFO]   [MTF] Portföy Dağılım Raporu
2026-04-26 14:53:15,468 [INFO]   [DDF] Portföy Dağılım Raporu
2026-04-26 14:53:15,468 [INFO]   [DDF] Portföy Dağılım Raporu
2026-04-26 14:53:15,468 [INFO]   [DDF] Portföy Dağılım Raporu
2026-04-26 14:53:15,468 [INFO]   [SSK] Portföy Dağılım Raporu
2026-04-26 14:53:15,468 [INFO]   [DDF] Portföy Dağılım Raporu
2026-04-26 14:53:15,468 [INFO]   [DDF] Portföy Dağılım Raporu
2026-04-26 14:53:15,468 [INFO]   [HVI] Portföy Dağılım Raporu
2026-04-26 14:53:15,468 [INFO]   [DDF] Portföy Dağılım Raporu
2026-04-26 14:53:15,468 [INFO]   [EVM] Portföy Dağılım Raporu
2026-04-26 14:53:15,468 [INFO]   [DDF] Portföy Dağılım Raporu
2026-04-26 14:53:15,468 [INFO]   [DDF] Portföy Dağılım Raporu
2026-04-26 14:53:15,468 [INFO]   [DDF] Portföy Dağılım Raporu
2026-04-26 14:53:15,468 [INFO]   [DDF] Portföy Dağılım Raporu
2026-04-26 14:53:15,468 [INFO]   [DDF] Portföy Dağılım Raporu
2026-04-26 14:53:15,468 [INFO]   [DDF] Portföy Dağılım Raporu
2026-04-26 14:53:15,468 [INFO]   [DVS] Portföy Dağılım Raporu
2026-04-26 14:53:15,468 [INFO]   [DDF] Portföy Dağılım Raporu
2026-04-26 14:53:15,468 [INFO]   [DDF] Portföy Dağılım Raporu
2026-04-26 14:53:15,468 [INFO]   [DDF] Portföy Dağılım Raporu
2026-04-26 14:53:15,468 [INFO]   [MTF] Portföy Dağılım Raporu
2026-04-26 14:53:15,468 [INFO]   [DDF] Portföy Dağılım Raporu
2026-04-26 14:53:15,469 [INFO]   [DDF] Portföy Dağılım Raporu
2026-04-26 14:53:15,469 [INFO]   [DDF] Portföy Dağılım Raporu
2026-04-26 14:53:15,469 [INFO]   [DDF] Portföy Dağılım Raporu
2026-04-26 14:53:15,469 [INFO]   [DAS] Portföy Dağılım Raporu
2026-04-26 14:53:15,469 [INFO]   [DDF] Portföy Dağılım Raporu
2026-04-26 14:53:15,469 [INFO]   [MTF] Portföy Dağılım Raporu
2026-04-26 14:53:15,469 [INFO]   [BLD] Portföy Dağılım Raporu
2026-04-26 14:53:15,469 [INFO]   [DDF] Portföy Dağılım Raporu
2026-04-26 14:53:15,469 [INFO]   [RDT] Portföy Dağılım Raporu
2026-04-26 14:53:15,469 [INFO]   [PTN] Portföy Dağılım Raporu
2026-04-26 14:53:15,469 [INFO]   [MTF] Portföy Dağılım Raporu
2026-04-26 14:53:15,469 [INFO]   [PTN] Portföy Dağılım Raporu
2026-04-26 14:53:15,469 [INFO]   [MTF] Portföy Dağılım Raporu
2026-04-26 14:53:15,469 [INFO]   [AIS] Portföy Dağılım Raporu
2026-04-26 14:53:15,469 [INFO]   [PHK] Portföy Dağılım Raporu
2026-04-26 14:53:15,469 [INFO]   [PTN] Portföy Dağılım Raporu
2026-04-26 14:53:15,469 [INFO]   [TMM] Portföy Dağılım Raporu
2026-04-26 14:53:15,469 [INFO]   [TMM] Portföy Dağılım Raporu
2026-04-26 14:53:15,469 [INFO]   [MTF] Portföy Dağılım Raporu
2026-04-26 14:53:15,469 [INFO]   [TMM] Portföy Dağılım Raporu
2026-04-26 14:53:15,469 [INFO]   [TLY] Portföy Dağılım Raporu
2026-04-26 14:53:15,469 [INFO]   [TMV] Portföy Dağılım Raporu
2026-04-26 14:53:15,469 [INFO]   [TMM] Portföy Dağılım Raporu
2026-04-26 14:53:15,469 [INFO]   [TRU] Portföy Dağılım Raporu
2026-04-26 14:53:15,469 [INFO]   [TMM] Portföy Dağılım Raporu
2026-04-26 14:53:15,469 [INFO]   [PYR] Portföy Dağılım Raporu
2026-04-26 14:53:15,469 [INFO]   [PAO] Portföy Dağılım Raporu
2026-04-26 14:53:15,469 [INFO]   [PO9] Portföy Dağılım Raporu
2026-04-26 14:53:15,469 [INFO]   [PMP] Portföy Dağılım Raporu
2026-04-26 14:53:15,469 [INFO]   [PKV] Portföy Dağılım Raporu
2026-04-26 14:53:15,469 [INFO]   [PAO] Portföy Dağılım Raporu
2026-04-26 14:53:15,469 [INFO]   [PCE] Portföy Dağılım Raporu
2026-04-26 14:53:15,469 [INFO]   [PAO] Portföy Dağılım Raporu
2026-04-26 14:53:15,469 [INFO]   [PAO] Portföy Dağılım Raporu
2026-04-26 14:53:15,469 [INFO]   [PAO] Portföy Dağılım Raporu
2026-04-26 14:53:15,469 [INFO]   [PAO] Portföy Dağılım Raporu
2026-04-26 14:53:15,470 [INFO]   [AP7] Portföy Dağılım Raporu
2026-04-26 14:53:15,470 [INFO]   [PAO] Portföy Dağılım Raporu
2026-04-26 14:53:15,470 [INFO]   [PAO] Portföy Dağılım Raporu
2026-04-26 14:53:15,470 [INFO]   [PAO] Portföy Dağılım Raporu
2026-04-26 14:53:15,470 [INFO]   [PAO] Portföy Dağılım Raporu
2026-04-26 14:53:15,470 [INFO]   [PTO] Portföy Dağılım Raporu
2026-04-26 14:53:15,470 [INFO]   [PAO] Portföy Dağılım Raporu
2026-04-26 14:53:15,470 [INFO]   [PP1] Portföy Dağılım Raporu
2026-04-26 14:53:15,470 [INFO]   [PBI] Portföy Dağılım Raporu
2026-04-26 14:53:15,470 [INFO]   [PAF] Portföy Dağılım Raporu
2026-04-26 14:53:15,470 [INFO]   [PAO] Portföy Dağılım Raporu
2026-04-26 14:53:15,470 [INFO]   [KHA] Portföy Dağılım Raporu
2026-04-26 14:53:15,470 [INFO]   [PAO] Portföy Dağılım Raporu
2026-04-26 14:53:15,470 [INFO]   [BIH] Portföy Dağılım Raporu
2026-04-26 14:53:15,470 [INFO]   [PAO] Portföy Dağılım Raporu
2026-04-26 14:53:15,470 [INFO]   [PAO] Portföy Dağılım Raporu
2026-04-26 14:53:15,470 [INFO]   [PAO] Portföy Dağılım Raporu
2026-04-26 14:53:15,470 [INFO]   [AC4] Portföy Dağılım Raporu
2026-04-26 14:53:15,470 [INFO]   [TCG] Portföy Dağılım Raporu
2026-04-26 14:53:15,470 [INFO]   [TCG] Portföy Dağılım Raporu
2026-04-26 14:53:15,470 [INFO]   [TCG] Portföy Dağılım Raporu
2026-04-26 14:53:15,470 [INFO]   [TCG] Portföy Dağılım Raporu
2026-04-26 14:53:15,470 [INFO]   [TCG] Portföy Dağılım Raporu
2026-04-26 14:53:15,470 [INFO]   [TCG] Portföy Dağılım Raporu
2026-04-26 14:53:15,470 [INFO]   [TCG] Portföy Dağılım Raporu
2026-04-26 14:53:15,470 [INFO]   [TCG] Portföy Dağılım Raporu
2026-04-26 14:53:15,470 [INFO]   [TAO] Portföy Dağılım Raporu
2026-04-26 14:53:15,470 [INFO]   [SKL] Portföy Dağılım Raporu
2026-04-26 14:53:15,470 [INFO]   [TCG] Portföy Dağılım Raporu
2026-04-26 14:53:15,470 [INFO]   [TCG] Portföy Dağılım Raporu
2026-04-26 14:53:15,470 [INFO]   [TCG] Portföy Dağılım Raporu
2026-04-26 14:53:15,470 [INFO]   [TCG] Portföy Dağılım Raporu
2026-04-26 14:53:15,470 [INFO]   [TPP] Portföy Dağılım Raporu
2026-04-26 14:53:15,470 [INFO]   [TCG] Portföy Dağılım Raporu
2026-04-26 14:53:15,470 [INFO]   [TCG] Portföy Dağılım Raporu
2026-04-26 14:53:15,470 [INFO]   [TCG] Portföy Dağılım Raporu
2026-04-26 14:53:15,470 [INFO]   [TCG] Portföy Dağılım Raporu
2026-04-26 14:53:15,470 [INFO]   [TCG] Portföy Dağılım Raporu
2026-04-26 14:53:15,470 [INFO]   [TCG] Portföy Dağılım Raporu
2026-04-26 14:53:15,470 [INFO]   [TCG] Portföy Dağılım Raporu
2026-04-26 14:53:15,470 [INFO]   [TCG] Portföy Dağılım Raporu
2026-04-26 14:53:15,470 [INFO]   [TCG] Portföy Dağılım Raporu
2026-04-26 14:53:15,470 [INFO]   [PTL] Portföy Dağılım Raporu
2026-04-26 14:53:15,471 [INFO]   [TCG] Portföy Dağılım Raporu
2026-04-26 14:53:15,471 [INFO]   [MRI] Portföy Dağılım Raporu
2026-04-26 14:53:15,471 [INFO]   [TCG] Portföy Dağılım Raporu
2026-04-26 14:53:15,471 [INFO]   [TCG] Portföy Dağılım Raporu
2026-04-26 14:53:15,471 [INFO]   [TCG] Portföy Dağılım Raporu
2026-04-26 14:53:15,471 [INFO]   [GMC] Portföy Dağılım Raporu
2026-04-26 14:53:15,471 [INFO]   [TCG] Portföy Dağılım Raporu
2026-04-26 14:53:15,471 [INFO]   [TIL] Portföy Dağılım Raporu
2026-04-26 14:53:15,471 [INFO]   [MTF] Portföy Dağılım Raporu
2026-04-26 14:53:15,471 [INFO]   [MTF] Portföy Dağılım Raporu
2026-04-26 14:53:15,471 [INFO]   [AIS] Portföy Dağılım Raporu
2026-04-26 14:53:15,471 [INFO]   [MT1] Portföy Dağılım Raporu
2026-04-26 14:53:15,471 [INFO]   [MPL] Portföy Dağılım Raporu
2026-04-26 14:53:15,471 [INFO]   [MPE] Portföy Dağılım Raporu
2026-04-26 14:53:15,471 [INFO]   [MHF] Portföy Dağılım Raporu
2026-04-26 14:53:15,471 [INFO]   [IKV] Portföy Dağılım Raporu
2026-04-26 14:53:15,471 [INFO]   [MD1] Portföy Dağılım Raporu
2026-04-26 14:53:15,471 [INFO]   [MBR] Portföy Dağılım Raporu
2026-04-26 14:53:15,471 [INFO]   [ZCN] Portföy Dağılım Raporu
2026-04-26 14:53:15,471 [INFO]   [ZCN] Portföy Dağılım Raporu
2026-04-26 14:53:15,471 [INFO]   [ZCN] Portföy Dağılım Raporu
2026-04-26 14:53:15,471 [INFO]   [ZCN] Portföy Dağılım Raporu
2026-04-26 14:53:15,471 [INFO]   [ZCN] Portföy Dağılım Raporu
2026-04-26 14:53:15,471 [INFO]   [ZCN] Portföy Dağılım Raporu
2026-04-26 14:53:15,471 [INFO]   [ZCN] Portföy Dağılım Raporu
2026-04-26 14:53:15,471 [INFO]   [ZCN] Portföy Dağılım Raporu
2026-04-26 14:53:15,471 [INFO]   [ZCN] Portföy Dağılım Raporu
2026-04-26 14:53:15,471 [INFO]   [ZCN] Portföy Dağılım Raporu
2026-04-26 14:53:15,471 [INFO]   [ZCN] Portföy Dağılım Raporu
2026-04-26 14:53:15,471 [INFO]   [ZCN] Portföy Dağılım Raporu
2026-04-26 14:53:15,471 [INFO]   [ZCN] Portföy Dağılım Raporu
2026-04-26 14:53:15,471 [INFO]   [ZCN] Portföy Dağılım Raporu
2026-04-26 14:53:15,471 [INFO]   [PRH] Portföy Dağılım Raporu
2026-04-26 14:53:15,471 [INFO]   [PRH] Portföy Dağılım Raporu
2026-04-26 14:53:15,472 [INFO]   [PRH] Portföy Dağılım Raporu
2026-04-26 14:53:15,472 [INFO]   [PRH] Portföy Dağılım Raporu
2026-04-26 14:53:15,472 [INFO]   [PRH] Portföy Dağılım Raporu
2026-04-26 14:53:15,472 [INFO]   [JUP] Portföy Dağılım Raporu
2026-04-26 14:53:15,472 [INFO]   [PRH] Portföy Dağılım Raporu
2026-04-26 14:53:15,472 [INFO]   [PRH] Portföy Dağılım Raporu
2026-04-26 14:53:15,472 [INFO]   [BDC] Portföy Dağılım Raporu
2026-04-26 14:53:15,472 [INFO]   [IJH] Portföy Dağılım Raporu
2026-04-26 14:53:15,472 [INFO]   [IJH] Portföy Dağılım Raporu
2026-04-26 14:53:15,472 [INFO]   [IJH] Portföy Dağılım Raporu
2026-04-26 14:53:15,472 [INFO]   [IJH] Portföy Dağılım Raporu
2026-04-26 14:53:15,472 [INFO]   [IJH] Portföy Dağılım Raporu
2026-04-26 14:53:15,472 [INFO]   [IJH] Portföy Dağılım Raporu
2026-04-26 14:53:15,472 [INFO]   [IJH] Portföy Dağılım Raporu
2026-04-26 14:53:15,472 [INFO]   [IJH] Portföy Dağılım Raporu
2026-04-26 14:53:15,472 [INFO]   [IJH] Portföy Dağılım Raporu
2026-04-26 14:53:15,472 [INFO]   [IJH] Portföy Dağılım Raporu
2026-04-26 14:53:15,472 [INFO]   [VKI] Portföy Dağılım Raporu
2026-04-26 14:53:15,472 [INFO]   [RTI] Portföy Dağılım Raporu
2026-04-26 14:53:15,472 [INFO]   [RTI] Portföy Dağılım Raporu
2026-04-26 14:53:15,472 [INFO]   [RTI] Portföy Dağılım Raporu
2026-04-26 14:53:15,472 [INFO]   [RTI] Portföy Dağılım Raporu
2026-04-26 14:53:15,472 [INFO]   [RTI] Portföy Dağılım Raporu
2026-04-26 14:53:15,472 [INFO]   [RTI] Portföy Dağılım Raporu
2026-04-26 14:53:15,472 [INFO]   [RTI] Portföy Dağılım Raporu
2026-04-26 14:53:15,472 [INFO]   [PVK] Portföy Dağılım Raporu
2026-04-26 14:53:15,472 [INFO]   [PPG] Portföy Dağılım Raporu
2026-04-26 14:53:15,472 [INFO]   [MJE] Portföy Dağılım Raporu
2026-04-26 14:53:15,472 [INFO]   [RTI] Portföy Dağılım Raporu
2026-04-26 14:53:15,472 [INFO]   [RTI] Portföy Dağılım Raporu
2026-04-26 14:53:15,472 [INFO]   [RTI] Portföy Dağılım Raporu
2026-04-26 14:53:15,472 [INFO]   [RTI] Portföy Dağılım Raporu
2026-04-26 14:53:15,472 [INFO]   [RTI] Portföy Dağılım Raporu
2026-04-26 14:53:15,472 [INFO]   [AL7] Portföy Dağılım Raporu
2026-04-26 14:53:15,472 [INFO]   [AL6] Portföy Dağılım Raporu
2026-04-26 14:53:15,472 [INFO]   [AL5] Portföy Dağılım Raporu
2026-04-26 14:53:15,472 [INFO]   [RTI] Portföy Dağılım Raporu
2026-04-26 14:53:15,472 [INFO]   [RTI] Portföy Dağılım Raporu
2026-04-26 14:53:15,472 [INFO]   [ILK] Portföy Dağılım Raporu
2026-04-26 14:53:15,473 [INFO]   [PMG] Portföy Dağılım Raporu
2026-04-26 14:53:15,473 [INFO]   [MHF] Portföy Dağılım Raporu
2026-04-26 14:53:15,473 [INFO]   [MHF] Portföy Dağılım Raporu
2026-04-26 14:53:15,473 [INFO]   [MHF] Portföy Dağılım Raporu
2026-04-26 14:53:15,473 [INFO]   [TCG] Portföy Dağılım Raporu
2026-04-26 14:53:15,473 [INFO]   [OVR] Portföy Dağılım Raporu
2026-04-26 14:53:15,473 [INFO]   [OVR] Portföy Dağılım Raporu
2026-04-26 14:53:15,473 [INFO]   [FUS] Portföy Dağılım Raporu
2026-04-26 14:53:15,473 [INFO]   [OVR] Portföy Dağılım Raporu
2026-04-26 14:53:15,473 [INFO] Processing 1110 new disclosures...
2026-04-26 14:53:15,475 [INFO] Processing [HVC] from 20.04.2026
2026-04-26 14:53:15,614 [INFO] Downloaded PDF HVC (77KB)
2026-04-26 14:53:16,941 [ERROR] GLM parse failed for HVC: module 'zhipuai' has no attribute 'model_api'
2026-04-26 14:53:16,942 [WARNING] No categories extracted for HVC
2026-04-26 14:53:17,462 [INFO] Processing [DDF] from 13.04.2026
2026-04-26 14:53:17,611 [INFO] Downloaded PDF DDF (77KB)
2026-04-26 14:53:18,814 [ERROR] GLM parse failed for DDF: module 'zhipuai' has no attribute 'model_api'
2026-04-26 14:53:18,814 [WARNING] No categories extracted for DDF
2026-04-26 14:53:19,465 [INFO] Processing [IRO] from 13.04.2026
2026-04-26 14:53:19,584 [INFO] Downloaded PDF IRO (78KB)
2026-04-26 14:53:20,785 [ERROR] GLM parse failed for IRO: module 'zhipuai' has no attribute 'model_api'
2026-04-26 14:53:20,785 [WARNING] No categories extracted for IRO
2026-04-26 14:53:21,436 [INFO] Processing [IRO] from 13.04.2026
2026-04-26 14:53:21,548 [INFO] Downloaded PDF IRO (78KB)
2026-04-26 14:53:22,749 [ERROR] GLM parse failed for IRO: module 'zhipuai' has no attribute 'model_api'
2026-04-26 14:53:22,749 [WARNING] No categories extracted for IRO
2026-04-26 14:53:23,400 [INFO] Processing [IRO] from 13.04.2026
2026-04-26 14:53:23,500 [INFO] Downloaded PDF IRO (78KB)
2026-04-26 14:53:24,701 [ERROR] GLM parse failed for IRO: module 'zhipuai' has no attribute 'model_api'
2026-04-26 14:53:24,701 [WARNING] No categories extracted for IRO
2026-04-26 14:53:25,352 [INFO] Processing [MTF] from 08.04.2026
2026-04-26 14:53:25,457 [INFO] Downloaded PDF MTF (78KB)
2026-04-26 14:53:26,656 [ERROR] GLM parse failed for MTF: module 'zhipuai' has no attribute 'model_api'
2026-04-26 14:53:26,656 [WARNING] No categories extracted for MTF
2026-04-26 14:53:27,307 [INFO] Processing [MTF] from 08.04.2026
2026-04-26 14:53:27,411 [INFO] Downloaded PDF MTF (78KB)
2026-04-26 14:53:28,612 [ERROR] GLM parse failed for MTF: module 'zhipuai' has no attribute 'model_api'
2026-04-26 14:53:28,612 [WARNING] No categories extracted for MTF
2026-04-26 14:53:29,263 [INFO] Processing [OTK] from 08.04.2026
2026-04-26 14:53:29,373 [INFO] Downloaded PDF OTK (78KB)
2026-04-26 14:53:30,566 [ERROR] GLM parse failed for OTK: module 'zhipuai' has no attribute 'model_api'
2026-04-26 14:53:30,566 [WARNING] No categories extracted for OTK
2026-04-26 14:53:31,217 [INFO] Processing [OTJ] from 08.04.2026
2026-04-26 14:53:31,318 [INFO] Downloaded PDF OTJ (77KB)
2026-04-26 14:53:32,432 [ERROR] GLM parse failed for OTJ: module 'zhipuai' has no attribute 'model_api'
2026-04-26 14:53:32,432 [WARNING] No categories extracted for OTJ
2026-04-26 14:53:33,083 [INFO] Processing [OBI] from 08.04.2026
2026-04-26 14:53:33,186 [INFO] Downloaded PDF OBI (78KB)
2026-04-26 14:53:34,391 [ERROR] GLM parse failed for OBI: module 'zhipuai' has no attribute 'model_api'
2026-04-26 14:53:34,391 [WARNING] No categories extracted for OBI
2026-04-26 14:53:35,042 [INFO] Processing [MTF] from 08.04.2026
2026-04-26 14:53:35,154 [INFO] Downloaded PDF MTF (77KB)
2026-04-26 14:53:36,353 [ERROR] GLM parse failed for MTF: module 'zhipuai' has no attribute 'model_api'
2026-04-26 14:53:36,353 [WARNING] No categories extracted for MTF
2026-04-26 14:53:37,003 [INFO] Processing [MTF] from 08.04.2026
2026-04-26 14:53:37,100 [INFO] Downloaded PDF MTF (78KB)
2026-04-26 14:53:38,241 [ERROR] GLM parse failed for MTF: module 'zhipuai' has no attribute 'model_api'
2026-04-26 14:53:38,241 [WARNING] No categories extracted for MTF
2026-04-26 14:53:38,892 [INFO] Processing [OKF] from 08.04.2026
2026-04-26 14:53:38,993 [INFO] Downloaded PDF OKF (78KB)
2026-04-26 14:53:40,153 [ERROR] GLM parse failed for OKF: module 'zhipuai' has no attribute 'model_api'
2026-04-26 14:53:40,153 [WARNING] No categories extracted for OKF
2026-04-26 14:53:40,804 [INFO] Processing [MTF] from 08.04.2026
2026-04-26 14:53:40,909 [INFO] Downloaded PDF MTF (78KB)
2026-04-26 14:53:42,099 [ERROR] GLM parse failed for MTF: module 'zhipuai' has no attribute 'model_api'
2026-04-26 14:53:42,099 [WARNING] No categories extracted for MTF
2026-04-26 14:53:42,750 [INFO] Processing [OBI] from 08.04.2026
2026-04-26 14:53:42,845 [INFO] Downloaded PDF OBI (78KB)
2026-04-26 14:53:44,051 [ERROR] GLM parse failed for OBI: module 'zhipuai' has no attribute 'model_api'
2026-04-26 14:53:44,051 [WARNING] No categories extracted for OBI
2026-04-26 14:53:44,702 [INFO] Processing [MTF] from 08.04.2026
2026-04-26 14:53:44,805 [INFO] Downloaded PDF MTF (78KB)
2026-04-26 14:53:45,967 [ERROR] GLM parse failed for MTF: module 'zhipuai' has no attribute 'model_api'
2026-04-26 14:53:45,967 [WARNING] No categories extracted for MTF
2026-04-26 14:53:46,562 [INFO] Processing [OBI] from 08.04.2026
2026-04-26 14:53:46,673 [INFO] Downloaded PDF OBI (78KB)
2026-04-26 14:53:47,857 [ERROR] GLM parse failed for OBI: module 'zhipuai' has no attribute 'model_api'
2026-04-26 14:53:47,857 [WARNING] No categories extracted for OBI
2026-04-26 14:53:48,508 [INFO] Processing [OBI] from 08.04.2026
2026-04-26 14:53:48,609 [INFO] Downloaded PDF OBI (77KB)
2026-04-26 14:53:49,811 [ERROR] GLM parse failed for OBI: module 'zhipuai' has no attribute 'model_api'
2026-04-26 14:53:49,812 [WARNING] No categories extracted for OBI
2026-04-26 14:53:50,462 [INFO] Processing [OFS] from 08.04.2026
2026-04-26 14:53:50,582 [INFO] Downloaded PDF OFS (78KB)
2026-04-26 14:53:51,777 [ERROR] GLM parse failed for OFS: module 'zhipuai' has no attribute 'model_api'
2026-04-26 14:53:51,778 [WARNING] No categories extracted for OFS
2026-04-26 14:53:52,428 [INFO] Processing [OBI] from 08.04.2026
2026-04-26 14:53:52,548 [INFO] Downloaded PDF OBI (78KB)
2026-04-26 14:53:53,752 [ERROR] GLM parse failed for OBI: module 'zhipuai' has no attribute 'model_api'
2026-04-26 14:53:53,752 [WARNING] No categories extracted for OBI
2026-04-26 14:53:54,403 [INFO] Processing [OBI] from 08.04.2026
2026-04-26 14:53:54,507 [INFO] Downloaded PDF OBI (78KB)
2026-04-26 14:53:55,707 [ERROR] GLM parse failed for OBI: module 'zhipuai' has no attribute 'model_api'
2026-04-26 14:53:55,707 [WARNING] No categories extracted for OBI
2026-04-26 14:53:56,358 [INFO] Processing [OBI] from 08.04.2026
2026-04-26 14:53:56,456 [INFO] Downloaded PDF OBI (77KB)
2026-04-26 14:53:57,652 [ERROR] GLM parse failed for OBI: module 'zhipuai' has no attribute 'model_api'
2026-04-26 14:53:57,652 [WARNING] No categories extracted for OBI
2026-04-26 14:53:58,303 [INFO] Processing [OBI] from 08.04.2026
2026-04-26 14:53:58,760 [INFO] Downloaded PDF OBI (78KB)
2026-04-26 14:53:59,902 [ERROR] GLM parse failed for OBI: module 'zhipuai' has no attribute 'model_api'
2026-04-26 14:53:59,902 [WARNING] No categories extracted for OBI
2026-04-26 14:54:00,553 [INFO] Processing [OBI] from 08.04.2026
2026-04-26 14:54:00,669 [INFO] Downloaded PDF OBI (78KB)
2026-04-26 14:54:01,874 [ERROR] GLM parse failed for OBI: module 'zhipuai' has no attribute 'model_api'
2026-04-26 14:54:01,874 [WARNING] No categories extracted for OBI
2026-04-26 14:54:02,525 [INFO] Processing [PDE] from 08.04.2026
2026-04-26 14:54:03,891 [INFO] Downloaded PDF PDE (78KB)
2026-04-26 14:54:05,066 [ERROR] GLM parse failed for PDE: module 'zhipuai' has no attribute 'model_api'
2026-04-26 14:54:05,066 [WARNING] No categories extracted for PDE
2026-04-26 14:54:05,717 [INFO] Processing [PNU] from 08.04.2026
2026-04-26 14:54:05,826 [INFO] Downloaded PDF PNU (78KB)
2026-04-26 14:54:07,031 [ERROR] GLM parse failed for PNU: module 'zhipuai' has no attribute 'model_api'
2026-04-26 14:54:07,031 [WARNING] No categories extracted for PNU
2026-04-26 14:54:07,682 [INFO] Processing [PHE] from 08.04.2026
2026-04-26 14:54:07,797 [INFO] Downloaded PDF PHE (78KB)
2026-04-26 14:54:08,997 [ERROR] GLM parse failed for PHE: module 'zhipuai' has no attribute 'model_api'
2026-04-26 14:54:08,997 [WARNING] No categories extracted for PHE
2026-04-26 14:54:09,564 [INFO] Processing [PBR] from 08.04.2026
2026-04-26 14:54:09,655 [INFO] Downloaded PDF PBR (78KB)
2026-04-26 14:54:10,854 [ERROR] GLM parse failed for PBR: module 'zhipuai' has no attribute 'model_api'
2026-04-26 14:54:10,854 [WARNING] No categories extracted for PBR
2026-04-26 14:54:11,505 [INFO] Processing [PRY] from 08.04.2026
2026-04-26 14:54:11,604 [INFO] Downloaded PDF PRY (78KB)
2026-04-26 14:54:12,791 [ERROR] GLM parse failed for PRY: module 'zhipuai' has no attribute 'model_api'
2026-04-26 14:54:12,791 [WARNING] No categories extracted for PRY
2026-04-26 14:54:13,442 [INFO] Processing [IUF] from 08.04.2026
2026-04-26 14:54:13,552 [INFO] Downloaded PDF IUF (78KB)
2026-04-26 14:54:14,741 [ERROR] GLM parse failed for IUF: module 'zhipuai' has no attribute 'model_api'
2026-04-26 14:54:14,741 [WARNING] No categories extracted for IUF
2026-04-26 14:54:15,274 [INFO] Processing [PMG] from 08.04.2026
2026-04-26 14:54:15,356 [INFO] Downloaded PDF PMG (78KB)
2026-04-26 14:54:16,469 [ERROR] GLM parse failed for PMG: module 'zhipuai' has no attribute 'model_api'
2026-04-26 14:54:16,469 [WARNING] No categories extracted for PMG
2026-04-26 14:54:17,120 [INFO] Processing [KP3] from 08.04.2026
2026-04-26 14:54:17,268 [INFO] Downloaded PDF KP3 (78KB)
2026-04-26 14:54:18,470 [ERROR] GLM parse failed for KP3: module 'zhipuai' has no attribute 'model_api'
2026-04-26 14:54:18,470 [WARNING] No categories extracted for KP3
2026-04-26 14:54:19,121 [INFO] Processing [MTF] from 08.04.2026
2026-04-26 14:54:19,229 [INFO] Downloaded PDF MTF (78KB)
2026-04-26 14:54:20,429 [ERROR] GLM parse failed for MTF: module 'zhipuai' has no attribute 'model_api'
2026-04-26 14:54:20,429 [WARNING] No categories extracted for MTF
2026-04-26 14:54:21,079 [INFO] Processing [MTF] from 08.04.2026
2026-04-26 14:54:21,183 [INFO] Downloaded PDF MTF (78KB)
2026-04-26 14:54:22,384 [ERROR] GLM parse failed for MTF: module 'zhipuai' has no attribute 'model_api'
2026-04-26 14:54:22,384 [WARNING] No categories extracted for MTF
2026-04-26 14:54:23,035 [INFO] Processing [AIS] from 08.04.2026
2026-04-26 14:54:23,151 [INFO] Downloaded PDF AIS (78KB)
2026-04-26 14:54:24,354 [ERROR] GLM parse failed for AIS: module 'zhipuai' has no attribute 'model_api'
2026-04-26 14:54:24,354 [WARNING] No categories extracted for AIS
2026-04-26 14:54:25,005 [INFO] Processing [KP3] from 08.04.2026
2026-04-26 14:54:25,109 [INFO] Downloaded PDF KP3 (78KB)
2026-04-26 14:54:26,308 [ERROR] GLM parse failed for KP3: module 'zhipuai' has no attribute 'model_api'
2026-04-26 14:54:26,308 [WARNING] No categories extracted for KP3
2026-04-26 14:54:26,958 [INFO] Processing [KP3] from 08.04.2026
2026-04-26 14:54:27,100 [INFO] Downloaded PDF KP3 (78KB)
2026-04-26 14:54:28,301 [ERROR] GLM parse failed for KP3: module 'zhipuai' has no attribute 'model_api'
2026-04-26 14:54:28,301 [WARNING] No categories extracted for KP3
2026-04-26 14:54:28,951 [INFO] Processing [IKV] from 08.04.2026
2026-04-26 14:54:29,061 [INFO] Downloaded PDF IKV (78KB)
2026-04-26 14:54:30,172 [ERROR] GLM parse failed for IKV: module 'zhipuai' has no attribute 'model_api'
2026-04-26 14:54:30,172 [WARNING] No categories extracted for IKV
2026-04-26 14:54:30,822 [INFO] Processing [KP3] from 08.04.2026
2026-04-26 14:54:31,019 [INFO] Downloaded PDF KP3 (78KB)
2026-04-26 14:54:32,121 [ERROR] GLM parse failed for KP3: module 'zhipuai' has no attribute 'model_api'
2026-04-26 14:54:32,121 [WARNING] No categories extracted for KP3
2026-04-26 14:54:32,771 [INFO] Processing [KP3] from 08.04.2026
2026-04-26 14:54:32,882 [INFO] Downloaded PDF KP3 (78KB)
2026-04-26 14:54:34,063 [ERROR] GLM parse failed for KP3: module 'zhipuai' has no attribute 'model_api'
2026-04-26 14:54:34,064 [WARNING] No categories extracted for KP3
2026-04-26 14:54:34,572 [INFO] Processing [KP3] from 08.04.2026
2026-04-26 14:54:34,668 [INFO] Downloaded PDF KP3 (78KB)
2026-04-26 14:54:35,873 [ERROR] GLM parse failed for KP3: module 'zhipuai' has no attribute 'model_api'
2026-04-26 14:54:35,873 [WARNING] No categories extracted for KP3
2026-04-26 14:54:36,523 [INFO] Processing [KP3] from 08.04.2026
2026-04-26 14:54:36,621 [INFO] Downloaded PDF KP3 (79KB)
2026-04-26 14:54:37,744 [ERROR] GLM parse failed for KP3: module 'zhipuai' has no attribute 'model_api'
2026-04-26 14:54:37,744 [WARNING] No categories extracted for KP3
2026-04-26 14:54:38,394 [INFO] Processing [KKC] from 08.04.2026
2026-04-26 14:54:39,054 [INFO] Downloaded PDF KKC (78KB)
2026-04-26 14:54:40,171 [ERROR] GLM parse failed for KKC: module 'zhipuai' has no attribute 'model_api'
2026-04-26 14:54:40,171 [WARNING] No categories extracted for KKC
2026-04-26 14:54:40,822 [INFO] Processing [GJD] from 08.04.2026
2026-04-26 14:54:40,932 [INFO] Downloaded PDF GJD (78KB)
2026-04-26 14:54:42,121 [ERROR] GLM parse failed for GJD: module 'zhipuai' has no attribute 'model_api'
2026-04-26 14:54:42,121 [WARNING] No categories extracted for GJD
2026-04-26 14:54:42,771 [INFO] Processing [GJD] from 08.04.2026
2026-04-26 14:54:42,872 [INFO] Downloaded PDF GJD (78KB)
2026-04-26 14:54:44,042 [ERROR] GLM parse failed for GJD: module 'zhipuai' has no attribute 'model_api'
2026-04-26 14:54:44,043 [WARNING] No categories extracted for GJD
2026-04-26 14:54:44,693 [INFO] Processing [GNP] from 08.04.2026
2026-04-26 14:54:44,798 [INFO] Downloaded PDF GNP (78KB)
2026-04-26 14:54:45,945 [ERROR] GLM parse failed for GNP: module 'zhipuai' has no attribute 'model_api'
2026-04-26 14:54:45,945 [WARNING] No categories extracted for GNP
2026-04-26 14:54:46,596 [INFO] Processing [HIH] from 08.04.2026
2026-04-26 14:54:46,704 [INFO] Downloaded PDF HIH (78KB)
2026-04-26 14:54:47,905 [ERROR] GLM parse failed for HIH: module 'zhipuai' has no attribute 'model_api'
2026-04-26 14:54:47,905 [WARNING] No categories extracted for HIH
2026-04-26 14:54:48,556 [INFO] Processing [GJD] from 08.04.2026
2026-04-26 14:54:48,681 [INFO] Downloaded PDF GJD (78KB)
2026-04-26 14:54:49,887 [ERROR] GLM parse failed for GJD: module 'zhipuai' has no attribute 'model_api'
2026-04-26 14:54:49,887 [WARNING] No categories extracted for GJD
2026-04-26 14:54:50,460 [INFO] Processing [GKG] from 08.04.2026
2026-04-26 14:54:50,562 [INFO] Downloaded PDF GKG (78KB)
2026-04-26 14:54:51,681 [ERROR] GLM parse failed for GKG: module 'zhipuai' has no attribute 'model_api'
2026-04-26 14:54:51,682 [WARNING] No categories extracted for GKG
2026-04-26 14:54:52,332 [INFO] Processing [GJD] from 08.04.2026
2026-04-26 14:54:52,468 [INFO] Downloaded PDF GJD (78KB)
2026-04-26 14:54:53,675 [ERROR] GLM parse failed for GJD: module 'zhipuai' has no attribute 'model_api'
2026-04-26 14:54:53,675 [WARNING] No categories extracted for GJD
2026-04-26 14:54:54,325 [INFO] Processing [GJD] from 08.04.2026
2026-04-26 14:54:54,518 [WARNING] No attachment URL in disclosure 1589418
2026-04-26 14:54:54,524 [INFO] Processing [GTH] from 08.04.2026
2026-04-26 14:54:54,718 [WARNING] No attachment URL in disclosure 1589417
2026-04-26 14:54:54,723 [INFO] Processing [GJD] from 08.04.2026
2026-04-26 14:54:55,103 [WARNING] No attachment URL in disclosure 1589416
2026-04-26 14:54:55,107 [INFO] Processing [GRT] from 08.04.2026
2026-04-26 14:54:55,299 [WARNING] No attachment URL in disclosure 1589415
2026-04-26 14:54:55,304 [INFO] Processing [GJD] from 08.04.2026
2026-04-26 14:54:55,488 [WARNING] No attachment URL in disclosure 1589414
2026-04-26 14:54:55,492 [INFO] Processing [KDT] from 08.04.2026
2026-04-26 14:54:55,744 [WARNING] No attachment URL in disclosure 1589413
2026-04-26 14:54:55,748 [INFO] Processing [GJD] from 08.04.2026
2026-04-26 14:54:56,200 [WARNING] No attachment URL in disclosure 1589385
2026-04-26 14:54:56,205 [INFO] Processing [GJD] from 08.04.2026
2026-04-26 14:54:56,386 [WARNING] No attachment URL in disclosure 1589384
2026-04-26 14:54:56,391 [INFO] Processing [GJD] from 08.04.2026
2026-04-26 14:54:56,611 [WARNING] No attachment URL in disclosure 1589383
2026-04-26 14:54:56,615 [INFO] Processing [GBJ] from 08.04.2026
2026-04-26 14:54:56,804 [WARNING] No attachment URL in disclosure 1589382
2026-04-26 14:54:56,809 [INFO] Processing [GJD] from 08.04.2026
2026-04-26 14:54:57,047 [WARNING] No attachment URL in disclosure 1589381
2026-04-26 14:54:57,053 [INFO] Processing [GOL] from 08.04.2026
2026-04-26 14:54:57,245 [WARNING] No attachment URL in disclosure 1589380
2026-04-26 14:54:57,249 [INFO] Processing [GJD] from 08.04.2026
2026-04-26 14:54:57,428 [WARNING] No attachment URL in disclosure 1589379
2026-04-26 14:54:57,432 [INFO] Processing [GJD] from 08.04.2026
2026-04-26 14:54:57,628 [WARNING] No attachment URL in disclosure 1589378
2026-04-26 14:54:57,633 [INFO] Processing [GJD] from 08.04.2026
2026-04-26 14:54:57,820 [WARNING] No attachment URL in disclosure 1589377
2026-04-26 14:54:57,825 [INFO] Processing [GTM] from 08.04.2026
2026-04-26 14:54:58,014 [WARNING] No attachment URL in disclosure 1589376
2026-04-26 14:54:58,018 [INFO] Processing [GJD] from 08.04.2026
2026-04-26 14:54:58,222 [WARNING] No attachment URL in disclosure 1589375
2026-04-26 14:54:58,227 [INFO] Processing [GKH] from 08.04.2026
2026-04-26 14:54:58,411 [WARNING] No attachment URL in disclosure 1589374
2026-04-26 14:54:58,416 [INFO] Processing [GJD] from 08.04.2026
2026-04-26 14:54:58,605 [WARNING] No attachment URL in disclosure 1589373
2026-04-26 14:54:58,610 [INFO] Processing [GVI] from 08.04.2026
2026-04-26 14:54:58,799 [WARNING] No attachment URL in disclosure 1589355
2026-04-26 14:54:58,804 [INFO] Processing [GJD] from 08.04.2026
2026-04-26 14:54:59,025 [WARNING] No attachment URL in disclosure 1589354
2026-04-26 14:54:59,030 [INFO] Processing [GJD] from 08.04.2026
2026-04-26 14:54:59,215 [WARNING] No attachment URL in disclosure 1589353
2026-04-26 14:54:59,220 [INFO] Processing [GJD] from 08.04.2026
2026-04-26 14:54:59,411 [WARNING] No attachment URL in disclosure 1589352
2026-04-26 14:54:59,416 [INFO] Processing [GJD] from 08.04.2026
2026-04-26 14:54:59,593 [WARNING] No attachment URL in disclosure 1589351
2026-04-26 14:54:59,598 [INFO] Processing [GJD] from 08.04.2026
2026-04-26 14:54:59,783 [WARNING] No attachment URL in disclosure 1589350
2026-04-26 14:54:59,788 [INFO] Processing [GJD] from 08.04.2026
2026-04-26 14:54:59,977 [WARNING] No attachment URL in disclosure 1589349
2026-04-26 14:54:59,982 [INFO] Processing [GJD] from 08.04.2026
2026-04-26 14:55:00,193 [WARNING] No attachment URL in disclosure 1589348
2026-04-26 14:55:00,198 [INFO] Processing [GJD] from 08.04.2026
2026-04-26 14:55:00,380 [WARNING] No attachment URL in disclosure 1589347
2026-04-26 14:55:00,385 [INFO] Processing [GOH] from 08.04.2026
2026-04-26 14:55:00,585 [WARNING] No attachment URL in disclosure 1589346
2026-04-26 14:55:00,595 [INFO] Processing [GJD] from 08.04.2026
2026-04-26 14:55:00,790 [WARNING] No attachment URL in disclosure 1589345
2026-04-26 14:55:00,798 [INFO] Processing [GJD] from 08.04.2026
2026-04-26 14:55:01,030 [WARNING] No attachment URL in disclosure 1589344
2026-04-26 14:55:01,037 [INFO] Processing [GZJ] from 08.04.2026
2026-04-26 14:55:01,256 [WARNING] No attachment URL in disclosure 1589343
2026-04-26 14:55:01,263 [INFO] Processing [GZP] from 08.04.2026
2026-04-26 14:55:01,580 [WARNING] No attachment URL in disclosure 1589322
2026-04-26 14:55:01,587 [INFO] Processing [GJD] from 08.04.2026
2026-04-26 14:55:01,780 [WARNING] No attachment URL in disclosure 1589321
2026-04-26 14:55:01,787 [INFO] Processing [GZH] from 08.04.2026
2026-04-26 14:55:01,993 [WARNING] No attachment URL in disclosure 1589320
2026-04-26 14:55:02,004 [INFO] Processing [GJD] from 08.04.2026
2026-04-26 14:55:02,194 [WARNING] No attachment URL in disclosure 1589319
2026-04-26 14:55:02,199 [INFO] Processing [GJD] from 08.04.2026
2026-04-26 14:55:02,390 [WARNING] No attachment URL in disclosure 1589318
2026-04-26 14:55:02,395 [INFO] Processing [GJD] from 08.04.2026
2026-04-26 14:55:02,590 [WARNING] No attachment URL in disclosure 1589317
2026-04-26 14:55:02,595 [INFO] Processing [GJD] from 08.04.2026
2026-04-26 14:55:02,854 [WARNING] No attachment URL in disclosure 1589316
2026-04-26 14:55:02,859 [INFO] Processing [GJD] from 08.04.2026
2026-04-26 14:55:03,035 [WARNING] No attachment URL in disclosure 1589315
2026-04-26 14:55:03,040 [INFO] Processing [GJD] from 08.04.2026
2026-04-26 14:55:03,245 [WARNING] No attachment URL in disclosure 1589314
2026-04-26 14:55:03,249 [INFO] Processing [INH] from 08.04.2026
2026-04-26 14:55:03,438 [WARNING] No attachment URL in disclosure 1589313
2026-04-26 14:55:03,445 [INFO] Processing [GJD] from 08.04.2026
2026-04-26 14:55:03,644 [WARNING] No attachment URL in disclosure 1589312
2026-04-26 14:55:03,651 [INFO] Processing [GJD] from 08.04.2026
2026-04-26 14:55:03,837 [WARNING] No attachment URL in disclosure 1589311
2026-04-26 14:55:03,840 [INFO] Processing [GPF] from 08.04.2026
2026-04-26 14:55:04,024 [WARNING] No attachment URL in disclosure 1589310
2026-04-26 14:55:04,030 [INFO] Processing [GJD] from 08.04.2026
2026-04-26 14:55:04,206 [WARNING] No attachment URL in disclosure 1589270
2026-04-26 14:55:04,212 [INFO] Processing [GJD] from 08.04.2026
2026-04-26 14:55:04,387 [WARNING] No attachment URL in disclosure 1589269
2026-04-26 14:55:04,388 [INFO] Processing [GJD] from 08.04.2026
2026-04-26 14:55:04,568 [WARNING] No attachment URL in disclosure 1589268
2026-04-26 14:55:04,574 [INFO] Processing [GJD] from 08.04.2026
2026-04-26 14:55:04,773 [WARNING] No attachment URL in disclosure 1589267
2026-04-26 14:55:04,777 [INFO] Processing [GJD] from 08.04.2026
2026-04-26 14:55:04,971 [WARNING] No attachment URL in disclosure 1589266
2026-04-26 14:55:04,975 [INFO] Processing [GJD] from 08.04.2026
2026-04-26 14:55:05,163 [WARNING] No attachment URL in disclosure 1589265
2026-04-26 14:55:05,167 [INFO] Processing [GJD] from 08.04.2026
2026-04-26 14:55:05,347 [WARNING] No attachment URL in disclosure 1589264
2026-04-26 14:55:05,350 [INFO] Processing [GJD] from 08.04.2026
2026-04-26 14:55:05,618 [WARNING] No attachment URL in disclosure 1589263
2026-04-26 14:55:05,623 [INFO] Processing [GJD] from 08.04.2026
2026-04-26 14:55:05,816 [WARNING] No attachment URL in disclosure 1589262
2026-04-26 14:55:05,821 [INFO] Processing [GJD] from 08.04.2026
2026-04-26 14:55:06,015 [WARNING] No attachment URL in disclosure 1589261
2026-04-26 14:55:06,019 [INFO] Processing [GJD] from 08.04.2026
2026-04-26 14:55:06,257 [WARNING] No attachment URL in disclosure 1589260
2026-04-26 14:55:06,262 [INFO] Processing [GJD] from 08.04.2026
2026-04-26 14:55:06,446 [WARNING] No attachment URL in disclosure 1589259
2026-04-26 14:55:06,450 [INFO] Processing [GJD] from 08.04.2026
2026-04-26 14:55:06,637 [WARNING] No attachment URL in disclosure 1589258
2026-04-26 14:55:06,640 [INFO] Processing [MTF] from 08.04.2026
2026-04-26 14:55:06,826 [WARNING] No attachment URL in disclosure 1589089
2026-04-26 14:55:06,832 [INFO] Processing [TRO] from 08.04.2026
2026-04-26 14:55:07,015 [WARNING] No attachment URL in disclosure 1589088
2026-04-26 14:55:07,018 [INFO] Processing [PMG] from 08.04.2026
2026-04-26 14:55:07,186 [WARNING] No attachment URL in disclosure 1589087
2026-04-26 14:55:07,191 [INFO] Processing [MTF] from 08.04.2026
2026-04-26 14:55:07,375 [WARNING] No attachment URL in disclosure 1589086
2026-04-26 14:55:07,376 [INFO] Processing [AIS] from 08.04.2026
2026-04-26 14:55:07,527 [WARNING] No attachment URL in disclosure 1589084
2026-04-26 14:55:07,533 [INFO] Processing [DTZ] from 08.04.2026
2026-04-26 14:55:07,728 [WARNING] No attachment URL in disclosure 1589082
2026-04-26 14:55:07,733 [INFO] Processing [BHI] from 08.04.2026
2026-04-26 14:55:07,930 [WARNING] No attachment URL in disclosure 1589081
2026-04-26 14:55:07,935 [INFO] Processing [ZAY] from 08.04.2026
2026-04-26 14:55:08,138 [WARNING] No attachment URL in disclosure 1589016
2026-04-26 14:55:08,143 [INFO] Processing [KVA] from 08.04.2026
2026-04-26 14:55:08,330 [WARNING] No attachment URL in disclosure 1589015
2026-04-26 14:55:08,333 [INFO] Processing [KVA] from 08.04.2026
2026-04-26 14:55:08,556 [WARNING] No attachment URL in disclosure 1589014
2026-04-26 14:55:08,561 [INFO] Processing [KVA] from 08.04.2026
2026-04-26 14:55:08,753 [WARNING] No attachment URL in disclosure 1589013
2026-04-26 14:55:08,758 [INFO] Processing [KVA] from 08.04.2026
2026-04-26 14:55:08,955 [WARNING] No attachment URL in disclosure 1589012
2026-04-26 14:55:08,960 [INFO] Processing [KVA] from 08.04.2026
2026-04-26 14:55:09,162 [WARNING] No attachment URL in disclosure 1589011
2026-04-26 14:55:09,167 [INFO] Processing [KVA] from 08.04.2026
2026-04-26 14:55:09,361 [WARNING] No attachment URL in disclosure 1589010
2026-04-26 14:55:09,365 [INFO] Processing [KVA] from 08.04.2026
2026-04-26 14:55:09,556 [WARNING] No attachment URL in disclosure 1589009
2026-04-26 14:55:09,561 [INFO] Processing [KVA] from 08.04.2026
2026-04-26 14:55:09,753 [WARNING] No attachment URL in disclosure 1589008
2026-04-26 14:55:09,758 [INFO] Processing [KVA] from 08.04.2026
2026-04-26 14:55:10,070 [WARNING] No attachment URL in disclosure 1589007
2026-04-26 14:55:10,074 [INFO] Processing [KTR] from 08.04.2026
2026-04-26 14:55:10,264 [WARNING] No attachment URL in disclosure 1589006
2026-04-26 14:55:10,268 [INFO] Processing [KVA] from 08.04.2026
2026-04-26 14:55:10,437 [WARNING] No attachment URL in disclosure 1589005
2026-04-26 14:55:10,439 [INFO] Processing [KVA] from 08.04.2026
2026-04-26 14:55:10,840 [WARNING] No attachment URL in disclosure 1589004
2026-04-26 14:55:10,845 [INFO] Processing [KTJ] from 08.04.2026
2026-04-26 14:55:11,045 [WARNING] No attachment URL in disclosure 1589003
2026-04-26 14:55:11,049 [INFO] Processing [KSV] from 08.04.2026
2026-04-26 14:55:11,250 [WARNING] No attachment URL in disclosure 1589002
2026-04-26 14:55:11,256 [INFO] Processing [AP5] from 08.04.2026
2026-04-26 14:55:11,458 [WARNING] No attachment URL in disclosure 1588985
2026-04-26 14:55:11,463 [INFO] Processing [KVA] from 08.04.2026
2026-04-26 14:55:11,659 [WARNING] No attachment URL in disclosure 1588967
2026-04-26 14:55:11,665 [INFO] Processing [KPU] from 08.04.2026
2026-04-26 14:55:11,870 [WARNING] No attachment URL in disclosure 1588966
2026-04-26 14:55:11,876 [INFO] Processing [KVA] from 08.04.2026
2026-04-26 14:55:12,081 [WARNING] No attachment URL in disclosure 1588965
2026-04-26 14:55:12,087 [INFO] Processing [KVA] from 08.04.2026
2026-04-26 14:55:12,274 [WARNING] No attachment URL in disclosure 1588964
2026-04-26 14:55:12,279 [INFO] Processing [KVA] from 08.04.2026
2026-04-26 14:55:12,455 [WARNING] No attachment URL in disclosure 1588963
2026-04-26 14:55:12,459 [INFO] Processing [KVA] from 08.04.2026
2026-04-26 14:55:12,650 [WARNING] No attachment URL in disclosure 1588962
2026-04-26 14:55:12,654 [INFO] Processing [KME] from 08.04.2026
2026-04-26 14:55:12,973 [WARNING] No attachment URL in disclosure 1588961
2026-04-26 14:55:12,979 [INFO] Processing [KVA] from 08.04.2026
2026-04-26 14:55:13,173 [WARNING] No attachment URL in disclosure 1588960
2026-04-26 14:55:13,178 [INFO] Processing [KIK] from 08.04.2026
2026-04-26 14:55:13,296 [WARNING] No attachment URL in disclosure 1588959
2026-04-26 14:55:13,301 [INFO] Processing [KGM] from 08.04.2026
2026-04-26 14:55:13,482 [WARNING] No attachment URL in disclosure 1588958
2026-04-26 14:55:13,487 [INFO] Processing [KVA] from 08.04.2026
2026-04-26 14:55:13,699 [WARNING] No attachment URL in disclosure 1588957
2026-04-26 14:55:13,704 [INFO] Processing [KDE] from 08.04.2026
2026-04-26 14:55:13,901 [WARNING] No attachment URL in disclosure 1588956
2026-04-26 14:55:13,906 [INFO] Processing [KVA] from 08.04.2026
2026-04-26 14:55:14,029 [WARNING] No attachment URL in disclosure 1588955
2026-04-26 14:55:14,034 [INFO] Processing [KAV] from 08.04.2026
2026-04-26 14:55:14,216 [WARNING] No attachment URL in disclosure 1588954
2026-04-26 14:55:14,221 [INFO] Processing [EKL] from 08.04.2026
2026-04-26 14:55:14,466 [WARNING] No attachment URL in disclosure 1588953
2026-04-26 14:55:14,471 [INFO] Processing [AP5] from 08.04.2026
2026-04-26 14:55:14,664 [WARNING] No attachment URL in disclosure 1588950
2026-04-26 14:55:14,669 [INFO] Processing [AP5] from 08.04.2026
2026-04-26 14:55:15,049 [WARNING] No attachment URL in disclosure 1588941
2026-04-26 14:55:15,054 [INFO] Processing [AP5] from 08.04.2026
2026-04-26 14:55:15,280 [WARNING] No attachment URL in disclosure 1588940
2026-04-26 14:55:15,285 [INFO] Processing [AP5] from 08.04.2026
2026-04-26 14:55:15,468 [WARNING] No attachment URL in disclosure 1588920
2026-04-26 14:55:15,473 [INFO] Processing [LAI] from 08.04.2026
2026-04-26 14:55:15,585 [ERROR] Disclosure page 1588918 → 429
2026-04-26 14:55:15,588 [INFO] Processing [LAI] from 08.04.2026
2026-04-26 14:55:15,688 [ERROR] Disclosure page 1588917 → 429
2026-04-26 14:55:15,692 [INFO] Processing [BTZ] from 08.04.2026
2026-04-26 14:55:15,792 [ERROR] Disclosure page 1588916 → 429
2026-04-26 14:55:15,793 [INFO] Processing [LAI] from 08.04.2026
2026-04-26 14:55:15,893 [ERROR] Disclosure page 1588914 → 429
2026-04-26 14:55:15,897 [INFO] Processing [MTF] from 08.04.2026
2026-04-26 14:55:16,007 [ERROR] Disclosure page 1588913 → 429
2026-04-26 14:55:16,011 [INFO] Processing [LAI] from 08.04.2026
2026-04-26 14:55:16,095 [ERROR] Disclosure page 1588912 → 429
2026-04-26 14:55:16,095 [INFO] Processing [LAI] from 08.04.2026
2026-04-26 14:55:16,174 [ERROR] Disclosure page 1588911 → 429
2026-04-26 14:55:16,175 [INFO] Processing [PPT] from 08.04.2026
2026-04-26 14:55:16,255 [ERROR] Disclosure page 1588908 → 429
2026-04-26 14:55:16,256 [INFO] Processing [PFS] from 08.04.2026
2026-04-26 14:55:16,345 [ERROR] Disclosure page 1588902 → 429
2026-04-26 14:55:16,347 [INFO] Processing [LAI] from 08.04.2026
2026-04-26 14:55:16,440 [ERROR] Disclosure page 1588901 → 429
2026-04-26 14:55:16,444 [INFO] Processing [LAI] from 08.04.2026
2026-04-26 14:55:16,550 [ERROR] Disclosure page 1588898 → 429
2026-04-26 14:55:16,554 [INFO] Processing [LAI] from 08.04.2026
2026-04-26 14:55:16,676 [ERROR] Disclosure page 1588880 → 429
2026-04-26 14:55:16,680 [INFO] Processing [KVR] from 08.04.2026
2026-04-26 14:55:16,790 [ERROR] Disclosure page 1588879 → 429
2026-04-26 14:55:16,794 [INFO] Processing [LAI] from 08.04.2026
2026-04-26 14:55:16,895 [ERROR] Disclosure page 1588861 → 429
2026-04-26 14:55:16,898 [INFO] Processing [LAI] from 08.04.2026
2026-04-26 14:55:17,005 [ERROR] Disclosure page 1588860 → 429
2026-04-26 14:55:17,008 [INFO] Processing [EDP] from 08.04.2026
2026-04-26 14:55:17,114 [ERROR] Disclosure page 1588859 → 429
2026-04-26 14:55:17,118 [INFO] Processing [MTF] from 08.04.2026
2026-04-26 14:55:17,232 [ERROR] Disclosure page 1588858 → 429
2026-04-26 14:55:17,236 [INFO] Processing [OVR] from 08.04.2026
2026-04-26 14:55:17,349 [ERROR] Disclosure page 1588797 → 429
2026-04-26 14:55:17,353 [INFO] Processing [FSK] from 08.04.2026
2026-04-26 14:55:17,470 [ERROR] Disclosure page 1588795 → 429
2026-04-26 14:55:17,474 [INFO] Processing [MTF] from 08.04.2026
2026-04-26 14:55:17,581 [ERROR] Disclosure page 1588794 → 429
2026-04-26 14:55:17,585 [INFO] Processing [MTF] from 08.04.2026
2026-04-26 14:55:17,690 [ERROR] Disclosure page 1588793 → 429
2026-04-26 14:55:17,694 [INFO] Processing [OVR] from 08.04.2026
2026-04-26 14:55:17,795 [ERROR] Disclosure page 1588792 → 429
2026-04-26 14:55:17,798 [INFO] Processing [OVR] from 08.04.2026
2026-04-26 14:55:17,898 [ERROR] Disclosure page 1588791 → 429
2026-04-26 14:55:17,901 [INFO] Processing [OVR] from 08.04.2026
2026-04-26 14:55:18,006 [ERROR] Disclosure page 1588790 → 429
2026-04-26 14:55:18,009 [INFO] Processing [OVR] from 08.04.2026
2026-04-26 14:55:18,120 [ERROR] Disclosure page 1588789 → 429
2026-04-26 14:55:18,124 [INFO] Processing [OVR] from 08.04.2026
2026-04-26 14:55:18,231 [ERROR] Disclosure page 1588788 → 429
2026-04-26 14:55:18,234 [INFO] Processing [OVR] from 08.04.2026
2026-04-26 14:55:18,334 [ERROR] Disclosure page 1588787 → 429
2026-04-26 14:55:18,337 [INFO] Processing [OVR] from 08.04.2026
2026-04-26 14:55:18,441 [ERROR] Disclosure page 1588786 → 429
2026-04-26 14:55:18,444 [INFO] Processing [OVR] from 08.04.2026
2026-04-26 14:55:18,546 [ERROR] Disclosure page 1588785 → 429
2026-04-26 14:55:18,549 [INFO] Processing [OVR] from 08.04.2026
2026-04-26 14:55:18,655 [ERROR] Disclosure page 1588586 → 429
2026-04-26 14:55:18,658 [INFO] Processing [OVR] from 08.04.2026
2026-04-26 14:55:18,765 [ERROR] Disclosure page 1588585 → 429
2026-04-26 14:55:18,768 [INFO] Processing [OVR] from 08.04.2026
2026-04-26 14:55:18,885 [ERROR] Disclosure page 1588584 → 429
2026-04-26 14:55:18,889 [INFO] Processing [OVR] from 08.04.2026
2026-04-26 14:55:19,004 [ERROR] Disclosure page 1588583 → 429
2026-04-26 14:55:19,008 [INFO] Processing [OVR] from 08.04.2026
2026-04-26 14:55:19,118 [ERROR] Disclosure page 1588582 → 429
2026-04-26 14:55:19,122 [INFO] Processing [OVR] from 08.04.2026
2026-04-26 14:55:19,232 [ERROR] Disclosure page 1588581 → 429
2026-04-26 14:55:19,236 [INFO] Processing [OVR] from 08.04.2026
2026-04-26 14:55:19,340 [ERROR] Disclosure page 1588580 → 429
2026-04-26 14:55:19,343 [INFO] Processing [PTS] from 08.04.2026
2026-04-26 14:55:19,450 [ERROR] Disclosure page 1588579 → 429
2026-04-26 14:55:19,455 [INFO] Processing [PTF] from 08.04.2026
2026-04-26 14:55:19,565 [ERROR] Disclosure page 1588578 → 429
2026-04-26 14:55:19,568 [INFO] Processing [PPK] from 08.04.2026
2026-04-26 14:55:19,677 [ERROR] Disclosure page 1588577 → 429
2026-04-26 14:55:19,680 [INFO] Processing [OVR] from 08.04.2026
2026-04-26 14:55:19,786 [ERROR] Disclosure page 1588576 → 429
2026-04-26 14:55:19,789 [INFO] Processing [OVR] from 08.04.2026
2026-04-26 14:55:19,892 [ERROR] Disclosure page 1588575 → 429
2026-04-26 14:55:19,896 [INFO] Processing [OLD] from 08.04.2026
2026-04-26 14:55:20,003 [ERROR] Disclosure page 1588574 → 429
2026-04-26 14:55:20,006 [INFO] Processing [BTK] from 08.04.2026
2026-04-26 14:55:20,116 [ERROR] Disclosure page 1588573 → 429
2026-04-26 14:55:20,120 [INFO] Processing [OVR] from 08.04.2026
2026-04-26 14:55:20,230 [ERROR] Disclosure page 1588572 → 429
2026-04-26 14:55:20,234 [INFO] Processing [OVR] from 08.04.2026
2026-04-26 14:55:20,359 [ERROR] Disclosure page 1588571 → 429
2026-04-26 14:55:20,363 [INFO] Processing [GRL] from 08.04.2026
2026-04-26 14:55:20,478 [ERROR] Disclosure page 1588570 → 429
2026-04-26 14:55:20,482 [INFO] Processing [OVR] from 08.04.2026
2026-04-26 14:55:20,595 [ERROR] Disclosure page 1588569 → 429
2026-04-26 14:55:20,598 [INFO] Processing [AZF] from 08.04.2026
2026-04-26 14:55:20,715 [ERROR] Disclosure page 1588568 → 429
2026-04-26 14:55:20,718 [INFO] Processing [MTF] from 08.04.2026
2026-04-26 14:55:20,816 [ERROR] Disclosure page 1588567 → 429
2026-04-26 14:55:20,819 [INFO] Processing [DA1] from 08.04.2026
2026-04-26 14:55:20,930 [ERROR] Disclosure page 1588566 → 429
2026-04-26 14:55:20,933 [INFO] Processing [PMG] from 08.04.2026
2026-04-26 14:55:21,040 [ERROR] Disclosure page 1588562 → 429
2026-04-26 14:55:21,044 [INFO] Processing [YHI] from 08.04.2026
2026-04-26 14:55:21,184 [ERROR] Disclosure page 1588059 → 429
2026-04-26 14:55:21,188 [INFO] Processing [YVB] from 08.04.2026
2026-04-26 14:55:21,296 [ERROR] Disclosure page 1588058 → 429
2026-04-26 14:55:21,300 [INFO] Processing [YTY] from 08.04.2026
2026-04-26 14:55:21,404 [ERROR] Disclosure page 1588057 → 429
2026-04-26 14:55:21,407 [INFO] Processing [BIG] from 08.04.2026
2026-04-26 14:55:21,516 [ERROR] Disclosure page 1588056 → 429
2026-04-26 14:55:21,519 [INFO] Processing [YTY] from 08.04.2026
2026-04-26 14:55:21,636 [ERROR] Disclosure page 1588055 → 429
2026-04-26 14:55:21,640 [INFO] Processing [YTY] from 08.04.2026
2026-04-26 14:55:21,761 [ERROR] Disclosure page 1588054 → 429
2026-04-26 14:55:21,765 [INFO] Processing [YTY] from 08.04.2026
2026-04-26 14:55:21,881 [ERROR] Disclosure page 1588053 → 429
2026-04-26 14:55:21,885 [INFO] Processing [YTY] from 08.04.2026
2026-04-26 14:55:22,007 [ERROR] Disclosure page 1588052 → 429
2026-04-26 14:55:22,009 [INFO] Processing [YTY] from 08.04.2026
2026-04-26 14:55:22,114 [ERROR] Disclosure page 1588051 → 429
2026-04-26 14:55:22,118 [INFO] Processing [YTY] from 08.04.2026
2026-04-26 14:55:22,220 [ERROR] Disclosure page 1588050 → 429
2026-04-26 14:55:22,223 [INFO] Processing [YTY] from 08.04.2026
2026-04-26 14:55:22,330 [ERROR] Disclosure page 1588049 → 429
2026-04-26 14:55:22,334 [INFO] Processing [YTY] from 08.04.2026
2026-04-26 14:55:22,435 [ERROR] Disclosure page 1588048 → 429
2026-04-26 14:55:22,439 [INFO] Processing [PKT] from 08.04.2026
2026-04-26 14:55:22,544 [ERROR] Disclosure page 1588047 → 429
2026-04-26 14:55:22,547 [INFO] Processing [YTY] from 08.04.2026
2026-04-26 14:55:22,658 [ERROR] Disclosure page 1588046 → 429
2026-04-26 14:55:22,662 [INFO] Processing [YTY] from 08.04.2026
2026-04-26 14:55:22,776 [ERROR] Disclosure page 1588045 → 429
2026-04-26 14:55:22,780 [INFO] Processing [YTY] from 08.04.2026
2026-04-26 14:55:22,889 [ERROR] Disclosure page 1588044 → 429
2026-04-26 14:55:22,894 [INFO] Processing [YTY] from 08.04.2026
2026-04-26 14:55:23,002 [ERROR] Disclosure page 1588043 → 429
2026-04-26 14:55:23,005 [INFO] Processing [YTY] from 08.04.2026
2026-04-26 14:55:23,114 [ERROR] Disclosure page 1588042 → 429
2026-04-26 14:55:23,117 [INFO] Processing [YTY] from 08.04.2026
2026-04-26 14:55:23,225 [ERROR] Disclosure page 1588041 → 429
2026-04-26 14:55:23,228 [INFO] Processing [YTY] from 08.04.2026
2026-04-26 14:55:23,334 [ERROR] Disclosure page 1588040 → 429
2026-04-26 14:55:23,337 [INFO] Processing [YTY] from 08.04.2026
2026-04-26 14:55:23,450 [ERROR] Disclosure page 1588039 → 429
2026-04-26 14:55:23,454 [INFO] Processing [YTY] from 08.04.2026
2026-04-26 14:55:23,561 [ERROR] Disclosure page 1588038 → 429
2026-04-26 14:55:23,566 [INFO] Processing [YTY] from 08.04.2026
2026-04-26 14:55:23,669 [ERROR] Disclosure page 1588037 → 429
2026-04-26 14:55:23,672 [INFO] Processing [YTY] from 08.04.2026
2026-04-26 14:55:23,777 [ERROR] Disclosure page 1588036 → 429
2026-04-26 14:55:23,780 [INFO] Processing [YTY] from 08.04.2026
2026-04-26 14:55:23,878 [ERROR] Disclosure page 1588035 → 429
2026-04-26 14:55:23,882 [INFO] Processing [YTY] from 08.04.2026
2026-04-26 14:55:23,991 [ERROR] Disclosure page 1588034 → 429
2026-04-26 14:55:23,995 [INFO] Processing [YTY] from 08.04.2026
2026-04-26 14:55:24,099 [ERROR] Disclosure page 1588033 → 429
2026-04-26 14:55:24,104 [INFO] Processing [YTY] from 08.04.2026
2026-04-26 14:55:24,217 [ERROR] Disclosure page 1588032 → 429
2026-04-26 14:55:24,221 [INFO] Processing [YTY] from 08.04.2026
2026-04-26 14:55:24,332 [ERROR] Disclosure page 1588031 → 429
2026-04-26 14:55:24,336 [INFO] Processing [YPF] from 08.04.2026
2026-04-26 14:55:24,442 [ERROR] Disclosure page 1588030 → 429
2026-04-26 14:55:24,446 [INFO] Processing [YPK] from 08.04.2026
2026-04-26 14:55:24,554 [ERROR] Disclosure page 1588029 → 429
2026-04-26 14:55:24,556 [INFO] Processing [YTY] from 08.04.2026
2026-04-26 14:55:24,661 [ERROR] Disclosure page 1588028 → 429
2026-04-26 14:55:24,664 [INFO] Processing [YTY] from 08.04.2026
2026-04-26 14:55:24,771 [ERROR] Disclosure page 1588027 → 429
2026-04-26 14:55:24,774 [INFO] Processing [YTY] from 08.04.2026
2026-04-26 14:55:24,878 [ERROR] Disclosure page 1588026 → 429
2026-04-26 14:55:24,881 [INFO] Processing [YTY] from 08.04.2026
2026-04-26 14:55:24,987 [ERROR] Disclosure page 1588025 → 429
2026-04-26 14:55:24,990 [INFO] Processing [YKS] from 08.04.2026
2026-04-26 14:55:25,099 [ERROR] Disclosure page 1588024 → 429
2026-04-26 14:55:25,103 [INFO] Processing [YTY] from 08.04.2026
2026-04-26 14:55:25,212 [ERROR] Disclosure page 1588023 → 429
2026-04-26 14:55:25,215 [INFO] Processing [YTY] from 08.04.2026
2026-04-26 14:55:25,332 [ERROR] Disclosure page 1588022 → 429
2026-04-26 14:55:25,336 [INFO] Processing [YP4] from 08.04.2026
2026-04-26 14:55:25,442 [ERROR] Disclosure page 1588021 → 429
2026-04-26 14:55:25,446 [INFO] Processing [YTY] from 08.04.2026
2026-04-26 14:55:25,558 [ERROR] Disclosure page 1588020 → 429
2026-04-26 14:55:25,561 [INFO] Processing [YUB] from 08.04.2026
2026-04-26 14:55:25,664 [ERROR] Disclosure page 1588019 → 429
2026-04-26 14:55:25,667 [INFO] Processing [YTY] from 08.04.2026
2026-04-26 14:55:25,772 [ERROR] Disclosure page 1588018 → 429
2026-04-26 14:55:25,775 [INFO] Processing [YTY] from 08.04.2026
2026-04-26 14:55:25,881 [ERROR] Disclosure page 1588017 → 429
2026-04-26 14:55:25,885 [INFO] Processing [YTY] from 08.04.2026
2026-04-26 14:55:25,990 [ERROR] Disclosure page 1588016 → 429
2026-04-26 14:55:25,993 [INFO] Processing [YTY] from 08.04.2026
2026-04-26 14:55:26,099 [ERROR] Disclosure page 1588015 → 429
2026-04-26 14:55:26,102 [INFO] Processing [YGM] from 08.04.2026
2026-04-26 14:55:26,215 [ERROR] Disclosure page 1588014 → 429
2026-04-26 14:55:26,219 [INFO] Processing [YIV] from 08.04.2026
2026-04-26 14:55:26,322 [ERROR] Disclosure page 1588013 → 429
2026-04-26 14:55:26,325 [INFO] Processing [YCP] from 08.04.2026
2026-04-26 14:55:26,429 [ERROR] Disclosure page 1588012 → 429
2026-04-26 14:55:26,433 [INFO] Processing [YTY] from 08.04.2026
2026-04-26 14:55:26,544 [ERROR] Disclosure page 1588011 → 429
2026-04-26 14:55:26,547 [INFO] Processing [YTY] from 08.04.2026
2026-04-26 14:55:26,654 [ERROR] Disclosure page 1588010 → 429
2026-04-26 14:55:26,658 [INFO] Processing [YTY] from 08.04.2026
2026-04-26 14:55:26,759 [ERROR] Disclosure page 1588009 → 429
2026-04-26 14:55:26,763 [INFO] Processing [YVG] from 08.04.2026
2026-04-26 14:55:26,868 [ERROR] Disclosure page 1588008 → 429
2026-04-26 14:55:26,871 [INFO] Processing [YTY] from 08.04.2026
2026-04-26 14:55:26,986 [ERROR] Disclosure page 1588007 → 429
2026-04-26 14:55:26,989 [INFO] Processing [YTY] from 08.04.2026
2026-04-26 14:55:27,088 [ERROR] Disclosure page 1588006 → 429
2026-04-26 14:55:27,091 [INFO] Processing [YTY] from 08.04.2026
2026-04-26 14:55:27,197 [ERROR] Disclosure page 1588005 → 429
2026-04-26 14:55:27,201 [INFO] Processing [YTY] from 08.04.2026
2026-04-26 14:55:27,303 [ERROR] Disclosure page 1588004 → 429
2026-04-26 14:55:27,306 [INFO] Processing [YTY] from 08.04.2026
2026-04-26 14:55:27,417 [ERROR] Disclosure page 1588003 → 429
2026-04-26 14:55:27,421 [INFO] Processing [YZK] from 08.04.2026
2026-04-26 14:55:27,534 [ERROR] Disclosure page 1588002 → 429
2026-04-26 14:55:27,538 [INFO] Processing [YTY] from 08.04.2026
2026-04-26 14:55:27,648 [ERROR] Disclosure page 1588001 → 429
2026-04-26 14:55:27,651 [INFO] Processing [YPV] from 08.04.2026
2026-04-26 14:55:27,764 [ERROR] Disclosure page 1588000 → 429
2026-04-26 14:55:27,768 [INFO] Processing [YTY] from 08.04.2026
2026-04-26 14:55:27,872 [ERROR] Disclosure page 1587999 → 429
2026-04-26 14:55:27,875 [INFO] Processing [YTY] from 08.04.2026
2026-04-26 14:55:27,981 [ERROR] Disclosure page 1587998 → 429
2026-04-26 14:55:27,985 [INFO] Processing [YTY] from 08.04.2026
2026-04-26 14:55:28,090 [ERROR] Disclosure page 1587997 → 429
2026-04-26 14:55:28,093 [INFO] Processing [PLA] from 08.04.2026
2026-04-26 14:55:28,198 [ERROR] Disclosure page 1587996 → 429
2026-04-26 14:55:28,201 [INFO] Processing [YSA] from 08.04.2026
2026-04-26 14:55:28,304 [ERROR] Disclosure page 1587995 → 429
2026-04-26 14:55:28,308 [INFO] Processing [YTY] from 08.04.2026
2026-04-26 14:55:28,421 [ERROR] Disclosure page 1587994 → 429
2026-04-26 14:55:28,425 [INFO] Processing [BDA] from 08.04.2026
2026-04-26 14:55:28,528 [ERROR] Disclosure page 1587993 → 429
2026-04-26 14:55:28,532 [INFO] Processing [YIK] from 08.04.2026
2026-04-26 14:55:28,642 [ERROR] Disclosure page 1587992 → 429
2026-04-26 14:55:28,646 [INFO] Processing [CKL] from 08.04.2026
2026-04-26 14:55:28,752 [ERROR] Disclosure page 1587991 → 429
2026-04-26 14:55:28,755 [INFO] Processing [SSS] from 08.04.2026
2026-04-26 14:55:28,857 [ERROR] Disclosure page 1587990 → 429
2026-04-26 14:55:28,861 [INFO] Processing [YMH] from 08.04.2026
2026-04-26 14:55:28,961 [ERROR] Disclosure page 1587989 → 429
2026-04-26 14:55:28,964 [INFO] Processing [FLS] from 08.04.2026
2026-04-26 14:55:29,072 [ERROR] Disclosure page 1587988 → 429
2026-04-26 14:55:29,076 [INFO] Processing [YSO] from 08.04.2026
2026-04-26 14:55:29,177 [ERROR] Disclosure page 1587987 → 429
2026-04-26 14:55:29,180 [INFO] Processing [HVC] from 08.04.2026
2026-04-26 14:55:29,285 [ERROR] Disclosure page 1587833 → 429
2026-04-26 14:55:29,288 [INFO] Processing [NNF] from 08.04.2026
2026-04-26 14:55:29,399 [ERROR] Disclosure page 1587832 → 429
2026-04-26 14:55:29,403 [INFO] Processing [HVC] from 08.04.2026
2026-04-26 14:55:29,516 [ERROR] Disclosure page 1587831 → 429
2026-04-26 14:55:29,519 [INFO] Processing [HVC] from 08.04.2026
2026-04-26 14:55:29,632 [ERROR] Disclosure page 1587830 → 429
2026-04-26 14:55:29,636 [INFO] Processing [HYV] from 08.04.2026
2026-04-26 14:55:29,740 [ERROR] Disclosure page 1587829 → 429
2026-04-26 14:55:29,744 [INFO] Processing [HVK] from 08.04.2026
2026-04-26 14:55:29,848 [ERROR] Disclosure page 1587828 → 429
2026-04-26 14:55:29,851 [INFO] Processing [HVC] from 08.04.2026
2026-04-26 14:55:29,963 [ERROR] Disclosure page 1587827 → 429
2026-04-26 14:55:29,967 [INFO] Processing [HVC] from 08.04.2026
2026-04-26 14:55:30,078 [ERROR] Disclosure page 1587826 → 429
2026-04-26 14:55:30,082 [INFO] Processing [HVC] from 08.04.2026
2026-04-26 14:55:30,194 [ERROR] Disclosure page 1587823 → 429
2026-04-26 14:55:30,198 [INFO] Processing [HVC] from 08.04.2026
2026-04-26 14:55:30,307 [ERROR] Disclosure page 1587822 → 429
2026-04-26 14:55:30,310 [INFO] Processing [HVC] from 08.04.2026
2026-04-26 14:55:30,425 [ERROR] Disclosure page 1587821 → 429
2026-04-26 14:55:30,430 [INFO] Processing [HVC] from 08.04.2026
2026-04-26 14:55:30,540 [ERROR] Disclosure page 1587820 → 429
2026-04-26 14:55:30,543 [INFO] Processing [HVC] from 08.04.2026
2026-04-26 14:55:30,653 [ERROR] Disclosure page 1587819 → 429
2026-04-26 14:55:30,657 [INFO] Processing [HKJ] from 08.04.2026
2026-04-26 14:55:30,767 [ERROR] Disclosure page 1587818 → 429
2026-04-26 14:55:30,770 [INFO] Processing [HKH] from 08.04.2026
2026-04-26 14:55:30,878 [ERROR] Disclosure page 1587817 → 429
2026-04-26 14:55:30,881 [INFO] Processing [MTF] from 08.04.2026
2026-04-26 14:55:30,987 [ERROR] Disclosure page 1587816 → 429
2026-04-26 14:55:30,991 [INFO] Processing [HVC] from 08.04.2026
2026-04-26 14:55:31,095 [ERROR] Disclosure page 1587815 → 429
2026-04-26 14:55:31,099 [INFO] Processing [HVC] from 08.04.2026
2026-04-26 14:55:31,206 [ERROR] Disclosure page 1587814 → 429
2026-04-26 14:55:31,209 [INFO] Processing [MTF] from 08.04.2026
2026-04-26 14:55:31,311 [ERROR] Disclosure page 1587813 → 429
2026-04-26 14:55:31,314 [INFO] Processing [HVC] from 08.04.2026
2026-04-26 14:55:31,424 [ERROR] Disclosure page 1587812 → 429
2026-04-26 14:55:31,427 [INFO] Processing [HVC] from 08.04.2026
2026-04-26 14:55:31,529 [ERROR] Disclosure page 1587811 → 429
2026-04-26 14:55:31,532 [INFO] Processing [HVC] from 08.04.2026
2026-04-26 14:55:31,643 [ERROR] Disclosure page 1587810 → 429
2026-04-26 14:55:31,646 [INFO] Processing [HVC] from 08.04.2026
2026-04-26 14:55:31,753 [ERROR] Disclosure page 1587809 → 429
2026-04-26 14:55:31,756 [INFO] Processing [HVC] from 08.04.2026
2026-04-26 14:55:31,860 [ERROR] Disclosure page 1587808 → 429
2026-04-26 14:55:31,863 [INFO] Processing [HVC] from 08.04.2026
2026-04-26 14:55:31,978 [ERROR] Disclosure page 1587807 → 429
2026-04-26 14:55:31,982 [INFO] Processing [HVC] from 08.04.2026
2026-04-26 14:55:32,094 [ERROR] Disclosure page 1587806 → 429
2026-04-26 14:55:32,098 [INFO] Processing [HVC] from 08.04.2026
2026-04-26 14:55:32,211 [ERROR] Disclosure page 1587805 → 429
2026-04-26 14:55:32,215 [INFO] Processing [FNT] from 08.04.2026
2026-04-26 14:55:32,324 [ERROR] Disclosure page 1587804 → 429
2026-04-26 14:55:32,328 [INFO] Processing [HVC] from 08.04.2026
2026-04-26 14:55:32,438 [ERROR] Disclosure page 1587803 → 429
2026-04-26 14:55:32,442 [INFO] Processing [MTF] from 08.04.2026
2026-04-26 14:55:32,552 [ERROR] Disclosure page 1587782 → 429
2026-04-26 14:55:32,556 [INFO] Processing [FDG] from 08.04.2026
2026-04-26 14:55:32,672 [ERROR] Disclosure page 1587781 → 429
2026-04-26 14:55:32,679 [INFO] Processing [ILK] from 08.04.2026
2026-04-26 14:55:32,797 [ERROR] Disclosure page 1587780 → 429
2026-04-26 14:55:32,802 [INFO] Processing [GJM] from 08.04.2026
2026-04-26 14:55:32,908 [ERROR] Disclosure page 1587775 → 429
2026-04-26 14:55:32,912 [INFO] Processing [MTF] from 08.04.2026
2026-04-26 14:55:33,011 [ERROR] Disclosure page 1587761 → 429
2026-04-26 14:55:33,015 [INFO] Processing [BSD] from 08.04.2026
2026-04-26 14:55:33,120 [ERROR] Disclosure page 1587759 → 429
2026-04-26 14:55:33,124 [INFO] Processing [HDE] from 08.04.2026
2026-04-26 14:55:33,235 [ERROR] Disclosure page 1587711 → 429
2026-04-26 14:55:33,239 [INFO] Processing [PMG] from 08.04.2026
2026-04-26 14:55:33,343 [ERROR] Disclosure page 1587710 → 429
2026-04-26 14:55:33,347 [INFO] Processing [ILK] from 08.04.2026
2026-04-26 14:55:33,453 [ERROR] Disclosure page 1587709 → 429
2026-04-26 14:55:33,457 [INFO] Processing [AIS] from 08.04.2026
2026-04-26 14:55:33,561 [ERROR] Disclosure page 1587708 → 429
2026-04-26 14:55:33,566 [INFO] Processing [HDE] from 08.04.2026
2026-04-26 14:55:33,666 [ERROR] Disclosure page 1587707 → 429
2026-04-26 14:55:33,670 [INFO] Processing [AIS] from 08.04.2026
2026-04-26 14:55:33,783 [ERROR] Disclosure page 1587706 → 429
2026-04-26 14:55:33,787 [INFO] Processing [HDE] from 08.04.2026
2026-04-26 14:55:33,903 [ERROR] Disclosure page 1587705 → 429
2026-04-26 14:55:33,907 [INFO] Processing [HDE] from 08.04.2026
2026-04-26 14:55:34,009 [ERROR] Disclosure page 1587704 → 429
2026-04-26 14:55:34,013 [INFO] Processing [HDE] from 08.04.2026
2026-04-26 14:55:34,119 [ERROR] Disclosure page 1587703 → 429
2026-04-26 14:55:34,122 [INFO] Processing [IKV] from 08.04.2026
2026-04-26 14:55:34,237 [ERROR] Disclosure page 1587702 → 429
2026-04-26 14:55:34,241 [INFO] Processing [HDE] from 08.04.2026
2026-04-26 14:55:34,357 [ERROR] Disclosure page 1587701 → 429
2026-04-26 14:55:34,361 [INFO] Processing [BTK] from 08.04.2026
2026-04-26 14:55:34,471 [ERROR] Disclosure page 1587700 → 429
2026-04-26 14:55:34,474 [INFO] Processing [BIO] from 08.04.2026
2026-04-26 14:55:34,591 [ERROR] Disclosure page 1587699 → 429
2026-04-26 14:55:34,595 [INFO] Processing [HFV] from 08.04.2026
2026-04-26 14:55:34,709 [ERROR] Disclosure page 1587698 → 429
2026-04-26 14:55:34,714 [INFO] Processing [HDE] from 08.04.2026
2026-04-26 14:55:34,821 [ERROR] Disclosure page 1587697 → 429
2026-04-26 14:55:34,825 [INFO] Processing [IKV] from 08.04.2026
2026-04-26 14:55:34,932 [ERROR] Disclosure page 1587696 → 429
2026-04-26 14:55:34,937 [INFO] Processing [MHF] from 08.04.2026
2026-04-26 14:55:35,045 [ERROR] Disclosure page 1587695 → 429
2026-04-26 14:55:35,048 [INFO] Processing [MTF] from 08.04.2026
2026-04-26 14:55:35,153 [ERROR] Disclosure page 1587694 → 429
2026-04-26 14:55:35,157 [INFO] Processing [ILK] from 08.04.2026
2026-04-26 14:55:35,264 [ERROR] Disclosure page 1587693 → 429
2026-04-26 14:55:35,268 [INFO] Processing [SFA] from 08.04.2026
2026-04-26 14:55:35,379 [ERROR] Disclosure page 1587578 → 429
2026-04-26 14:55:35,382 [INFO] Processing [ZCN] from 08.04.2026
2026-04-26 14:55:35,484 [ERROR] Disclosure page 1587540 → 429
2026-04-26 14:55:35,487 [INFO] Processing [ZTG] from 08.04.2026
2026-04-26 14:55:35,592 [ERROR] Disclosure page 1587539 → 429
2026-04-26 14:55:35,595 [INFO] Processing [ZCN] from 08.04.2026
2026-04-26 14:55:35,701 [ERROR] Disclosure page 1587538 → 429
2026-04-26 14:55:35,704 [INFO] Processing [ZSF] from 08.04.2026
2026-04-26 14:55:35,807 [ERROR] Disclosure page 1587537 → 429
2026-04-26 14:55:35,811 [INFO] Processing [ZR3] from 08.04.2026
2026-04-26 14:55:35,920 [ERROR] Disclosure page 1587536 → 429
2026-04-26 14:55:35,923 [INFO] Processing [ZPR] from 08.04.2026
2026-04-26 14:55:36,036 [ERROR] Disclosure page 1587535 → 429
2026-04-26 14:55:36,040 [INFO] Processing [ZCN] from 08.04.2026
2026-04-26 14:55:36,158 [ERROR] Disclosure page 1587534 → 429
2026-04-26 14:55:36,162 [INFO] Processing [ZPJ] from 08.04.2026
2026-04-26 14:55:36,265 [ERROR] Disclosure page 1587533 → 429
2026-04-26 14:55:36,269 [INFO] Processing [ZCN] from 08.04.2026
2026-04-26 14:55:36,370 [ERROR] Disclosure page 1587532 → 429
2026-04-26 14:55:36,374 [INFO] Processing [ZCN] from 08.04.2026
2026-04-26 14:55:36,480 [ERROR] Disclosure page 1587531 → 429
2026-04-26 14:55:36,483 [INFO] Processing [ZCN] from 08.04.2026
2026-04-26 14:55:36,595 [ERROR] Disclosure page 1587530 → 429
2026-04-26 14:55:36,598 [INFO] Processing [ZCN] from 08.04.2026
2026-04-26 14:55:36,708 [ERROR] Disclosure page 1587529 → 429
2026-04-26 14:55:36,713 [INFO] Processing [ZCN] from 08.04.2026
2026-04-26 14:55:36,822 [ERROR] Disclosure page 1587528 → 429
2026-04-26 14:55:36,825 [INFO] Processing [ZCN] from 08.04.2026
2026-04-26 14:55:36,929 [ERROR] Disclosure page 1587527 → 429
2026-04-26 14:55:36,932 [INFO] Processing [ZP8] from 08.04.2026
2026-04-26 14:55:37,040 [ERROR] Disclosure page 1587526 → 429
2026-04-26 14:55:37,043 [INFO] Processing [ZCN] from 08.04.2026
2026-04-26 14:55:37,144 [ERROR] Disclosure page 1587525 → 429
2026-04-26 14:55:37,147 [INFO] Processing [ZCN] from 08.04.2026
2026-04-26 14:55:37,255 [ERROR] Disclosure page 1587524 → 429
2026-04-26 14:55:37,258 [INFO] Processing [ZCN] from 08.04.2026
2026-04-26 14:55:37,367 [ERROR] Disclosure page 1587523 → 429
2026-04-26 14:55:37,371 [INFO] Processing [ZCN] from 08.04.2026
2026-04-26 14:55:37,477 [ERROR] Disclosure page 1587522 → 429
2026-04-26 14:55:37,481 [INFO] Processing [ZCN] from 08.04.2026
2026-04-26 14:55:37,588 [ERROR] Disclosure page 1587521 → 429
2026-04-26 14:55:37,592 [INFO] Processing [ZCN] from 08.04.2026
2026-04-26 14:55:37,694 [ERROR] Disclosure page 1587520 → 429
2026-04-26 14:55:37,698 [INFO] Processing [ZCN] from 08.04.2026
2026-04-26 14:55:37,805 [ERROR] Disclosure page 1587519 → 429
2026-04-26 14:55:37,809 [INFO] Processing [ZHH] from 08.04.2026
2026-04-26 14:55:37,920 [ERROR] Disclosure page 1587518 → 429
2026-04-26 14:55:37,923 [INFO] Processing [ZDZ] from 08.04.2026
2026-04-26 14:55:38,031 [ERROR] Disclosure page 1587513 → 429
2026-04-26 14:55:38,035 [INFO] Processing [ZCN] from 08.04.2026
2026-04-26 14:55:38,138 [ERROR] Disclosure page 1587512 → 429
2026-04-26 14:55:38,142 [INFO] Processing [ZCN] from 08.04.2026
2026-04-26 14:55:38,253 [ERROR] Disclosure page 1587511 → 429
2026-04-26 14:55:38,256 [INFO] Processing [ZCN] from 08.04.2026
2026-04-26 14:55:38,362 [ERROR] Disclosure page 1587510 → 429
2026-04-26 14:55:38,365 [INFO] Processing [ZCN] from 08.04.2026
2026-04-26 14:55:38,470 [ERROR] Disclosure page 1587509 → 429
2026-04-26 14:55:38,474 [INFO] Processing [ZBO] from 08.04.2026
2026-04-26 14:55:38,586 [ERROR] Disclosure page 1587508 → 429
2026-04-26 14:55:38,589 [INFO] Processing [ZBN] from 08.04.2026
2026-04-26 14:55:38,703 [ERROR] Disclosure page 1587507 → 429
2026-04-26 14:55:38,706 [INFO] Processing [ZBJ] from 08.04.2026
2026-04-26 14:55:38,813 [ERROR] Disclosure page 1587506 → 429
2026-04-26 14:55:38,816 [INFO] Processing [ZCN] from 08.04.2026
2026-04-26 14:55:38,923 [ERROR] Disclosure page 1587505 → 429
2026-04-26 14:55:38,926 [INFO] Processing [ZCN] from 08.04.2026
2026-04-26 14:55:39,036 [ERROR] Disclosure page 1587504 → 429
2026-04-26 14:55:39,039 [INFO] Processing [ZCN] from 08.04.2026
2026-04-26 14:55:39,151 [ERROR] Disclosure page 1587503 → 429
2026-04-26 14:55:39,155 [INFO] Processing [ZCN] from 08.04.2026
2026-04-26 14:55:39,265 [ERROR] Disclosure page 1587502 → 429
2026-04-26 14:55:39,269 [INFO] Processing [VFK] from 08.04.2026
2026-04-26 14:55:39,372 [ERROR] Disclosure page 1587501 → 429
2026-04-26 14:55:39,376 [INFO] Processing [ZCN] from 08.04.2026
2026-04-26 14:55:39,484 [ERROR] Disclosure page 1587500 → 429
2026-04-26 14:55:39,487 [INFO] Processing [ZCN] from 08.04.2026
2026-04-26 14:55:39,592 [ERROR] Disclosure page 1587499 → 429
2026-04-26 14:55:39,595 [INFO] Processing [ZCN] from 08.04.2026
2026-04-26 14:55:39,704 [ERROR] Disclosure page 1587498 → 429
2026-04-26 14:55:39,707 [INFO] Processing [ZCN] from 08.04.2026
2026-04-26 14:55:39,818 [ERROR] Disclosure page 1587497 → 429
2026-04-26 14:55:39,822 [INFO] Processing [ZCN] from 08.04.2026
2026-04-26 14:55:39,933 [ERROR] Disclosure page 1587496 → 429
2026-04-26 14:55:39,937 [INFO] Processing [ZCN] from 08.04.2026
2026-04-26 14:55:40,044 [ERROR] Disclosure page 1587495 → 429
2026-04-26 14:55:40,048 [INFO] Processing [ZCN] from 08.04.2026
2026-04-26 14:55:40,156 [ERROR] Disclosure page 1587494 → 429
2026-04-26 14:55:40,160 [INFO] Processing [ZCN] from 08.04.2026
2026-04-26 14:55:40,266 [ERROR] Disclosure page 1587493 → 429
2026-04-26 14:55:40,269 [INFO] Processing [ZCN] from 08.04.2026
2026-04-26 14:55:40,374 [ERROR] Disclosure page 1587492 → 429
2026-04-26 14:55:40,378 [INFO] Processing [HKG] from 08.04.2026
2026-04-26 14:55:40,490 [ERROR] Disclosure page 1587491 → 429
2026-04-26 14:55:40,494 [INFO] Processing [NBZ] from 07.04.2026
2026-04-26 14:55:40,604 [ERROR] Disclosure page 1587375 → 429
2026-04-26 14:55:40,607 [INFO] Processing [EDP] from 07.04.2026
2026-04-26 14:55:40,715 [ERROR] Disclosure page 1587374 → 429
2026-04-26 14:55:40,719 [INFO] Processing [MTF] from 07.04.2026
2026-04-26 14:55:40,834 [ERROR] Disclosure page 1587373 → 429
2026-04-26 14:55:40,838 [INFO] Processing [EDP] from 07.04.2026
2026-04-26 14:55:40,948 [ERROR] Disclosure page 1587372 → 429
2026-04-26 14:55:40,952 [INFO] Processing [BHI] from 07.04.2026
2026-04-26 14:55:41,069 [ERROR] Disclosure page 1587371 → 429
2026-04-26 14:55:41,073 [INFO] Processing [NFF] from 07.04.2026
2026-04-26 14:55:41,183 [ERROR] Disclosure page 1587370 → 429
2026-04-26 14:55:41,187 [INFO] Processing [EDP] from 07.04.2026
2026-04-26 14:55:41,296 [ERROR] Disclosure page 1587369 → 429
2026-04-26 14:55:41,300 [INFO] Processing [NAU] from 07.04.2026
2026-04-26 14:55:41,421 [ERROR] Disclosure page 1587368 → 429
2026-04-26 14:55:41,425 [INFO] Processing [NVC] from 07.04.2026
2026-04-26 14:55:41,543 [ERROR] Disclosure page 1587367 → 429
2026-04-26 14:55:41,549 [INFO] Processing [EDP] from 07.04.2026
2026-04-26 14:55:41,663 [ERROR] Disclosure page 1587366 → 429
2026-04-26 14:55:41,668 [INFO] Processing [MTF] from 07.04.2026
2026-04-26 14:55:41,779 [ERROR] Disclosure page 1587360 → 429
2026-04-26 14:55:41,782 [INFO] Processing [NVT] from 07.04.2026
2026-04-26 14:55:41,880 [ERROR] Disclosure page 1587359 → 429
2026-04-26 14:55:41,884 [INFO] Processing [EDP] from 07.04.2026
2026-04-26 14:55:41,990 [ERROR] Disclosure page 1587358 → 429
2026-04-26 14:55:41,993 [INFO] Processing [MTF] from 07.04.2026
2026-04-26 14:55:42,098 [ERROR] Disclosure page 1587357 → 429
2026-04-26 14:55:42,101 [INFO] Processing [MTF] from 07.04.2026
2026-04-26 14:55:42,209 [ERROR] Disclosure page 1587356 → 429
2026-04-26 14:55:42,212 [INFO] Processing [MTF] from 07.04.2026
2026-04-26 14:55:42,326 [ERROR] Disclosure page 1587355 → 429
2026-04-26 14:55:42,330 [INFO] Processing [EDP] from 07.04.2026
2026-04-26 14:55:42,446 [ERROR] Disclosure page 1587354 → 429
2026-04-26 14:55:42,449 [INFO] Processing [NKM] from 07.04.2026
2026-04-26 14:55:42,553 [ERROR] Disclosure page 1587353 → 429
2026-04-26 14:55:42,556 [INFO] Processing [EDP] from 07.04.2026
2026-04-26 14:55:42,655 [ERROR] Disclosure page 1587352 → 429
2026-04-26 14:55:42,659 [INFO] Processing [EDP] from 07.04.2026
2026-04-26 14:55:42,758 [ERROR] Disclosure page 1587351 → 429
2026-04-26 14:55:42,762 [INFO] Processing [EDP] from 07.04.2026
2026-04-26 14:55:42,869 [ERROR] Disclosure page 1587350 → 429
2026-04-26 14:55:42,872 [INFO] Processing [EDP] from 07.04.2026
2026-04-26 14:55:42,979 [ERROR] Disclosure page 1587349 → 429
2026-04-26 14:55:42,983 [INFO] Processing [EDP] from 07.04.2026
2026-04-26 14:55:43,087 [ERROR] Disclosure page 1587348 → 429
2026-04-26 14:55:43,091 [INFO] Processing [EDP] from 07.04.2026
2026-04-26 14:55:43,195 [ERROR] Disclosure page 1587347 → 429
2026-04-26 14:55:43,198 [INFO] Processing [NTI] from 07.04.2026
2026-04-26 14:55:43,304 [ERROR] Disclosure page 1587346 → 429
2026-04-26 14:55:43,307 [INFO] Processing [NKA] from 07.04.2026
2026-04-26 14:55:43,417 [ERROR] Disclosure page 1587345 → 429
2026-04-26 14:55:43,420 [INFO] Processing [ODP] from 07.04.2026
2026-04-26 14:55:43,521 [ERROR] Disclosure page 1587173 → 429
2026-04-26 14:55:43,525 [INFO] Processing [OUR] from 07.04.2026
2026-04-26 14:55:43,632 [ERROR] Disclosure page 1587172 → 429
2026-04-26 14:55:43,636 [INFO] Processing [OUD] from 07.04.2026
2026-04-26 14:55:43,742 [ERROR] Disclosure page 1587171 → 429
2026-04-26 14:55:43,747 [INFO] Processing [ODP] from 07.04.2026
2026-04-26 14:55:43,854 [ERROR] Disclosure page 1587170 → 429
2026-04-26 14:55:43,857 [INFO] Processing [ODP] from 07.04.2026
2026-04-26 14:55:43,963 [ERROR] Disclosure page 1587169 → 429
2026-04-26 14:55:43,967 [INFO] Processing [ODP] from 07.04.2026
2026-04-26 14:55:44,082 [ERROR] Disclosure page 1587168 → 429
2026-04-26 14:55:44,085 [INFO] Processing [ODP] from 07.04.2026
2026-04-26 14:55:44,191 [ERROR] Disclosure page 1587167 → 429
2026-04-26 14:55:44,195 [INFO] Processing [ODP] from 07.04.2026
2026-04-26 14:55:44,294 [ERROR] Disclosure page 1587166 → 429
2026-04-26 14:55:44,297 [INFO] Processing [ODP] from 07.04.2026
2026-04-26 14:55:44,408 [ERROR] Disclosure page 1587165 → 429
2026-04-26 14:55:44,412 [INFO] Processing [ODP] from 07.04.2026
2026-04-26 14:55:44,521 [ERROR] Disclosure page 1587164 → 429
2026-04-26 14:55:44,524 [INFO] Processing [ODP] from 07.04.2026
2026-04-26 14:55:44,631 [ERROR] Disclosure page 1587163 → 429
2026-04-26 14:55:44,634 [INFO] Processing [ODP] from 07.04.2026
2026-04-26 14:55:44,741 [ERROR] Disclosure page 1587162 → 429
2026-04-26 14:55:44,745 [INFO] Processing [ODP] from 07.04.2026
2026-04-26 14:55:44,856 [ERROR] Disclosure page 1587161 → 429
2026-04-26 14:55:44,859 [INFO] Processing [ODP] from 07.04.2026
2026-04-26 14:55:44,964 [ERROR] Disclosure page 1587160 → 429
2026-04-26 14:55:44,968 [INFO] Processing [MTF] from 07.04.2026
2026-04-26 14:55:45,082 [ERROR] Disclosure page 1587159 → 429
2026-04-26 14:55:45,087 [INFO] Processing [ODP] from 07.04.2026
2026-04-26 14:55:45,195 [ERROR] Disclosure page 1587158 → 429
2026-04-26 14:55:45,199 [INFO] Processing [ODP] from 07.04.2026
2026-04-26 14:55:45,304 [ERROR] Disclosure page 1587157 → 429
2026-04-26 14:55:45,307 [INFO] Processing [OPB] from 07.04.2026
2026-04-26 14:55:45,420 [ERROR] Disclosure page 1587156 → 429
2026-04-26 14:55:45,425 [INFO] Processing [MTF] from 07.04.2026
2026-04-26 14:55:45,528 [ERROR] Disclosure page 1587155 → 429
2026-04-26 14:55:45,531 [INFO] Processing [ODP] from 07.04.2026
2026-04-26 14:55:45,638 [ERROR] Disclosure page 1587154 → 429
2026-04-26 14:55:45,642 [INFO] Processing [ODP] from 07.04.2026
2026-04-26 14:55:45,748 [ERROR] Disclosure page 1587153 → 429
2026-04-26 14:55:45,751 [INFO] Processing [ODP] from 07.04.2026
2026-04-26 14:55:45,856 [ERROR] Disclosure page 1587152 → 429
2026-04-26 14:55:45,859 [INFO] Processing [ODP] from 07.04.2026
2026-04-26 14:55:45,970 [ERROR] Disclosure page 1587151 → 429
2026-04-26 14:55:45,974 [INFO] Processing [IHC] from 07.04.2026
2026-04-26 14:55:46,089 [ERROR] Disclosure page 1587144 → 429
2026-04-26 14:55:46,092 [INFO] Processing [GEI] from 07.04.2026
2026-04-26 14:55:46,198 [ERROR] Disclosure page 1587143 → 429
2026-04-26 14:55:46,200 [INFO] Processing [GEI] from 07.04.2026
2026-04-26 14:55:46,297 [ERROR] Disclosure page 1587142 → 429
2026-04-26 14:55:46,300 [INFO] Processing [GEI] from 07.04.2026
2026-04-26 14:55:46,405 [ERROR] Disclosure page 1587141 → 429
2026-04-26 14:55:46,409 [INFO] Processing [GEI] from 07.04.2026
2026-04-26 14:55:46,516 [ERROR] Disclosure page 1587140 → 429
2026-04-26 14:55:46,520 [INFO] Processing [GEI] from 07.04.2026
2026-04-26 14:55:46,626 [ERROR] Disclosure page 1587139 → 429
2026-04-26 14:55:46,630 [INFO] Processing [GEI] from 07.04.2026
2026-04-26 14:55:46,736 [ERROR] Disclosure page 1587138 → 429
2026-04-26 14:55:46,740 [INFO] Processing [GEI] from 07.04.2026
2026-04-26 14:55:46,846 [ERROR] Disclosure page 1587137 → 429
2026-04-26 14:55:46,849 [INFO] Processing [GGK] from 07.04.2026
2026-04-26 14:55:46,961 [ERROR] Disclosure page 1587136 → 429
2026-04-26 14:55:46,965 [INFO] Processing [GEI] from 07.04.2026
2026-04-26 14:55:47,075 [ERROR] Disclosure page 1587135 → 429
2026-04-26 14:55:47,079 [INFO] Processing [GEI] from 07.04.2026
2026-04-26 14:55:47,189 [ERROR] Disclosure page 1587134 → 429
2026-04-26 14:55:47,192 [INFO] Processing [GAN] from 07.04.2026
2026-04-26 14:55:47,287 [ERROR] Disclosure page 1587133 → 429
2026-04-26 14:55:47,290 [INFO] Processing [GEI] from 07.04.2026
2026-04-26 14:55:47,386 [ERROR] Disclosure page 1587132 → 429
2026-04-26 14:55:47,390 [INFO] Processing [GEI] from 07.04.2026
2026-04-26 14:55:47,495 [ERROR] Disclosure page 1587131 → 429
2026-04-26 14:55:47,498 [INFO] Processing [CVK] from 07.04.2026
2026-04-26 14:55:47,601 [ERROR] Disclosure page 1587130 → 429
2026-04-26 14:55:47,604 [INFO] Processing [GEI] from 07.04.2026
2026-04-26 14:55:47,706 [ERROR] Disclosure page 1587099 → 429
2026-04-26 14:55:47,709 [INFO] Processing [GEI] from 07.04.2026
2026-04-26 14:55:47,821 [ERROR] Disclosure page 1587098 → 429
2026-04-26 14:55:47,825 [INFO] Processing [GEI] from 07.04.2026
2026-04-26 14:55:47,943 [ERROR] Disclosure page 1587097 → 429
2026-04-26 14:55:47,947 [INFO] Processing [IV7] from 07.04.2026
2026-04-26 14:55:48,054 [ERROR] Disclosure page 1587096 → 429
2026-04-26 14:55:48,057 [INFO] Processing [GEI] from 07.04.2026
2026-04-26 14:55:48,161 [ERROR] Disclosure page 1587095 → 429
2026-04-26 14:55:48,164 [INFO] Processing [GEI] from 07.04.2026
2026-04-26 14:55:48,271 [ERROR] Disclosure page 1587094 → 429
2026-04-26 14:55:48,274 [INFO] Processing [GEI] from 07.04.2026
2026-04-26 14:55:48,376 [ERROR] Disclosure page 1587093 → 429
2026-04-26 14:55:48,380 [INFO] Processing [GEI] from 07.04.2026
2026-04-26 14:55:48,487 [ERROR] Disclosure page 1587092 → 429
2026-04-26 14:55:48,489 [INFO] Processing [IRT] from 07.04.2026
2026-04-26 14:55:48,603 [ERROR] Disclosure page 1587091 → 429
2026-04-26 14:55:48,607 [INFO] Processing [GEI] from 07.04.2026
2026-04-26 14:55:48,721 [ERROR] Disclosure page 1587090 → 429
2026-04-26 14:55:48,725 [INFO] Processing [INV] from 07.04.2026
2026-04-26 14:55:48,824 [ERROR] Disclosure page 1587089 → 429
2026-04-26 14:55:48,829 [INFO] Processing [GEI] from 07.04.2026
2026-04-26 14:55:48,939 [ERROR] Disclosure page 1587088 → 429
2026-04-26 14:55:48,943 [INFO] Processing [GEI] from 07.04.2026
2026-04-26 14:55:49,051 [ERROR] Disclosure page 1587087 → 429
2026-04-26 14:55:49,055 [INFO] Processing [GEI] from 07.04.2026
2026-04-26 14:55:49,161 [ERROR] Disclosure page 1587086 → 429
2026-04-26 14:55:49,165 [INFO] Processing [YHY] from 07.04.2026
2026-04-26 14:55:49,270 [ERROR] Disclosure page 1587085 → 429
2026-04-26 14:55:49,273 [INFO] Processing [SSF] from 07.04.2026
2026-04-26 14:55:49,379 [ERROR] Disclosure page 1587084 → 429
2026-04-26 14:55:49,382 [INFO] Processing [GEI] from 07.04.2026
2026-04-26 14:55:49,493 [ERROR] Disclosure page 1587083 → 429
2026-04-26 14:55:49,497 [INFO] Processing [GEI] from 07.04.2026
2026-04-26 14:55:49,596 [ERROR] Disclosure page 1587082 → 429
2026-04-26 14:55:49,600 [INFO] Processing [MTF] from 07.04.2026
2026-04-26 14:55:49,710 [ERROR] Disclosure page 1586978 → 429
2026-04-26 14:55:49,714 [INFO] Processing [EJG] from 07.04.2026
2026-04-26 14:55:49,829 [ERROR] Disclosure page 1586954 → 429
2026-04-26 14:55:49,832 [INFO] Processing [AZJ] from 07.04.2026
2026-04-26 14:55:49,937 [ERROR] Disclosure page 1586953 → 429
2026-04-26 14:55:49,940 [INFO] Processing [EJG] from 07.04.2026
2026-04-26 14:55:50,050 [ERROR] Disclosure page 1586952 → 429
2026-04-26 14:55:50,053 [INFO] Processing [AZJ] from 07.04.2026
2026-04-26 14:55:50,157 [ERROR] Disclosure page 1586951 → 429
2026-04-26 14:55:50,160 [INFO] Processing [EJG] from 07.04.2026
2026-04-26 14:55:50,265 [ERROR] Disclosure page 1586950 → 429
2026-04-26 14:55:50,267 [INFO] Processing [FYI] from 07.04.2026
2026-04-26 14:55:50,366 [ERROR] Disclosure page 1586949 → 429
2026-04-26 14:55:50,369 [INFO] Processing [BJD] from 07.04.2026
2026-04-26 14:55:50,465 [ERROR] Disclosure page 1586948 → 429
2026-04-26 14:55:50,469 [INFO] Processing [EJG] from 07.04.2026
2026-04-26 14:55:50,563 [ERROR] Disclosure page 1586947 → 429
2026-04-26 14:55:50,565 [INFO] Processing [EJG] from 07.04.2026
2026-04-26 14:55:50,663 [ERROR] Disclosure page 1586946 → 429
2026-04-26 14:55:50,668 [INFO] Processing [EJG] from 07.04.2026
2026-04-26 14:55:50,771 [ERROR] Disclosure page 1586945 → 429
2026-04-26 14:55:50,773 [INFO] Processing [EJG] from 07.04.2026
2026-04-26 14:55:50,849 [ERROR] Disclosure page 1586943 → 429
2026-04-26 14:55:50,850 [INFO] Processing [EJG] from 07.04.2026
2026-04-26 14:55:50,930 [ERROR] Disclosure page 1586942 → 429
2026-04-26 14:55:50,931 [INFO] Processing [EJG] from 07.04.2026
2026-04-26 14:55:51,017 [ERROR] Disclosure page 1586941 → 429
2026-04-26 14:55:51,019 [INFO] Processing [EJG] from 07.04.2026
2026-04-26 14:55:51,114 [ERROR] Disclosure page 1586940 → 429
2026-04-26 14:55:51,117 [INFO] Processing [EJG] from 07.04.2026
2026-04-26 14:55:51,217 [ERROR] Disclosure page 1586939 → 429
2026-04-26 14:55:51,221 [INFO] Processing [HYP] from 07.04.2026
2026-04-26 14:55:51,320 [ERROR] Disclosure page 1586938 → 429
2026-04-26 14:55:51,324 [INFO] Processing [EJG] from 07.04.2026
2026-04-26 14:55:51,430 [ERROR] Disclosure page 1586937 → 429
2026-04-26 14:55:51,433 [INFO] Processing [EJG] from 07.04.2026
2026-04-26 14:55:51,537 [ERROR] Disclosure page 1586936 → 429
2026-04-26 14:55:51,540 [INFO] Processing [EJG] from 07.04.2026
2026-04-26 14:55:51,651 [ERROR] Disclosure page 1586935 → 429
2026-04-26 14:55:51,655 [INFO] Processing [EJG] from 07.04.2026
2026-04-26 14:55:51,759 [ERROR] Disclosure page 1586934 → 429
2026-04-26 14:55:51,764 [INFO] Processing [SFS] from 07.04.2026
2026-04-26 14:55:51,871 [ERROR] Disclosure page 1586933 → 429
2026-04-26 14:55:51,874 [INFO] Processing [EJG] from 07.04.2026
2026-04-26 14:55:51,981 [ERROR] Disclosure page 1586932 → 429
2026-04-26 14:55:51,984 [INFO] Processing [EJG] from 07.04.2026
2026-04-26 14:55:52,096 [ERROR] Disclosure page 1586931 → 429
2026-04-26 14:55:52,101 [INFO] Processing [PPZ] from 07.04.2026
2026-04-26 14:55:52,210 [ERROR] Disclosure page 1586930 → 429
2026-04-26 14:55:52,214 [INFO] Processing [PGS] from 07.04.2026
2026-04-26 14:55:52,320 [ERROR] Disclosure page 1586929 → 429
2026-04-26 14:55:52,323 [INFO] Processing [OTM] from 07.04.2026
2026-04-26 14:55:52,430 [ERROR] Disclosure page 1586928 → 429
2026-04-26 14:55:52,434 [INFO] Processing [EJG] from 07.04.2026
2026-04-26 14:55:52,542 [ERROR] Disclosure page 1586927 → 429
2026-04-26 14:55:52,546 [INFO] Processing [EJG] from 07.04.2026
2026-04-26 14:55:52,645 [ERROR] Disclosure page 1586926 → 429
2026-04-26 14:55:52,649 [INFO] Processing [KVS] from 07.04.2026
2026-04-26 14:55:52,753 [ERROR] Disclosure page 1586925 → 429
2026-04-26 14:55:52,757 [INFO] Processing [EJG] from 07.04.2026
2026-04-26 14:55:52,863 [ERROR] Disclosure page 1586924 → 429
2026-04-26 14:55:52,867 [INFO] Processing [ZMT] from 07.04.2026
2026-04-26 14:55:52,962 [ERROR] Disclosure page 1586919 → 429
2026-04-26 14:55:52,965 [INFO] Processing [EJG] from 07.04.2026
2026-04-26 14:55:53,070 [ERROR] Disclosure page 1586918 → 429
2026-04-26 14:55:53,073 [INFO] Processing [EJG] from 07.04.2026
2026-04-26 14:55:53,176 [ERROR] Disclosure page 1586917 → 429
2026-04-26 14:55:53,180 [INFO] Processing [EJG] from 07.04.2026
2026-04-26 14:55:53,287 [ERROR] Disclosure page 1586916 → 429
2026-04-26 14:55:53,291 [INFO] Processing [EJG] from 07.04.2026
2026-04-26 14:55:53,393 [ERROR] Disclosure page 1586915 → 429
2026-04-26 14:55:53,397 [INFO] Processing [EJG] from 07.04.2026
2026-04-26 14:55:53,501 [ERROR] Disclosure page 1586914 → 429
2026-04-26 14:55:53,505 [INFO] Processing [UPS] from 07.04.2026
2026-04-26 14:55:53,627 [ERROR] Disclosure page 1586871 → 429
2026-04-26 14:55:53,631 [INFO] Processing [UPS] from 07.04.2026
2026-04-26 14:55:53,743 [ERROR] Disclosure page 1586870 → 429
2026-04-26 14:55:53,748 [INFO] Processing [UPS] from 07.04.2026
2026-04-26 14:55:53,857 [ERROR] Disclosure page 1586869 → 429
2026-04-26 14:55:53,861 [INFO] Processing [UPS] from 07.04.2026
2026-04-26 14:55:53,970 [ERROR] Disclosure page 1586868 → 429
2026-04-26 14:55:53,973 [INFO] Processing [UPS] from 07.04.2026
2026-04-26 14:55:54,074 [ERROR] Disclosure page 1586867 → 429
2026-04-26 14:55:54,078 [INFO] Processing [UPS] from 07.04.2026
2026-04-26 14:55:54,182 [ERROR] Disclosure page 1586866 → 429
2026-04-26 14:55:54,185 [INFO] Processing [UPS] from 07.04.2026
2026-04-26 14:55:54,287 [ERROR] Disclosure page 1586865 → 429
2026-04-26 14:55:54,290 [INFO] Processing [UPS] from 07.04.2026
2026-04-26 14:55:54,397 [ERROR] Disclosure page 1586864 → 429
2026-04-26 14:55:54,401 [INFO] Processing [UPS] from 07.04.2026
2026-04-26 14:55:54,514 [ERROR] Disclosure page 1586863 → 429
2026-04-26 14:55:54,517 [INFO] Processing [MTF] from 07.04.2026
2026-04-26 14:55:54,628 [ERROR] Disclosure page 1586862 → 429
2026-04-26 14:55:54,631 [INFO] Processing [MTF] from 07.04.2026
2026-04-26 14:55:54,740 [ERROR] Disclosure page 1586836 → 429
2026-04-26 14:55:54,744 [INFO] Processing [MTF] from 07.04.2026
2026-04-26 14:55:54,849 [ERROR] Disclosure page 1586675 → 429
2026-04-26 14:55:54,853 [INFO] Processing [PTP] from 07.04.2026
2026-04-26 14:55:54,957 [ERROR] Disclosure page 1586671 → 429
2026-04-26 14:55:54,960 [INFO] Processing [GZN] from 07.04.2026
2026-04-26 14:55:55,066 [ERROR] Disclosure page 1586652 → 429
2026-04-26 14:55:55,070 [INFO] Processing [MTF] from 07.04.2026
2026-04-26 14:55:55,186 [ERROR] Disclosure page 1586646 → 429
2026-04-26 14:55:55,189 [INFO] Processing [GMD] from 07.04.2026
2026-04-26 14:55:55,291 [ERROR] Disclosure page 1586644 → 429
2026-04-26 14:55:55,295 [INFO] Processing [TIL] from 07.04.2026
2026-04-26 14:55:55,403 [ERROR] Disclosure page 1586642 → 429
2026-04-26 14:55:55,406 [INFO] Processing [AIS] from 07.04.2026
2026-04-26 14:55:55,510 [ERROR] Disclosure page 1586636 → 429
2026-04-26 14:55:55,513 [INFO] Processing [MTF] from 07.04.2026
2026-04-26 14:55:55,613 [ERROR] Disclosure page 1586634 → 429
2026-04-26 14:55:55,616 [INFO] Processing [MTF] from 07.04.2026
2026-04-26 14:55:55,726 [ERROR] Disclosure page 1586632 → 429
2026-04-26 14:55:55,730 [INFO] Processing [IKV] from 07.04.2026
2026-04-26 14:55:55,838 [ERROR] Disclosure page 1586629 → 429
2026-04-26 14:55:55,842 [INFO] Processing [IJZ] from 07.04.2026
2026-04-26 14:55:55,954 [ERROR] Disclosure page 1586357 → 429
2026-04-26 14:55:55,958 [INFO] Processing [TNH] from 07.04.2026
2026-04-26 14:55:56,063 [ERROR] Disclosure page 1585971 → 429
2026-04-26 14:55:56,066 [INFO] Processing [TNH] from 07.04.2026
2026-04-26 14:55:56,175 [ERROR] Disclosure page 1585970 → 429
2026-04-26 14:55:56,178 [INFO] Processing [TNH] from 07.04.2026
2026-04-26 14:55:56,280 [ERROR] Disclosure page 1585969 → 429
2026-04-26 14:55:56,282 [INFO] Processing [TNH] from 07.04.2026
2026-04-26 14:55:56,387 [ERROR] Disclosure page 1585968 → 429
2026-04-26 14:55:56,390 [INFO] Processing [TNH] from 07.04.2026
2026-04-26 14:55:56,492 [ERROR] Disclosure page 1585967 → 429
2026-04-26 14:55:56,496 [INFO] Processing [TNH] from 07.04.2026
2026-04-26 14:55:56,616 [ERROR] Disclosure page 1585966 → 429
2026-04-26 14:55:56,620 [INFO] Processing [TNH] from 07.04.2026
2026-04-26 14:55:56,724 [ERROR] Disclosure page 1585965 → 429
2026-04-26 14:55:56,727 [INFO] Processing [TNH] from 07.04.2026
2026-04-26 14:55:56,832 [ERROR] Disclosure page 1585964 → 429
2026-04-26 14:55:56,836 [INFO] Processing [PRD] from 07.04.2026
2026-04-26 14:55:56,945 [ERROR] Disclosure page 1585899 → 429
2026-04-26 14:55:56,948 [INFO] Processing [PPM] from 07.04.2026
2026-04-26 14:55:57,054 [ERROR] Disclosure page 1585897 → 429
2026-04-26 14:55:57,057 [INFO] Processing [ILK] from 07.04.2026
2026-04-26 14:55:57,164 [ERROR] Disclosure page 1585885 → 429
2026-04-26 14:55:57,166 [INFO] Processing [PID] from 07.04.2026
2026-04-26 14:55:57,271 [ERROR] Disclosure page 1585884 → 429
2026-04-26 14:55:57,274 [INFO] Processing [PPM] from 07.04.2026
2026-04-26 14:55:57,383 [ERROR] Disclosure page 1585883 → 429
2026-04-26 14:55:57,387 [INFO] Processing [MTF] from 07.04.2026
2026-04-26 14:55:57,490 [ERROR] Disclosure page 1585882 → 429
2026-04-26 14:55:57,493 [INFO] Processing [BHI] from 07.04.2026
2026-04-26 14:55:57,600 [ERROR] Disclosure page 1585857 → 429
2026-04-26 14:55:57,604 [INFO] Processing [BIS] from 07.04.2026
2026-04-26 14:55:57,710 [ERROR] Disclosure page 1585856 → 429
2026-04-26 14:55:57,713 [INFO] Processing [BSD] from 07.04.2026
2026-04-26 14:55:57,819 [ERROR] Disclosure page 1585855 → 429
2026-04-26 14:55:57,823 [INFO] Processing [BTE] from 07.04.2026
2026-04-26 14:55:57,926 [ERROR] Disclosure page 1585854 → 429
2026-04-26 14:55:57,930 [INFO] Processing [BTK] from 07.04.2026
2026-04-26 14:55:58,039 [ERROR] Disclosure page 1585853 → 429
2026-04-26 14:55:58,043 [INFO] Processing [MTF] from 07.04.2026
2026-04-26 14:55:58,159 [ERROR] Disclosure page 1585852 → 429
2026-04-26 14:55:58,163 [INFO] Processing [BVD] from 07.04.2026
2026-04-26 14:55:58,275 [ERROR] Disclosure page 1585851 → 429
2026-04-26 14:55:58,280 [INFO] Processing [AIS] from 07.04.2026
2026-04-26 14:55:58,388 [ERROR] Disclosure page 1585850 → 429
2026-04-26 14:55:58,391 [INFO] Processing [BVV] from 07.04.2026
2026-04-26 14:55:58,500 [ERROR] Disclosure page 1585849 → 429
2026-04-26 14:55:58,502 [INFO] Processing [HAR] from 07.04.2026
2026-04-26 14:55:58,604 [ERROR] Disclosure page 1585844 → 429
2026-04-26 14:55:58,607 [INFO] Processing [MTD] from 07.04.2026
2026-04-26 14:55:58,711 [ERROR] Disclosure page 1585841 → 429
2026-04-26 14:55:58,714 [INFO] Processing [DTZ] from 07.04.2026
2026-04-26 14:55:58,822 [ERROR] Disclosure page 1585840 → 429
2026-04-26 14:55:58,826 [INFO] Processing [SPR] from 07.04.2026
2026-04-26 14:55:58,929 [ERROR] Disclosure page 1585817 → 429
2026-04-26 14:55:58,933 [INFO] Processing [PBK] from 07.04.2026
2026-04-26 14:55:59,049 [ERROR] Disclosure page 1585807 → 429
2026-04-26 14:55:59,053 [INFO] Processing [IAS] from 07.04.2026
2026-04-26 14:55:59,157 [ERROR] Disclosure page 1585806 → 429
2026-04-26 14:55:59,161 [INFO] Processing [IAS] from 07.04.2026
2026-04-26 14:55:59,263 [ERROR] Disclosure page 1585805 → 429
2026-04-26 14:55:59,266 [INFO] Processing [THV] from 07.04.2026
2026-04-26 14:55:59,370 [ERROR] Disclosure page 1585751 → 429
2026-04-26 14:55:59,373 [INFO] Processing [URA] from 07.04.2026
2026-04-26 14:55:59,485 [ERROR] Disclosure page 1585750 → 429
2026-04-26 14:55:59,489 [INFO] Processing [TLZ] from 07.04.2026
2026-04-26 14:55:59,599 [ERROR] Disclosure page 1585749 → 429
2026-04-26 14:55:59,601 [INFO] Processing [THV] from 07.04.2026
2026-04-26 14:55:59,704 [ERROR] Disclosure page 1585748 → 429
2026-04-26 14:55:59,707 [INFO] Processing [PKP] from 07.04.2026
2026-04-26 14:55:59,810 [ERROR] Disclosure page 1585747 → 429
2026-04-26 14:55:59,814 [INFO] Processing [PKF] from 07.04.2026
2026-04-26 14:55:59,916 [ERROR] Disclosure page 1585746 → 429
2026-04-26 14:55:59,919 [INFO] Processing [THV] from 07.04.2026
2026-04-26 14:56:00,033 [ERROR] Disclosure page 1585745 → 429
2026-04-26 14:56:00,036 [INFO] Processing [THV] from 07.04.2026
2026-04-26 14:56:00,129 [ERROR] Disclosure page 1585744 → 429
2026-04-26 14:56:00,132 [INFO] Processing [THV] from 07.04.2026
2026-04-26 14:56:00,230 [ERROR] Disclosure page 1585743 → 429
2026-04-26 14:56:00,234 [INFO] Processing [THV] from 07.04.2026
2026-04-26 14:56:00,341 [ERROR] Disclosure page 1585742 → 429
2026-04-26 14:56:00,345 [INFO] Processing [THV] from 07.04.2026
2026-04-26 14:56:00,456 [ERROR] Disclosure page 1585741 → 429
2026-04-26 14:56:00,459 [INFO] Processing [MTF] from 07.04.2026
2026-04-26 14:56:00,566 [ERROR] Disclosure page 1585740 → 429
2026-04-26 14:56:00,572 [INFO] Processing [THV] from 07.04.2026
2026-04-26 14:56:00,681 [ERROR] Disclosure page 1585739 → 429
2026-04-26 14:56:00,685 [INFO] Processing [THV] from 07.04.2026
2026-04-26 14:56:00,799 [ERROR] Disclosure page 1585738 → 429
2026-04-26 14:56:00,803 [INFO] Processing [THV] from 07.04.2026
2026-04-26 14:56:00,908 [ERROR] Disclosure page 1585737 → 429
2026-04-26 14:56:00,912 [INFO] Processing [THV] from 07.04.2026
2026-04-26 14:56:01,014 [ERROR] Disclosure page 1585736 → 429
2026-04-26 14:56:01,018 [INFO] Processing [MPP] from 07.04.2026
2026-04-26 14:56:01,122 [ERROR] Disclosure page 1585643 → 429
2026-04-26 14:56:01,126 [INFO] Processing [IKV] from 07.04.2026
2026-04-26 14:56:01,233 [ERROR] Disclosure page 1585642 → 429
2026-04-26 14:56:01,237 [INFO] Processing [MTF] from 07.04.2026
2026-04-26 14:56:01,347 [ERROR] Disclosure page 1585641 → 429
2026-04-26 14:56:01,351 [INFO] Processing [FUA] from 07.04.2026
2026-04-26 14:56:01,454 [ERROR] Disclosure page 1585453 → 429
2026-04-26 14:56:01,457 [INFO] Processing [IPG] from 07.04.2026
2026-04-26 14:56:01,563 [ERROR] Disclosure page 1585452 → 429
2026-04-26 14:56:01,567 [INFO] Processing [IKV] from 07.04.2026
2026-04-26 14:56:01,680 [ERROR] Disclosure page 1585451 → 429
2026-04-26 14:56:01,683 [INFO] Processing [IEV] from 07.04.2026
2026-04-26 14:56:01,791 [ERROR] Disclosure page 1585450 → 429
2026-04-26 14:56:01,796 [INFO] Processing [IUZ] from 07.04.2026
2026-04-26 14:56:01,912 [ERROR] Disclosure page 1585449 → 429
2026-04-26 14:56:01,916 [INFO] Processing [IUF] from 07.04.2026
2026-04-26 14:56:02,022 [ERROR] Disclosure page 1585448 → 429
2026-04-26 14:56:02,026 [INFO] Processing [BNC] from 07.04.2026
2026-04-26 14:56:02,129 [ERROR] Disclosure page 1585447 → 429
2026-04-26 14:56:02,132 [INFO] Processing [IJC] from 07.04.2026
2026-04-26 14:56:02,239 [ERROR] Disclosure page 1585445 → 429
2026-04-26 14:56:02,242 [INFO] Processing [IJB] from 07.04.2026
2026-04-26 14:56:02,344 [ERROR] Disclosure page 1585444 → 429
2026-04-26 14:56:02,347 [INFO] Processing [VNK] from 06.04.2026
2026-04-26 14:56:02,455 [ERROR] Disclosure page 1585167 → 429
2026-04-26 14:56:02,458 [INFO] Processing [VPS] from 06.04.2026
2026-04-26 14:56:02,562 [ERROR] Disclosure page 1585166 → 429
2026-04-26 14:56:02,565 [INFO] Processing [VNK] from 06.04.2026
2026-04-26 14:56:02,679 [ERROR] Disclosure page 1585165 → 429
2026-04-26 14:56:02,685 [INFO] Processing [VNK] from 06.04.2026
2026-04-26 14:56:02,797 [ERROR] Disclosure page 1585164 → 429
2026-04-26 14:56:02,801 [INFO] Processing [PRV] from 06.04.2026
2026-04-26 14:56:02,918 [ERROR] Disclosure page 1584959 → 429
2026-04-26 14:56:02,922 [INFO] Processing [PRV] from 06.04.2026
2026-04-26 14:56:03,030 [ERROR] Disclosure page 1584958 → 429
2026-04-26 14:56:03,034 [INFO] Processing [MTF] from 06.04.2026
2026-04-26 14:56:03,148 [ERROR] Disclosure page 1584957 → 429
2026-04-26 14:56:03,152 [INFO] Processing [PDD] from 06.04.2026
2026-04-26 14:56:03,257 [ERROR] Disclosure page 1584956 → 429
2026-04-26 14:56:03,260 [INFO] Processing [PBK] from 06.04.2026
2026-04-26 14:56:03,363 [ERROR] Disclosure page 1584955 → 429
2026-04-26 14:56:03,366 [INFO] Processing [IAS] from 06.04.2026
2026-04-26 14:56:03,473 [ERROR] Disclosure page 1584954 → 429
2026-04-26 14:56:03,476 [INFO] Processing [IAS] from 06.04.2026
2026-04-26 14:56:03,578 [ERROR] Disclosure page 1584953 → 429
2026-04-26 14:56:03,581 [INFO] Processing [PRV] from 06.04.2026
2026-04-26 14:56:03,726 [ERROR] Disclosure page 1584952 → 429
2026-04-26 14:56:03,750 [INFO] Processing [IAS] from 06.04.2026
2026-04-26 14:56:03,922 [ERROR] Disclosure page 1584951 → 429
2026-04-26 14:56:03,926 [INFO] Processing [IAS] from 06.04.2026
2026-04-26 14:56:04,024 [ERROR] Disclosure page 1584950 → 429
2026-04-26 14:56:04,027 [INFO] Processing [IAS] from 06.04.2026
2026-04-26 14:56:04,125 [ERROR] Disclosure page 1584949 → 429
2026-04-26 14:56:04,128 [INFO] Processing [IAS] from 06.04.2026
2026-04-26 14:56:04,229 [ERROR] Disclosure page 1584948 → 429
2026-04-26 14:56:04,232 [INFO] Processing [ODG] from 06.04.2026
2026-04-26 14:56:04,338 [ERROR] Disclosure page 1584896 → 429
2026-04-26 14:56:04,341 [INFO] Processing [FJM] from 06.04.2026
2026-04-26 14:56:04,449 [ERROR] Disclosure page 1584806 → 429
2026-04-26 14:56:04,454 [INFO] Processing [FJM] from 06.04.2026
2026-04-26 14:56:04,558 [ERROR] Disclosure page 1584805 → 429
2026-04-26 14:56:04,561 [INFO] Processing [FJM] from 06.04.2026
2026-04-26 14:56:04,658 [ERROR] Disclosure page 1584804 → 429
2026-04-26 14:56:04,662 [INFO] Processing [MTF] from 06.04.2026
2026-04-26 14:56:04,768 [ERROR] Disclosure page 1584803 → 429
2026-04-26 14:56:04,770 [INFO] Processing [IKV] from 06.04.2026
2026-04-26 14:56:04,864 [ERROR] Disclosure page 1584802 → 429
2026-04-26 14:56:04,867 [INFO] Processing [FJM] from 06.04.2026
2026-04-26 14:56:04,966 [ERROR] Disclosure page 1584801 → 429
2026-04-26 14:56:04,970 [INFO] Processing [MTF] from 06.04.2026
2026-04-26 14:56:05,070 [ERROR] Disclosure page 1584800 → 429
2026-04-26 14:56:05,073 [INFO] Processing [AIS] from 06.04.2026
2026-04-26 14:56:05,177 [ERROR] Disclosure page 1584799 → 429
2026-04-26 14:56:05,179 [INFO] Processing [FJM] from 06.04.2026
2026-04-26 14:56:05,257 [ERROR] Disclosure page 1584798 → 429
2026-04-26 14:56:05,258 [INFO] Processing [PMG] from 06.04.2026
2026-04-26 14:56:05,338 [ERROR] Disclosure page 1584797 → 429
2026-04-26 14:56:05,339 [INFO] Processing [IZS] from 06.04.2026
2026-04-26 14:56:05,424 [ERROR] Disclosure page 1584791 → 429
2026-04-26 14:56:05,426 [INFO] Processing [IRO] from 06.04.2026
2026-04-26 14:56:05,521 [ERROR] Disclosure page 1584790 → 429
2026-04-26 14:56:05,525 [INFO] Processing [IVY] from 06.04.2026
2026-04-26 14:56:05,628 [ERROR] Disclosure page 1584789 → 429
2026-04-26 14:56:05,632 [INFO] Processing [IRO] from 06.04.2026
2026-04-26 14:56:05,741 [ERROR] Disclosure page 1584788 → 429
2026-04-26 14:56:05,743 [INFO] Processing [IRO] from 06.04.2026
2026-04-26 14:56:05,846 [ERROR] Disclosure page 1584787 → 429
2026-04-26 14:56:05,849 [INFO] Processing [IRO] from 06.04.2026
2026-04-26 14:56:05,956 [ERROR] Disclosure page 1584786 → 429
2026-04-26 14:56:05,959 [INFO] Processing [IRO] from 06.04.2026
2026-04-26 14:56:06,066 [ERROR] Disclosure page 1584785 → 429
2026-04-26 14:56:06,070 [INFO] Processing [IRB] from 06.04.2026
2026-04-26 14:56:06,181 [ERROR] Disclosure page 1584784 → 429
2026-04-26 14:56:06,184 [INFO] Processing [IRO] from 06.04.2026
2026-04-26 14:56:06,292 [ERROR] Disclosure page 1584783 → 429
2026-04-26 14:56:06,295 [INFO] Processing [IRO] from 06.04.2026
2026-04-26 14:56:06,403 [ERROR] Disclosure page 1584782 → 429
2026-04-26 14:56:06,406 [INFO] Processing [IRO] from 06.04.2026
2026-04-26 14:56:06,515 [ERROR] Disclosure page 1584781 → 429
2026-04-26 14:56:06,518 [INFO] Processing [IRO] from 06.04.2026
2026-04-26 14:56:06,633 [ERROR] Disclosure page 1584780 → 429
2026-04-26 14:56:06,635 [INFO] Processing [IRO] from 06.04.2026
2026-04-26 14:56:06,738 [ERROR] Disclosure page 1584779 → 429
2026-04-26 14:56:06,741 [INFO] Processing [IRO] from 06.04.2026
2026-04-26 14:56:06,847 [ERROR] Disclosure page 1584778 → 429
2026-04-26 14:56:06,850 [INFO] Processing [IRO] from 06.04.2026
2026-04-26 14:56:06,965 [ERROR] Disclosure page 1584777 → 429
2026-04-26 14:56:06,969 [INFO] Processing [IRO] from 06.04.2026
2026-04-26 14:56:07,085 [ERROR] Disclosure page 1584776 → 429
2026-04-26 14:56:07,088 [INFO] Processing [IRO] from 06.04.2026
2026-04-26 14:56:07,193 [ERROR] Disclosure page 1584775 → 429
2026-04-26 14:56:07,196 [INFO] Processing [IRO] from 06.04.2026
2026-04-26 14:56:07,306 [ERROR] Disclosure page 1584774 → 429
2026-04-26 14:56:07,310 [INFO] Processing [BIP] from 06.04.2026
2026-04-26 14:56:07,418 [ERROR] Disclosure page 1584773 → 429
2026-04-26 14:56:07,421 [INFO] Processing [IRO] from 06.04.2026
2026-04-26 14:56:07,527 [ERROR] Disclosure page 1584772 → 429
2026-04-26 14:56:07,530 [INFO] Processing [IRO] from 06.04.2026
2026-04-26 14:56:07,632 [ERROR] Disclosure page 1584771 → 429
2026-04-26 14:56:07,635 [INFO] Processing [GMI] from 06.04.2026
2026-04-26 14:56:07,742 [ERROR] Disclosure page 1584768 → 429
2026-04-26 14:56:07,744 [INFO] Processing [FJM] from 06.04.2026
2026-04-26 14:56:07,831 [ERROR] Disclosure page 1584767 → 429
2026-04-26 14:56:07,832 [INFO] Processing [FJM] from 06.04.2026
2026-04-26 14:56:07,929 [ERROR] Disclosure page 1584766 → 429
2026-04-26 14:56:07,932 [INFO] Processing [FJM] from 06.04.2026
2026-04-26 14:56:08,033 [ERROR] Disclosure page 1584765 → 429
2026-04-26 14:56:08,037 [INFO] Processing [FJM] from 06.04.2026
2026-04-26 14:56:08,140 [ERROR] Disclosure page 1584764 → 429
2026-04-26 14:56:08,143 [INFO] Processing [AIS] from 06.04.2026
2026-04-26 14:56:08,248 [ERROR] Disclosure page 1584763 → 429
2026-04-26 14:56:08,250 [INFO] Processing [FJM] from 06.04.2026
2026-04-26 14:56:08,357 [ERROR] Disclosure page 1584762 → 429
2026-04-26 14:56:08,360 [INFO] Processing [ILK] from 06.04.2026
2026-04-26 14:56:08,463 [ERROR] Disclosure page 1584761 → 429
2026-04-26 14:56:08,466 [INFO] Processing [FBZ] from 06.04.2026
2026-04-26 14:56:08,571 [ERROR] Disclosure page 1584760 → 429
2026-04-26 14:56:08,574 [INFO] Processing [MTF] from 06.04.2026
2026-04-26 14:56:08,679 [ERROR] Disclosure page 1584759 → 429
2026-04-26 14:56:08,683 [INFO] Processing [EBS] from 06.04.2026
2026-04-26 14:56:08,792 [ERROR] Disclosure page 1584739 → 429
2026-04-26 14:56:08,796 [INFO] Processing [EBS] from 06.04.2026
2026-04-26 14:56:08,903 [ERROR] Disclosure page 1584737 → 429
2026-04-26 14:56:08,907 [INFO] Processing [EBS] from 06.04.2026
2026-04-26 14:56:09,014 [ERROR] Disclosure page 1584726 → 429
2026-04-26 14:56:09,017 [INFO] Processing [EBS] from 06.04.2026
2026-04-26 14:56:09,125 [ERROR] Disclosure page 1584724 → 429
2026-04-26 14:56:09,128 [INFO] Processing [EPT] from 06.04.2026
2026-04-26 14:56:09,232 [ERROR] Disclosure page 1584723 → 429
2026-04-26 14:56:09,235 [INFO] Processing [EBS] from 06.04.2026
2026-04-26 14:56:09,343 [ERROR] Disclosure page 1584722 → 429
2026-04-26 14:56:09,346 [INFO] Processing [EBS] from 06.04.2026
2026-04-26 14:56:09,454 [ERROR] Disclosure page 1584720 → 429
2026-04-26 14:56:09,457 [INFO] Processing [EBS] from 06.04.2026
2026-04-26 14:56:09,567 [ERROR] Disclosure page 1584719 → 429
2026-04-26 14:56:09,571 [INFO] Processing [EBS] from 06.04.2026
2026-04-26 14:56:09,685 [ERROR] Disclosure page 1584718 → 429
2026-04-26 14:56:09,689 [INFO] Processing [EBS] from 06.04.2026
2026-04-26 14:56:09,796 [ERROR] Disclosure page 1584717 → 429
2026-04-26 14:56:09,799 [INFO] Processing [EBI] from 06.04.2026
2026-04-26 14:56:09,908 [ERROR] Disclosure page 1584716 → 429
2026-04-26 14:56:09,912 [INFO] Processing [PMG] from 06.04.2026
2026-04-26 14:56:10,026 [ERROR] Disclosure page 1584657 → 429
2026-04-26 14:56:10,029 [INFO] Processing [AIS] from 06.04.2026
2026-04-26 14:56:10,138 [ERROR] Disclosure page 1584651 → 429
2026-04-26 14:56:10,141 [INFO] Processing [IRO] from 06.04.2026
2026-04-26 14:56:10,247 [ERROR] Disclosure page 1584650 → 429
2026-04-26 14:56:10,251 [INFO] Processing [IRO] from 06.04.2026
2026-04-26 14:56:10,355 [ERROR] Disclosure page 1584649 → 429
2026-04-26 14:56:10,358 [INFO] Processing [IRO] from 06.04.2026
2026-04-26 14:56:10,463 [ERROR] Disclosure page 1584648 → 429
2026-04-26 14:56:10,466 [INFO] Processing [IRO] from 06.04.2026
2026-04-26 14:56:10,566 [ERROR] Disclosure page 1584647 → 429
2026-04-26 14:56:10,568 [INFO] Processing [ACN] from 06.04.2026
2026-04-26 14:56:10,667 [ERROR] Disclosure page 1584646 → 429
2026-04-26 14:56:10,670 [INFO] Processing [IRO] from 06.04.2026
2026-04-26 14:56:10,771 [ERROR] Disclosure page 1584645 → 429
2026-04-26 14:56:10,773 [INFO] Processing [MTF] from 06.04.2026
2026-04-26 14:56:10,859 [ERROR] Disclosure page 1584624 → 429
2026-04-26 14:56:10,861 [INFO] Processing [GO6] from 06.04.2026
2026-04-26 14:56:10,963 [ERROR] Disclosure page 1584623 → 429
2026-04-26 14:56:10,967 [INFO] Processing [GO4] from 06.04.2026
2026-04-26 14:56:11,053 [ERROR] Disclosure page 1584622 → 429
2026-04-26 14:56:11,054 [INFO] Processing [ODG] from 06.04.2026
2026-04-26 14:56:11,127 [ERROR] Disclosure page 1584621 → 429
2026-04-26 14:56:11,128 [INFO] Processing [ODG] from 06.04.2026
2026-04-26 14:56:11,205 [ERROR] Disclosure page 1584620 → 429
2026-04-26 14:56:11,206 [INFO] Processing [MTF] from 06.04.2026
2026-04-26 14:56:11,282 [ERROR] Disclosure page 1584619 → 429
2026-04-26 14:56:11,283 [INFO] Processing [ODG] from 06.04.2026
2026-04-26 14:56:11,366 [ERROR] Disclosure page 1584618 → 429
2026-04-26 14:56:11,368 [INFO] Processing [ODG] from 06.04.2026
2026-04-26 14:56:11,465 [ERROR] Disclosure page 1584617 → 429
2026-04-26 14:56:11,468 [INFO] Processing [MTF] from 06.04.2026
2026-04-26 14:56:11,575 [ERROR] Disclosure page 1584616 → 429
2026-04-26 14:56:11,578 [INFO] Processing [ODG] from 06.04.2026
2026-04-26 14:56:11,680 [ERROR] Disclosure page 1584615 → 429
2026-04-26 14:56:11,683 [INFO] Processing [MTF] from 06.04.2026
2026-04-26 14:56:11,787 [ERROR] Disclosure page 1584614 → 429
2026-04-26 14:56:11,790 [INFO] Processing [ODG] from 06.04.2026
2026-04-26 14:56:11,895 [ERROR] Disclosure page 1584613 → 429
2026-04-26 14:56:11,899 [INFO] Processing [FBC] from 06.04.2026
2026-04-26 14:56:12,004 [ERROR] Disclosure page 1584612 → 429
2026-04-26 14:56:12,008 [INFO] Processing [FAL] from 06.04.2026
2026-04-26 14:56:12,121 [ERROR] Disclosure page 1584611 → 429
2026-04-26 14:56:12,124 [INFO] Processing [PKR] from 06.04.2026
2026-04-26 14:56:12,229 [ERROR] Disclosure page 1584608 → 429
2026-04-26 14:56:12,233 [INFO] Processing [RTA] from 06.04.2026
2026-04-26 14:56:12,343 [ERROR] Disclosure page 1584606 → 429
2026-04-26 14:56:12,347 [INFO] Processing [RTA] from 06.04.2026
2026-04-26 14:56:12,455 [ERROR] Disclosure page 1584605 → 429
2026-04-26 14:56:12,459 [INFO] Processing [RTA] from 06.04.2026
2026-04-26 14:56:12,566 [ERROR] Disclosure page 1584604 → 429
2026-04-26 14:56:12,568 [INFO] Processing [CPT] from 06.04.2026
2026-04-26 14:56:12,670 [ERROR] Disclosure page 1584603 → 429
2026-04-26 14:56:12,673 [INFO] Processing [RTA] from 06.04.2026
2026-04-26 14:56:12,779 [ERROR] Disclosure page 1584602 → 429
2026-04-26 14:56:12,782 [INFO] Processing [RPX] from 06.04.2026
2026-04-26 14:56:47,004 [INFO] ============================================================
2026-04-26 14:56:47,004 [INFO] KAP Daily Pipeline started
2026-04-26 14:56:47,004 [INFO] Last run: 2026-04-26T00:00:00 — checking for new disclosures
2026-04-26 14:56:47,049 [ERROR] KAP discovery → 429: 
2026-04-26 14:56:47,049 [INFO] No new disclosures found
2026-04-26 14:59:19,262 [INFO] ============================================================
2026-04-26 14:59:19,263 [INFO] KAP Daily Pipeline started
2026-04-26 14:59:19,263 [INFO] Resuming from last run: 2026-04-26T00:00:00
2026-04-26 14:59:19,313 [WARNING] HTTP 429 for https://www.kap.org.tr/tr/api/disclosure/list/main, retry 1/5 in 2s
2026-04-26 14:59:21,524 [WARNING] HTTP 429 for https://www.kap.org.tr/tr/api/disclosure/list/main, retry 2/5 in 3s
2026-04-26 14:59:24,738 [WARNING] HTTP 429 for https://www.kap.org.tr/tr/api/disclosure/list/main, retry 3/5 in 5s
2026-04-26 14:59:29,866 [WARNING] HTTP 429 for https://www.kap.org.tr/tr/api/disclosure/list/main, retry 4/5 in 9s
2026-04-26 14:59:39,078 [WARNING] HTTP 429 for https://www.kap.org.tr/tr/api/disclosure/list/main, retry 5/5 in 17s
2026-04-26 14:59:56,226 [ERROR] KAP discovery → 429: 
2026-04-26 14:59:56,230 [INFO] No new disclosures — done
2026-04-27 06:00:00,644 [INFO] ============================================================
2026-04-27 06:00:00,644 [INFO] ============================================================
2026-04-27 06:00:00,644 [INFO] KAP Daily Pipeline started
2026-04-27 06:00:00,644 [INFO] KAP Daily Pipeline started
2026-04-27 06:00:00,644 [INFO] Resuming from last run: 2026-04-26T14:59:19.263169
2026-04-27 06:00:00,644 [INFO] Resuming from last run: 2026-04-26T14:59:19.263169
2026-04-27 06:00:00,722 [INFO] KAP discovered 0 portfolio disclosures in 2026-04-26 → 2026-04-27
2026-04-27 06:00:00,722 [INFO] KAP discovered 0 portfolio disclosures in 2026-04-26 → 2026-04-27
2026-04-27 06:00:00,723 [INFO] No new disclosures — done
2026-04-27 06:00:00,723 [INFO] No new disclosures — done
2026-04-28 06:00:00,935 [INFO] ============================================================
2026-04-28 06:00:00,935 [INFO] ============================================================
2026-04-28 06:00:00,936 [INFO] KAP Daily Pipeline started
2026-04-28 06:00:00,936 [INFO] KAP Daily Pipeline started
2026-04-28 06:00:00,936 [INFO] Resuming from last run: 2026-04-27T06:00:00.644940
2026-04-28 06:00:00,936 [INFO] Resuming from last run: 2026-04-27T06:00:00.644940
2026-04-28 06:00:01,038 [INFO] KAP discovered 0 portfolio disclosures in 2026-04-27 → 2026-04-28
2026-04-28 06:00:01,038 [INFO] KAP discovered 0 portfolio disclosures in 2026-04-27 → 2026-04-28
2026-04-28 06:00:01,039 [INFO] No new disclosures — done
2026-04-28 06:00:01,039 [INFO] No new disclosures — done
2026-04-29 06:00:01,029 [INFO] ============================================================
2026-04-29 06:00:01,029 [INFO] ============================================================
2026-04-29 06:00:01,029 [INFO] KAP Daily Pipeline started
2026-04-29 06:00:01,029 [INFO] KAP Daily Pipeline started
2026-04-29 06:00:01,030 [INFO] Resuming from last run: 2026-04-28T06:00:00.936745
2026-04-29 06:00:01,030 [INFO] Resuming from last run: 2026-04-28T06:00:00.936745
2026-04-29 06:00:01,292 [INFO] KAP discovered 1 portfolio disclosures in 2026-04-28 → 2026-04-29
2026-04-29 06:00:01,292 [INFO] KAP discovered 1 portfolio disclosures in 2026-04-28 → 2026-04-29
2026-04-29 06:00:01,854 [INFO] Loaded 1583 fund name entries
2026-04-29 06:00:01,854 [INFO] Loaded 1583 fund name entries
2026-04-29 06:00:01,855 [INFO]   [MTF] Portföy Dağılım Raporu
2026-04-29 06:00:01,855 [INFO]   [MTF] Portföy Dağılım Raporu
2026-04-29 06:00:01,855 [INFO] Processing 1 new disclosures...
2026-04-29 06:00:01,855 [INFO] Processing 1 new disclosures...
2026-04-29 06:00:01,857 [INFO] Processing [MTF] from 2026-04-28
2026-04-29 06:00:01,857 [INFO] Processing [MTF] from 2026-04-28
2026-04-29 06:00:02,030 [INFO] Downloaded PDF MTF (79KB)
2026-04-29 06:00:02,030 [INFO] Downloaded PDF MTF (79KB)
2026-04-29 06:00:03,942 [ERROR] GLM failed for MTF: module 'zhipuai' has no attribute 'model_api'
2026-04-29 06:00:03,942 [ERROR] GLM failed for MTF: module 'zhipuai' has no attribute 'model_api'
2026-04-29 06:00:03,942 [WARNING] No categories for MTF
2026-04-29 06:00:03,942 [WARNING] No categories for MTF
2026-04-29 06:00:04,932 [ERROR] SB UPSERT system_status → 409: {"code":"23505","details":"Key (key)=(last_kap_portfolio_cron) already exists.","hint":null,"message":"duplicate key value violates unique constraint \"system_status_pkey\""}
2026-04-29 06:00:04,932 [ERROR] SB UPSERT system_status → 409: {"code":"23505","details":"Key (key)=(last_kap_portfolio_cron) already exists.","hint":null,"message":"duplicate key value violates unique constraint \"system_status_pkey\""}
2026-04-29 06:00:04,936 [INFO] Done: 0 ✓ / 1 ✗
2026-04-29 06:00:04,936 [INFO] Done: 0 ✓ / 1 ✗
2026-04-29 06:00:04,937 [INFO] ============================================================
2026-04-29 06:00:04,937 [INFO] ============================================================
2026-05-06 06:00:00,810 [INFO] ============================================================
2026-05-06 06:00:00,810 [INFO] ============================================================
2026-05-06 06:00:00,810 [INFO] KAP Daily Pipeline started
2026-05-06 06:00:00,810 [INFO] KAP Daily Pipeline started
2026-05-06 06:00:00,811 [INFO] Resuming from last run: 2026-04-29T06:00:01.030235
2026-05-06 06:00:00,811 [INFO] Resuming from last run: 2026-04-29T06:00:01.030235
2026-05-06 06:00:01,202 [INFO] KAP discovered 98 portfolio disclosures in 2026-04-29 → 2026-05-06
2026-05-06 06:00:01,202 [INFO] KAP discovered 98 portfolio disclosures in 2026-04-29 → 2026-05-06
2026-05-06 06:00:02,699 [INFO] Loaded 1619 fund name entries
2026-05-06 06:00:02,699 [INFO] Loaded 1619 fund name entries
2026-05-06 06:00:02,700 [INFO]   [ICS] Portföy Dağılım Raporu
2026-05-06 06:00:02,700 [INFO]   [ICS] Portföy Dağılım Raporu
2026-05-06 06:00:02,700 [INFO]   [ICS] Portföy Dağılım Raporu
2026-05-06 06:00:02,700 [INFO]   [ICS] Portföy Dağılım Raporu
2026-05-06 06:00:02,700 [INFO]   [ICS] Portföy Dağılım Raporu
2026-05-06 06:00:02,700 [INFO]   [ICS] Portföy Dağılım Raporu
2026-05-06 06:00:02,700 [INFO]   [ICS] Portföy Dağılım Raporu
2026-05-06 06:00:02,700 [INFO]   [ICS] Portföy Dağılım Raporu
2026-05-06 06:00:02,700 [INFO]   [ICS] Portföy Dağılım Raporu
2026-05-06 06:00:02,700 [INFO]   [ICS] Portföy Dağılım Raporu
2026-05-06 06:00:02,701 [INFO]   [ICS] Portföy Dağılım Raporu
2026-05-06 06:00:02,701 [INFO]   [ICS] Portföy Dağılım Raporu
2026-05-06 06:00:02,701 [INFO]   [ICS] Portföy Dağılım Raporu
2026-05-06 06:00:02,701 [INFO]   [ICS] Portföy Dağılım Raporu
2026-05-06 06:00:02,701 [INFO]   [ICS] Portföy Dağılım Raporu
2026-05-06 06:00:02,701 [INFO]   [ICS] Portföy Dağılım Raporu
2026-05-06 06:00:02,701 [INFO]   [ICS] Portföy Dağılım Raporu
2026-05-06 06:00:02,701 [INFO]   [ICS] Portföy Dağılım Raporu
2026-05-06 06:00:02,701 [INFO]   [ICS] Portföy Dağılım Raporu
2026-05-06 06:00:02,701 [INFO]   [ICS] Portföy Dağılım Raporu
2026-05-06 06:00:02,701 [INFO]   [SHE] Portföy Dağılım Raporu
2026-05-06 06:00:02,701 [INFO]   [SHE] Portföy Dağılım Raporu
2026-05-06 06:00:02,701 [INFO]   [KLI] Portföy Dağılım Raporu
2026-05-06 06:00:02,701 [INFO]   [KLI] Portföy Dağılım Raporu
2026-05-06 06:00:02,702 [INFO]   [KLI] Portföy Dağılım Raporu
2026-05-06 06:00:02,702 [INFO]   [KLI] Portföy Dağılım Raporu
2026-05-06 06:00:02,702 [INFO]   [MTX] Portföy Dağılım Raporu
2026-05-06 06:00:02,702 [INFO]   [MTX] Portföy Dağılım Raporu
2026-05-06 06:00:02,703 [INFO]   [ADE] Portföy Dağılım Raporu
2026-05-06 06:00:02,703 [INFO]   [ADE] Portföy Dağılım Raporu
2026-05-06 06:00:02,703 [INFO]   [IGL] Portföy Dağılım Raporu
2026-05-06 06:00:02,703 [INFO]   [IGL] Portföy Dağılım Raporu
2026-05-06 06:00:02,703 [INFO]   [ODV] Portföy Dağılım Raporu
2026-05-06 06:00:02,703 [INFO]   [ODV] Portföy Dağılım Raporu
2026-05-06 06:00:02,703 [INFO]   [KLI] Portföy Dağılım Raporu
2026-05-06 06:00:02,703 [INFO]   [KLI] Portföy Dağılım Raporu
2026-05-06 06:00:02,704 [INFO]   [ODV] Portföy Dağılım Raporu
2026-05-06 06:00:02,704 [INFO]   [ODV] Portföy Dağılım Raporu
2026-05-06 06:00:02,704 [INFO]   [ODV] Portföy Dağılım Raporu
2026-05-06 06:00:02,704 [INFO]   [ODV] Portföy Dağılım Raporu
2026-05-06 06:00:02,704 [INFO]   [TIP] Portföy Dağılım Raporu
2026-05-06 06:00:02,704 [INFO]   [TIP] Portföy Dağılım Raporu
2026-05-06 06:00:02,704 [INFO]   [ODV] Portföy Dağılım Raporu
2026-05-06 06:00:02,704 [INFO]   [ODV] Portföy Dağılım Raporu
2026-05-06 06:00:02,704 [INFO]   [TE4] Portföy Dağılım Raporu
2026-05-06 06:00:02,704 [INFO]   [TE4] Portföy Dağılım Raporu
2026-05-06 06:00:02,704 [INFO]   [ADE] Portföy Dağılım Raporu
2026-05-06 06:00:02,704 [INFO]   [ADE] Portföy Dağılım Raporu
2026-05-06 06:00:02,704 [INFO]   [ODV] Portföy Dağılım Raporu
2026-05-06 06:00:02,704 [INFO]   [ODV] Portföy Dağılım Raporu
2026-05-06 06:00:02,705 [INFO]   [KLI] Portföy Dağılım Raporu
2026-05-06 06:00:02,705 [INFO]   [KLI] Portföy Dağılım Raporu
2026-05-06 06:00:02,705 [INFO]   [ODV] Portföy Dağılım Raporu
2026-05-06 06:00:02,705 [INFO]   [ODV] Portföy Dağılım Raporu
2026-05-06 06:00:02,705 [INFO]   [AYR] Portföy Dağılım Raporu
2026-05-06 06:00:02,705 [INFO]   [AYR] Portföy Dağılım Raporu
2026-05-06 06:00:02,706 [INFO]   [IKV] Portföy Dağılım Raporu
2026-05-06 06:00:02,706 [INFO]   [IKV] Portföy Dağılım Raporu
2026-05-06 06:00:02,706 [INFO]   [KLI] Portföy Dağılım Raporu
2026-05-06 06:00:02,706 [INFO]   [KLI] Portföy Dağılım Raporu
2026-05-06 06:00:02,707 [INFO]   [TAU] Portföy Dağılım Raporu
2026-05-06 06:00:02,707 [INFO]   [TAU] Portföy Dağılım Raporu
2026-05-06 06:00:02,707 [INFO]   [MTH] Portföy Dağılım Raporu
2026-05-06 06:00:02,707 [INFO]   [MTH] Portföy Dağılım Raporu
2026-05-06 06:00:02,707 [INFO]   [TTA] Portföy Dağılım Raporu
2026-05-06 06:00:02,707 [INFO]   [TTA] Portföy Dağılım Raporu
2026-05-06 06:00:02,708 [INFO]   [TPP] Portföy Dağılım Raporu
2026-05-06 06:00:02,708 [INFO]   [TPP] Portföy Dağılım Raporu
2026-05-06 06:00:02,714 [INFO]   [TAU] Portföy Dağılım Raporu
2026-05-06 06:00:02,714 [INFO]   [TAU] Portföy Dağılım Raporu
2026-05-06 06:00:02,721 [INFO]   [AKU] Portföy Dağılım Raporu
2026-05-06 06:00:02,721 [INFO]   [AKU] Portföy Dağılım Raporu
2026-05-06 06:00:02,721 [INFO]   [BND] Portföy Dağılım Raporu
2026-05-06 06:00:02,721 [INFO]   [BND] Portföy Dağılım Raporu
2026-05-06 06:00:02,721 [INFO]   [IDH] Portföy Dağılım Raporu
2026-05-06 06:00:02,721 [INFO]   [IDH] Portföy Dağılım Raporu
2026-05-06 06:00:02,721 [INFO]   [KLI] Portföy Dağılım Raporu
2026-05-06 06:00:02,721 [INFO]   [KLI] Portföy Dağılım Raporu
2026-05-06 06:00:02,722 [INFO]   [KOP] Portföy Dağılım Raporu
2026-05-06 06:00:02,722 [INFO]   [KOP] Portföy Dağılım Raporu
2026-05-06 06:00:02,722 [INFO]   [CKS] Portföy Dağılım Raporu
2026-05-06 06:00:02,722 [INFO]   [CKS] Portföy Dağılım Raporu
2026-05-06 06:00:02,723 [INFO]   [MTH] Portföy Dağılım Raporu
2026-05-06 06:00:02,723 [INFO]   [MTH] Portföy Dağılım Raporu
2026-05-06 06:00:02,723 [INFO]   [KPH] Portföy Dağılım Raporu
2026-05-06 06:00:02,723 [INFO]   [KPH] Portföy Dağılım Raporu
2026-05-06 06:00:02,723 [INFO]   [KLI] Portföy Dağılım Raporu
2026-05-06 06:00:02,723 [INFO]   [KLI] Portföy Dağılım Raporu
2026-05-06 06:00:02,723 [INFO]   [EID] Portföy Dağılım Raporu
2026-05-06 06:00:02,723 [INFO]   [EID] Portföy Dağılım Raporu
2026-05-06 06:00:02,723 [INFO]   [EIB] Portföy Dağılım Raporu
2026-05-06 06:00:02,723 [INFO]   [EIB] Portföy Dağılım Raporu
2026-05-06 06:00:02,723 [INFO]   [RIH] Portföy Dağılım Raporu
2026-05-06 06:00:02,723 [INFO]   [RIH] Portföy Dağılım Raporu
2026-05-06 06:00:02,723 [INFO]   [RRP] Portföy Dağılım Raporu
2026-05-06 06:00:02,723 [INFO]   [RRP] Portföy Dağılım Raporu
2026-05-06 06:00:02,724 [INFO]   [IKV] Portföy Dağılım Raporu
2026-05-06 06:00:02,724 [INFO]   [IKV] Portföy Dağılım Raporu
2026-05-06 06:00:02,724 [INFO]   [RKH] Portföy Dağılım Raporu
2026-05-06 06:00:02,724 [INFO]   [RKH] Portföy Dağılım Raporu
2026-05-06 06:00:02,725 [INFO]   [RIH] Portföy Dağılım Raporu
2026-05-06 06:00:02,725 [INFO]   [RIH] Portföy Dağılım Raporu
2026-05-06 06:00:02,726 [INFO]   [MTH] Portföy Dağılım Raporu
2026-05-06 06:00:02,726 [INFO]   [MTH] Portföy Dağılım Raporu
2026-05-06 06:00:02,726 [INFO]   [RGH] Portföy Dağılım Raporu
2026-05-06 06:00:02,726 [INFO]   [RGH] Portföy Dağılım Raporu
2026-05-06 06:00:02,726 [INFO]   [RKH] Portföy Dağılım Raporu
2026-05-06 06:00:02,726 [INFO]   [RKH] Portföy Dağılım Raporu
2026-05-06 06:00:02,727 [INFO]   [RBP] Portföy Dağılım Raporu
2026-05-06 06:00:02,727 [INFO]   [RBP] Portföy Dağılım Raporu
2026-05-06 06:00:02,728 [INFO]   [KPH] Portföy Dağılım Raporu
2026-05-06 06:00:02,728 [INFO]   [KPH] Portföy Dağılım Raporu
2026-05-06 06:00:02,730 [INFO]   [FGA] Portföy Dağılım Raporu
2026-05-06 06:00:02,730 [INFO]   [FGA] Portföy Dağılım Raporu
2026-05-06 06:00:02,730 [INFO]   [DJA] Portföy Dağılım Raporu
2026-05-06 06:00:02,730 [INFO]   [DJA] Portföy Dağılım Raporu
2026-05-06 06:00:02,730 [INFO] Processing 58 new disclosures...
2026-05-06 06:00:02,730 [INFO] Processing 58 new disclosures...
2026-05-06 06:00:02,732 [INFO] Processing [ICS] from 2026-05-05
2026-05-06 06:00:02,732 [INFO] Processing [ICS] from 2026-05-05
2026-05-06 06:00:02,812 [INFO] Downloaded PDF ICS (77KB)
2026-05-06 06:00:02,812 [INFO] Downloaded PDF ICS (77KB)
2026-05-06 06:00:04,811 [ERROR] GLM failed for ICS: module 'zhipuai' has no attribute 'model_api'
2026-05-06 06:00:04,811 [ERROR] GLM failed for ICS: module 'zhipuai' has no attribute 'model_api'
2026-05-06 06:00:04,811 [WARNING] No categories for ICS
2026-05-06 06:00:04,811 [WARNING] No categories for ICS
2026-05-06 06:00:05,461 [INFO] Processing [ICS] from 2026-05-05
2026-05-06 06:00:05,461 [INFO] Processing [ICS] from 2026-05-05
2026-05-06 06:00:05,553 [INFO] Downloaded PDF ICS (77KB)
2026-05-06 06:00:05,553 [INFO] Downloaded PDF ICS (77KB)
2026-05-06 06:00:07,245 [ERROR] GLM failed for ICS: module 'zhipuai' has no attribute 'model_api'
2026-05-06 06:00:07,245 [ERROR] GLM failed for ICS: module 'zhipuai' has no attribute 'model_api'
2026-05-06 06:00:07,245 [WARNING] No categories for ICS
2026-05-06 06:00:07,245 [WARNING] No categories for ICS
2026-05-06 06:00:07,895 [INFO] Processing [ICS] from 2026-05-05
2026-05-06 06:00:07,895 [INFO] Processing [ICS] from 2026-05-05
2026-05-06 06:00:07,981 [INFO] Downloaded PDF ICS (77KB)
2026-05-06 06:00:07,981 [INFO] Downloaded PDF ICS (77KB)
2026-05-06 06:00:09,670 [ERROR] GLM failed for ICS: module 'zhipuai' has no attribute 'model_api'
2026-05-06 06:00:09,670 [ERROR] GLM failed for ICS: module 'zhipuai' has no attribute 'model_api'
2026-05-06 06:00:09,670 [WARNING] No categories for ICS
2026-05-06 06:00:09,670 [WARNING] No categories for ICS
2026-05-06 06:00:10,171 [INFO] Processing [ICS] from 2026-05-05
2026-05-06 06:00:10,171 [INFO] Processing [ICS] from 2026-05-05
2026-05-06 06:00:10,376 [INFO] Downloaded PDF ICS (77KB)
2026-05-06 06:00:10,376 [INFO] Downloaded PDF ICS (77KB)
2026-05-06 06:00:12,064 [ERROR] GLM failed for ICS: module 'zhipuai' has no attribute 'model_api'
2026-05-06 06:00:12,064 [ERROR] GLM failed for ICS: module 'zhipuai' has no attribute 'model_api'
2026-05-06 06:00:12,064 [WARNING] No categories for ICS
2026-05-06 06:00:12,064 [WARNING] No categories for ICS
2026-05-06 06:00:12,688 [INFO] Processing [ICS] from 2026-05-05
2026-05-06 06:00:12,688 [INFO] Processing [ICS] from 2026-05-05
2026-05-06 06:00:12,887 [INFO] Downloaded PDF ICS (77KB)
2026-05-06 06:00:12,887 [INFO] Downloaded PDF ICS (77KB)
2026-05-06 06:00:14,569 [ERROR] GLM failed for ICS: module 'zhipuai' has no attribute 'model_api'
2026-05-06 06:00:14,569 [ERROR] GLM failed for ICS: module 'zhipuai' has no attribute 'model_api'
2026-05-06 06:00:14,569 [WARNING] No categories for ICS
2026-05-06 06:00:14,569 [WARNING] No categories for ICS
2026-05-06 06:00:15,219 [INFO] Processing [ICS] from 2026-05-05
2026-05-06 06:00:15,219 [INFO] Processing [ICS] from 2026-05-05
2026-05-06 06:00:15,309 [INFO] Downloaded PDF ICS (77KB)
2026-05-06 06:00:15,309 [INFO] Downloaded PDF ICS (77KB)
2026-05-06 06:00:16,991 [ERROR] GLM failed for ICS: module 'zhipuai' has no attribute 'model_api'
2026-05-06 06:00:16,991 [ERROR] GLM failed for ICS: module 'zhipuai' has no attribute 'model_api'
2026-05-06 06:00:16,992 [WARNING] No categories for ICS
2026-05-06 06:00:16,992 [WARNING] No categories for ICS
2026-05-06 06:00:17,642 [INFO] Processing [ICS] from 2026-05-05
2026-05-06 06:00:17,642 [INFO] Processing [ICS] from 2026-05-05
2026-05-06 06:00:17,722 [INFO] Downloaded PDF ICS (77KB)
2026-05-06 06:00:17,722 [INFO] Downloaded PDF ICS (77KB)
2026-05-06 06:00:19,415 [ERROR] GLM failed for ICS: module 'zhipuai' has no attribute 'model_api'
2026-05-06 06:00:19,415 [ERROR] GLM failed for ICS: module 'zhipuai' has no attribute 'model_api'
2026-05-06 06:00:19,415 [WARNING] No categories for ICS
2026-05-06 06:00:19,415 [WARNING] No categories for ICS
2026-05-06 06:00:19,931 [INFO] Processing [ICS] from 2026-05-05
2026-05-06 06:00:19,931 [INFO] Processing [ICS] from 2026-05-05
2026-05-06 06:00:20,022 [INFO] Downloaded PDF ICS (77KB)
2026-05-06 06:00:20,022 [INFO] Downloaded PDF ICS (77KB)
2026-05-06 06:00:21,711 [ERROR] GLM failed for ICS: module 'zhipuai' has no attribute 'model_api'
2026-05-06 06:00:21,711 [ERROR] GLM failed for ICS: module 'zhipuai' has no attribute 'model_api'
2026-05-06 06:00:21,712 [WARNING] No categories for ICS
2026-05-06 06:00:21,712 [WARNING] No categories for ICS
2026-05-06 06:00:22,355 [INFO] Processing [ICS] from 2026-05-05
2026-05-06 06:00:22,355 [INFO] Processing [ICS] from 2026-05-05
2026-05-06 06:00:22,436 [INFO] Downloaded PDF ICS (77KB)
2026-05-06 06:00:22,436 [INFO] Downloaded PDF ICS (77KB)
2026-05-06 06:00:24,125 [ERROR] GLM failed for ICS: module 'zhipuai' has no attribute 'model_api'
2026-05-06 06:00:24,125 [ERROR] GLM failed for ICS: module 'zhipuai' has no attribute 'model_api'
2026-05-06 06:00:24,125 [WARNING] No categories for ICS
2026-05-06 06:00:24,125 [WARNING] No categories for ICS
2026-05-06 06:00:24,630 [INFO] Processing [ICS] from 2026-05-05
2026-05-06 06:00:24,630 [INFO] Processing [ICS] from 2026-05-05
2026-05-06 06:00:24,710 [INFO] Downloaded PDF ICS (77KB)
2026-05-06 06:00:24,710 [INFO] Downloaded PDF ICS (77KB)
2026-05-06 06:00:26,378 [ERROR] GLM failed for ICS: module 'zhipuai' has no attribute 'model_api'
2026-05-06 06:00:26,378 [ERROR] GLM failed for ICS: module 'zhipuai' has no attribute 'model_api'
2026-05-06 06:00:26,378 [WARNING] No categories for ICS
2026-05-06 06:00:26,378 [WARNING] No categories for ICS
2026-05-06 06:00:27,028 [INFO] Processing [SHE] from 2026-05-05
2026-05-06 06:00:27,028 [INFO] Processing [SHE] from 2026-05-05
2026-05-06 06:00:27,112 [INFO] Downloaded PDF SHE (77KB)
2026-05-06 06:00:27,112 [INFO] Downloaded PDF SHE (77KB)
2026-05-06 06:00:28,796 [ERROR] GLM failed for SHE: module 'zhipuai' has no attribute 'model_api'
2026-05-06 06:00:28,796 [ERROR] GLM failed for SHE: module 'zhipuai' has no attribute 'model_api'
2026-05-06 06:00:28,796 [WARNING] No categories for SHE
2026-05-06 06:00:28,796 [WARNING] No categories for SHE
2026-05-06 06:00:29,445 [INFO] Processing [KLI] from 2026-05-05
2026-05-06 06:00:29,445 [INFO] Processing [KLI] from 2026-05-05
2026-05-06 06:00:29,524 [INFO] Downloaded PDF KLI (77KB)
2026-05-06 06:00:29,524 [INFO] Downloaded PDF KLI (77KB)
2026-05-06 06:00:31,215 [ERROR] GLM failed for KLI: module 'zhipuai' has no attribute 'model_api'
2026-05-06 06:00:31,215 [ERROR] GLM failed for KLI: module 'zhipuai' has no attribute 'model_api'
2026-05-06 06:00:31,215 [WARNING] No categories for KLI
2026-05-06 06:00:31,215 [WARNING] No categories for KLI
2026-05-06 06:00:31,813 [INFO] Processing [KLI] from 2026-05-05
2026-05-06 06:00:31,813 [INFO] Processing [KLI] from 2026-05-05
2026-05-06 06:00:31,893 [INFO] Downloaded PDF KLI (77KB)
2026-05-06 06:00:31,893 [INFO] Downloaded PDF KLI (77KB)
2026-05-06 06:00:33,574 [ERROR] GLM failed for KLI: module 'zhipuai' has no attribute 'model_api'
2026-05-06 06:00:33,574 [ERROR] GLM failed for KLI: module 'zhipuai' has no attribute 'model_api'
2026-05-06 06:00:33,574 [WARNING] No categories for KLI
2026-05-06 06:00:33,574 [WARNING] No categories for KLI
2026-05-06 06:00:34,195 [INFO] Processing [MTX] from 2026-05-05
2026-05-06 06:00:34,195 [INFO] Processing [MTX] from 2026-05-05
2026-05-06 06:00:34,289 [INFO] Downloaded PDF MTX (77KB)
2026-05-06 06:00:34,289 [INFO] Downloaded PDF MTX (77KB)
2026-05-06 06:00:35,978 [ERROR] GLM failed for MTX: module 'zhipuai' has no attribute 'model_api'
2026-05-06 06:00:35,978 [ERROR] GLM failed for MTX: module 'zhipuai' has no attribute 'model_api'
2026-05-06 06:00:35,978 [WARNING] No categories for MTX
2026-05-06 06:00:35,978 [WARNING] No categories for MTX
2026-05-06 06:00:36,480 [INFO] Processing [ADE] from 2026-05-05
2026-05-06 06:00:36,480 [INFO] Processing [ADE] from 2026-05-05
2026-05-06 06:00:36,560 [INFO] Downloaded PDF ADE (77KB)
2026-05-06 06:00:36,560 [INFO] Downloaded PDF ADE (77KB)
2026-05-06 06:00:38,251 [ERROR] GLM failed for ADE: module 'zhipuai' has no attribute 'model_api'
2026-05-06 06:00:38,251 [ERROR] GLM failed for ADE: module 'zhipuai' has no attribute 'model_api'
2026-05-06 06:00:38,251 [WARNING] No categories for ADE
2026-05-06 06:00:38,251 [WARNING] No categories for ADE
2026-05-06 06:00:38,788 [INFO] Processing [IGL] from 2026-05-05
2026-05-06 06:00:38,788 [INFO] Processing [IGL] from 2026-05-05
2026-05-06 06:00:38,876 [INFO] Downloaded PDF IGL (77KB)
2026-05-06 06:00:38,876 [INFO] Downloaded PDF IGL (77KB)
2026-05-06 06:00:40,564 [ERROR] GLM failed for IGL: module 'zhipuai' has no attribute 'model_api'
2026-05-06 06:00:40,564 [ERROR] GLM failed for IGL: module 'zhipuai' has no attribute 'model_api'
2026-05-06 06:00:40,564 [WARNING] No categories for IGL
2026-05-06 06:00:40,564 [WARNING] No categories for IGL
2026-05-06 06:00:41,066 [INFO] Processing [ODV] from 2026-05-05
2026-05-06 06:00:41,066 [INFO] Processing [ODV] from 2026-05-05
2026-05-06 06:00:41,681 [INFO] Downloaded PDF ODV (77KB)
2026-05-06 06:00:41,681 [INFO] Downloaded PDF ODV (77KB)
2026-05-06 06:00:43,366 [ERROR] GLM failed for ODV: module 'zhipuai' has no attribute 'model_api'
2026-05-06 06:00:43,366 [ERROR] GLM failed for ODV: module 'zhipuai' has no attribute 'model_api'
2026-05-06 06:00:43,366 [WARNING] No categories for ODV
2026-05-06 06:00:43,366 [WARNING] No categories for ODV
2026-05-06 06:00:43,871 [INFO] Processing [KLI] from 2026-05-05
2026-05-06 06:00:43,871 [INFO] Processing [KLI] from 2026-05-05
2026-05-06 06:00:43,978 [INFO] Downloaded PDF KLI (77KB)
2026-05-06 06:00:43,978 [INFO] Downloaded PDF KLI (77KB)
2026-05-06 06:00:45,653 [ERROR] GLM failed for KLI: module 'zhipuai' has no attribute 'model_api'
2026-05-06 06:00:45,653 [ERROR] GLM failed for KLI: module 'zhipuai' has no attribute 'model_api'
2026-05-06 06:00:45,653 [WARNING] No categories for KLI
2026-05-06 06:00:45,653 [WARNING] No categories for KLI
2026-05-06 06:00:46,303 [INFO] Processing [ODV] from 2026-05-05
2026-05-06 06:00:46,303 [INFO] Processing [ODV] from 2026-05-05
2026-05-06 06:00:46,388 [INFO] Downloaded PDF ODV (77KB)
2026-05-06 06:00:46,388 [INFO] Downloaded PDF ODV (77KB)
2026-05-06 06:00:48,073 [ERROR] GLM failed for ODV: module 'zhipuai' has no attribute 'model_api'
2026-05-06 06:00:48,073 [ERROR] GLM failed for ODV: module 'zhipuai' has no attribute 'model_api'
2026-05-06 06:00:48,073 [WARNING] No categories for ODV
2026-05-06 06:00:48,073 [WARNING] No categories for ODV
2026-05-06 06:00:48,587 [INFO] Processing [ODV] from 2026-05-05
2026-05-06 06:00:48,587 [INFO] Processing [ODV] from 2026-05-05
2026-05-06 06:00:48,667 [INFO] Downloaded PDF ODV (77KB)
2026-05-06 06:00:48,667 [INFO] Downloaded PDF ODV (77KB)
2026-05-06 06:00:50,341 [ERROR] GLM failed for ODV: module 'zhipuai' has no attribute 'model_api'
2026-05-06 06:00:50,341 [ERROR] GLM failed for ODV: module 'zhipuai' has no attribute 'model_api'
2026-05-06 06:00:50,341 [WARNING] No categories for ODV
2026-05-06 06:00:50,341 [WARNING] No categories for ODV
2026-05-06 06:00:50,866 [INFO] Processing [TIP] from 2026-05-05
2026-05-06 06:00:50,866 [INFO] Processing [TIP] from 2026-05-05
2026-05-06 06:00:50,953 [INFO] Downloaded PDF TIP (77KB)
2026-05-06 06:00:50,953 [INFO] Downloaded PDF TIP (77KB)
2026-05-06 06:00:52,636 [ERROR] GLM failed for TIP: module 'zhipuai' has no attribute 'model_api'
2026-05-06 06:00:52,636 [ERROR] GLM failed for TIP: module 'zhipuai' has no attribute 'model_api'
2026-05-06 06:00:52,636 [WARNING] No categories for TIP
2026-05-06 06:00:52,636 [WARNING] No categories for TIP
2026-05-06 06:00:53,287 [INFO] Processing [ODV] from 2026-05-05
2026-05-06 06:00:53,287 [INFO] Processing [ODV] from 2026-05-05
2026-05-06 06:00:53,369 [INFO] Downloaded PDF ODV (77KB)
2026-05-06 06:00:53,369 [INFO] Downloaded PDF ODV (77KB)
2026-05-06 06:00:55,053 [ERROR] GLM failed for ODV: module 'zhipuai' has no attribute 'model_api'
2026-05-06 06:00:55,053 [ERROR] GLM failed for ODV: module 'zhipuai' has no attribute 'model_api'
2026-05-06 06:00:55,053 [WARNING] No categories for ODV
2026-05-06 06:00:55,053 [WARNING] No categories for ODV
2026-05-06 06:00:55,555 [INFO] Processing [TE4] from 2026-05-05
2026-05-06 06:00:55,555 [INFO] Processing [TE4] from 2026-05-05
2026-05-06 06:00:55,632 [INFO] Downloaded PDF TE4 (77KB)
2026-05-06 06:00:55,632 [INFO] Downloaded PDF TE4 (77KB)
2026-05-06 06:00:57,328 [ERROR] GLM failed for TE4: module 'zhipuai' has no attribute 'model_api'
2026-05-06 06:00:57,328 [ERROR] GLM failed for TE4: module 'zhipuai' has no attribute 'model_api'
2026-05-06 06:00:57,328 [WARNING] No categories for TE4
2026-05-06 06:00:57,328 [WARNING] No categories for TE4
2026-05-06 06:00:57,971 [INFO] Processing [ADE] from 2026-05-05
2026-05-06 06:00:57,971 [INFO] Processing [ADE] from 2026-05-05
2026-05-06 06:00:58,059 [INFO] Downloaded PDF ADE (77KB)
2026-05-06 06:00:58,059 [INFO] Downloaded PDF ADE (77KB)
2026-05-06 06:00:59,735 [ERROR] GLM failed for ADE: module 'zhipuai' has no attribute 'model_api'
2026-05-06 06:00:59,735 [ERROR] GLM failed for ADE: module 'zhipuai' has no attribute 'model_api'
2026-05-06 06:00:59,735 [WARNING] No categories for ADE
2026-05-06 06:00:59,735 [WARNING] No categories for ADE
2026-05-06 06:01:00,371 [INFO] Processing [ODV] from 2026-05-05
2026-05-06 06:01:00,371 [INFO] Processing [ODV] from 2026-05-05
2026-05-06 06:01:00,682 [INFO] Downloaded PDF ODV (77KB)
2026-05-06 06:01:00,682 [INFO] Downloaded PDF ODV (77KB)
2026-05-06 06:01:02,359 [ERROR] GLM failed for ODV: module 'zhipuai' has no attribute 'model_api'
2026-05-06 06:01:02,359 [ERROR] GLM failed for ODV: module 'zhipuai' has no attribute 'model_api'
2026-05-06 06:01:02,359 [WARNING] No categories for ODV
2026-05-06 06:01:02,359 [WARNING] No categories for ODV
2026-05-06 06:01:03,009 [INFO] Processing [KLI] from 2026-05-05
2026-05-06 06:01:03,009 [INFO] Processing [KLI] from 2026-05-05
2026-05-06 06:01:03,095 [INFO] Downloaded PDF KLI (77KB)
2026-05-06 06:01:03,095 [INFO] Downloaded PDF KLI (77KB)
2026-05-06 06:01:04,779 [ERROR] GLM failed for KLI: module 'zhipuai' has no attribute 'model_api'
2026-05-06 06:01:04,779 [ERROR] GLM failed for KLI: module 'zhipuai' has no attribute 'model_api'
2026-05-06 06:01:04,779 [WARNING] No categories for KLI
2026-05-06 06:01:04,779 [WARNING] No categories for KLI
2026-05-06 06:01:05,429 [INFO] Processing [ODV] from 2026-05-05
2026-05-06 06:01:05,429 [INFO] Processing [ODV] from 2026-05-05
2026-05-06 06:01:05,509 [INFO] Downloaded PDF ODV (77KB)
2026-05-06 06:01:05,509 [INFO] Downloaded PDF ODV (77KB)
2026-05-06 06:01:07,202 [ERROR] GLM failed for ODV: module 'zhipuai' has no attribute 'model_api'
2026-05-06 06:01:07,202 [ERROR] GLM failed for ODV: module 'zhipuai' has no attribute 'model_api'
2026-05-06 06:01:07,202 [WARNING] No categories for ODV
2026-05-06 06:01:07,202 [WARNING] No categories for ODV
2026-05-06 06:01:07,705 [INFO] Processing [AYR] from 2026-05-05
2026-05-06 06:01:07,705 [INFO] Processing [AYR] from 2026-05-05
2026-05-06 06:01:07,784 [INFO] Downloaded PDF AYR (77KB)
2026-05-06 06:01:07,784 [INFO] Downloaded PDF AYR (77KB)
2026-05-06 06:01:09,456 [ERROR] GLM failed for AYR: module 'zhipuai' has no attribute 'model_api'
2026-05-06 06:01:09,456 [ERROR] GLM failed for AYR: module 'zhipuai' has no attribute 'model_api'
2026-05-06 06:01:09,456 [WARNING] No categories for AYR
2026-05-06 06:01:09,456 [WARNING] No categories for AYR
2026-05-06 06:01:10,106 [INFO] Processing [IKV] from 2026-05-05
2026-05-06 06:01:10,106 [INFO] Processing [IKV] from 2026-05-05
2026-05-06 06:01:10,187 [INFO] Downloaded PDF IKV (77KB)
2026-05-06 06:01:10,187 [INFO] Downloaded PDF IKV (77KB)
2026-05-06 06:01:11,869 [ERROR] GLM failed for IKV: module 'zhipuai' has no attribute 'model_api'
2026-05-06 06:01:11,869 [ERROR] GLM failed for IKV: module 'zhipuai' has no attribute 'model_api'
2026-05-06 06:01:11,869 [WARNING] No categories for IKV
2026-05-06 06:01:11,869 [WARNING] No categories for IKV
2026-05-06 06:01:12,519 [INFO] Processing [KLI] from 2026-05-05
2026-05-06 06:01:12,519 [INFO] Processing [KLI] from 2026-05-05
2026-05-06 06:01:12,651 [INFO] Downloaded PDF KLI (77KB)
2026-05-06 06:01:12,651 [INFO] Downloaded PDF KLI (77KB)
2026-05-06 06:01:14,336 [ERROR] GLM failed for KLI: module 'zhipuai' has no attribute 'model_api'
2026-05-06 06:01:14,336 [ERROR] GLM failed for KLI: module 'zhipuai' has no attribute 'model_api'
2026-05-06 06:01:14,336 [WARNING] No categories for KLI
2026-05-06 06:01:14,336 [WARNING] No categories for KLI
2026-05-06 06:01:14,986 [INFO] Processing [TAU] from 2026-05-05
2026-05-06 06:01:14,986 [INFO] Processing [TAU] from 2026-05-05
2026-05-06 06:01:15,078 [INFO] Downloaded PDF TAU (77KB)
2026-05-06 06:01:15,078 [INFO] Downloaded PDF TAU (77KB)
2026-05-06 06:01:16,757 [ERROR] GLM failed for TAU: module 'zhipuai' has no attribute 'model_api'
2026-05-06 06:01:16,757 [ERROR] GLM failed for TAU: module 'zhipuai' has no attribute 'model_api'
2026-05-06 06:01:16,757 [WARNING] No categories for TAU
2026-05-06 06:01:16,757 [WARNING] No categories for TAU
2026-05-06 06:01:17,407 [INFO] Processing [MTH] from 2026-05-05
2026-05-06 06:01:17,407 [INFO] Processing [MTH] from 2026-05-05
2026-05-06 06:01:17,492 [INFO] Downloaded PDF MTH (77KB)
2026-05-06 06:01:17,492 [INFO] Downloaded PDF MTH (77KB)
2026-05-06 06:01:19,178 [ERROR] GLM failed for MTH: module 'zhipuai' has no attribute 'model_api'
2026-05-06 06:01:19,178 [ERROR] GLM failed for MTH: module 'zhipuai' has no attribute 'model_api'
2026-05-06 06:01:19,178 [WARNING] No categories for MTH
2026-05-06 06:01:19,178 [WARNING] No categories for MTH
2026-05-06 06:01:19,688 [INFO] Processing [TTA] from 2026-05-05
2026-05-06 06:01:19,688 [INFO] Processing [TTA] from 2026-05-05
2026-05-06 06:01:19,769 [INFO] Downloaded PDF TTA (77KB)
2026-05-06 06:01:19,769 [INFO] Downloaded PDF TTA (77KB)
2026-05-06 06:01:21,435 [ERROR] GLM failed for TTA: module 'zhipuai' has no attribute 'model_api'
2026-05-06 06:01:21,435 [ERROR] GLM failed for TTA: module 'zhipuai' has no attribute 'model_api'
2026-05-06 06:01:21,435 [WARNING] No categories for TTA
2026-05-06 06:01:21,435 [WARNING] No categories for TTA
2026-05-06 06:01:21,938 [INFO] Processing [TPP] from 2026-05-05
2026-05-06 06:01:21,938 [INFO] Processing [TPP] from 2026-05-05
2026-05-06 06:01:22,016 [INFO] Downloaded PDF TPP (77KB)
2026-05-06 06:01:22,016 [INFO] Downloaded PDF TPP (77KB)
2026-05-06 06:01:23,706 [ERROR] GLM failed for TPP: module 'zhipuai' has no attribute 'model_api'
2026-05-06 06:01:23,706 [ERROR] GLM failed for TPP: module 'zhipuai' has no attribute 'model_api'
2026-05-06 06:01:23,706 [WARNING] No categories for TPP
2026-05-06 06:01:23,706 [WARNING] No categories for TPP
2026-05-06 06:01:24,213 [INFO] Processing [TAU] from 2026-05-05
2026-05-06 06:01:24,213 [INFO] Processing [TAU] from 2026-05-05
2026-05-06 06:01:24,296 [INFO] Downloaded PDF TAU (77KB)
2026-05-06 06:01:24,296 [INFO] Downloaded PDF TAU (77KB)
2026-05-06 06:01:25,979 [ERROR] GLM failed for TAU: module 'zhipuai' has no attribute 'model_api'
2026-05-06 06:01:25,979 [ERROR] GLM failed for TAU: module 'zhipuai' has no attribute 'model_api'
2026-05-06 06:01:25,979 [WARNING] No categories for TAU
2026-05-06 06:01:25,979 [WARNING] No categories for TAU
2026-05-06 06:01:26,629 [INFO] Processing [AKU] from 2026-05-04
2026-05-06 06:01:26,629 [INFO] Processing [AKU] from 2026-05-04
2026-05-06 06:01:26,710 [INFO] Downloaded PDF AKU (78KB)
2026-05-06 06:01:26,710 [INFO] Downloaded PDF AKU (78KB)
2026-05-06 06:01:28,402 [ERROR] GLM failed for AKU: module 'zhipuai' has no attribute 'model_api'
2026-05-06 06:01:28,402 [ERROR] GLM failed for AKU: module 'zhipuai' has no attribute 'model_api'
2026-05-06 06:01:28,402 [WARNING] No categories for AKU
2026-05-06 06:01:28,402 [WARNING] No categories for AKU
2026-05-06 06:01:28,963 [INFO] Processing [BND] from 2026-05-04
2026-05-06 06:01:28,963 [INFO] Processing [BND] from 2026-05-04
2026-05-06 06:01:29,046 [INFO] Downloaded PDF BND (78KB)
2026-05-06 06:01:29,046 [INFO] Downloaded PDF BND (78KB)
2026-05-06 06:01:30,732 [ERROR] GLM failed for BND: module 'zhipuai' has no attribute 'model_api'
2026-05-06 06:01:30,732 [ERROR] GLM failed for BND: module 'zhipuai' has no attribute 'model_api'
2026-05-06 06:01:30,732 [WARNING] No categories for BND
2026-05-06 06:01:30,732 [WARNING] No categories for BND
2026-05-06 06:01:31,372 [INFO] Processing [IDH] from 2026-05-04
2026-05-06 06:01:31,372 [INFO] Processing [IDH] from 2026-05-04
2026-05-06 06:01:31,453 [INFO] Downloaded PDF IDH (78KB)
2026-05-06 06:01:31,453 [INFO] Downloaded PDF IDH (78KB)
2026-05-06 06:01:33,143 [ERROR] GLM failed for IDH: module 'zhipuai' has no attribute 'model_api'
2026-05-06 06:01:33,143 [ERROR] GLM failed for IDH: module 'zhipuai' has no attribute 'model_api'
2026-05-06 06:01:33,143 [WARNING] No categories for IDH
2026-05-06 06:01:33,143 [WARNING] No categories for IDH
2026-05-06 06:01:33,667 [INFO] Processing [KLI] from 2026-05-04
2026-05-06 06:01:33,667 [INFO] Processing [KLI] from 2026-05-04
2026-05-06 06:01:33,748 [INFO] Downloaded PDF KLI (78KB)
2026-05-06 06:01:33,748 [INFO] Downloaded PDF KLI (78KB)
2026-05-06 06:01:35,432 [ERROR] GLM failed for KLI: module 'zhipuai' has no attribute 'model_api'
2026-05-06 06:01:35,432 [ERROR] GLM failed for KLI: module 'zhipuai' has no attribute 'model_api'
2026-05-06 06:01:35,432 [WARNING] No categories for KLI
2026-05-06 06:01:35,432 [WARNING] No categories for KLI
2026-05-06 06:01:36,083 [INFO] Processing [KOP] from 2026-05-04
2026-05-06 06:01:36,083 [INFO] Processing [KOP] from 2026-05-04
2026-05-06 06:01:36,168 [INFO] Downloaded PDF KOP (78KB)
2026-05-06 06:01:36,168 [INFO] Downloaded PDF KOP (78KB)
2026-05-06 06:01:37,840 [ERROR] GLM failed for KOP: module 'zhipuai' has no attribute 'model_api'
2026-05-06 06:01:37,840 [ERROR] GLM failed for KOP: module 'zhipuai' has no attribute 'model_api'
2026-05-06 06:01:37,840 [WARNING] No categories for KOP
2026-05-06 06:01:37,840 [WARNING] No categories for KOP
2026-05-06 06:01:38,491 [INFO] Processing [CKS] from 2026-05-04
2026-05-06 06:01:38,491 [INFO] Processing [CKS] from 2026-05-04
2026-05-06 06:01:38,623 [INFO] Downloaded PDF CKS (79KB)
2026-05-06 06:01:38,623 [INFO] Downloaded PDF CKS (79KB)
2026-05-06 06:01:40,316 [ERROR] GLM failed for CKS: module 'zhipuai' has no attribute 'model_api'
2026-05-06 06:01:40,316 [ERROR] GLM failed for CKS: module 'zhipuai' has no attribute 'model_api'
2026-05-06 06:01:40,316 [WARNING] No categories for CKS
2026-05-06 06:01:40,316 [WARNING] No categories for CKS
2026-05-06 06:01:40,967 [INFO] Processing [MTH] from 2026-05-04
2026-05-06 06:01:40,967 [INFO] Processing [MTH] from 2026-05-04
2026-05-06 06:01:41,553 [INFO] Downloaded PDF MTH (79KB)
2026-05-06 06:01:41,553 [INFO] Downloaded PDF MTH (79KB)
2026-05-06 06:01:43,238 [ERROR] GLM failed for MTH: module 'zhipuai' has no attribute 'model_api'
2026-05-06 06:01:43,238 [ERROR] GLM failed for MTH: module 'zhipuai' has no attribute 'model_api'
2026-05-06 06:01:43,238 [WARNING] No categories for MTH
2026-05-06 06:01:43,238 [WARNING] No categories for MTH
2026-05-06 06:01:43,824 [INFO] Processing [KPH] from 2026-05-04
2026-05-06 06:01:43,824 [INFO] Processing [KPH] from 2026-05-04
2026-05-06 06:01:43,908 [INFO] Downloaded PDF KPH (78KB)
2026-05-06 06:01:43,908 [INFO] Downloaded PDF KPH (78KB)
2026-05-06 06:01:45,584 [ERROR] GLM failed for KPH: module 'zhipuai' has no attribute 'model_api'
2026-05-06 06:01:45,584 [ERROR] GLM failed for KPH: module 'zhipuai' has no attribute 'model_api'
2026-05-06 06:01:45,584 [WARNING] No categories for KPH
2026-05-06 06:01:45,584 [WARNING] No categories for KPH
2026-05-06 06:01:46,093 [INFO] Processing [KLI] from 2026-05-04
2026-05-06 06:01:46,093 [INFO] Processing [KLI] from 2026-05-04
2026-05-06 06:01:46,178 [INFO] Downloaded PDF KLI (78KB)
2026-05-06 06:01:46,178 [INFO] Downloaded PDF KLI (78KB)
2026-05-06 06:01:47,871 [ERROR] GLM failed for KLI: module 'zhipuai' has no attribute 'model_api'
2026-05-06 06:01:47,871 [ERROR] GLM failed for KLI: module 'zhipuai' has no attribute 'model_api'
2026-05-06 06:01:47,871 [WARNING] No categories for KLI
2026-05-06 06:01:47,871 [WARNING] No categories for KLI
2026-05-06 06:01:48,378 [INFO] Processing [EID] from 2026-05-04
2026-05-06 06:01:48,378 [INFO] Processing [EID] from 2026-05-04
2026-05-06 06:01:48,460 [INFO] Downloaded PDF EID (78KB)
2026-05-06 06:01:48,460 [INFO] Downloaded PDF EID (78KB)
2026-05-06 06:01:50,153 [ERROR] GLM failed for EID: module 'zhipuai' has no attribute 'model_api'
2026-05-06 06:01:50,153 [ERROR] GLM failed for EID: module 'zhipuai' has no attribute 'model_api'
2026-05-06 06:01:50,153 [WARNING] No categories for EID
2026-05-06 06:01:50,153 [WARNING] No categories for EID
2026-05-06 06:01:50,654 [INFO] Processing [EIB] from 2026-05-04
2026-05-06 06:01:50,654 [INFO] Processing [EIB] from 2026-05-04
2026-05-06 06:01:50,733 [INFO] Downloaded PDF EIB (78KB)
2026-05-06 06:01:50,733 [INFO] Downloaded PDF EIB (78KB)
2026-05-06 06:01:52,412 [ERROR] GLM failed for EIB: module 'zhipuai' has no attribute 'model_api'
2026-05-06 06:01:52,412 [ERROR] GLM failed for EIB: module 'zhipuai' has no attribute 'model_api'
2026-05-06 06:01:52,412 [WARNING] No categories for EIB
2026-05-06 06:01:52,412 [WARNING] No categories for EIB
2026-05-06 06:01:53,062 [INFO] Processing [RIH] from 2026-05-04
2026-05-06 06:01:53,062 [INFO] Processing [RIH] from 2026-05-04
2026-05-06 06:01:53,149 [INFO] Downloaded PDF RIH (77KB)
2026-05-06 06:01:53,149 [INFO] Downloaded PDF RIH (77KB)
2026-05-06 06:01:54,834 [ERROR] GLM failed for RIH: module 'zhipuai' has no attribute 'model_api'
2026-05-06 06:01:54,834 [ERROR] GLM failed for RIH: module 'zhipuai' has no attribute 'model_api'
2026-05-06 06:01:54,834 [WARNING] No categories for RIH
2026-05-06 06:01:54,834 [WARNING] No categories for RIH
2026-05-06 06:01:55,452 [INFO] Processing [RRP] from 2026-05-04
2026-05-06 06:01:55,452 [INFO] Processing [RRP] from 2026-05-04
2026-05-06 06:01:55,533 [INFO] Downloaded PDF RRP (77KB)
2026-05-06 06:01:55,533 [INFO] Downloaded PDF RRP (77KB)
2026-05-06 06:01:57,220 [ERROR] GLM failed for RRP: module 'zhipuai' has no attribute 'model_api'
2026-05-06 06:01:57,220 [ERROR] GLM failed for RRP: module 'zhipuai' has no attribute 'model_api'
2026-05-06 06:01:57,220 [WARNING] No categories for RRP
2026-05-06 06:01:57,220 [WARNING] No categories for RRP
2026-05-06 06:01:57,724 [INFO] Processing [IKV] from 2026-05-04
2026-05-06 06:01:57,724 [INFO] Processing [IKV] from 2026-05-04
2026-05-06 06:01:57,804 [INFO] Downloaded PDF IKV (77KB)
2026-05-06 06:01:57,804 [INFO] Downloaded PDF IKV (77KB)
2026-05-06 06:01:59,484 [ERROR] GLM failed for IKV: module 'zhipuai' has no attribute 'model_api'
2026-05-06 06:01:59,484 [ERROR] GLM failed for IKV: module 'zhipuai' has no attribute 'model_api'
2026-05-06 06:01:59,484 [WARNING] No categories for IKV
2026-05-06 06:01:59,484 [WARNING] No categories for IKV
2026-05-06 06:02:00,134 [INFO] Processing [RKH] from 2026-05-04
2026-05-06 06:02:00,134 [INFO] Processing [RKH] from 2026-05-04
2026-05-06 06:02:00,224 [INFO] Downloaded PDF RKH (77KB)
2026-05-06 06:02:00,224 [INFO] Downloaded PDF RKH (77KB)
2026-05-06 06:02:01,924 [ERROR] GLM failed for RKH: module 'zhipuai' has no attribute 'model_api'
2026-05-06 06:02:01,924 [ERROR] GLM failed for RKH: module 'zhipuai' has no attribute 'model_api'
2026-05-06 06:02:01,924 [WARNING] No categories for RKH
2026-05-06 06:02:01,924 [WARNING] No categories for RKH
2026-05-06 06:02:02,574 [INFO] Processing [RIH] from 2026-05-04
2026-05-06 06:02:02,574 [INFO] Processing [RIH] from 2026-05-04
2026-05-06 06:02:02,621 [WARNING] HTTP 429 for https://www.kap.org.tr/tr/api/BildirimPdf/1600621, retry 1/5 in 2s
2026-05-06 06:02:02,621 [WARNING] HTTP 429 for https://www.kap.org.tr/tr/api/BildirimPdf/1600621, retry 1/5 in 2s
2026-05-06 06:02:04,804 [WARNING] HTTP 429 for https://www.kap.org.tr/tr/api/BildirimPdf/1600621, retry 2/5 in 3s
2026-05-06 06:02:04,804 [WARNING] HTTP 429 for https://www.kap.org.tr/tr/api/BildirimPdf/1600621, retry 2/5 in 3s
2026-05-06 06:02:07,998 [WARNING] HTTP 429 for https://www.kap.org.tr/tr/api/BildirimPdf/1600621, retry 3/5 in 5s
2026-05-06 06:02:07,998 [WARNING] HTTP 429 for https://www.kap.org.tr/tr/api/BildirimPdf/1600621, retry 3/5 in 5s
2026-05-06 06:02:13,195 [WARNING] HTTP 429 for https://www.kap.org.tr/tr/api/BildirimPdf/1600621, retry 4/5 in 9s
2026-05-06 06:02:13,195 [WARNING] HTTP 429 for https://www.kap.org.tr/tr/api/BildirimPdf/1600621, retry 4/5 in 9s
2026-05-06 06:02:22,394 [WARNING] HTTP 429 for https://www.kap.org.tr/tr/api/BildirimPdf/1600621, retry 5/5 in 17s
2026-05-06 06:02:22,394 [WARNING] HTTP 429 for https://www.kap.org.tr/tr/api/BildirimPdf/1600621, retry 5/5 in 17s
2026-05-06 06:02:39,670 [WARNING] No attachment URL in disclosure 1600621
2026-05-06 06:02:39,670 [WARNING] No attachment URL in disclosure 1600621
2026-05-06 06:02:39,673 [INFO] Processing [MTH] from 2026-05-04
2026-05-06 06:02:39,673 [INFO] Processing [MTH] from 2026-05-04
2026-05-06 06:02:39,719 [WARNING] HTTP 429 for https://www.kap.org.tr/tr/api/BildirimPdf/1600620, retry 1/5 in 2s
2026-05-06 06:02:39,719 [WARNING] HTTP 429 for https://www.kap.org.tr/tr/api/BildirimPdf/1600620, retry 1/5 in 2s
2026-05-06 06:02:41,917 [WARNING] HTTP 429 for https://www.kap.org.tr/tr/api/BildirimPdf/1600620, retry 2/5 in 3s
2026-05-06 06:02:41,917 [WARNING] HTTP 429 for https://www.kap.org.tr/tr/api/BildirimPdf/1600620, retry 2/5 in 3s
2026-05-06 06:02:45,108 [WARNING] HTTP 429 for https://www.kap.org.tr/tr/api/BildirimPdf/1600620, retry 3/5 in 5s
2026-05-06 06:02:45,108 [WARNING] HTTP 429 for https://www.kap.org.tr/tr/api/BildirimPdf/1600620, retry 3/5 in 5s
2026-05-06 06:02:50,289 [WARNING] HTTP 429 for https://www.kap.org.tr/tr/api/BildirimPdf/1600620, retry 4/5 in 9s
2026-05-06 06:02:50,289 [WARNING] HTTP 429 for https://www.kap.org.tr/tr/api/BildirimPdf/1600620, retry 4/5 in 9s
2026-05-06 06:02:59,474 [WARNING] HTTP 429 for https://www.kap.org.tr/tr/api/BildirimPdf/1600620, retry 5/5 in 17s
2026-05-06 06:02:59,474 [WARNING] HTTP 429 for https://www.kap.org.tr/tr/api/BildirimPdf/1600620, retry 5/5 in 17s
2026-05-06 06:03:16,741 [WARNING] No attachment URL in disclosure 1600620
2026-05-06 06:03:16,741 [WARNING] No attachment URL in disclosure 1600620
2026-05-06 06:03:16,745 [INFO] Processing [RGH] from 2026-05-04
2026-05-06 06:03:16,745 [INFO] Processing [RGH] from 2026-05-04
2026-05-06 06:03:16,790 [WARNING] HTTP 429 for https://www.kap.org.tr/tr/api/BildirimPdf/1600619, retry 1/5 in 2s
2026-05-06 06:03:16,790 [WARNING] HTTP 429 for https://www.kap.org.tr/tr/api/BildirimPdf/1600619, retry 1/5 in 2s
2026-05-06 06:03:18,984 [WARNING] HTTP 429 for https://www.kap.org.tr/tr/api/BildirimPdf/1600619, retry 2/5 in 3s
2026-05-06 06:03:18,984 [WARNING] HTTP 429 for https://www.kap.org.tr/tr/api/BildirimPdf/1600619, retry 2/5 in 3s
2026-05-06 06:03:22,181 [WARNING] HTTP 429 for https://www.kap.org.tr/tr/api/BildirimPdf/1600619, retry 3/5 in 5s
2026-05-06 06:03:22,181 [WARNING] HTTP 429 for https://www.kap.org.tr/tr/api/BildirimPdf/1600619, retry 3/5 in 5s
2026-05-06 06:03:27,374 [WARNING] HTTP 429 for https://www.kap.org.tr/tr/api/BildirimPdf/1600619, retry 4/5 in 9s
2026-05-06 06:03:27,374 [WARNING] HTTP 429 for https://www.kap.org.tr/tr/api/BildirimPdf/1600619, retry 4/5 in 9s
2026-05-06 06:03:36,573 [WARNING] HTTP 429 for https://www.kap.org.tr/tr/api/BildirimPdf/1600619, retry 5/5 in 17s
2026-05-06 06:03:36,573 [WARNING] HTTP 429 for https://www.kap.org.tr/tr/api/BildirimPdf/1600619, retry 5/5 in 17s
2026-05-06 06:03:53,838 [WARNING] No attachment URL in disclosure 1600619
2026-05-06 06:03:53,838 [WARNING] No attachment URL in disclosure 1600619
2026-05-06 06:03:53,840 [INFO] Processing [RKH] from 2026-05-04
2026-05-06 06:03:53,840 [INFO] Processing [RKH] from 2026-05-04
2026-05-06 06:03:53,886 [WARNING] HTTP 429 for https://www.kap.org.tr/tr/api/BildirimPdf/1600617, retry 1/5 in 2s
2026-05-06 06:03:53,886 [WARNING] HTTP 429 for https://www.kap.org.tr/tr/api/BildirimPdf/1600617, retry 1/5 in 2s
2026-05-06 06:03:56,082 [WARNING] HTTP 429 for https://www.kap.org.tr/tr/api/BildirimPdf/1600617, retry 2/5 in 3s
2026-05-06 06:03:56,082 [WARNING] HTTP 429 for https://www.kap.org.tr/tr/api/BildirimPdf/1600617, retry 2/5 in 3s
2026-05-06 06:03:59,276 [WARNING] HTTP 429 for https://www.kap.org.tr/tr/api/BildirimPdf/1600617, retry 3/5 in 5s
2026-05-06 06:03:59,276 [WARNING] HTTP 429 for https://www.kap.org.tr/tr/api/BildirimPdf/1600617, retry 3/5 in 5s
2026-05-06 06:04:04,472 [WARNING] HTTP 429 for https://www.kap.org.tr/tr/api/BildirimPdf/1600617, retry 4/5 in 9s
2026-05-06 06:04:04,472 [WARNING] HTTP 429 for https://www.kap.org.tr/tr/api/BildirimPdf/1600617, retry 4/5 in 9s
2026-05-06 06:04:13,672 [WARNING] HTTP 429 for https://www.kap.org.tr/tr/api/BildirimPdf/1600617, retry 5/5 in 17s
2026-05-06 06:04:13,672 [WARNING] HTTP 429 for https://www.kap.org.tr/tr/api/BildirimPdf/1600617, retry 5/5 in 17s
2026-05-06 06:04:30,937 [WARNING] No attachment URL in disclosure 1600617
2026-05-06 06:04:30,937 [WARNING] No attachment URL in disclosure 1600617
2026-05-06 06:04:30,939 [INFO] Processing [RBP] from 2026-05-04
2026-05-06 06:04:30,939 [INFO] Processing [RBP] from 2026-05-04
2026-05-06 06:04:30,984 [WARNING] HTTP 429 for https://www.kap.org.tr/tr/api/BildirimPdf/1600615, retry 1/5 in 2s
2026-05-06 06:04:30,984 [WARNING] HTTP 429 for https://www.kap.org.tr/tr/api/BildirimPdf/1600615, retry 1/5 in 2s
2026-05-06 06:04:33,181 [WARNING] HTTP 429 for https://www.kap.org.tr/tr/api/BildirimPdf/1600615, retry 2/5 in 3s
2026-05-06 06:04:33,181 [WARNING] HTTP 429 for https://www.kap.org.tr/tr/api/BildirimPdf/1600615, retry 2/5 in 3s
2026-05-06 06:04:36,370 [WARNING] HTTP 429 for https://www.kap.org.tr/tr/api/BildirimPdf/1600615, retry 3/5 in 5s
2026-05-06 06:04:36,370 [WARNING] HTTP 429 for https://www.kap.org.tr/tr/api/BildirimPdf/1600615, retry 3/5 in 5s
2026-05-06 06:04:41,562 [WARNING] HTTP 429 for https://www.kap.org.tr/tr/api/BildirimPdf/1600615, retry 4/5 in 9s
2026-05-06 06:04:41,562 [WARNING] HTTP 429 for https://www.kap.org.tr/tr/api/BildirimPdf/1600615, retry 4/5 in 9s
2026-05-06 06:04:50,759 [WARNING] HTTP 429 for https://www.kap.org.tr/tr/api/BildirimPdf/1600615, retry 5/5 in 17s
2026-05-06 06:04:50,759 [WARNING] HTTP 429 for https://www.kap.org.tr/tr/api/BildirimPdf/1600615, retry 5/5 in 17s
2026-05-06 06:05:08,033 [WARNING] No attachment URL in disclosure 1600615
2026-05-06 06:05:08,033 [WARNING] No attachment URL in disclosure 1600615
2026-05-06 06:05:08,036 [INFO] Processing [KPH] from 2026-05-04
2026-05-06 06:05:08,036 [INFO] Processing [KPH] from 2026-05-04
2026-05-06 06:05:08,116 [INFO] Downloaded PDF KPH (77KB)
2026-05-06 06:05:08,116 [INFO] Downloaded PDF KPH (77KB)
2026-05-06 06:05:09,803 [ERROR] GLM failed for KPH: module 'zhipuai' has no attribute 'model_api'
2026-05-06 06:05:09,803 [ERROR] GLM failed for KPH: module 'zhipuai' has no attribute 'model_api'
2026-05-06 06:05:09,803 [WARNING] No categories for KPH
2026-05-06 06:05:09,803 [WARNING] No categories for KPH
2026-05-06 06:05:10,453 [INFO] Processing [FGA] from 2026-05-04
2026-05-06 06:05:10,453 [INFO] Processing [FGA] from 2026-05-04
2026-05-06 06:05:10,546 [INFO] Downloaded PDF FGA (77KB)
2026-05-06 06:05:10,546 [INFO] Downloaded PDF FGA (77KB)
2026-05-06 06:05:12,233 [ERROR] GLM failed for FGA: module 'zhipuai' has no attribute 'model_api'
2026-05-06 06:05:12,233 [ERROR] GLM failed for FGA: module 'zhipuai' has no attribute 'model_api'
2026-05-06 06:05:12,233 [WARNING] No categories for FGA
2026-05-06 06:05:12,233 [WARNING] No categories for FGA
2026-05-06 06:05:12,739 [INFO] Processing [DJA] from 2026-05-04
2026-05-06 06:05:12,739 [INFO] Processing [DJA] from 2026-05-04
2026-05-06 06:05:12,824 [INFO] Downloaded PDF DJA (78KB)
2026-05-06 06:05:12,824 [INFO] Downloaded PDF DJA (78KB)
2026-05-06 06:05:14,512 [ERROR] GLM failed for DJA: module 'zhipuai' has no attribute 'model_api'
2026-05-06 06:05:14,512 [ERROR] GLM failed for DJA: module 'zhipuai' has no attribute 'model_api'
2026-05-06 06:05:14,512 [WARNING] No categories for DJA
2026-05-06 06:05:14,512 [WARNING] No categories for DJA
2026-05-06 06:05:15,370 [ERROR] SB UPSERT system_status → 409: {"code":"23505","details":"Key (key)=(last_kap_portfolio_cron) already exists.","hint":null,"message":"duplicate key value violates unique constraint \"system_status_pkey\""}
2026-05-06 06:05:15,370 [ERROR] SB UPSERT system_status → 409: {"code":"23505","details":"Key (key)=(last_kap_portfolio_cron) already exists.","hint":null,"message":"duplicate key value violates unique constraint \"system_status_pkey\""}
2026-05-06 06:05:15,373 [INFO] Done: 0 ✓ / 58 ✗
2026-05-06 06:05:15,373 [INFO] Done: 0 ✓ / 58 ✗
2026-05-06 06:05:15,373 [INFO] ============================================================
2026-05-06 06:05:15,373 [INFO] ============================================================
2026-05-07 06:00:01,180 [INFO] ============================================================
2026-05-07 06:00:01,180 [INFO] ============================================================
2026-05-07 06:00:01,180 [INFO] KAP Daily Pipeline started
2026-05-07 06:00:01,180 [INFO] KAP Daily Pipeline started
2026-05-07 06:00:01,181 [INFO] Resuming from last run: 2026-05-06T06:00:00.811228
2026-05-07 06:00:01,181 [INFO] Resuming from last run: 2026-05-06T06:00:00.811228
2026-05-07 06:00:01,362 [INFO] KAP discovered 240 portfolio disclosures in 2026-05-06 → 2026-05-07
2026-05-07 06:00:01,362 [INFO] KAP discovered 240 portfolio disclosures in 2026-05-06 → 2026-05-07
2026-05-07 06:00:02,510 [INFO] Loaded 1614 fund name entries
2026-05-07 06:00:02,510 [INFO] Loaded 1614 fund name entries
2026-05-07 06:00:02,511 [INFO]   [TTA] Portföy Dağılım Raporu
2026-05-07 06:00:02,511 [INFO]   [TTA] Portföy Dağılım Raporu
2026-05-07 06:00:02,513 [INFO]   [MTH] Portföy Dağılım Raporu
2026-05-07 06:00:02,513 [INFO]   [MTH] Portföy Dağılım Raporu
2026-05-07 06:00:02,513 [INFO]   [KLI] Portföy Dağılım Raporu
2026-05-07 06:00:02,513 [INFO]   [KLI] Portföy Dağılım Raporu
2026-05-07 06:00:02,513 [INFO]   [PHK] Portföy Dağılım Raporu
2026-05-07 06:00:02,513 [INFO]   [PHK] Portföy Dağılım Raporu
2026-05-07 06:00:02,513 [INFO]   [ODV] Portföy Dağılım Raporu
2026-05-07 06:00:02,513 [INFO]   [ODV] Portföy Dağılım Raporu
2026-05-07 06:00:02,513 [INFO]   [GMI] Portföy Dağılım Raporu
2026-05-07 06:00:02,513 [INFO]   [GMI] Portföy Dağılım Raporu
2026-05-07 06:00:02,513 [INFO]   [IHT] Portföy Dağılım Raporu
2026-05-07 06:00:02,513 [INFO]   [IHT] Portföy Dağılım Raporu
2026-05-07 06:00:02,514 [INFO]   [CYD] Portföy Dağılım Raporu
2026-05-07 06:00:02,514 [INFO]   [CYD] Portföy Dağılım Raporu
2026-05-07 06:00:02,515 [INFO]   [CVA] Portföy Dağılım Raporu
2026-05-07 06:00:02,515 [INFO]   [CVA] Portföy Dağılım Raporu
2026-05-07 06:00:02,515 [INFO]   [CVA] Portföy Dağılım Raporu
2026-05-07 06:00:02,515 [INFO]   [CVA] Portföy Dağılım Raporu
2026-05-07 06:00:02,515 [INFO]   [CJH] Portföy Dağılım Raporu
2026-05-07 06:00:02,515 [INFO]   [CJH] Portföy Dağılım Raporu
2026-05-07 06:00:02,516 [INFO]   [TPR] Portföy Dağılım Raporu
2026-05-07 06:00:02,516 [INFO]   [TPR] Portföy Dağılım Raporu
2026-05-07 06:00:02,516 [INFO]   [BRR] Portföy Dağılım Raporu
2026-05-07 06:00:02,516 [INFO]   [BRR] Portföy Dağılım Raporu
2026-05-07 06:00:02,517 [INFO]   [KLI] Portföy Dağılım Raporu
2026-05-07 06:00:02,517 [INFO]   [KLI] Portföy Dağılım Raporu
2026-05-07 06:00:02,517 [INFO]   [IDH] Portföy Dağılım Raporu
2026-05-07 06:00:02,517 [INFO]   [IDH] Portföy Dağılım Raporu
2026-05-07 06:00:02,517 [INFO]   [AZF] Portföy Dağılım Raporu
2026-05-07 06:00:02,517 [INFO]   [AZF] Portföy Dağılım Raporu
2026-05-07 06:00:02,517 [INFO]   [AZF] Portföy Dağılım Raporu
2026-05-07 06:00:02,517 [INFO]   [AZF] Portföy Dağılım Raporu
2026-05-07 06:00:02,517 [INFO]   [AVT] Portföy Dağılım Raporu
2026-05-07 06:00:02,517 [INFO]   [AVT] Portföy Dağılım Raporu
2026-05-07 06:00:02,517 [INFO]   [AUV] Portföy Dağılım Raporu
2026-05-07 06:00:02,517 [INFO]   [AUV] Portföy Dağılım Raporu
2026-05-07 06:00:02,517 [INFO]   [ODV] Portföy Dağılım Raporu
2026-05-07 06:00:02,517 [INFO]   [ODV] Portföy Dağılım Raporu
2026-05-07 06:00:02,517 [INFO]   [ODV] Portföy Dağılım Raporu
2026-05-07 06:00:02,517 [INFO]   [ODV] Portföy Dağılım Raporu
2026-05-07 06:00:02,518 [INFO]   [ODV] Portföy Dağılım Raporu
2026-05-07 06:00:02,518 [INFO]   [ODV] Portföy Dağılım Raporu
2026-05-07 06:00:02,519 [INFO]   [ANL] Portföy Dağılım Raporu
2026-05-07 06:00:02,519 [INFO]   [ANL] Portföy Dağılım Raporu
2026-05-07 06:00:02,519 [INFO]   [ALE] Portföy Dağılım Raporu
2026-05-07 06:00:02,519 [INFO]   [ALE] Portföy Dağılım Raporu
2026-05-07 06:00:02,519 [INFO]   [TPR] Portföy Dağılım Raporu
2026-05-07 06:00:02,519 [INFO]   [TPR] Portföy Dağılım Raporu
2026-05-07 06:00:02,519 [INFO]   [AKU] Portföy Dağılım Raporu
2026-05-07 06:00:02,519 [INFO]   [AKU] Portföy Dağılım Raporu
2026-05-07 06:00:02,519 [INFO]   [AKE] Portföy Dağılım Raporu
2026-05-07 06:00:02,519 [INFO]   [AKE] Portföy Dağılım Raporu
2026-05-07 06:00:02,519 [INFO]   [TPR] Portföy Dağılım Raporu
2026-05-07 06:00:02,519 [INFO]   [TPR] Portföy Dağılım Raporu
2026-05-07 06:00:02,519 [INFO]   [AK2] Portföy Dağılım Raporu
2026-05-07 06:00:02,519 [INFO]   [AK2] Portföy Dağılım Raporu
2026-05-07 06:00:02,520 [INFO]   [AJL] Portföy Dağılım Raporu
2026-05-07 06:00:02,520 [INFO]   [AJL] Portföy Dağılım Raporu
2026-05-07 06:00:02,520 [INFO]   [AJK] Portföy Dağılım Raporu
2026-05-07 06:00:02,520 [INFO]   [AJK] Portföy Dağılım Raporu
2026-05-07 06:00:02,521 [INFO]   [AIS] Portföy Dağılım Raporu
2026-05-07 06:00:02,521 [INFO]   [AIS] Portföy Dağılım Raporu
2026-05-07 06:00:02,521 [INFO]   [AFV] Portföy Dağılım Raporu
2026-05-07 06:00:02,521 [INFO]   [AFV] Portföy Dağılım Raporu
2026-05-07 06:00:02,522 [INFO]   [AFS] Portföy Dağılım Raporu
2026-05-07 06:00:02,522 [INFO]   [AFS] Portföy Dağılım Raporu
2026-05-07 06:00:02,522 [INFO]   [TTA] Portföy Dağılım Raporu
2026-05-07 06:00:02,522 [INFO]   [TTA] Portföy Dağılım Raporu
2026-05-07 06:00:02,522 [INFO]   [AES] Portföy Dağılım Raporu
2026-05-07 06:00:02,522 [INFO]   [AES] Portföy Dağılım Raporu
2026-05-07 06:00:02,522 [INFO]   [TAU] Portföy Dağılım Raporu
2026-05-07 06:00:02,522 [INFO]   [TAU] Portföy Dağılım Raporu
2026-05-07 06:00:02,522 [INFO]   [ADE] Portföy Dağılım Raporu
2026-05-07 06:00:02,522 [INFO]   [ADE] Portföy Dağılım Raporu
2026-05-07 06:00:02,523 [INFO]   [IZS] Portföy Dağılım Raporu
2026-05-07 06:00:02,523 [INFO]   [IZS] Portföy Dağılım Raporu
2026-05-07 06:00:02,523 [INFO]   [IRF] Portföy Dağılım Raporu
2026-05-07 06:00:02,523 [INFO]   [IRF] Portföy Dağılım Raporu
2026-05-07 06:00:02,523 [INFO]   [IVY] Portföy Dağılım Raporu
2026-05-07 06:00:02,523 [INFO]   [IVY] Portföy Dağılım Raporu
2026-05-07 06:00:02,523 [INFO]   [YCY] Portföy Dağılım Raporu
2026-05-07 06:00:02,523 [INFO]   [YCY] Portföy Dağılım Raporu
2026-05-07 06:00:02,523 [INFO]   [AVT] Portföy Dağılım Raporu
2026-05-07 06:00:02,523 [INFO]   [AVT] Portföy Dağılım Raporu
2026-05-07 06:00:02,523 [INFO]   [ICN] Portföy Dağılım Raporu
2026-05-07 06:00:02,523 [INFO]   [ICN] Portföy Dağılım Raporu
2026-05-07 06:00:02,523 [INFO]   [IRO] Portföy Dağılım Raporu
2026-05-07 06:00:02,523 [INFO]   [IRO] Portföy Dağılım Raporu
2026-05-07 06:00:02,523 [INFO]   [IRB] Portföy Dağılım Raporu
2026-05-07 06:00:02,523 [INFO]   [IRB] Portföy Dağılım Raporu
2026-05-07 06:00:02,523 [INFO]   [IPB] Portföy Dağılım Raporu
2026-05-07 06:00:02,523 [INFO]   [IPB] Portföy Dağılım Raporu
2026-05-07 06:00:02,523 [INFO]   [MTH] Portföy Dağılım Raporu
2026-05-07 06:00:02,523 [INFO]   [MTH] Portföy Dağılım Raporu
2026-05-07 06:00:02,523 [INFO]   [KLI] Portföy Dağılım Raporu
2026-05-07 06:00:02,523 [INFO]   [KLI] Portföy Dağılım Raporu
2026-05-07 06:00:02,523 [INFO]   [MTH] Portföy Dağılım Raporu
2026-05-07 06:00:02,523 [INFO]   [MTH] Portföy Dağılım Raporu
2026-05-07 06:00:02,523 [INFO]   [IJI] Portföy Dağılım Raporu
2026-05-07 06:00:02,523 [INFO]   [IJI] Portföy Dağılım Raporu
2026-05-07 06:00:02,524 [INFO]   [IAR] Portföy Dağılım Raporu
2026-05-07 06:00:02,524 [INFO]   [IAR] Portföy Dağılım Raporu
2026-05-07 06:00:02,524 [INFO]   [KLI] Portföy Dağılım Raporu
2026-05-07 06:00:02,524 [INFO]   [KLI] Portföy Dağılım Raporu
2026-05-07 06:00:02,525 [INFO]   [YCY] Portföy Dağılım Raporu
2026-05-07 06:00:02,525 [INFO]   [YCY] Portföy Dağılım Raporu
2026-05-07 06:00:02,525 [INFO]   [IRF] Portföy Dağılım Raporu
2026-05-07 06:00:02,525 [INFO]   [IRF] Portföy Dağılım Raporu
2026-05-07 06:00:02,525 [INFO]   [IMF] Portföy Dağılım Raporu
2026-05-07 06:00:02,525 [INFO]   [IMF] Portföy Dağılım Raporu
2026-05-07 06:00:02,525 [INFO]   [MTH] Portföy Dağılım Raporu
2026-05-07 06:00:02,525 [INFO]   [MTH] Portföy Dağılım Raporu
2026-05-07 06:00:02,525 [INFO]   [TVE] Portföy Dağılım Raporu
2026-05-07 06:00:02,525 [INFO]   [TVE] Portföy Dağılım Raporu
2026-05-07 06:00:02,525 [INFO]   [SUR] Portföy Dağılım Raporu
2026-05-07 06:00:02,525 [INFO]   [SUR] Portföy Dağılım Raporu
2026-05-07 06:00:02,525 [INFO]   [EPI] Portföy Dağılım Raporu
2026-05-07 06:00:02,525 [INFO]   [EPI] Portföy Dağılım Raporu
2026-05-07 06:00:02,526 [INFO]   [EBI] Portföy Dağılım Raporu
2026-05-07 06:00:02,526 [INFO]   [EBI] Portföy Dağılım Raporu
2026-05-07 06:00:02,526 [INFO]   [EPI] Portföy Dağılım Raporu
2026-05-07 06:00:02,526 [INFO]   [EPI] Portföy Dağılım Raporu
2026-05-07 06:00:02,526 [INFO]   [EPI] Portföy Dağılım Raporu
2026-05-07 06:00:02,526 [INFO]   [EPI] Portföy Dağılım Raporu
2026-05-07 06:00:02,526 [INFO]   [EPI] Portföy Dağılım Raporu
2026-05-07 06:00:02,526 [INFO]   [EPI] Portföy Dağılım Raporu
2026-05-07 06:00:02,526 [INFO]   [EPI] Portföy Dağılım Raporu
2026-05-07 06:00:02,526 [INFO]   [EPI] Portföy Dağılım Raporu
2026-05-07 06:00:02,526 [INFO]   [EPI] Portföy Dağılım Raporu
2026-05-07 06:00:02,526 [INFO]   [EPI] Portföy Dağılım Raporu
2026-05-07 06:00:02,526 [INFO]   [EPI] Portföy Dağılım Raporu
2026-05-07 06:00:02,526 [INFO]   [EPI] Portföy Dağılım Raporu
2026-05-07 06:00:02,526 [INFO]   [EPI] Portföy Dağılım Raporu
2026-05-07 06:00:02,526 [INFO]   [EPI] Portföy Dağılım Raporu
2026-05-07 06:00:02,526 [INFO]   [ODV] Portföy Dağılım Raporu
2026-05-07 06:00:02,526 [INFO]   [ODV] Portföy Dağılım Raporu
2026-05-07 06:00:02,526 [INFO]   [ODV] Portföy Dağılım Raporu
2026-05-07 06:00:02,526 [INFO]   [ODV] Portföy Dağılım Raporu
2026-05-07 06:00:02,526 [INFO]   [BBS] Portföy Dağılım Raporu
2026-05-07 06:00:02,526 [INFO]   [BBS] Portföy Dağılım Raporu
2026-05-07 06:00:02,526 [INFO]   [BLT] Portföy Dağılım Raporu
2026-05-07 06:00:02,526 [INFO]   [BLT] Portföy Dağılım Raporu
2026-05-07 06:00:02,526 [INFO]   [ADE] Portföy Dağılım Raporu
2026-05-07 06:00:02,526 [INFO]   [ADE] Portföy Dağılım Raporu
2026-05-07 06:00:02,526 [INFO]   [BOS] Portföy Dağılım Raporu
2026-05-07 06:00:02,526 [INFO]   [BOS] Portföy Dağılım Raporu
2026-05-07 06:00:02,526 [INFO]   [KLI] Portföy Dağılım Raporu
2026-05-07 06:00:02,526 [INFO]   [KLI] Portföy Dağılım Raporu
2026-05-07 06:00:02,526 [INFO]   [BAG] Portföy Dağılım Raporu
2026-05-07 06:00:02,526 [INFO]   [BAG] Portföy Dağılım Raporu
2026-05-07 06:00:02,526 [INFO]   [BBS] Portföy Dağılım Raporu
2026-05-07 06:00:02,526 [INFO]   [BBS] Portföy Dağılım Raporu
2026-05-07 06:00:02,527 [INFO]   [PAB] Portföy Dağılım Raporu
2026-05-07 06:00:02,527 [INFO]   [PAB] Portföy Dağılım Raporu
2026-05-07 06:00:02,527 [INFO]   [PAB] Portföy Dağılım Raporu
2026-05-07 06:00:02,527 [INFO]   [PAB] Portföy Dağılım Raporu
2026-05-07 06:00:02,527 [INFO]   [CHY] Portföy Dağılım Raporu
2026-05-07 06:00:02,527 [INFO]   [CHY] Portföy Dağılım Raporu
2026-05-07 06:00:02,527 [INFO]   [DNF] Portföy Dağılım Raporu
2026-05-07 06:00:02,527 [INFO]   [DNF] Portföy Dağılım Raporu
2026-05-07 06:00:02,527 [INFO]   [DGF] Portföy Dağılım Raporu
2026-05-07 06:00:02,527 [INFO]   [DGF] Portföy Dağılım Raporu
2026-05-07 06:00:02,527 [INFO]   [DA1] Portföy Dağılım Raporu
2026-05-07 06:00:02,527 [INFO]   [DA1] Portföy Dağılım Raporu
2026-05-07 06:00:02,527 [INFO]   [CVL] Portföy Dağılım Raporu
2026-05-07 06:00:02,527 [INFO]   [CVL] Portföy Dağılım Raporu
2026-05-07 06:00:02,528 [INFO]   [BON] Portföy Dağılım Raporu
2026-05-07 06:00:02,528 [INFO]   [BON] Portföy Dağılım Raporu
2026-05-07 06:00:02,528 [INFO]   [AU1] Portföy Dağılım Raporu
2026-05-07 06:00:02,528 [INFO]   [AU1] Portföy Dağılım Raporu
2026-05-07 06:00:02,528 [INFO]   [AJ1] Portföy Dağılım Raporu
2026-05-07 06:00:02,528 [INFO]   [AJ1] Portföy Dağılım Raporu
2026-05-07 06:00:02,528 [INFO]   [TPR] Portföy Dağılım Raporu
2026-05-07 06:00:02,528 [INFO]   [TPR] Portföy Dağılım Raporu
2026-05-07 06:00:02,528 [INFO]   [MTH] Portföy Dağılım Raporu
2026-05-07 06:00:02,528 [INFO]   [MTH] Portföy Dağılım Raporu
2026-05-07 06:00:02,528 [INFO]   [KLI] Portföy Dağılım Raporu
2026-05-07 06:00:02,528 [INFO]   [KLI] Portföy Dağılım Raporu
2026-05-07 06:00:02,529 [INFO]   [KLI] Portföy Dağılım Raporu
2026-05-07 06:00:02,529 [INFO]   [KLI] Portföy Dağılım Raporu
2026-05-07 06:00:02,529 [INFO]   [KLI] Portföy Dağılım Raporu
2026-05-07 06:00:02,529 [INFO]   [KLI] Portföy Dağılım Raporu
2026-05-07 06:00:02,529 [INFO]   [MTH] Portföy Dağılım Raporu
2026-05-07 06:00:02,529 [INFO]   [MTH] Portföy Dağılım Raporu
2026-05-07 06:00:02,529 [INFO]   [MD2] Portföy Dağılım Raporu
2026-05-07 06:00:02,529 [INFO]   [MD2] Portföy Dağılım Raporu
2026-05-07 06:00:02,530 [INFO]   [TTA] Portföy Dağılım Raporu
2026-05-07 06:00:02,530 [INFO]   [TTA] Portföy Dağılım Raporu
2026-05-07 06:00:02,530 [INFO]   [MTH] Portföy Dağılım Raporu
2026-05-07 06:00:02,530 [INFO]   [MTH] Portföy Dağılım Raporu
2026-05-07 06:00:02,530 [INFO]   [ODV] Portföy Dağılım Raporu
2026-05-07 06:00:02,530 [INFO]   [ODV] Portföy Dağılım Raporu
2026-05-07 06:00:02,531 [INFO]   [DDA] Portföy Dağılım Raporu
2026-05-07 06:00:02,531 [INFO]   [DDA] Portföy Dağılım Raporu
2026-05-07 06:00:02,531 [INFO]   [KLI] Portföy Dağılım Raporu
2026-05-07 06:00:02,531 [INFO]   [KLI] Portföy Dağılım Raporu
2026-05-07 06:00:02,531 [INFO]   [AZF] Portföy Dağılım Raporu
2026-05-07 06:00:02,531 [INFO]   [AZF] Portföy Dağılım Raporu
2026-05-07 06:00:02,531 [INFO]   [DBK] Portföy Dağılım Raporu
2026-05-07 06:00:02,531 [INFO]   [DBK] Portföy Dağılım Raporu
2026-05-07 06:00:02,531 [INFO]   [DBH] Portföy Dağılım Raporu
2026-05-07 06:00:02,531 [INFO]   [DBH] Portföy Dağılım Raporu
2026-05-07 06:00:02,531 [INFO]   [KLI] Portföy Dağılım Raporu
2026-05-07 06:00:02,531 [INFO]   [KLI] Portföy Dağılım Raporu
2026-05-07 06:00:02,532 [INFO]   [ODV] Portföy Dağılım Raporu
2026-05-07 06:00:02,532 [INFO]   [ODV] Portföy Dağılım Raporu
2026-05-07 06:00:02,532 [INFO]   [DHJ] Portföy Dağılım Raporu
2026-05-07 06:00:02,532 [INFO]   [DHJ] Portföy Dağılım Raporu
2026-05-07 06:00:02,532 [INFO]   [DFC] Portföy Dağılım Raporu
2026-05-07 06:00:02,532 [INFO]   [DFC] Portföy Dağılım Raporu
2026-05-07 06:00:02,532 [INFO]   [DNH] Portföy Dağılım Raporu
2026-05-07 06:00:02,532 [INFO]   [DNH] Portföy Dağılım Raporu
2026-05-07 06:00:02,532 [INFO]   [DMG] Portföy Dağılım Raporu
2026-05-07 06:00:02,532 [INFO]   [DMG] Portföy Dağılım Raporu
2026-05-07 06:00:02,532 [INFO]   [KLI] Portföy Dağılım Raporu
2026-05-07 06:00:02,532 [INFO]   [KLI] Portföy Dağılım Raporu
2026-05-07 06:00:02,532 [INFO]   [DLD] Portföy Dağılım Raporu
2026-05-07 06:00:02,532 [INFO]   [DLD] Portföy Dağılım Raporu
2026-05-07 06:00:02,533 [INFO]   [KLI] Portföy Dağılım Raporu
2026-05-07 06:00:02,533 [INFO]   [KLI] Portföy Dağılım Raporu
2026-05-07 06:00:02,533 [INFO]   [DKR] Portföy Dağılım Raporu
2026-05-07 06:00:02,533 [INFO]   [DKR] Portföy Dağılım Raporu
2026-05-07 06:00:02,533 [INFO]   [TPR] Portföy Dağılım Raporu
2026-05-07 06:00:02,533 [INFO]   [TPR] Portföy Dağılım Raporu
2026-05-07 06:00:02,533 [INFO]   [ODV] Portföy Dağılım Raporu
2026-05-07 06:00:02,533 [INFO]   [ODV] Portföy Dağılım Raporu
2026-05-07 06:00:02,533 [INFO]   [DZE] Portföy Dağılım Raporu
2026-05-07 06:00:02,533 [INFO]   [DZE] Portföy Dağılım Raporu
2026-05-07 06:00:02,533 [INFO]   [TPR] Portföy Dağılım Raporu
2026-05-07 06:00:02,533 [INFO]   [TPR] Portföy Dağılım Raporu
2026-05-07 06:00:02,534 [INFO]   [NHT] Portföy Dağılım Raporu
2026-05-07 06:00:02,534 [INFO]   [NHT] Portföy Dağılım Raporu
2026-05-07 06:00:02,534 [INFO]   [DOV] Portföy Dağılım Raporu
2026-05-07 06:00:02,534 [INFO]   [DOV] Portföy Dağılım Raporu
2026-05-07 06:00:02,534 [INFO]   [KLI] Portföy Dağılım Raporu
2026-05-07 06:00:02,534 [INFO]   [KLI] Portföy Dağılım Raporu
2026-05-07 06:00:02,534 [INFO]   [IHT] Portföy Dağılım Raporu
2026-05-07 06:00:02,534 [INFO]   [IHT] Portföy Dağılım Raporu
2026-05-07 06:00:02,534 [INFO]   [DBK] Portföy Dağılım Raporu
2026-05-07 06:00:02,534 [INFO]   [DBK] Portföy Dağılım Raporu
2026-05-07 06:00:02,534 [INFO]   [AK2] Portföy Dağılım Raporu
2026-05-07 06:00:02,534 [INFO]   [AK2] Portföy Dağılım Raporu
2026-05-07 06:00:02,534 [INFO]   [AK2] Portföy Dağılım Raporu
2026-05-07 06:00:02,534 [INFO]   [AK2] Portföy Dağılım Raporu
2026-05-07 06:00:02,535 [INFO]   [DTL] Portföy Dağılım Raporu
2026-05-07 06:00:02,535 [INFO]   [DTL] Portföy Dağılım Raporu
2026-05-07 06:00:02,535 [INFO]   [TPR] Portföy Dağılım Raporu
2026-05-07 06:00:02,535 [INFO]   [TPR] Portföy Dağılım Raporu
2026-05-07 06:00:02,535 [INFO]   [FMV] Portföy Dağılım Raporu
2026-05-07 06:00:02,535 [INFO]   [FMV] Portföy Dağılım Raporu
2026-05-07 06:00:02,535 [INFO]   [EVM] Portföy Dağılım Raporu
2026-05-07 06:00:02,535 [INFO]   [EVM] Portföy Dağılım Raporu
2026-05-07 06:00:02,535 [INFO]   [DP6] Portföy Dağılım Raporu
2026-05-07 06:00:02,535 [INFO]   [DP6] Portföy Dağılım Raporu
2026-05-07 06:00:02,535 [INFO]   [DZE] Portföy Dağılım Raporu
2026-05-07 06:00:02,535 [INFO]   [DZE] Portföy Dağılım Raporu
2026-05-07 06:00:02,536 [INFO]   [AFS] Portföy Dağılım Raporu
2026-05-07 06:00:02,536 [INFO]   [AFS] Portföy Dağılım Raporu
2026-05-07 06:00:02,536 [INFO]   [TPR] Portföy Dağılım Raporu
2026-05-07 06:00:02,536 [INFO]   [TPR] Portföy Dağılım Raporu
2026-05-07 06:00:02,536 [INFO]   [MTG] Portföy Dağılım Raporu
2026-05-07 06:00:02,536 [INFO]   [MTG] Portföy Dağılım Raporu
2026-05-07 06:00:02,537 [INFO]   [KLI] Portföy Dağılım Raporu
2026-05-07 06:00:02,537 [INFO]   [KLI] Portföy Dağılım Raporu
2026-05-07 06:00:02,537 [INFO]   [NZU] Portföy Dağılım Raporu
2026-05-07 06:00:02,537 [INFO]   [NZU] Portföy Dağılım Raporu
2026-05-07 06:00:02,537 [INFO]   [KLI] Portföy Dağılım Raporu
2026-05-07 06:00:02,537 [INFO]   [KLI] Portföy Dağılım Raporu
2026-05-07 06:00:02,537 [INFO]   [NVP] Portföy Dağılım Raporu
2026-05-07 06:00:02,537 [INFO]   [NVP] Portföy Dağılım Raporu
2026-05-07 06:00:02,537 [INFO]   [NPH] Portföy Dağılım Raporu
2026-05-07 06:00:02,537 [INFO]   [NPH] Portföy Dağılım Raporu
2026-05-07 06:00:02,537 [INFO]   [NMU] Portföy Dağılım Raporu
2026-05-07 06:00:02,537 [INFO]   [NMU] Portföy Dağılım Raporu
2026-05-07 06:00:02,537 [INFO]   [NME] Portföy Dağılım Raporu
2026-05-07 06:00:02,537 [INFO]   [NME] Portföy Dağılım Raporu
2026-05-07 06:00:02,537 [INFO]   [AVT] Portföy Dağılım Raporu
2026-05-07 06:00:02,537 [INFO]   [AVT] Portföy Dağılım Raporu
2026-05-07 06:00:02,537 [INFO]   [MTH] Portföy Dağılım Raporu
2026-05-07 06:00:02,537 [INFO]   [MTH] Portföy Dağılım Raporu
2026-05-07 06:00:02,538 [INFO]   [MTH] Portföy Dağılım Raporu
2026-05-07 06:00:02,538 [INFO]   [MTH] Portföy Dağılım Raporu
2026-05-07 06:00:02,538 [INFO]   [NJR] Portföy Dağılım Raporu
2026-05-07 06:00:02,538 [INFO]   [NJR] Portföy Dağılım Raporu
2026-05-07 06:00:02,538 [INFO]   [NJF] Portföy Dağılım Raporu
2026-05-07 06:00:02,538 [INFO]   [NJF] Portföy Dağılım Raporu
2026-05-07 06:00:02,538 [INFO]   [NVP] Portföy Dağılım Raporu
2026-05-07 06:00:02,538 [INFO]   [NVP] Portföy Dağılım Raporu
2026-05-07 06:00:02,538 [INFO]   [TLH] Portföy Dağılım Raporu
2026-05-07 06:00:02,538 [INFO]   [TLH] Portföy Dağılım Raporu
2026-05-07 06:00:02,539 [INFO]   [KLI] Portföy Dağılım Raporu
2026-05-07 06:00:02,539 [INFO]   [KLI] Portföy Dağılım Raporu
2026-05-07 06:00:02,539 [INFO]   [ESP] Portföy Dağılım Raporu
2026-05-07 06:00:02,539 [INFO]   [ESP] Portföy Dağılım Raporu
2026-05-07 06:00:02,539 [INFO]   [DLN] Portföy Dağılım Raporu
2026-05-07 06:00:02,539 [INFO]   [DLN] Portföy Dağılım Raporu
2026-05-07 06:00:02,540 [INFO]   [KLI] Portföy Dağılım Raporu
2026-05-07 06:00:02,540 [INFO]   [KLI] Portföy Dağılım Raporu
2026-05-07 06:00:02,540 [INFO]   [TLY] Portföy Dağılım Raporu
2026-05-07 06:00:02,540 [INFO]   [TLY] Portföy Dağılım Raporu
2026-05-07 06:00:02,540 [INFO]   [TMM] Portföy Dağılım Raporu
2026-05-07 06:00:02,540 [INFO]   [TMM] Portföy Dağılım Raporu
2026-05-07 06:00:02,540 [INFO]   [TPR] Portföy Dağılım Raporu
2026-05-07 06:00:02,540 [INFO]   [TPR] Portföy Dağılım Raporu
2026-05-07 06:00:02,540 [INFO]   [THF] Portföy Dağılım Raporu
2026-05-07 06:00:02,540 [INFO]   [THF] Portföy Dağılım Raporu
2026-05-07 06:00:02,540 [INFO]   [ODV] Portföy Dağılım Raporu
2026-05-07 06:00:02,540 [INFO]   [ODV] Portföy Dağılım Raporu
2026-05-07 06:00:02,540 [INFO]   [KLI] Portföy Dağılım Raporu
2026-05-07 06:00:02,540 [INFO]   [KLI] Portföy Dağılım Raporu
2026-05-07 06:00:02,540 [INFO]   [THF] Portföy Dağılım Raporu
2026-05-07 06:00:02,540 [INFO]   [THF] Portföy Dağılım Raporu
2026-05-07 06:00:02,541 [INFO]   [AVT] Portföy Dağılım Raporu
2026-05-07 06:00:02,541 [INFO]   [AVT] Portföy Dağılım Raporu
2026-05-07 06:00:02,541 [INFO]   [KST] Portföy Dağılım Raporu
2026-05-07 06:00:02,541 [INFO]   [KST] Portföy Dağılım Raporu
2026-05-07 06:00:02,541 [INFO]   [KST] Portföy Dağılım Raporu
2026-05-07 06:00:02,541 [INFO]   [KST] Portföy Dağılım Raporu
2026-05-07 06:00:02,541 [INFO]   [LLA] Portföy Dağılım Raporu
2026-05-07 06:00:02,541 [INFO]   [LLA] Portföy Dağılım Raporu
2026-05-07 06:00:02,541 [INFO]   [AVT] Portföy Dağılım Raporu
2026-05-07 06:00:02,541 [INFO]   [AVT] Portföy Dağılım Raporu
2026-05-07 06:00:02,541 [INFO]   [IHZ] Portföy Dağılım Raporu
2026-05-07 06:00:02,541 [INFO]   [IHZ] Portföy Dağılım Raporu
2026-05-07 06:00:02,541 [INFO]   [TPR] Portföy Dağılım Raporu
2026-05-07 06:00:02,541 [INFO]   [TPR] Portföy Dağılım Raporu
2026-05-07 06:00:02,541 [INFO]   [IHA] Portföy Dağılım Raporu
2026-05-07 06:00:02,541 [INFO]   [IHA] Portföy Dağılım Raporu
2026-05-07 06:00:02,541 [INFO]   [KLI] Portföy Dağılım Raporu
2026-05-07 06:00:02,541 [INFO]   [KLI] Portföy Dağılım Raporu
2026-05-07 06:00:02,541 [INFO]   [GIH] Portföy Dağılım Raporu
2026-05-07 06:00:02,541 [INFO]   [GIH] Portföy Dağılım Raporu
2026-05-07 06:00:02,541 [INFO]   [IHA] Portföy Dağılım Raporu
2026-05-07 06:00:02,541 [INFO]   [IHA] Portföy Dağılım Raporu
2026-05-07 06:00:02,541 [INFO]   [BFE] Portföy Dağılım Raporu
2026-05-07 06:00:02,541 [INFO]   [BFE] Portföy Dağılım Raporu
2026-05-07 06:00:02,542 [INFO]   [AS1] Portföy Dağılım Raporu
2026-05-07 06:00:02,542 [INFO]   [AS1] Portföy Dağılım Raporu
2026-05-07 06:00:02,542 [INFO]   [TPR] Portföy Dağılım Raporu
2026-05-07 06:00:02,542 [INFO]   [TPR] Portföy Dağılım Raporu
2026-05-07 06:00:02,542 [INFO] Processing 171 new disclosures...
2026-05-07 06:00:02,542 [INFO] Processing 171 new disclosures...
2026-05-07 06:00:02,544 [INFO] Processing [TTA] from 2026-05-06
2026-05-07 06:00:02,544 [INFO] Processing [TTA] from 2026-05-06
2026-05-07 06:00:02,658 [INFO] Downloaded PDF TTA (77KB)
2026-05-07 06:00:02,658 [INFO] Downloaded PDF TTA (77KB)
2026-05-07 06:00:04,626 [ERROR] GLM failed for TTA: module 'zhipuai' has no attribute 'model_api'
2026-05-07 06:00:04,626 [ERROR] GLM failed for TTA: module 'zhipuai' has no attribute 'model_api'
2026-05-07 06:00:04,626 [WARNING] No categories for TTA
2026-05-07 06:00:04,626 [WARNING] No categories for TTA
2026-05-07 06:00:05,187 [INFO] Processing [MTH] from 2026-05-06
2026-05-07 06:00:05,187 [INFO] Processing [MTH] from 2026-05-06
2026-05-07 06:00:05,282 [INFO] Downloaded PDF MTH (77KB)
2026-05-07 06:00:05,282 [INFO] Downloaded PDF MTH (77KB)
2026-05-07 06:00:06,958 [ERROR] GLM failed for MTH: module 'zhipuai' has no attribute 'model_api'
2026-05-07 06:00:06,958 [ERROR] GLM failed for MTH: module 'zhipuai' has no attribute 'model_api'
2026-05-07 06:00:06,958 [WARNING] No categories for MTH
2026-05-07 06:00:06,958 [WARNING] No categories for MTH
2026-05-07 06:00:07,608 [INFO] Processing [KLI] from 2026-05-06
2026-05-07 06:00:07,608 [INFO] Processing [KLI] from 2026-05-06
2026-05-07 06:00:07,709 [INFO] Downloaded PDF KLI (77KB)
2026-05-07 06:00:07,709 [INFO] Downloaded PDF KLI (77KB)
2026-05-07 06:00:09,395 [ERROR] GLM failed for KLI: module 'zhipuai' has no attribute 'model_api'
2026-05-07 06:00:09,395 [ERROR] GLM failed for KLI: module 'zhipuai' has no attribute 'model_api'
2026-05-07 06:00:09,395 [WARNING] No categories for KLI
2026-05-07 06:00:09,395 [WARNING] No categories for KLI
2026-05-07 06:00:10,045 [INFO] Processing [PHK] from 2026-05-06
2026-05-07 06:00:10,045 [INFO] Processing [PHK] from 2026-05-06
2026-05-07 06:00:10,128 [INFO] Downloaded PDF PHK (77KB)
2026-05-07 06:00:10,128 [INFO] Downloaded PDF PHK (77KB)
2026-05-07 06:00:11,813 [ERROR] GLM failed for PHK: module 'zhipuai' has no attribute 'model_api'
2026-05-07 06:00:11,813 [ERROR] GLM failed for PHK: module 'zhipuai' has no attribute 'model_api'
2026-05-07 06:00:11,813 [WARNING] No categories for PHK
2026-05-07 06:00:11,813 [WARNING] No categories for PHK
2026-05-07 06:00:12,464 [INFO] Processing [ODV] from 2026-05-06
2026-05-07 06:00:12,464 [INFO] Processing [ODV] from 2026-05-06
2026-05-07 06:00:12,552 [INFO] Downloaded PDF ODV (77KB)
2026-05-07 06:00:12,552 [INFO] Downloaded PDF ODV (77KB)
2026-05-07 06:00:14,234 [ERROR] GLM failed for ODV: module 'zhipuai' has no attribute 'model_api'
2026-05-07 06:00:14,234 [ERROR] GLM failed for ODV: module 'zhipuai' has no attribute 'model_api'
2026-05-07 06:00:14,234 [WARNING] No categories for ODV
2026-05-07 06:00:14,234 [WARNING] No categories for ODV
2026-05-07 06:00:14,883 [INFO] Processing [GMI] from 2026-05-06
2026-05-07 06:00:14,883 [INFO] Processing [GMI] from 2026-05-06
2026-05-07 06:00:14,969 [INFO] Downloaded PDF GMI (77KB)
2026-05-07 06:00:14,969 [INFO] Downloaded PDF GMI (77KB)
2026-05-07 06:00:16,649 [ERROR] GLM failed for GMI: module 'zhipuai' has no attribute 'model_api'
2026-05-07 06:00:16,649 [ERROR] GLM failed for GMI: module 'zhipuai' has no attribute 'model_api'
2026-05-07 06:00:16,649 [WARNING] No categories for GMI
2026-05-07 06:00:16,649 [WARNING] No categories for GMI
2026-05-07 06:00:17,246 [INFO] Processing [IHT] from 2026-05-06
2026-05-07 06:00:17,246 [INFO] Processing [IHT] from 2026-05-06
2026-05-07 06:00:17,338 [INFO] Downloaded PDF IHT (77KB)
2026-05-07 06:00:17,338 [INFO] Downloaded PDF IHT (77KB)
2026-05-07 06:00:19,021 [ERROR] GLM failed for IHT: module 'zhipuai' has no attribute 'model_api'
2026-05-07 06:00:19,021 [ERROR] GLM failed for IHT: module 'zhipuai' has no attribute 'model_api'
2026-05-07 06:00:19,022 [WARNING] No categories for IHT
2026-05-07 06:00:19,022 [WARNING] No categories for IHT
2026-05-07 06:00:19,664 [INFO] Processing [CYD] from 2026-05-06
2026-05-07 06:00:19,664 [INFO] Processing [CYD] from 2026-05-06
2026-05-07 06:00:19,755 [INFO] Downloaded PDF CYD (77KB)
2026-05-07 06:00:19,755 [INFO] Downloaded PDF CYD (77KB)
2026-05-07 06:00:21,436 [ERROR] GLM failed for CYD: module 'zhipuai' has no attribute 'model_api'
2026-05-07 06:00:21,436 [ERROR] GLM failed for CYD: module 'zhipuai' has no attribute 'model_api'
2026-05-07 06:00:21,436 [WARNING] No categories for CYD
2026-05-07 06:00:21,436 [WARNING] No categories for CYD
2026-05-07 06:00:21,946 [INFO] Processing [CVA] from 2026-05-06
2026-05-07 06:00:21,946 [INFO] Processing [CVA] from 2026-05-06
2026-05-07 06:00:22,029 [INFO] Downloaded PDF CVA (77KB)
2026-05-07 06:00:22,029 [INFO] Downloaded PDF CVA (77KB)
2026-05-07 06:00:23,705 [ERROR] GLM failed for CVA: module 'zhipuai' has no attribute 'model_api'
2026-05-07 06:00:23,705 [ERROR] GLM failed for CVA: module 'zhipuai' has no attribute 'model_api'
2026-05-07 06:00:23,705 [WARNING] No categories for CVA
2026-05-07 06:00:23,705 [WARNING] No categories for CVA
2026-05-07 06:00:24,222 [INFO] Processing [CVA] from 2026-05-06
2026-05-07 06:00:24,222 [INFO] Processing [CVA] from 2026-05-06
2026-05-07 06:00:24,311 [INFO] Downloaded PDF CVA (77KB)
2026-05-07 06:00:24,311 [INFO] Downloaded PDF CVA (77KB)
2026-05-07 06:00:25,991 [ERROR] GLM failed for CVA: module 'zhipuai' has no attribute 'model_api'
2026-05-07 06:00:25,991 [ERROR] GLM failed for CVA: module 'zhipuai' has no attribute 'model_api'
2026-05-07 06:00:25,991 [WARNING] No categories for CVA
2026-05-07 06:00:25,991 [WARNING] No categories for CVA
2026-05-07 06:00:26,613 [INFO] Processing [CJH] from 2026-05-06
2026-05-07 06:00:26,613 [INFO] Processing [CJH] from 2026-05-06
2026-05-07 06:00:26,859 [INFO] Downloaded PDF CJH (77KB)
2026-05-07 06:00:26,859 [INFO] Downloaded PDF CJH (77KB)
2026-05-07 06:00:28,532 [ERROR] GLM failed for CJH: module 'zhipuai' has no attribute 'model_api'
2026-05-07 06:00:28,532 [ERROR] GLM failed for CJH: module 'zhipuai' has no attribute 'model_api'
2026-05-07 06:00:28,533 [WARNING] No categories for CJH
2026-05-07 06:00:28,533 [WARNING] No categories for CJH
2026-05-07 06:00:29,155 [INFO] Processing [TPR] from 2026-05-06
2026-05-07 06:00:29,155 [INFO] Processing [TPR] from 2026-05-06
2026-05-07 06:00:29,244 [INFO] Downloaded PDF TPR (77KB)
2026-05-07 06:00:29,244 [INFO] Downloaded PDF TPR (77KB)
2026-05-07 06:00:30,928 [ERROR] GLM failed for TPR: module 'zhipuai' has no attribute 'model_api'
2026-05-07 06:00:30,928 [ERROR] GLM failed for TPR: module 'zhipuai' has no attribute 'model_api'
2026-05-07 06:00:30,929 [WARNING] No categories for TPR
2026-05-07 06:00:30,929 [WARNING] No categories for TPR
2026-05-07 06:00:31,579 [INFO] Processing [BRR] from 2026-05-06
2026-05-07 06:00:31,579 [INFO] Processing [BRR] from 2026-05-06
2026-05-07 06:00:31,729 [INFO] Downloaded PDF BRR (77KB)
2026-05-07 06:00:31,729 [INFO] Downloaded PDF BRR (77KB)
2026-05-07 06:00:33,403 [ERROR] GLM failed for BRR: module 'zhipuai' has no attribute 'model_api'
2026-05-07 06:00:33,403 [ERROR] GLM failed for BRR: module 'zhipuai' has no attribute 'model_api'
2026-05-07 06:00:33,403 [WARNING] No categories for BRR
2026-05-07 06:00:33,403 [WARNING] No categories for BRR
2026-05-07 06:00:34,053 [INFO] Processing [KLI] from 2026-05-06
2026-05-07 06:00:34,053 [INFO] Processing [KLI] from 2026-05-06
2026-05-07 06:00:34,145 [INFO] Downloaded PDF KLI (77KB)
2026-05-07 06:00:34,145 [INFO] Downloaded PDF KLI (77KB)
2026-05-07 06:00:35,830 [ERROR] GLM failed for KLI: module 'zhipuai' has no attribute 'model_api'
2026-05-07 06:00:35,830 [ERROR] GLM failed for KLI: module 'zhipuai' has no attribute 'model_api'
2026-05-07 06:00:35,830 [WARNING] No categories for KLI
2026-05-07 06:00:35,830 [WARNING] No categories for KLI
2026-05-07 06:00:36,338 [INFO] Processing [IDH] from 2026-05-06
2026-05-07 06:00:36,338 [INFO] Processing [IDH] from 2026-05-06
2026-05-07 06:00:36,420 [INFO] Downloaded PDF IDH (77KB)
2026-05-07 06:00:36,420 [INFO] Downloaded PDF IDH (77KB)
2026-05-07 06:00:38,104 [ERROR] GLM failed for IDH: module 'zhipuai' has no attribute 'model_api'
2026-05-07 06:00:38,104 [ERROR] GLM failed for IDH: module 'zhipuai' has no attribute 'model_api'
2026-05-07 06:00:38,104 [WARNING] No categories for IDH
2026-05-07 06:00:38,104 [WARNING] No categories for IDH
2026-05-07 06:00:38,755 [INFO] Processing [AZF] from 2026-05-06
2026-05-07 06:00:38,755 [INFO] Processing [AZF] from 2026-05-06
2026-05-07 06:00:38,838 [INFO] Downloaded PDF AZF (77KB)
2026-05-07 06:00:38,838 [INFO] Downloaded PDF AZF (77KB)
2026-05-07 06:00:40,523 [ERROR] GLM failed for AZF: module 'zhipuai' has no attribute 'model_api'
2026-05-07 06:00:40,523 [ERROR] GLM failed for AZF: module 'zhipuai' has no attribute 'model_api'
2026-05-07 06:00:40,523 [WARNING] No categories for AZF
2026-05-07 06:00:40,523 [WARNING] No categories for AZF
2026-05-07 06:00:41,026 [INFO] Processing [AZF] from 2026-05-06
2026-05-07 06:00:41,026 [INFO] Processing [AZF] from 2026-05-06
2026-05-07 06:00:41,112 [INFO] Downloaded PDF AZF (77KB)
2026-05-07 06:00:41,112 [INFO] Downloaded PDF AZF (77KB)
2026-05-07 06:00:42,792 [ERROR] GLM failed for AZF: module 'zhipuai' has no attribute 'model_api'
2026-05-07 06:00:42,792 [ERROR] GLM failed for AZF: module 'zhipuai' has no attribute 'model_api'
2026-05-07 06:00:42,792 [WARNING] No categories for AZF
2026-05-07 06:00:42,792 [WARNING] No categories for AZF
2026-05-07 06:00:43,442 [INFO] Processing [AVT] from 2026-05-06
2026-05-07 06:00:43,442 [INFO] Processing [AVT] from 2026-05-06
2026-05-07 06:00:43,534 [INFO] Downloaded PDF AVT (77KB)
2026-05-07 06:00:43,534 [INFO] Downloaded PDF AVT (77KB)
2026-05-07 06:00:45,220 [ERROR] GLM failed for AVT: module 'zhipuai' has no attribute 'model_api'
2026-05-07 06:00:45,220 [ERROR] GLM failed for AVT: module 'zhipuai' has no attribute 'model_api'
2026-05-07 06:00:45,220 [WARNING] No categories for AVT
2026-05-07 06:00:45,220 [WARNING] No categories for AVT
2026-05-07 06:00:45,870 [INFO] Processing [AUV] from 2026-05-06
2026-05-07 06:00:45,870 [INFO] Processing [AUV] from 2026-05-06
2026-05-07 06:00:45,963 [INFO] Downloaded PDF AUV (77KB)
2026-05-07 06:00:45,963 [INFO] Downloaded PDF AUV (77KB)
2026-05-07 06:00:47,635 [ERROR] GLM failed for AUV: module 'zhipuai' has no attribute 'model_api'
2026-05-07 06:00:47,635 [ERROR] GLM failed for AUV: module 'zhipuai' has no attribute 'model_api'
2026-05-07 06:00:47,635 [WARNING] No categories for AUV
2026-05-07 06:00:47,635 [WARNING] No categories for AUV
2026-05-07 06:00:48,138 [INFO] Processing [ODV] from 2026-05-06
2026-05-07 06:00:48,138 [INFO] Processing [ODV] from 2026-05-06
2026-05-07 06:00:48,224 [INFO] Downloaded PDF ODV (77KB)
2026-05-07 06:00:48,224 [INFO] Downloaded PDF ODV (77KB)
2026-05-07 06:00:49,906 [ERROR] GLM failed for ODV: module 'zhipuai' has no attribute 'model_api'
2026-05-07 06:00:49,906 [ERROR] GLM failed for ODV: module 'zhipuai' has no attribute 'model_api'
2026-05-07 06:00:49,906 [WARNING] No categories for ODV
2026-05-07 06:00:49,906 [WARNING] No categories for ODV
2026-05-07 06:00:50,414 [INFO] Processing [ODV] from 2026-05-06
2026-05-07 06:00:50,414 [INFO] Processing [ODV] from 2026-05-06
2026-05-07 06:00:50,508 [INFO] Downloaded PDF ODV (77KB)
2026-05-07 06:00:50,508 [INFO] Downloaded PDF ODV (77KB)
2026-05-07 06:00:52,191 [ERROR] GLM failed for ODV: module 'zhipuai' has no attribute 'model_api'
2026-05-07 06:00:52,191 [ERROR] GLM failed for ODV: module 'zhipuai' has no attribute 'model_api'
2026-05-07 06:00:52,191 [WARNING] No categories for ODV
2026-05-07 06:00:52,191 [WARNING] No categories for ODV
2026-05-07 06:00:52,805 [INFO] Processing [ODV] from 2026-05-06
2026-05-07 06:00:52,805 [INFO] Processing [ODV] from 2026-05-06
2026-05-07 06:00:52,897 [INFO] Downloaded PDF ODV (77KB)
2026-05-07 06:00:52,897 [INFO] Downloaded PDF ODV (77KB)
2026-05-07 06:00:54,583 [ERROR] GLM failed for ODV: module 'zhipuai' has no attribute 'model_api'
2026-05-07 06:00:54,583 [ERROR] GLM failed for ODV: module 'zhipuai' has no attribute 'model_api'
2026-05-07 06:00:54,583 [WARNING] No categories for ODV
2026-05-07 06:00:54,583 [WARNING] No categories for ODV
2026-05-07 06:00:55,097 [INFO] Processing [ANL] from 2026-05-06
2026-05-07 06:00:55,097 [INFO] Processing [ANL] from 2026-05-06
2026-05-07 06:00:55,179 [INFO] Downloaded PDF ANL (78KB)
2026-05-07 06:00:55,179 [INFO] Downloaded PDF ANL (78KB)
2026-05-07 06:00:56,853 [ERROR] GLM failed for ANL: module 'zhipuai' has no attribute 'model_api'
2026-05-07 06:00:56,853 [ERROR] GLM failed for ANL: module 'zhipuai' has no attribute 'model_api'
2026-05-07 06:00:56,853 [WARNING] No categories for ANL
2026-05-07 06:00:56,853 [WARNING] No categories for ANL
2026-05-07 06:00:57,504 [INFO] Processing [ALE] from 2026-05-06
2026-05-07 06:00:57,504 [INFO] Processing [ALE] from 2026-05-06
2026-05-07 06:00:57,595 [INFO] Downloaded PDF ALE (78KB)
2026-05-07 06:00:57,595 [INFO] Downloaded PDF ALE (78KB)
2026-05-07 06:00:59,276 [ERROR] GLM failed for ALE: module 'zhipuai' has no attribute 'model_api'
2026-05-07 06:00:59,276 [ERROR] GLM failed for ALE: module 'zhipuai' has no attribute 'model_api'
2026-05-07 06:00:59,276 [WARNING] No categories for ALE
2026-05-07 06:00:59,276 [WARNING] No categories for ALE
2026-05-07 06:00:59,852 [INFO] Processing [TPR] from 2026-05-06
2026-05-07 06:00:59,852 [INFO] Processing [TPR] from 2026-05-06
2026-05-07 06:00:59,937 [INFO] Downloaded PDF TPR (78KB)
2026-05-07 06:00:59,937 [INFO] Downloaded PDF TPR (78KB)
2026-05-07 06:01:01,620 [ERROR] GLM failed for TPR: module 'zhipuai' has no attribute 'model_api'
2026-05-07 06:01:01,620 [ERROR] GLM failed for TPR: module 'zhipuai' has no attribute 'model_api'
2026-05-07 06:01:01,620 [WARNING] No categories for TPR
2026-05-07 06:01:01,620 [WARNING] No categories for TPR
2026-05-07 06:01:02,266 [INFO] Processing [AKU] from 2026-05-06
2026-05-07 06:01:02,266 [INFO] Processing [AKU] from 2026-05-06
2026-05-07 06:01:02,350 [INFO] Downloaded PDF AKU (78KB)
2026-05-07 06:01:02,350 [INFO] Downloaded PDF AKU (78KB)
2026-05-07 06:01:04,034 [ERROR] GLM failed for AKU: module 'zhipuai' has no attribute 'model_api'
2026-05-07 06:01:04,034 [ERROR] GLM failed for AKU: module 'zhipuai' has no attribute 'model_api'
2026-05-07 06:01:04,034 [WARNING] No categories for AKU
2026-05-07 06:01:04,034 [WARNING] No categories for AKU
2026-05-07 06:01:04,680 [INFO] Processing [AKE] from 2026-05-06
2026-05-07 06:01:04,680 [INFO] Processing [AKE] from 2026-05-06
2026-05-07 06:01:04,760 [INFO] Downloaded PDF AKE (78KB)
2026-05-07 06:01:04,760 [INFO] Downloaded PDF AKE (78KB)
2026-05-07 06:01:06,434 [ERROR] GLM failed for AKE: module 'zhipuai' has no attribute 'model_api'
2026-05-07 06:01:06,434 [ERROR] GLM failed for AKE: module 'zhipuai' has no attribute 'model_api'
2026-05-07 06:01:06,434 [WARNING] No categories for AKE
2026-05-07 06:01:06,434 [WARNING] No categories for AKE
2026-05-07 06:01:07,084 [INFO] Processing [TPR] from 2026-05-06
2026-05-07 06:01:07,084 [INFO] Processing [TPR] from 2026-05-06
2026-05-07 06:01:07,167 [INFO] Downloaded PDF TPR (78KB)
2026-05-07 06:01:07,167 [INFO] Downloaded PDF TPR (78KB)
2026-05-07 06:01:08,848 [ERROR] GLM failed for TPR: module 'zhipuai' has no attribute 'model_api'
2026-05-07 06:01:08,848 [ERROR] GLM failed for TPR: module 'zhipuai' has no attribute 'model_api'
2026-05-07 06:01:08,848 [WARNING] No categories for TPR
2026-05-07 06:01:08,848 [WARNING] No categories for TPR
2026-05-07 06:01:09,373 [INFO] Processing [AK2] from 2026-05-06
2026-05-07 06:01:09,373 [INFO] Processing [AK2] from 2026-05-06
2026-05-07 06:01:09,452 [INFO] Downloaded PDF AK2 (77KB)
2026-05-07 06:01:09,452 [INFO] Downloaded PDF AK2 (77KB)
2026-05-07 06:01:11,132 [ERROR] GLM failed for AK2: module 'zhipuai' has no attribute 'model_api'
2026-05-07 06:01:11,132 [ERROR] GLM failed for AK2: module 'zhipuai' has no attribute 'model_api'
2026-05-07 06:01:11,132 [WARNING] No categories for AK2
2026-05-07 06:01:11,132 [WARNING] No categories for AK2
2026-05-07 06:01:11,740 [INFO] Processing [AJL] from 2026-05-06
2026-05-07 06:01:11,740 [INFO] Processing [AJL] from 2026-05-06
2026-05-07 06:01:11,880 [INFO] Downloaded PDF AJL (78KB)
2026-05-07 06:01:11,880 [INFO] Downloaded PDF AJL (78KB)
2026-05-07 06:01:13,563 [ERROR] GLM failed for AJL: module 'zhipuai' has no attribute 'model_api'
2026-05-07 06:01:13,563 [ERROR] GLM failed for AJL: module 'zhipuai' has no attribute 'model_api'
2026-05-07 06:01:13,563 [WARNING] No categories for AJL
2026-05-07 06:01:13,563 [WARNING] No categories for AJL
2026-05-07 06:01:14,064 [INFO] Processing [AJK] from 2026-05-06
2026-05-07 06:01:14,064 [INFO] Processing [AJK] from 2026-05-06
2026-05-07 06:01:14,151 [INFO] Downloaded PDF AJK (78KB)
2026-05-07 06:01:14,151 [INFO] Downloaded PDF AJK (78KB)
2026-05-07 06:01:15,832 [ERROR] GLM failed for AJK: module 'zhipuai' has no attribute 'model_api'
2026-05-07 06:01:15,832 [ERROR] GLM failed for AJK: module 'zhipuai' has no attribute 'model_api'
2026-05-07 06:01:15,832 [WARNING] No categories for AJK
2026-05-07 06:01:15,832 [WARNING] No categories for AJK
2026-05-07 06:01:16,341 [INFO] Processing [AIS] from 2026-05-06
2026-05-07 06:01:16,341 [INFO] Processing [AIS] from 2026-05-06
2026-05-07 06:01:16,423 [INFO] Downloaded PDF AIS (77KB)
2026-05-07 06:01:16,423 [INFO] Downloaded PDF AIS (77KB)
2026-05-07 06:01:18,108 [ERROR] GLM failed for AIS: module 'zhipuai' has no attribute 'model_api'
2026-05-07 06:01:18,108 [ERROR] GLM failed for AIS: module 'zhipuai' has no attribute 'model_api'
2026-05-07 06:01:18,109 [WARNING] No categories for AIS
2026-05-07 06:01:18,109 [WARNING] No categories for AIS
2026-05-07 06:01:18,760 [INFO] Processing [AFV] from 2026-05-06
2026-05-07 06:01:18,760 [INFO] Processing [AFV] from 2026-05-06
2026-05-07 06:01:18,862 [INFO] Downloaded PDF AFV (78KB)
2026-05-07 06:01:18,862 [INFO] Downloaded PDF AFV (78KB)
2026-05-07 06:01:20,547 [ERROR] GLM failed for AFV: module 'zhipuai' has no attribute 'model_api'
2026-05-07 06:01:20,547 [ERROR] GLM failed for AFV: module 'zhipuai' has no attribute 'model_api'
2026-05-07 06:01:20,547 [WARNING] No categories for AFV
2026-05-07 06:01:20,547 [WARNING] No categories for AFV
2026-05-07 06:01:21,063 [INFO] Processing [AFS] from 2026-05-06
2026-05-07 06:01:21,063 [INFO] Processing [AFS] from 2026-05-06
2026-05-07 06:01:21,147 [INFO] Downloaded PDF AFS (78KB)
2026-05-07 06:01:21,147 [INFO] Downloaded PDF AFS (78KB)
2026-05-07 06:01:22,821 [ERROR] GLM failed for AFS: module 'zhipuai' has no attribute 'model_api'
2026-05-07 06:01:22,821 [ERROR] GLM failed for AFS: module 'zhipuai' has no attribute 'model_api'
2026-05-07 06:01:22,821 [WARNING] No categories for AFS
2026-05-07 06:01:22,821 [WARNING] No categories for AFS
2026-05-07 06:01:23,401 [INFO] Processing [TTA] from 2026-05-06
2026-05-07 06:01:23,401 [INFO] Processing [TTA] from 2026-05-06
2026-05-07 06:01:23,486 [INFO] Downloaded PDF TTA (77KB)
2026-05-07 06:01:23,486 [INFO] Downloaded PDF TTA (77KB)
2026-05-07 06:01:25,178 [ERROR] GLM failed for TTA: module 'zhipuai' has no attribute 'model_api'
2026-05-07 06:01:25,178 [ERROR] GLM failed for TTA: module 'zhipuai' has no attribute 'model_api'
2026-05-07 06:01:25,178 [WARNING] No categories for TTA
2026-05-07 06:01:25,178 [WARNING] No categories for TTA
2026-05-07 06:01:25,828 [INFO] Processing [AES] from 2026-05-06
2026-05-07 06:01:25,828 [INFO] Processing [AES] from 2026-05-06
2026-05-07 06:01:25,916 [INFO] Downloaded PDF AES (77KB)
2026-05-07 06:01:25,916 [INFO] Downloaded PDF AES (77KB)
2026-05-07 06:01:27,596 [ERROR] GLM failed for AES: module 'zhipuai' has no attribute 'model_api'
2026-05-07 06:01:27,596 [ERROR] GLM failed for AES: module 'zhipuai' has no attribute 'model_api'
2026-05-07 06:01:27,596 [WARNING] No categories for AES
2026-05-07 06:01:27,596 [WARNING] No categories for AES
2026-05-07 06:01:28,105 [INFO] Processing [TAU] from 2026-05-06
2026-05-07 06:01:28,105 [INFO] Processing [TAU] from 2026-05-06
2026-05-07 06:01:28,193 [INFO] Downloaded PDF TAU (78KB)
2026-05-07 06:01:28,193 [INFO] Downloaded PDF TAU (78KB)
2026-05-07 06:01:29,878 [ERROR] GLM failed for TAU: module 'zhipuai' has no attribute 'model_api'
2026-05-07 06:01:29,878 [ERROR] GLM failed for TAU: module 'zhipuai' has no attribute 'model_api'
2026-05-07 06:01:29,878 [WARNING] No categories for TAU
2026-05-07 06:01:29,878 [WARNING] No categories for TAU
2026-05-07 06:01:30,529 [INFO] Processing [ADE] from 2026-05-06
2026-05-07 06:01:30,529 [INFO] Processing [ADE] from 2026-05-06
2026-05-07 06:01:30,613 [INFO] Downloaded PDF ADE (78KB)
2026-05-07 06:01:30,613 [INFO] Downloaded PDF ADE (78KB)
2026-05-07 06:01:32,290 [ERROR] GLM failed for ADE: module 'zhipuai' has no attribute 'model_api'
2026-05-07 06:01:32,290 [ERROR] GLM failed for ADE: module 'zhipuai' has no attribute 'model_api'
2026-05-07 06:01:32,290 [WARNING] No categories for ADE
2026-05-07 06:01:32,290 [WARNING] No categories for ADE
2026-05-07 06:01:32,799 [INFO] Processing [IZS] from 2026-05-06
2026-05-07 06:01:32,799 [INFO] Processing [IZS] from 2026-05-06
2026-05-07 06:01:32,883 [INFO] Downloaded PDF IZS (77KB)
2026-05-07 06:01:32,883 [INFO] Downloaded PDF IZS (77KB)
2026-05-07 06:01:34,567 [ERROR] GLM failed for IZS: module 'zhipuai' has no attribute 'model_api'
2026-05-07 06:01:34,567 [ERROR] GLM failed for IZS: module 'zhipuai' has no attribute 'model_api'
2026-05-07 06:01:34,568 [WARNING] No categories for IZS
2026-05-07 06:01:34,568 [WARNING] No categories for IZS
2026-05-07 06:01:35,151 [INFO] Processing [IRF] from 2026-05-06
2026-05-07 06:01:35,151 [INFO] Processing [IRF] from 2026-05-06
2026-05-07 06:01:35,253 [INFO] Downloaded PDF IRF (77KB)
2026-05-07 06:01:35,253 [INFO] Downloaded PDF IRF (77KB)
2026-05-07 06:01:36,938 [ERROR] GLM failed for IRF: module 'zhipuai' has no attribute 'model_api'
2026-05-07 06:01:36,938 [ERROR] GLM failed for IRF: module 'zhipuai' has no attribute 'model_api'
2026-05-07 06:01:36,938 [WARNING] No categories for IRF
2026-05-07 06:01:36,938 [WARNING] No categories for IRF
2026-05-07 06:01:37,519 [INFO] Processing [IVY] from 2026-05-06
2026-05-07 06:01:37,519 [INFO] Processing [IVY] from 2026-05-06
2026-05-07 06:01:37,600 [INFO] Downloaded PDF IVY (78KB)
2026-05-07 06:01:37,600 [INFO] Downloaded PDF IVY (78KB)
2026-05-07 06:01:39,279 [ERROR] GLM failed for IVY: module 'zhipuai' has no attribute 'model_api'
2026-05-07 06:01:39,279 [ERROR] GLM failed for IVY: module 'zhipuai' has no attribute 'model_api'
2026-05-07 06:01:39,279 [WARNING] No categories for IVY
2026-05-07 06:01:39,279 [WARNING] No categories for IVY
2026-05-07 06:01:39,786 [INFO] Processing [YCY] from 2026-05-06
2026-05-07 06:01:39,786 [INFO] Processing [YCY] from 2026-05-06
2026-05-07 06:01:39,872 [INFO] Downloaded PDF YCY (78KB)
2026-05-07 06:01:39,872 [INFO] Downloaded PDF YCY (78KB)
2026-05-07 06:01:41,555 [ERROR] GLM failed for YCY: module 'zhipuai' has no attribute 'model_api'
2026-05-07 06:01:41,555 [ERROR] GLM failed for YCY: module 'zhipuai' has no attribute 'model_api'
2026-05-07 06:01:41,555 [WARNING] No categories for YCY
2026-05-07 06:01:41,555 [WARNING] No categories for YCY
2026-05-07 06:01:42,185 [INFO] Processing [AVT] from 2026-05-06
2026-05-07 06:01:42,185 [INFO] Processing [AVT] from 2026-05-06
2026-05-07 06:01:42,275 [INFO] Downloaded PDF AVT (78KB)
2026-05-07 06:01:42,275 [INFO] Downloaded PDF AVT (78KB)
2026-05-07 06:01:43,947 [ERROR] GLM failed for AVT: module 'zhipuai' has no attribute 'model_api'
2026-05-07 06:01:43,947 [ERROR] GLM failed for AVT: module 'zhipuai' has no attribute 'model_api'
2026-05-07 06:01:43,947 [WARNING] No categories for AVT
2026-05-07 06:01:43,947 [WARNING] No categories for AVT
2026-05-07 06:01:44,470 [INFO] Processing [ICN] from 2026-05-06
2026-05-07 06:01:44,470 [INFO] Processing [ICN] from 2026-05-06
2026-05-07 06:01:44,562 [INFO] Downloaded PDF ICN (78KB)
2026-05-07 06:01:44,562 [INFO] Downloaded PDF ICN (78KB)
2026-05-07 06:01:46,243 [ERROR] GLM failed for ICN: module 'zhipuai' has no attribute 'model_api'
2026-05-07 06:01:46,243 [ERROR] GLM failed for ICN: module 'zhipuai' has no attribute 'model_api'
2026-05-07 06:01:46,243 [WARNING] No categories for ICN
2026-05-07 06:01:46,243 [WARNING] No categories for ICN
2026-05-07 06:01:46,755 [INFO] Processing [IRO] from 2026-05-06
2026-05-07 06:01:46,755 [INFO] Processing [IRO] from 2026-05-06
2026-05-07 06:01:46,839 [INFO] Downloaded PDF IRO (77KB)
2026-05-07 06:01:46,839 [INFO] Downloaded PDF IRO (77KB)
2026-05-07 06:01:48,518 [ERROR] GLM failed for IRO: module 'zhipuai' has no attribute 'model_api'
2026-05-07 06:01:48,518 [ERROR] GLM failed for IRO: module 'zhipuai' has no attribute 'model_api'
2026-05-07 06:01:48,518 [WARNING] No categories for IRO
2026-05-07 06:01:48,518 [WARNING] No categories for IRO
2026-05-07 06:01:49,022 [INFO] Processing [IRB] from 2026-05-06
2026-05-07 06:01:49,022 [INFO] Processing [IRB] from 2026-05-06
2026-05-07 06:01:49,104 [INFO] Downloaded PDF IRB (78KB)
2026-05-07 06:01:49,104 [INFO] Downloaded PDF IRB (78KB)
2026-05-07 06:01:50,789 [ERROR] GLM failed for IRB: module 'zhipuai' has no attribute 'model_api'
2026-05-07 06:01:50,789 [ERROR] GLM failed for IRB: module 'zhipuai' has no attribute 'model_api'
2026-05-07 06:01:50,789 [WARNING] No categories for IRB
2026-05-07 06:01:50,789 [WARNING] No categories for IRB
2026-05-07 06:01:51,439 [INFO] Processing [IPB] from 2026-05-06
2026-05-07 06:01:51,439 [INFO] Processing [IPB] from 2026-05-06
2026-05-07 06:01:51,506 [INFO] Downloaded PDF IPB (78KB)
2026-05-07 06:01:51,506 [INFO] Downloaded PDF IPB (78KB)
2026-05-07 06:01:53,192 [ERROR] GLM failed for IPB: module 'zhipuai' has no attribute 'model_api'
2026-05-07 06:01:53,192 [ERROR] GLM failed for IPB: module 'zhipuai' has no attribute 'model_api'
2026-05-07 06:01:53,192 [WARNING] No categories for IPB
2026-05-07 06:01:53,192 [WARNING] No categories for IPB
2026-05-07 06:01:53,698 [INFO] Processing [MTH] from 2026-05-06
2026-05-07 06:01:53,698 [INFO] Processing [MTH] from 2026-05-06
2026-05-07 06:01:53,785 [INFO] Downloaded PDF MTH (78KB)
2026-05-07 06:01:53,785 [INFO] Downloaded PDF MTH (78KB)
2026-05-07 06:01:55,465 [ERROR] GLM failed for MTH: module 'zhipuai' has no attribute 'model_api'
2026-05-07 06:01:55,465 [ERROR] GLM failed for MTH: module 'zhipuai' has no attribute 'model_api'
2026-05-07 06:01:55,465 [WARNING] No categories for MTH
2026-05-07 06:01:55,465 [WARNING] No categories for MTH
2026-05-07 06:01:55,973 [INFO] Processing [KLI] from 2026-05-06
2026-05-07 06:01:55,973 [INFO] Processing [KLI] from 2026-05-06
2026-05-07 06:01:56,053 [INFO] Downloaded PDF KLI (78KB)
2026-05-07 06:01:56,053 [INFO] Downloaded PDF KLI (78KB)
2026-05-07 06:01:57,739 [ERROR] GLM failed for KLI: module 'zhipuai' has no attribute 'model_api'
2026-05-07 06:01:57,739 [ERROR] GLM failed for KLI: module 'zhipuai' has no attribute 'model_api'
2026-05-07 06:01:57,739 [WARNING] No categories for KLI
2026-05-07 06:01:57,739 [WARNING] No categories for KLI
2026-05-07 06:01:58,240 [INFO] Processing [MTH] from 2026-05-06
2026-05-07 06:01:58,240 [INFO] Processing [MTH] from 2026-05-06
2026-05-07 06:01:58,323 [INFO] Downloaded PDF MTH (78KB)
2026-05-07 06:01:58,323 [INFO] Downloaded PDF MTH (78KB)
2026-05-07 06:02:00,009 [ERROR] GLM failed for MTH: module 'zhipuai' has no attribute 'model_api'
2026-05-07 06:02:00,009 [ERROR] GLM failed for MTH: module 'zhipuai' has no attribute 'model_api'
2026-05-07 06:02:00,009 [WARNING] No categories for MTH
2026-05-07 06:02:00,009 [WARNING] No categories for MTH
2026-05-07 06:02:00,542 [INFO] Processing [IJI] from 2026-05-06
2026-05-07 06:02:00,542 [INFO] Processing [IJI] from 2026-05-06
2026-05-07 06:02:00,601 [WARNING] HTTP 429 for https://www.kap.org.tr/tr/api/BildirimPdf/1601886, retry 1/5 in 2s
2026-05-07 06:02:00,601 [WARNING] HTTP 429 for https://www.kap.org.tr/tr/api/BildirimPdf/1601886, retry 1/5 in 2s
2026-05-07 06:02:02,802 [WARNING] HTTP 429 for https://www.kap.org.tr/tr/api/BildirimPdf/1601886, retry 2/5 in 3s
2026-05-07 06:02:02,802 [WARNING] HTTP 429 for https://www.kap.org.tr/tr/api/BildirimPdf/1601886, retry 2/5 in 3s
2026-05-07 06:02:06,000 [WARNING] HTTP 429 for https://www.kap.org.tr/tr/api/BildirimPdf/1601886, retry 3/5 in 5s
2026-05-07 06:02:06,000 [WARNING] HTTP 429 for https://www.kap.org.tr/tr/api/BildirimPdf/1601886, retry 3/5 in 5s
2026-05-07 06:02:11,200 [WARNING] HTTP 429 for https://www.kap.org.tr/tr/api/BildirimPdf/1601886, retry 4/5 in 9s
2026-05-07 06:02:11,200 [WARNING] HTTP 429 for https://www.kap.org.tr/tr/api/BildirimPdf/1601886, retry 4/5 in 9s
2026-05-07 06:02:20,390 [WARNING] HTTP 429 for https://www.kap.org.tr/tr/api/BildirimPdf/1601886, retry 5/5 in 17s
2026-05-07 06:02:20,390 [WARNING] HTTP 429 for https://www.kap.org.tr/tr/api/BildirimPdf/1601886, retry 5/5 in 17s
2026-05-07 06:02:37,584 [WARNING] No attachment URL in disclosure 1601886
2026-05-07 06:02:37,584 [WARNING] No attachment URL in disclosure 1601886
2026-05-07 06:02:37,587 [INFO] Processing [IAR] from 2026-05-06
2026-05-07 06:02:37,587 [INFO] Processing [IAR] from 2026-05-06
2026-05-07 06:02:37,636 [WARNING] HTTP 429 for https://www.kap.org.tr/tr/api/BildirimPdf/1601884, retry 1/5 in 2s
2026-05-07 06:02:37,636 [WARNING] HTTP 429 for https://www.kap.org.tr/tr/api/BildirimPdf/1601884, retry 1/5 in 2s
2026-05-07 06:02:39,833 [WARNING] HTTP 429 for https://www.kap.org.tr/tr/api/BildirimPdf/1601884, retry 2/5 in 3s
2026-05-07 06:02:39,833 [WARNING] HTTP 429 for https://www.kap.org.tr/tr/api/BildirimPdf/1601884, retry 2/5 in 3s
2026-05-07 06:02:43,030 [WARNING] HTTP 429 for https://www.kap.org.tr/tr/api/BildirimPdf/1601884, retry 3/5 in 5s
2026-05-07 06:02:43,030 [WARNING] HTTP 429 for https://www.kap.org.tr/tr/api/BildirimPdf/1601884, retry 3/5 in 5s
2026-05-07 06:02:48,229 [WARNING] HTTP 429 for https://www.kap.org.tr/tr/api/BildirimPdf/1601884, retry 4/5 in 9s
2026-05-07 06:02:48,229 [WARNING] HTTP 429 for https://www.kap.org.tr/tr/api/BildirimPdf/1601884, retry 4/5 in 9s
2026-05-07 06:02:57,432 [WARNING] HTTP 429 for https://www.kap.org.tr/tr/api/BildirimPdf/1601884, retry 5/5 in 17s
2026-05-07 06:02:57,432 [WARNING] HTTP 429 for https://www.kap.org.tr/tr/api/BildirimPdf/1601884, retry 5/5 in 17s
2026-05-07 06:03:14,635 [WARNING] No attachment URL in disclosure 1601884
2026-05-07 06:03:14,635 [WARNING] No attachment URL in disclosure 1601884
2026-05-07 06:03:14,637 [INFO] Processing [KLI] from 2026-05-06
2026-05-07 06:03:14,637 [INFO] Processing [KLI] from 2026-05-06
2026-05-07 06:03:14,685 [WARNING] HTTP 429 for https://www.kap.org.tr/tr/api/BildirimPdf/1601881, retry 1/5 in 2s
2026-05-07 06:03:14,685 [WARNING] HTTP 429 for https://www.kap.org.tr/tr/api/BildirimPdf/1601881, retry 1/5 in 2s
2026-05-07 06:03:16,866 [WARNING] HTTP 429 for https://www.kap.org.tr/tr/api/BildirimPdf/1601881, retry 2/5 in 3s
2026-05-07 06:03:16,866 [WARNING] HTTP 429 for https://www.kap.org.tr/tr/api/BildirimPdf/1601881, retry 2/5 in 3s
2026-05-07 06:03:20,045 [WARNING] HTTP 429 for https://www.kap.org.tr/tr/api/BildirimPdf/1601881, retry 3/5 in 5s
2026-05-07 06:03:20,045 [WARNING] HTTP 429 for https://www.kap.org.tr/tr/api/BildirimPdf/1601881, retry 3/5 in 5s
2026-05-07 06:03:25,243 [WARNING] HTTP 429 for https://www.kap.org.tr/tr/api/BildirimPdf/1601881, retry 4/5 in 9s
2026-05-07 06:03:25,243 [WARNING] HTTP 429 for https://www.kap.org.tr/tr/api/BildirimPdf/1601881, retry 4/5 in 9s
2026-05-07 06:03:34,442 [WARNING] HTTP 429 for https://www.kap.org.tr/tr/api/BildirimPdf/1601881, retry 5/5 in 17s
2026-05-07 06:03:34,442 [WARNING] HTTP 429 for https://www.kap.org.tr/tr/api/BildirimPdf/1601881, retry 5/5 in 17s
2026-05-07 06:03:51,711 [WARNING] No attachment URL in disclosure 1601881
2026-05-07 06:03:51,711 [WARNING] No attachment URL in disclosure 1601881
2026-05-07 06:03:51,715 [INFO] Processing [YCY] from 2026-05-06
2026-05-07 06:03:51,715 [INFO] Processing [YCY] from 2026-05-06
2026-05-07 06:03:51,761 [WARNING] HTTP 429 for https://www.kap.org.tr/tr/api/BildirimPdf/1601856, retry 1/5 in 2s
2026-05-07 06:03:51,761 [WARNING] HTTP 429 for https://www.kap.org.tr/tr/api/BildirimPdf/1601856, retry 1/5 in 2s
2026-05-07 06:03:53,961 [WARNING] HTTP 429 for https://www.kap.org.tr/tr/api/BildirimPdf/1601856, retry 2/5 in 3s
2026-05-07 06:03:53,961 [WARNING] HTTP 429 for https://www.kap.org.tr/tr/api/BildirimPdf/1601856, retry 2/5 in 3s
2026-05-07 06:03:57,158 [WARNING] HTTP 429 for https://www.kap.org.tr/tr/api/BildirimPdf/1601856, retry 3/5 in 5s
2026-05-07 06:03:57,158 [WARNING] HTTP 429 for https://www.kap.org.tr/tr/api/BildirimPdf/1601856, retry 3/5 in 5s
2026-05-07 06:04:02,359 [WARNING] HTTP 429 for https://www.kap.org.tr/tr/api/BildirimPdf/1601856, retry 4/5 in 9s
2026-05-07 06:04:02,359 [WARNING] HTTP 429 for https://www.kap.org.tr/tr/api/BildirimPdf/1601856, retry 4/5 in 9s
2026-05-07 06:04:11,556 [WARNING] HTTP 429 for https://www.kap.org.tr/tr/api/BildirimPdf/1601856, retry 5/5 in 17s
2026-05-07 06:04:11,556 [WARNING] HTTP 429 for https://www.kap.org.tr/tr/api/BildirimPdf/1601856, retry 5/5 in 17s
2026-05-07 06:04:28,758 [WARNING] No attachment URL in disclosure 1601856
2026-05-07 06:04:28,758 [WARNING] No attachment URL in disclosure 1601856
2026-05-07 06:04:28,760 [INFO] Processing [IRF] from 2026-05-06
2026-05-07 06:04:28,760 [INFO] Processing [IRF] from 2026-05-06
2026-05-07 06:04:28,811 [WARNING] HTTP 429 for https://www.kap.org.tr/tr/api/BildirimPdf/1601855, retry 1/5 in 2s
2026-05-07 06:04:28,811 [WARNING] HTTP 429 for https://www.kap.org.tr/tr/api/BildirimPdf/1601855, retry 1/5 in 2s
2026-05-07 06:04:31,009 [WARNING] HTTP 429 for https://www.kap.org.tr/tr/api/BildirimPdf/1601855, retry 2/5 in 3s
2026-05-07 06:04:31,009 [WARNING] HTTP 429 for https://www.kap.org.tr/tr/api/BildirimPdf/1601855, retry 2/5 in 3s
2026-05-07 06:04:34,206 [WARNING] HTTP 429 for https://www.kap.org.tr/tr/api/BildirimPdf/1601855, retry 3/5 in 5s
2026-05-07 06:04:34,206 [WARNING] HTTP 429 for https://www.kap.org.tr/tr/api/BildirimPdf/1601855, retry 3/5 in 5s
2026-05-07 06:04:39,402 [WARNING] HTTP 429 for https://www.kap.org.tr/tr/api/BildirimPdf/1601855, retry 4/5 in 9s
2026-05-07 06:04:39,402 [WARNING] HTTP 429 for https://www.kap.org.tr/tr/api/BildirimPdf/1601855, retry 4/5 in 9s
2026-05-07 06:04:48,602 [WARNING] HTTP 429 for https://www.kap.org.tr/tr/api/BildirimPdf/1601855, retry 5/5 in 17s
2026-05-07 06:04:48,602 [WARNING] HTTP 429 for https://www.kap.org.tr/tr/api/BildirimPdf/1601855, retry 5/5 in 17s
2026-05-07 06:05:05,808 [WARNING] No attachment URL in disclosure 1601855
2026-05-07 06:05:05,808 [WARNING] No attachment URL in disclosure 1601855
2026-05-07 06:05:05,811 [INFO] Processing [IMF] from 2026-05-06
2026-05-07 06:05:05,811 [INFO] Processing [IMF] from 2026-05-06
2026-05-07 06:05:05,894 [INFO] Downloaded PDF IMF (77KB)
2026-05-07 06:05:05,894 [INFO] Downloaded PDF IMF (77KB)
2026-05-07 06:05:07,564 [ERROR] GLM failed for IMF: module 'zhipuai' has no attribute 'model_api'
2026-05-07 06:05:07,564 [ERROR] GLM failed for IMF: module 'zhipuai' has no attribute 'model_api'
2026-05-07 06:05:07,564 [WARNING] No categories for IMF
2026-05-07 06:05:07,564 [WARNING] No categories for IMF
2026-05-07 06:05:08,072 [INFO] Processing [MTH] from 2026-05-06
2026-05-07 06:05:08,072 [INFO] Processing [MTH] from 2026-05-06
2026-05-07 06:05:08,153 [INFO] Downloaded PDF MTH (78KB)
2026-05-07 06:05:08,153 [INFO] Downloaded PDF MTH (78KB)
2026-05-07 06:05:09,832 [ERROR] GLM failed for MTH: module 'zhipuai' has no attribute 'model_api'
2026-05-07 06:05:09,832 [ERROR] GLM failed for MTH: module 'zhipuai' has no attribute 'model_api'
2026-05-07 06:05:09,832 [WARNING] No categories for MTH
2026-05-07 06:05:09,832 [WARNING] No categories for MTH
2026-05-07 06:05:10,414 [INFO] Processing [TVE] from 2026-05-06
2026-05-07 06:05:10,414 [INFO] Processing [TVE] from 2026-05-06
2026-05-07 06:05:10,515 [INFO] Downloaded PDF TVE (78KB)
2026-05-07 06:05:10,515 [INFO] Downloaded PDF TVE (78KB)
2026-05-07 06:05:12,202 [ERROR] GLM failed for TVE: module 'zhipuai' has no attribute 'model_api'
2026-05-07 06:05:12,202 [ERROR] GLM failed for TVE: module 'zhipuai' has no attribute 'model_api'
2026-05-07 06:05:12,202 [WARNING] No categories for TVE
2026-05-07 06:05:12,202 [WARNING] No categories for TVE
2026-05-07 06:05:12,738 [INFO] Processing [SUR] from 2026-05-06
2026-05-07 06:05:12,738 [INFO] Processing [SUR] from 2026-05-06
2026-05-07 06:05:12,818 [INFO] Downloaded PDF SUR (78KB)
2026-05-07 06:05:12,818 [INFO] Downloaded PDF SUR (78KB)
2026-05-07 06:05:14,500 [ERROR] GLM failed for SUR: module 'zhipuai' has no attribute 'model_api'
2026-05-07 06:05:14,500 [ERROR] GLM failed for SUR: module 'zhipuai' has no attribute 'model_api'
2026-05-07 06:05:14,500 [WARNING] No categories for SUR
2026-05-07 06:05:14,500 [WARNING] No categories for SUR
2026-05-07 06:05:15,005 [INFO] Processing [EPI] from 2026-05-06
2026-05-07 06:05:15,005 [INFO] Processing [EPI] from 2026-05-06
2026-05-07 06:05:15,135 [INFO] Downloaded PDF EPI (79KB)
2026-05-07 06:05:15,135 [INFO] Downloaded PDF EPI (79KB)
2026-05-07 06:05:16,818 [ERROR] GLM failed for EPI: module 'zhipuai' has no attribute 'model_api'
2026-05-07 06:05:16,818 [ERROR] GLM failed for EPI: module 'zhipuai' has no attribute 'model_api'
2026-05-07 06:05:16,818 [WARNING] No categories for EPI
2026-05-07 06:05:16,818 [WARNING] No categories for EPI
2026-05-07 06:05:17,346 [INFO] Processing [EBI] from 2026-05-06
2026-05-07 06:05:17,346 [INFO] Processing [EBI] from 2026-05-06
2026-05-07 06:05:17,444 [INFO] Downloaded PDF EBI (78KB)
2026-05-07 06:05:17,444 [INFO] Downloaded PDF EBI (78KB)
2026-05-07 06:05:19,126 [ERROR] GLM failed for EBI: module 'zhipuai' has no attribute 'model_api'
2026-05-07 06:05:19,126 [ERROR] GLM failed for EBI: module 'zhipuai' has no attribute 'model_api'
2026-05-07 06:05:19,126 [WARNING] No categories for EBI
2026-05-07 06:05:19,126 [WARNING] No categories for EBI
2026-05-07 06:05:19,631 [INFO] Processing [EPI] from 2026-05-06
2026-05-07 06:05:19,631 [INFO] Processing [EPI] from 2026-05-06
2026-05-07 06:05:19,721 [INFO] Downloaded PDF EPI (79KB)
2026-05-07 06:05:19,721 [INFO] Downloaded PDF EPI (79KB)
2026-05-07 06:05:21,405 [ERROR] GLM failed for EPI: module 'zhipuai' has no attribute 'model_api'
2026-05-07 06:05:21,405 [ERROR] GLM failed for EPI: module 'zhipuai' has no attribute 'model_api'
2026-05-07 06:05:21,405 [WARNING] No categories for EPI
2026-05-07 06:05:21,405 [WARNING] No categories for EPI
2026-05-07 06:05:21,906 [INFO] Processing [EPI] from 2026-05-06
2026-05-07 06:05:21,906 [INFO] Processing [EPI] from 2026-05-06
2026-05-07 06:05:21,985 [INFO] Downloaded PDF EPI (78KB)
2026-05-07 06:05:21,985 [INFO] Downloaded PDF EPI (78KB)
2026-05-07 06:05:23,669 [ERROR] GLM failed for EPI: module 'zhipuai' has no attribute 'model_api'
2026-05-07 06:05:23,669 [ERROR] GLM failed for EPI: module 'zhipuai' has no attribute 'model_api'
2026-05-07 06:05:23,669 [WARNING] No categories for EPI
2026-05-07 06:05:23,669 [WARNING] No categories for EPI
2026-05-07 06:05:24,279 [INFO] Processing [EPI] from 2026-05-06
2026-05-07 06:05:24,279 [INFO] Processing [EPI] from 2026-05-06
2026-05-07 06:05:24,364 [INFO] Downloaded PDF EPI (78KB)
2026-05-07 06:05:24,364 [INFO] Downloaded PDF EPI (78KB)
2026-05-07 06:05:26,048 [ERROR] GLM failed for EPI: module 'zhipuai' has no attribute 'model_api'
2026-05-07 06:05:26,048 [ERROR] GLM failed for EPI: module 'zhipuai' has no attribute 'model_api'
2026-05-07 06:05:26,048 [WARNING] No categories for EPI
2026-05-07 06:05:26,048 [WARNING] No categories for EPI
2026-05-07 06:05:26,699 [INFO] Processing [EPI] from 2026-05-06
2026-05-07 06:05:26,699 [INFO] Processing [EPI] from 2026-05-06
2026-05-07 06:05:26,791 [INFO] Downloaded PDF EPI (78KB)
2026-05-07 06:05:26,791 [INFO] Downloaded PDF EPI (78KB)
2026-05-07 06:05:28,480 [ERROR] GLM failed for EPI: module 'zhipuai' has no attribute 'model_api'
2026-05-07 06:05:28,480 [ERROR] GLM failed for EPI: module 'zhipuai' has no attribute 'model_api'
2026-05-07 06:05:28,480 [WARNING] No categories for EPI
2026-05-07 06:05:28,480 [WARNING] No categories for EPI
2026-05-07 06:05:28,990 [INFO] Processing [EPI] from 2026-05-06
2026-05-07 06:05:28,990 [INFO] Processing [EPI] from 2026-05-06
2026-05-07 06:05:29,069 [INFO] Downloaded PDF EPI (78KB)
2026-05-07 06:05:29,069 [INFO] Downloaded PDF EPI (78KB)
2026-05-07 06:05:30,755 [ERROR] GLM failed for EPI: module 'zhipuai' has no attribute 'model_api'
2026-05-07 06:05:30,755 [ERROR] GLM failed for EPI: module 'zhipuai' has no attribute 'model_api'
2026-05-07 06:05:30,755 [WARNING] No categories for EPI
2026-05-07 06:05:30,755 [WARNING] No categories for EPI
2026-05-07 06:05:31,406 [INFO] Processing [EPI] from 2026-05-06
2026-05-07 06:05:31,406 [INFO] Processing [EPI] from 2026-05-06
2026-05-07 06:05:31,489 [INFO] Downloaded PDF EPI (78KB)
2026-05-07 06:05:31,489 [INFO] Downloaded PDF EPI (78KB)
2026-05-07 06:05:33,172 [ERROR] GLM failed for EPI: module 'zhipuai' has no attribute 'model_api'
2026-05-07 06:05:33,172 [ERROR] GLM failed for EPI: module 'zhipuai' has no attribute 'model_api'
2026-05-07 06:05:33,172 [WARNING] No categories for EPI
2026-05-07 06:05:33,172 [WARNING] No categories for EPI
2026-05-07 06:05:33,822 [INFO] Processing [EPI] from 2026-05-06
2026-05-07 06:05:33,822 [INFO] Processing [EPI] from 2026-05-06
2026-05-07 06:05:33,912 [INFO] Downloaded PDF EPI (78KB)
2026-05-07 06:05:33,912 [INFO] Downloaded PDF EPI (78KB)
2026-05-07 06:05:35,592 [ERROR] GLM failed for EPI: module 'zhipuai' has no attribute 'model_api'
2026-05-07 06:05:35,592 [ERROR] GLM failed for EPI: module 'zhipuai' has no attribute 'model_api'
2026-05-07 06:05:35,592 [WARNING] No categories for EPI
2026-05-07 06:05:35,592 [WARNING] No categories for EPI
2026-05-07 06:05:36,098 [INFO] Processing [ODV] from 2026-05-06
2026-05-07 06:05:36,098 [INFO] Processing [ODV] from 2026-05-06
2026-05-07 06:05:36,727 [INFO] Downloaded PDF ODV (77KB)
2026-05-07 06:05:36,727 [INFO] Downloaded PDF ODV (77KB)
2026-05-07 06:05:38,409 [ERROR] GLM failed for ODV: module 'zhipuai' has no attribute 'model_api'
2026-05-07 06:05:38,409 [ERROR] GLM failed for ODV: module 'zhipuai' has no attribute 'model_api'
2026-05-07 06:05:38,409 [WARNING] No categories for ODV
2026-05-07 06:05:38,409 [WARNING] No categories for ODV
2026-05-07 06:05:39,060 [INFO] Processing [ODV] from 2026-05-06
2026-05-07 06:05:39,060 [INFO] Processing [ODV] from 2026-05-06
2026-05-07 06:05:39,149 [INFO] Downloaded PDF ODV (77KB)
2026-05-07 06:05:39,149 [INFO] Downloaded PDF ODV (77KB)
2026-05-07 06:05:40,829 [ERROR] GLM failed for ODV: module 'zhipuai' has no attribute 'model_api'
2026-05-07 06:05:40,829 [ERROR] GLM failed for ODV: module 'zhipuai' has no attribute 'model_api'
2026-05-07 06:05:40,829 [WARNING] No categories for ODV
2026-05-07 06:05:40,829 [WARNING] No categories for ODV
2026-05-07 06:05:41,480 [INFO] Processing [BBS] from 2026-05-06
2026-05-07 06:05:41,480 [INFO] Processing [BBS] from 2026-05-06
2026-05-07 06:05:41,563 [INFO] Downloaded PDF BBS (77KB)
2026-05-07 06:05:41,563 [INFO] Downloaded PDF BBS (77KB)
2026-05-07 06:05:43,246 [ERROR] GLM failed for BBS: module 'zhipuai' has no attribute 'model_api'
2026-05-07 06:05:43,246 [ERROR] GLM failed for BBS: module 'zhipuai' has no attribute 'model_api'
2026-05-07 06:05:43,246 [WARNING] No categories for BBS
2026-05-07 06:05:43,246 [WARNING] No categories for BBS
2026-05-07 06:05:43,896 [INFO] Processing [BLT] from 2026-05-06
2026-05-07 06:05:43,896 [INFO] Processing [BLT] from 2026-05-06
2026-05-07 06:05:43,983 [INFO] Downloaded PDF BLT (77KB)
2026-05-07 06:05:43,983 [INFO] Downloaded PDF BLT (77KB)
2026-05-07 06:05:45,671 [ERROR] GLM failed for BLT: module 'zhipuai' has no attribute 'model_api'
2026-05-07 06:05:45,671 [ERROR] GLM failed for BLT: module 'zhipuai' has no attribute 'model_api'
2026-05-07 06:05:45,671 [WARNING] No categories for BLT
2026-05-07 06:05:45,671 [WARNING] No categories for BLT
2026-05-07 06:05:46,274 [INFO] Processing [ADE] from 2026-05-06
2026-05-07 06:05:46,274 [INFO] Processing [ADE] from 2026-05-06
2026-05-07 06:05:46,424 [INFO] Downloaded PDF ADE (77KB)
2026-05-07 06:05:46,424 [INFO] Downloaded PDF ADE (77KB)
2026-05-07 06:05:48,099 [ERROR] GLM failed for ADE: module 'zhipuai' has no attribute 'model_api'
2026-05-07 06:05:48,099 [ERROR] GLM failed for ADE: module 'zhipuai' has no attribute 'model_api'
2026-05-07 06:05:48,099 [WARNING] No categories for ADE
2026-05-07 06:05:48,099 [WARNING] No categories for ADE
2026-05-07 06:05:48,631 [INFO] Processing [BOS] from 2026-05-06
2026-05-07 06:05:48,631 [INFO] Processing [BOS] from 2026-05-06
2026-05-07 06:05:48,716 [INFO] Downloaded PDF BOS (77KB)
2026-05-07 06:05:48,716 [INFO] Downloaded PDF BOS (77KB)
2026-05-07 06:05:50,397 [ERROR] GLM failed for BOS: module 'zhipuai' has no attribute 'model_api'
2026-05-07 06:05:50,397 [ERROR] GLM failed for BOS: module 'zhipuai' has no attribute 'model_api'
2026-05-07 06:05:50,397 [WARNING] No categories for BOS
2026-05-07 06:05:50,397 [WARNING] No categories for BOS
2026-05-07 06:05:50,982 [INFO] Processing [KLI] from 2026-05-06
2026-05-07 06:05:50,982 [INFO] Processing [KLI] from 2026-05-06
2026-05-07 06:05:51,067 [INFO] Downloaded PDF KLI (77KB)
2026-05-07 06:05:51,067 [INFO] Downloaded PDF KLI (77KB)
2026-05-07 06:05:52,751 [ERROR] GLM failed for KLI: module 'zhipuai' has no attribute 'model_api'
2026-05-07 06:05:52,751 [ERROR] GLM failed for KLI: module 'zhipuai' has no attribute 'model_api'
2026-05-07 06:05:52,751 [WARNING] No categories for KLI
2026-05-07 06:05:52,751 [WARNING] No categories for KLI
2026-05-07 06:05:53,280 [INFO] Processing [BAG] from 2026-05-06
2026-05-07 06:05:53,280 [INFO] Processing [BAG] from 2026-05-06
2026-05-07 06:05:53,362 [INFO] Downloaded PDF BAG (77KB)
2026-05-07 06:05:53,362 [INFO] Downloaded PDF BAG (77KB)
2026-05-07 06:05:55,038 [ERROR] GLM failed for BAG: module 'zhipuai' has no attribute 'model_api'
2026-05-07 06:05:55,038 [ERROR] GLM failed for BAG: module 'zhipuai' has no attribute 'model_api'
2026-05-07 06:05:55,039 [WARNING] No categories for BAG
2026-05-07 06:05:55,039 [WARNING] No categories for BAG
2026-05-07 06:05:55,540 [INFO] Processing [BBS] from 2026-05-06
2026-05-07 06:05:55,540 [INFO] Processing [BBS] from 2026-05-06
2026-05-07 06:05:55,623 [INFO] Downloaded PDF BBS (77KB)
2026-05-07 06:05:55,623 [INFO] Downloaded PDF BBS (77KB)
2026-05-07 06:05:57,297 [ERROR] GLM failed for BBS: module 'zhipuai' has no attribute 'model_api'
2026-05-07 06:05:57,297 [ERROR] GLM failed for BBS: module 'zhipuai' has no attribute 'model_api'
2026-05-07 06:05:57,297 [WARNING] No categories for BBS
2026-05-07 06:05:57,297 [WARNING] No categories for BBS
2026-05-07 06:05:57,873 [INFO] Processing [PAB] from 2026-05-06
2026-05-07 06:05:57,873 [INFO] Processing [PAB] from 2026-05-06
2026-05-07 06:05:57,960 [INFO] Downloaded PDF PAB (77KB)
2026-05-07 06:05:57,960 [INFO] Downloaded PDF PAB (77KB)
2026-05-07 06:05:59,646 [ERROR] GLM failed for PAB: module 'zhipuai' has no attribute 'model_api'
2026-05-07 06:05:59,646 [ERROR] GLM failed for PAB: module 'zhipuai' has no attribute 'model_api'
2026-05-07 06:05:59,646 [WARNING] No categories for PAB
2026-05-07 06:05:59,646 [WARNING] No categories for PAB
2026-05-07 06:06:00,165 [INFO] Processing [PAB] from 2026-05-06
2026-05-07 06:06:00,165 [INFO] Processing [PAB] from 2026-05-06
2026-05-07 06:06:00,247 [INFO] Downloaded PDF PAB (77KB)
2026-05-07 06:06:00,247 [INFO] Downloaded PDF PAB (77KB)
2026-05-07 06:06:01,935 [ERROR] GLM failed for PAB: module 'zhipuai' has no attribute 'model_api'
2026-05-07 06:06:01,935 [ERROR] GLM failed for PAB: module 'zhipuai' has no attribute 'model_api'
2026-05-07 06:06:01,935 [WARNING] No categories for PAB
2026-05-07 06:06:01,935 [WARNING] No categories for PAB
2026-05-07 06:06:02,440 [INFO] Processing [CHY] from 2026-05-06
2026-05-07 06:06:02,440 [INFO] Processing [CHY] from 2026-05-06
2026-05-07 06:06:02,529 [INFO] Downloaded PDF CHY (78KB)
2026-05-07 06:06:02,529 [INFO] Downloaded PDF CHY (78KB)
2026-05-07 06:06:04,213 [ERROR] GLM failed for CHY: module 'zhipuai' has no attribute 'model_api'
2026-05-07 06:06:04,213 [ERROR] GLM failed for CHY: module 'zhipuai' has no attribute 'model_api'
2026-05-07 06:06:04,213 [WARNING] No categories for CHY
2026-05-07 06:06:04,213 [WARNING] No categories for CHY
2026-05-07 06:06:04,840 [INFO] Processing [DNF] from 2026-05-06
2026-05-07 06:06:04,840 [INFO] Processing [DNF] from 2026-05-06
2026-05-07 06:06:04,924 [INFO] Downloaded PDF DNF (77KB)
2026-05-07 06:06:04,924 [INFO] Downloaded PDF DNF (77KB)
2026-05-07 06:06:06,608 [ERROR] GLM failed for DNF: module 'zhipuai' has no attribute 'model_api'
2026-05-07 06:06:06,608 [ERROR] GLM failed for DNF: module 'zhipuai' has no attribute 'model_api'
2026-05-07 06:06:06,608 [WARNING] No categories for DNF
2026-05-07 06:06:06,608 [WARNING] No categories for DNF
2026-05-07 06:06:07,115 [INFO] Processing [DGF] from 2026-05-06
2026-05-07 06:06:07,115 [INFO] Processing [DGF] from 2026-05-06
2026-05-07 06:06:07,213 [INFO] Downloaded PDF DGF (78KB)
2026-05-07 06:06:07,213 [INFO] Downloaded PDF DGF (78KB)
2026-05-07 06:06:08,898 [ERROR] GLM failed for DGF: module 'zhipuai' has no attribute 'model_api'
2026-05-07 06:06:08,898 [ERROR] GLM failed for DGF: module 'zhipuai' has no attribute 'model_api'
2026-05-07 06:06:08,898 [WARNING] No categories for DGF
2026-05-07 06:06:08,898 [WARNING] No categories for DGF
2026-05-07 06:06:09,399 [INFO] Processing [DA1] from 2026-05-06
2026-05-07 06:06:09,399 [INFO] Processing [DA1] from 2026-05-06
2026-05-07 06:06:09,485 [INFO] Downloaded PDF DA1 (78KB)
2026-05-07 06:06:09,485 [INFO] Downloaded PDF DA1 (78KB)
2026-05-07 06:06:11,167 [ERROR] GLM failed for DA1: module 'zhipuai' has no attribute 'model_api'
2026-05-07 06:06:11,167 [ERROR] GLM failed for DA1: module 'zhipuai' has no attribute 'model_api'
2026-05-07 06:06:11,167 [WARNING] No categories for DA1
2026-05-07 06:06:11,167 [WARNING] No categories for DA1
2026-05-07 06:06:11,790 [INFO] Processing [CVL] from 2026-05-06
2026-05-07 06:06:11,790 [INFO] Processing [CVL] from 2026-05-06
2026-05-07 06:06:11,876 [INFO] Downloaded PDF CVL (77KB)
2026-05-07 06:06:11,876 [INFO] Downloaded PDF CVL (77KB)
2026-05-07 06:06:13,563 [ERROR] GLM failed for CVL: module 'zhipuai' has no attribute 'model_api'
2026-05-07 06:06:13,563 [ERROR] GLM failed for CVL: module 'zhipuai' has no attribute 'model_api'
2026-05-07 06:06:13,563 [WARNING] No categories for CVL
2026-05-07 06:06:13,563 [WARNING] No categories for CVL
2026-05-07 06:06:14,066 [INFO] Processing [BON] from 2026-05-06
2026-05-07 06:06:14,066 [INFO] Processing [BON] from 2026-05-06
2026-05-07 06:06:14,154 [INFO] Downloaded PDF BON (77KB)
2026-05-07 06:06:14,154 [INFO] Downloaded PDF BON (77KB)
2026-05-07 06:06:15,831 [ERROR] GLM failed for BON: module 'zhipuai' has no attribute 'model_api'
2026-05-07 06:06:15,831 [ERROR] GLM failed for BON: module 'zhipuai' has no attribute 'model_api'
2026-05-07 06:06:15,832 [WARNING] No categories for BON
2026-05-07 06:06:15,832 [WARNING] No categories for BON
2026-05-07 06:06:16,452 [INFO] Processing [AU1] from 2026-05-06
2026-05-07 06:06:16,452 [INFO] Processing [AU1] from 2026-05-06
2026-05-07 06:06:16,533 [INFO] Downloaded PDF AU1 (77KB)
2026-05-07 06:06:16,533 [INFO] Downloaded PDF AU1 (77KB)
2026-05-07 06:06:18,220 [ERROR] GLM failed for AU1: module 'zhipuai' has no attribute 'model_api'
2026-05-07 06:06:18,220 [ERROR] GLM failed for AU1: module 'zhipuai' has no attribute 'model_api'
2026-05-07 06:06:18,220 [WARNING] No categories for AU1
2026-05-07 06:06:18,220 [WARNING] No categories for AU1
2026-05-07 06:06:18,724 [INFO] Processing [AJ1] from 2026-05-06
2026-05-07 06:06:18,724 [INFO] Processing [AJ1] from 2026-05-06
2026-05-07 06:06:18,873 [INFO] Downloaded PDF AJ1 (78KB)
2026-05-07 06:06:18,873 [INFO] Downloaded PDF AJ1 (78KB)
2026-05-07 06:06:20,555 [ERROR] GLM failed for AJ1: module 'zhipuai' has no attribute 'model_api'
2026-05-07 06:06:20,555 [ERROR] GLM failed for AJ1: module 'zhipuai' has no attribute 'model_api'
2026-05-07 06:06:20,555 [WARNING] No categories for AJ1
2026-05-07 06:06:20,555 [WARNING] No categories for AJ1
2026-05-07 06:06:21,057 [INFO] Processing [TPR] from 2026-05-06
2026-05-07 06:06:21,057 [INFO] Processing [TPR] from 2026-05-06
2026-05-07 06:06:21,153 [INFO] Downloaded PDF TPR (77KB)
2026-05-07 06:06:21,153 [INFO] Downloaded PDF TPR (77KB)
2026-05-07 06:06:22,829 [ERROR] GLM failed for TPR: module 'zhipuai' has no attribute 'model_api'
2026-05-07 06:06:22,829 [ERROR] GLM failed for TPR: module 'zhipuai' has no attribute 'model_api'
2026-05-07 06:06:22,829 [WARNING] No categories for TPR
2026-05-07 06:06:22,829 [WARNING] No categories for TPR
2026-05-07 06:06:23,382 [INFO] Processing [MTH] from 2026-05-06
2026-05-07 06:06:23,382 [INFO] Processing [MTH] from 2026-05-06
2026-05-07 06:06:23,511 [INFO] Downloaded PDF MTH (77KB)
2026-05-07 06:06:23,511 [INFO] Downloaded PDF MTH (77KB)
2026-05-07 06:06:25,189 [ERROR] GLM failed for MTH: module 'zhipuai' has no attribute 'model_api'
2026-05-07 06:06:25,189 [ERROR] GLM failed for MTH: module 'zhipuai' has no attribute 'model_api'
2026-05-07 06:06:25,189 [WARNING] No categories for MTH
2026-05-07 06:06:25,189 [WARNING] No categories for MTH
2026-05-07 06:06:25,763 [INFO] Processing [KLI] from 2026-05-06
2026-05-07 06:06:25,763 [INFO] Processing [KLI] from 2026-05-06
2026-05-07 06:06:25,848 [INFO] Downloaded PDF KLI (77KB)
2026-05-07 06:06:25,848 [INFO] Downloaded PDF KLI (77KB)
2026-05-07 06:06:27,533 [ERROR] GLM failed for KLI: module 'zhipuai' has no attribute 'model_api'
2026-05-07 06:06:27,533 [ERROR] GLM failed for KLI: module 'zhipuai' has no attribute 'model_api'
2026-05-07 06:06:27,533 [WARNING] No categories for KLI
2026-05-07 06:06:27,533 [WARNING] No categories for KLI
2026-05-07 06:06:28,066 [INFO] Processing [KLI] from 2026-05-06
2026-05-07 06:06:28,066 [INFO] Processing [KLI] from 2026-05-06
2026-05-07 06:06:28,148 [INFO] Downloaded PDF KLI (77KB)
2026-05-07 06:06:28,148 [INFO] Downloaded PDF KLI (77KB)
2026-05-07 06:06:29,832 [ERROR] GLM failed for KLI: module 'zhipuai' has no attribute 'model_api'
2026-05-07 06:06:29,832 [ERROR] GLM failed for KLI: module 'zhipuai' has no attribute 'model_api'
2026-05-07 06:06:29,832 [WARNING] No categories for KLI
2026-05-07 06:06:29,832 [WARNING] No categories for KLI
2026-05-07 06:06:30,431 [INFO] Processing [KLI] from 2026-05-06
2026-05-07 06:06:30,431 [INFO] Processing [KLI] from 2026-05-06
2026-05-07 06:06:30,523 [INFO] Downloaded PDF KLI (77KB)
2026-05-07 06:06:30,523 [INFO] Downloaded PDF KLI (77KB)
2026-05-07 06:06:32,205 [ERROR] GLM failed for KLI: module 'zhipuai' has no attribute 'model_api'
2026-05-07 06:06:32,205 [ERROR] GLM failed for KLI: module 'zhipuai' has no attribute 'model_api'
2026-05-07 06:06:32,205 [WARNING] No categories for KLI
2026-05-07 06:06:32,205 [WARNING] No categories for KLI
2026-05-07 06:06:32,856 [INFO] Processing [MTH] from 2026-05-06
2026-05-07 06:06:32,856 [INFO] Processing [MTH] from 2026-05-06
2026-05-07 06:06:32,950 [INFO] Downloaded PDF MTH (77KB)
2026-05-07 06:06:32,950 [INFO] Downloaded PDF MTH (77KB)
2026-05-07 06:06:34,634 [ERROR] GLM failed for MTH: module 'zhipuai' has no attribute 'model_api'
2026-05-07 06:06:34,634 [ERROR] GLM failed for MTH: module 'zhipuai' has no attribute 'model_api'
2026-05-07 06:06:34,634 [WARNING] No categories for MTH
2026-05-07 06:06:34,634 [WARNING] No categories for MTH
2026-05-07 06:06:35,141 [INFO] Processing [MD2] from 2026-05-06
2026-05-07 06:06:35,141 [INFO] Processing [MD2] from 2026-05-06
2026-05-07 06:06:35,225 [INFO] Downloaded PDF MD2 (77KB)
2026-05-07 06:06:35,225 [INFO] Downloaded PDF MD2 (77KB)
2026-05-07 06:06:36,909 [ERROR] GLM failed for MD2: module 'zhipuai' has no attribute 'model_api'
2026-05-07 06:06:36,909 [ERROR] GLM failed for MD2: module 'zhipuai' has no attribute 'model_api'
2026-05-07 06:06:36,909 [WARNING] No categories for MD2
2026-05-07 06:06:36,909 [WARNING] No categories for MD2
2026-05-07 06:06:37,448 [INFO] Processing [TTA] from 2026-05-06
2026-05-07 06:06:37,448 [INFO] Processing [TTA] from 2026-05-06
2026-05-07 06:06:37,586 [INFO] Downloaded PDF TTA (77KB)
2026-05-07 06:06:37,586 [INFO] Downloaded PDF TTA (77KB)
2026-05-07 06:06:39,270 [ERROR] GLM failed for TTA: module 'zhipuai' has no attribute 'model_api'
2026-05-07 06:06:39,270 [ERROR] GLM failed for TTA: module 'zhipuai' has no attribute 'model_api'
2026-05-07 06:06:39,270 [WARNING] No categories for TTA
2026-05-07 06:06:39,270 [WARNING] No categories for TTA
2026-05-07 06:06:39,774 [INFO] Processing [MTH] from 2026-05-06
2026-05-07 06:06:39,774 [INFO] Processing [MTH] from 2026-05-06
2026-05-07 06:06:39,856 [INFO] Downloaded PDF MTH (77KB)
2026-05-07 06:06:39,856 [INFO] Downloaded PDF MTH (77KB)
2026-05-07 06:06:41,537 [ERROR] GLM failed for MTH: module 'zhipuai' has no attribute 'model_api'
2026-05-07 06:06:41,537 [ERROR] GLM failed for MTH: module 'zhipuai' has no attribute 'model_api'
2026-05-07 06:06:41,537 [WARNING] No categories for MTH
2026-05-07 06:06:41,537 [WARNING] No categories for MTH
2026-05-07 06:06:42,063 [INFO] Processing [ODV] from 2026-05-06
2026-05-07 06:06:42,063 [INFO] Processing [ODV] from 2026-05-06
2026-05-07 06:06:42,151 [INFO] Downloaded PDF ODV (77KB)
2026-05-07 06:06:42,151 [INFO] Downloaded PDF ODV (77KB)
2026-05-07 06:06:43,818 [ERROR] GLM failed for ODV: module 'zhipuai' has no attribute 'model_api'
2026-05-07 06:06:43,818 [ERROR] GLM failed for ODV: module 'zhipuai' has no attribute 'model_api'
2026-05-07 06:06:43,818 [WARNING] No categories for ODV
2026-05-07 06:06:43,818 [WARNING] No categories for ODV
2026-05-07 06:06:44,323 [INFO] Processing [DDA] from 2026-05-06
2026-05-07 06:06:44,323 [INFO] Processing [DDA] from 2026-05-06
2026-05-07 06:06:44,402 [INFO] Downloaded PDF DDA (77KB)
2026-05-07 06:06:44,402 [INFO] Downloaded PDF DDA (77KB)
2026-05-07 06:06:46,087 [ERROR] GLM failed for DDA: module 'zhipuai' has no attribute 'model_api'
2026-05-07 06:06:46,087 [ERROR] GLM failed for DDA: module 'zhipuai' has no attribute 'model_api'
2026-05-07 06:06:46,087 [WARNING] No categories for DDA
2026-05-07 06:06:46,087 [WARNING] No categories for DDA
2026-05-07 06:06:46,737 [INFO] Processing [KLI] from 2026-05-06
2026-05-07 06:06:46,737 [INFO] Processing [KLI] from 2026-05-06
2026-05-07 06:06:46,822 [INFO] Downloaded PDF KLI (77KB)
2026-05-07 06:06:46,822 [INFO] Downloaded PDF KLI (77KB)
2026-05-07 06:06:48,517 [ERROR] GLM failed for KLI: module 'zhipuai' has no attribute 'model_api'
2026-05-07 06:06:48,517 [ERROR] GLM failed for KLI: module 'zhipuai' has no attribute 'model_api'
2026-05-07 06:06:48,517 [WARNING] No categories for KLI
2026-05-07 06:06:48,517 [WARNING] No categories for KLI
2026-05-07 06:06:49,167 [INFO] Processing [AZF] from 2026-05-06
2026-05-07 06:06:49,167 [INFO] Processing [AZF] from 2026-05-06
2026-05-07 06:06:49,256 [INFO] Downloaded PDF AZF (77KB)
2026-05-07 06:06:49,256 [INFO] Downloaded PDF AZF (77KB)
2026-05-07 06:06:50,939 [ERROR] GLM failed for AZF: module 'zhipuai' has no attribute 'model_api'
2026-05-07 06:06:50,939 [ERROR] GLM failed for AZF: module 'zhipuai' has no attribute 'model_api'
2026-05-07 06:06:50,939 [WARNING] No categories for AZF
2026-05-07 06:06:50,939 [WARNING] No categories for AZF
2026-05-07 06:06:51,441 [INFO] Processing [DBK] from 2026-05-06
2026-05-07 06:06:51,441 [INFO] Processing [DBK] from 2026-05-06
2026-05-07 06:06:51,538 [INFO] Downloaded PDF DBK (77KB)
2026-05-07 06:06:51,538 [INFO] Downloaded PDF DBK (77KB)
2026-05-07 06:06:53,212 [ERROR] GLM failed for DBK: module 'zhipuai' has no attribute 'model_api'
2026-05-07 06:06:53,212 [ERROR] GLM failed for DBK: module 'zhipuai' has no attribute 'model_api'
2026-05-07 06:06:53,212 [WARNING] No categories for DBK
2026-05-07 06:06:53,212 [WARNING] No categories for DBK
2026-05-07 06:06:53,716 [INFO] Processing [DBH] from 2026-05-06
2026-05-07 06:06:53,716 [INFO] Processing [DBH] from 2026-05-06
2026-05-07 06:06:53,807 [INFO] Downloaded PDF DBH (77KB)
2026-05-07 06:06:53,807 [INFO] Downloaded PDF DBH (77KB)
2026-05-07 06:06:55,494 [ERROR] GLM failed for DBH: module 'zhipuai' has no attribute 'model_api'
2026-05-07 06:06:55,494 [ERROR] GLM failed for DBH: module 'zhipuai' has no attribute 'model_api'
2026-05-07 06:06:55,494 [WARNING] No categories for DBH
2026-05-07 06:06:55,494 [WARNING] No categories for DBH
2026-05-07 06:06:55,999 [INFO] Processing [KLI] from 2026-05-06
2026-05-07 06:06:55,999 [INFO] Processing [KLI] from 2026-05-06
2026-05-07 06:06:56,080 [INFO] Downloaded PDF KLI (77KB)
2026-05-07 06:06:56,080 [INFO] Downloaded PDF KLI (77KB)
2026-05-07 06:06:57,763 [ERROR] GLM failed for KLI: module 'zhipuai' has no attribute 'model_api'
2026-05-07 06:06:57,763 [ERROR] GLM failed for KLI: module 'zhipuai' has no attribute 'model_api'
2026-05-07 06:06:57,763 [WARNING] No categories for KLI
2026-05-07 06:06:57,763 [WARNING] No categories for KLI
2026-05-07 06:06:58,413 [INFO] Processing [ODV] from 2026-05-06
2026-05-07 06:06:58,413 [INFO] Processing [ODV] from 2026-05-06
2026-05-07 06:06:58,498 [INFO] Downloaded PDF ODV (77KB)
2026-05-07 06:06:58,498 [INFO] Downloaded PDF ODV (77KB)
2026-05-07 06:07:00,185 [ERROR] GLM failed for ODV: module 'zhipuai' has no attribute 'model_api'
2026-05-07 06:07:00,185 [ERROR] GLM failed for ODV: module 'zhipuai' has no attribute 'model_api'
2026-05-07 06:07:00,185 [WARNING] No categories for ODV
2026-05-07 06:07:00,185 [WARNING] No categories for ODV
2026-05-07 06:07:00,691 [INFO] Processing [DHJ] from 2026-05-06
2026-05-07 06:07:00,691 [INFO] Processing [DHJ] from 2026-05-06
2026-05-07 06:07:00,789 [INFO] Downloaded PDF DHJ (78KB)
2026-05-07 06:07:00,789 [INFO] Downloaded PDF DHJ (78KB)
2026-05-07 06:07:02,473 [ERROR] GLM failed for DHJ: module 'zhipuai' has no attribute 'model_api'
2026-05-07 06:07:02,473 [ERROR] GLM failed for DHJ: module 'zhipuai' has no attribute 'model_api'
2026-05-07 06:07:02,473 [WARNING] No categories for DHJ
2026-05-07 06:07:02,473 [WARNING] No categories for DHJ
2026-05-07 06:07:03,099 [INFO] Processing [DFC] from 2026-05-06
2026-05-07 06:07:03,099 [INFO] Processing [DFC] from 2026-05-06
2026-05-07 06:07:03,149 [WARNING] HTTP 429 for https://www.kap.org.tr/tr/api/BildirimPdf/1601696, retry 1/5 in 2s
2026-05-07 06:07:03,149 [WARNING] HTTP 429 for https://www.kap.org.tr/tr/api/BildirimPdf/1601696, retry 1/5 in 2s
2026-05-07 06:07:05,347 [WARNING] HTTP 429 for https://www.kap.org.tr/tr/api/BildirimPdf/1601696, retry 2/5 in 3s
2026-05-07 06:07:05,347 [WARNING] HTTP 429 for https://www.kap.org.tr/tr/api/BildirimPdf/1601696, retry 2/5 in 3s
2026-05-07 06:07:08,547 [WARNING] HTTP 429 for https://www.kap.org.tr/tr/api/BildirimPdf/1601696, retry 3/5 in 5s
2026-05-07 06:07:08,547 [WARNING] HTTP 429 for https://www.kap.org.tr/tr/api/BildirimPdf/1601696, retry 3/5 in 5s
2026-05-07 06:07:14,746 [WARNING] HTTP 429 for https://www.kap.org.tr/tr/api/BildirimPdf/1601696, retry 4/5 in 9s
2026-05-07 06:07:14,746 [WARNING] HTTP 429 for https://www.kap.org.tr/tr/api/BildirimPdf/1601696, retry 4/5 in 9s
2026-05-07 06:07:23,945 [WARNING] HTTP 429 for https://www.kap.org.tr/tr/api/BildirimPdf/1601696, retry 5/5 in 17s
2026-05-07 06:07:23,945 [WARNING] HTTP 429 for https://www.kap.org.tr/tr/api/BildirimPdf/1601696, retry 5/5 in 17s
2026-05-07 06:07:41,647 [WARNING] No attachment URL in disclosure 1601696
2026-05-07 06:07:41,647 [WARNING] No attachment URL in disclosure 1601696
2026-05-07 06:07:41,650 [INFO] Processing [DNH] from 2026-05-06
2026-05-07 06:07:41,650 [INFO] Processing [DNH] from 2026-05-06
2026-05-07 06:07:41,716 [WARNING] HTTP 429 for https://www.kap.org.tr/tr/api/BildirimPdf/1601694, retry 1/5 in 2s
2026-05-07 06:07:41,716 [WARNING] HTTP 429 for https://www.kap.org.tr/tr/api/BildirimPdf/1601694, retry 1/5 in 2s
2026-05-07 06:07:43,918 [WARNING] HTTP 429 for https://www.kap.org.tr/tr/api/BildirimPdf/1601694, retry 2/5 in 3s
2026-05-07 06:07:43,918 [WARNING] HTTP 429 for https://www.kap.org.tr/tr/api/BildirimPdf/1601694, retry 2/5 in 3s
2026-05-07 06:07:47,107 [WARNING] HTTP 429 for https://www.kap.org.tr/tr/api/BildirimPdf/1601694, retry 3/5 in 5s
2026-05-07 06:07:47,107 [WARNING] HTTP 429 for https://www.kap.org.tr/tr/api/BildirimPdf/1601694, retry 3/5 in 5s
2026-05-07 06:07:52,305 [WARNING] HTTP 429 for https://www.kap.org.tr/tr/api/BildirimPdf/1601694, retry 4/5 in 9s
2026-05-07 06:07:52,305 [WARNING] HTTP 429 for https://www.kap.org.tr/tr/api/BildirimPdf/1601694, retry 4/5 in 9s
2026-05-07 06:08:01,504 [WARNING] HTTP 429 for https://www.kap.org.tr/tr/api/BildirimPdf/1601694, retry 5/5 in 17s
2026-05-07 06:08:01,504 [WARNING] HTTP 429 for https://www.kap.org.tr/tr/api/BildirimPdf/1601694, retry 5/5 in 17s
2026-05-07 06:08:18,773 [WARNING] No attachment URL in disclosure 1601694
2026-05-07 06:08:18,773 [WARNING] No attachment URL in disclosure 1601694
2026-05-07 06:08:18,776 [INFO] Processing [DMG] from 2026-05-06
2026-05-07 06:08:18,776 [INFO] Processing [DMG] from 2026-05-06
2026-05-07 06:08:18,824 [WARNING] HTTP 429 for https://www.kap.org.tr/tr/api/BildirimPdf/1601693, retry 1/5 in 2s
2026-05-07 06:08:18,824 [WARNING] HTTP 429 for https://www.kap.org.tr/tr/api/BildirimPdf/1601693, retry 1/5 in 2s
2026-05-07 06:08:21,023 [WARNING] HTTP 429 for https://www.kap.org.tr/tr/api/BildirimPdf/1601693, retry 2/5 in 3s
2026-05-07 06:08:21,023 [WARNING] HTTP 429 for https://www.kap.org.tr/tr/api/BildirimPdf/1601693, retry 2/5 in 3s
2026-05-07 06:08:24,215 [WARNING] HTTP 429 for https://www.kap.org.tr/tr/api/BildirimPdf/1601693, retry 3/5 in 5s
2026-05-07 06:08:24,215 [WARNING] HTTP 429 for https://www.kap.org.tr/tr/api/BildirimPdf/1601693, retry 3/5 in 5s
2026-05-07 06:08:29,399 [WARNING] HTTP 429 for https://www.kap.org.tr/tr/api/BildirimPdf/1601693, retry 4/5 in 9s
2026-05-07 06:08:29,399 [WARNING] HTTP 429 for https://www.kap.org.tr/tr/api/BildirimPdf/1601693, retry 4/5 in 9s
2026-05-07 06:08:38,592 [WARNING] HTTP 429 for https://www.kap.org.tr/tr/api/BildirimPdf/1601693, retry 5/5 in 17s
2026-05-07 06:08:38,592 [WARNING] HTTP 429 for https://www.kap.org.tr/tr/api/BildirimPdf/1601693, retry 5/5 in 17s
2026-05-07 06:08:55,870 [WARNING] No attachment URL in disclosure 1601693
2026-05-07 06:08:55,870 [WARNING] No attachment URL in disclosure 1601693
2026-05-07 06:08:55,873 [INFO] Processing [KLI] from 2026-05-06
2026-05-07 06:08:55,873 [INFO] Processing [KLI] from 2026-05-06
2026-05-07 06:08:55,921 [WARNING] HTTP 429 for https://www.kap.org.tr/tr/api/BildirimPdf/1601692, retry 1/5 in 2s
2026-05-07 06:08:55,921 [WARNING] HTTP 429 for https://www.kap.org.tr/tr/api/BildirimPdf/1601692, retry 1/5 in 2s
2026-05-07 06:08:58,117 [WARNING] HTTP 429 for https://www.kap.org.tr/tr/api/BildirimPdf/1601692, retry 2/5 in 3s
2026-05-07 06:08:58,117 [WARNING] HTTP 429 for https://www.kap.org.tr/tr/api/BildirimPdf/1601692, retry 2/5 in 3s
2026-05-07 06:09:01,316 [WARNING] HTTP 429 for https://www.kap.org.tr/tr/api/BildirimPdf/1601692, retry 3/5 in 5s
2026-05-07 06:09:01,316 [WARNING] HTTP 429 for https://www.kap.org.tr/tr/api/BildirimPdf/1601692, retry 3/5 in 5s
2026-05-07 06:09:06,513 [WARNING] HTTP 429 for https://www.kap.org.tr/tr/api/BildirimPdf/1601692, retry 4/5 in 9s
2026-05-07 06:09:06,513 [WARNING] HTTP 429 for https://www.kap.org.tr/tr/api/BildirimPdf/1601692, retry 4/5 in 9s
2026-05-07 06:09:15,707 [WARNING] HTTP 429 for https://www.kap.org.tr/tr/api/BildirimPdf/1601692, retry 5/5 in 17s
2026-05-07 06:09:15,707 [WARNING] HTTP 429 for https://www.kap.org.tr/tr/api/BildirimPdf/1601692, retry 5/5 in 17s
2026-05-07 06:09:32,987 [WARNING] No attachment URL in disclosure 1601692
2026-05-07 06:09:32,987 [WARNING] No attachment URL in disclosure 1601692
2026-05-07 06:09:32,992 [INFO] Processing [DLD] from 2026-05-06
2026-05-07 06:09:32,992 [INFO] Processing [DLD] from 2026-05-06
2026-05-07 06:09:33,040 [WARNING] HTTP 429 for https://www.kap.org.tr/tr/api/BildirimPdf/1601691, retry 1/5 in 2s
2026-05-07 06:09:33,040 [WARNING] HTTP 429 for https://www.kap.org.tr/tr/api/BildirimPdf/1601691, retry 1/5 in 2s
2026-05-07 06:09:35,242 [WARNING] HTTP 429 for https://www.kap.org.tr/tr/api/BildirimPdf/1601691, retry 2/5 in 3s
2026-05-07 06:09:35,242 [WARNING] HTTP 429 for https://www.kap.org.tr/tr/api/BildirimPdf/1601691, retry 2/5 in 3s
2026-05-07 06:09:38,445 [WARNING] HTTP 429 for https://www.kap.org.tr/tr/api/BildirimPdf/1601691, retry 3/5 in 5s
2026-05-07 06:09:38,445 [WARNING] HTTP 429 for https://www.kap.org.tr/tr/api/BildirimPdf/1601691, retry 3/5 in 5s
2026-05-07 06:09:43,641 [WARNING] HTTP 429 for https://www.kap.org.tr/tr/api/BildirimPdf/1601691, retry 4/5 in 9s
2026-05-07 06:09:43,641 [WARNING] HTTP 429 for https://www.kap.org.tr/tr/api/BildirimPdf/1601691, retry 4/5 in 9s
2026-05-07 06:09:52,840 [WARNING] HTTP 429 for https://www.kap.org.tr/tr/api/BildirimPdf/1601691, retry 5/5 in 17s
2026-05-07 06:09:52,840 [WARNING] HTTP 429 for https://www.kap.org.tr/tr/api/BildirimPdf/1601691, retry 5/5 in 17s
2026-05-07 06:10:10,048 [WARNING] No attachment URL in disclosure 1601691
2026-05-07 06:10:10,048 [WARNING] No attachment URL in disclosure 1601691
2026-05-07 06:10:10,051 [INFO] Processing [KLI] from 2026-05-06
2026-05-07 06:10:10,051 [INFO] Processing [KLI] from 2026-05-06
2026-05-07 06:10:10,219 [INFO] Downloaded PDF KLI (77KB)
2026-05-07 06:10:10,219 [INFO] Downloaded PDF KLI (77KB)
2026-05-07 06:10:11,906 [ERROR] GLM failed for KLI: module 'zhipuai' has no attribute 'model_api'
2026-05-07 06:10:11,906 [ERROR] GLM failed for KLI: module 'zhipuai' has no attribute 'model_api'
2026-05-07 06:10:11,906 [WARNING] No categories for KLI
2026-05-07 06:10:11,906 [WARNING] No categories for KLI
2026-05-07 06:10:12,413 [INFO] Processing [DKR] from 2026-05-06
2026-05-07 06:10:12,413 [INFO] Processing [DKR] from 2026-05-06
2026-05-07 06:10:12,500 [INFO] Downloaded PDF DKR (77KB)
2026-05-07 06:10:12,500 [INFO] Downloaded PDF DKR (77KB)
2026-05-07 06:10:14,174 [ERROR] GLM failed for DKR: module 'zhipuai' has no attribute 'model_api'
2026-05-07 06:10:14,174 [ERROR] GLM failed for DKR: module 'zhipuai' has no attribute 'model_api'
2026-05-07 06:10:14,174 [WARNING] No categories for DKR
2026-05-07 06:10:14,174 [WARNING] No categories for DKR
2026-05-07 06:10:14,685 [INFO] Processing [TPR] from 2026-05-06
2026-05-07 06:10:14,685 [INFO] Processing [TPR] from 2026-05-06
2026-05-07 06:10:14,942 [INFO] Downloaded PDF TPR (77KB)
2026-05-07 06:10:14,942 [INFO] Downloaded PDF TPR (77KB)
2026-05-07 06:10:16,633 [ERROR] GLM failed for TPR: module 'zhipuai' has no attribute 'model_api'
2026-05-07 06:10:16,633 [ERROR] GLM failed for TPR: module 'zhipuai' has no attribute 'model_api'
2026-05-07 06:10:16,634 [WARNING] No categories for TPR
2026-05-07 06:10:16,634 [WARNING] No categories for TPR
2026-05-07 06:10:17,284 [INFO] Processing [ODV] from 2026-05-06
2026-05-07 06:10:17,284 [INFO] Processing [ODV] from 2026-05-06
2026-05-07 06:10:17,370 [INFO] Downloaded PDF ODV (77KB)
2026-05-07 06:10:17,370 [INFO] Downloaded PDF ODV (77KB)
2026-05-07 06:10:19,056 [ERROR] GLM failed for ODV: module 'zhipuai' has no attribute 'model_api'
2026-05-07 06:10:19,056 [ERROR] GLM failed for ODV: module 'zhipuai' has no attribute 'model_api'
2026-05-07 06:10:19,056 [WARNING] No categories for ODV
2026-05-07 06:10:19,056 [WARNING] No categories for ODV
2026-05-07 06:10:19,703 [INFO] Processing [DZE] from 2026-05-06
2026-05-07 06:10:19,703 [INFO] Processing [DZE] from 2026-05-06
2026-05-07 06:10:19,792 [INFO] Downloaded PDF DZE (77KB)
2026-05-07 06:10:19,792 [INFO] Downloaded PDF DZE (77KB)
2026-05-07 06:10:21,477 [ERROR] GLM failed for DZE: module 'zhipuai' has no attribute 'model_api'
2026-05-07 06:10:21,477 [ERROR] GLM failed for DZE: module 'zhipuai' has no attribute 'model_api'
2026-05-07 06:10:21,477 [WARNING] No categories for DZE
2026-05-07 06:10:21,477 [WARNING] No categories for DZE
2026-05-07 06:10:21,980 [INFO] Processing [TPR] from 2026-05-06
2026-05-07 06:10:21,980 [INFO] Processing [TPR] from 2026-05-06
2026-05-07 06:10:22,068 [INFO] Downloaded PDF TPR (77KB)
2026-05-07 06:10:22,068 [INFO] Downloaded PDF TPR (77KB)
2026-05-07 06:10:23,747 [ERROR] GLM failed for TPR: module 'zhipuai' has no attribute 'model_api'
2026-05-07 06:10:23,747 [ERROR] GLM failed for TPR: module 'zhipuai' has no attribute 'model_api'
2026-05-07 06:10:23,747 [WARNING] No categories for TPR
2026-05-07 06:10:23,747 [WARNING] No categories for TPR
2026-05-07 06:10:24,395 [INFO] Processing [NHT] from 2026-05-06
2026-05-07 06:10:24,395 [INFO] Processing [NHT] from 2026-05-06
2026-05-07 06:10:24,486 [INFO] Downloaded PDF NHT (77KB)
2026-05-07 06:10:24,486 [INFO] Downloaded PDF NHT (77KB)
2026-05-07 06:10:26,168 [ERROR] GLM failed for NHT: module 'zhipuai' has no attribute 'model_api'
2026-05-07 06:10:26,168 [ERROR] GLM failed for NHT: module 'zhipuai' has no attribute 'model_api'
2026-05-07 06:10:26,169 [WARNING] No categories for NHT
2026-05-07 06:10:26,169 [WARNING] No categories for NHT
2026-05-07 06:10:26,672 [INFO] Processing [DOV] from 2026-05-06
2026-05-07 06:10:26,672 [INFO] Processing [DOV] from 2026-05-06
2026-05-07 06:10:26,737 [INFO] Downloaded PDF DOV (77KB)
2026-05-07 06:10:26,737 [INFO] Downloaded PDF DOV (77KB)
2026-05-07 06:10:28,421 [ERROR] GLM failed for DOV: module 'zhipuai' has no attribute 'model_api'
2026-05-07 06:10:28,421 [ERROR] GLM failed for DOV: module 'zhipuai' has no attribute 'model_api'
2026-05-07 06:10:28,421 [WARNING] No categories for DOV
2026-05-07 06:10:28,421 [WARNING] No categories for DOV
2026-05-07 06:10:29,038 [INFO] Processing [KLI] from 2026-05-06
2026-05-07 06:10:29,038 [INFO] Processing [KLI] from 2026-05-06
2026-05-07 06:10:29,189 [INFO] Downloaded PDF KLI (77KB)
2026-05-07 06:10:29,189 [INFO] Downloaded PDF KLI (77KB)
2026-05-07 06:10:30,870 [ERROR] GLM failed for KLI: module 'zhipuai' has no attribute 'model_api'
2026-05-07 06:10:30,870 [ERROR] GLM failed for KLI: module 'zhipuai' has no attribute 'model_api'
2026-05-07 06:10:30,871 [WARNING] No categories for KLI
2026-05-07 06:10:30,871 [WARNING] No categories for KLI
2026-05-07 06:10:31,464 [INFO] Processing [IHT] from 2026-05-06
2026-05-07 06:10:31,464 [INFO] Processing [IHT] from 2026-05-06
2026-05-07 06:10:31,554 [INFO] Downloaded PDF IHT (78KB)
2026-05-07 06:10:31,554 [INFO] Downloaded PDF IHT (78KB)
2026-05-07 06:10:33,240 [ERROR] GLM failed for IHT: module 'zhipuai' has no attribute 'model_api'
2026-05-07 06:10:33,240 [ERROR] GLM failed for IHT: module 'zhipuai' has no attribute 'model_api'
2026-05-07 06:10:33,240 [WARNING] No categories for IHT
2026-05-07 06:10:33,240 [WARNING] No categories for IHT
2026-05-07 06:10:33,830 [INFO] Processing [DBK] from 2026-05-06
2026-05-07 06:10:33,830 [INFO] Processing [DBK] from 2026-05-06
2026-05-07 06:10:33,918 [INFO] Downloaded PDF DBK (77KB)
2026-05-07 06:10:33,918 [INFO] Downloaded PDF DBK (77KB)
2026-05-07 06:10:35,597 [ERROR] GLM failed for DBK: module 'zhipuai' has no attribute 'model_api'
2026-05-07 06:10:35,597 [ERROR] GLM failed for DBK: module 'zhipuai' has no attribute 'model_api'
2026-05-07 06:10:35,597 [WARNING] No categories for DBK
2026-05-07 06:10:35,597 [WARNING] No categories for DBK
2026-05-07 06:10:36,114 [INFO] Processing [AK2] from 2026-05-06
2026-05-07 06:10:36,114 [INFO] Processing [AK2] from 2026-05-06
2026-05-07 06:10:36,201 [INFO] Downloaded PDF AK2 (77KB)
2026-05-07 06:10:36,201 [INFO] Downloaded PDF AK2 (77KB)
2026-05-07 06:10:37,878 [ERROR] GLM failed for AK2: module 'zhipuai' has no attribute 'model_api'
2026-05-07 06:10:37,878 [ERROR] GLM failed for AK2: module 'zhipuai' has no attribute 'model_api'
2026-05-07 06:10:37,879 [WARNING] No categories for AK2
2026-05-07 06:10:37,879 [WARNING] No categories for AK2
2026-05-07 06:10:38,529 [INFO] Processing [AK2] from 2026-05-06
2026-05-07 06:10:38,529 [INFO] Processing [AK2] from 2026-05-06
2026-05-07 06:10:38,612 [INFO] Downloaded PDF AK2 (77KB)
2026-05-07 06:10:38,612 [INFO] Downloaded PDF AK2 (77KB)
2026-05-07 06:10:40,291 [ERROR] GLM failed for AK2: module 'zhipuai' has no attribute 'model_api'
2026-05-07 06:10:40,291 [ERROR] GLM failed for AK2: module 'zhipuai' has no attribute 'model_api'
2026-05-07 06:10:40,291 [WARNING] No categories for AK2
2026-05-07 06:10:40,291 [WARNING] No categories for AK2
2026-05-07 06:10:40,872 [INFO] Processing [DTL] from 2026-05-06
2026-05-07 06:10:40,872 [INFO] Processing [DTL] from 2026-05-06
2026-05-07 06:10:40,963 [INFO] Downloaded PDF DTL (77KB)
2026-05-07 06:10:40,963 [INFO] Downloaded PDF DTL (77KB)
2026-05-07 06:10:42,651 [ERROR] GLM failed for DTL: module 'zhipuai' has no attribute 'model_api'
2026-05-07 06:10:42,651 [ERROR] GLM failed for DTL: module 'zhipuai' has no attribute 'model_api'
2026-05-07 06:10:42,651 [WARNING] No categories for DTL
2026-05-07 06:10:42,651 [WARNING] No categories for DTL
2026-05-07 06:10:43,155 [INFO] Processing [TPR] from 2026-05-06
2026-05-07 06:10:43,155 [INFO] Processing [TPR] from 2026-05-06
2026-05-07 06:10:43,234 [INFO] Downloaded PDF TPR (78KB)
2026-05-07 06:10:43,234 [INFO] Downloaded PDF TPR (78KB)
2026-05-07 06:10:44,914 [ERROR] GLM failed for TPR: module 'zhipuai' has no attribute 'model_api'
2026-05-07 06:10:44,914 [ERROR] GLM failed for TPR: module 'zhipuai' has no attribute 'model_api'
2026-05-07 06:10:44,915 [WARNING] No categories for TPR
2026-05-07 06:10:44,915 [WARNING] No categories for TPR
2026-05-07 06:10:45,422 [INFO] Processing [FMV] from 2026-05-06
2026-05-07 06:10:45,422 [INFO] Processing [FMV] from 2026-05-06
2026-05-07 06:10:45,503 [INFO] Downloaded PDF FMV (77KB)
2026-05-07 06:10:45,503 [INFO] Downloaded PDF FMV (77KB)
2026-05-07 06:10:47,182 [ERROR] GLM failed for FMV: module 'zhipuai' has no attribute 'model_api'
2026-05-07 06:10:47,182 [ERROR] GLM failed for FMV: module 'zhipuai' has no attribute 'model_api'
2026-05-07 06:10:47,182 [WARNING] No categories for FMV
2026-05-07 06:10:47,182 [WARNING] No categories for FMV
2026-05-07 06:10:47,685 [INFO] Processing [EVM] from 2026-05-06
2026-05-07 06:10:47,685 [INFO] Processing [EVM] from 2026-05-06
2026-05-07 06:10:47,773 [INFO] Downloaded PDF EVM (78KB)
2026-05-07 06:10:47,773 [INFO] Downloaded PDF EVM (78KB)
2026-05-07 06:10:49,458 [ERROR] GLM failed for EVM: module 'zhipuai' has no attribute 'model_api'
2026-05-07 06:10:49,458 [ERROR] GLM failed for EVM: module 'zhipuai' has no attribute 'model_api'
2026-05-07 06:10:49,458 [WARNING] No categories for EVM
2026-05-07 06:10:49,458 [WARNING] No categories for EVM
2026-05-07 06:10:49,970 [INFO] Processing [DP6] from 2026-05-06
2026-05-07 06:10:49,970 [INFO] Processing [DP6] from 2026-05-06
2026-05-07 06:10:50,214 [INFO] Downloaded PDF DP6 (77KB)
2026-05-07 06:10:50,214 [INFO] Downloaded PDF DP6 (77KB)
2026-05-07 06:10:51,902 [ERROR] GLM failed for DP6: module 'zhipuai' has no attribute 'model_api'
2026-05-07 06:10:51,902 [ERROR] GLM failed for DP6: module 'zhipuai' has no attribute 'model_api'
2026-05-07 06:10:51,902 [WARNING] No categories for DP6
2026-05-07 06:10:51,902 [WARNING] No categories for DP6
2026-05-07 06:10:52,472 [INFO] Processing [DZE] from 2026-05-06
2026-05-07 06:10:52,472 [INFO] Processing [DZE] from 2026-05-06
2026-05-07 06:10:52,945 [INFO] Downloaded PDF DZE (77KB)
2026-05-07 06:10:52,945 [INFO] Downloaded PDF DZE (77KB)
2026-05-07 06:10:54,632 [ERROR] GLM failed for DZE: module 'zhipuai' has no attribute 'model_api'
2026-05-07 06:10:54,632 [ERROR] GLM failed for DZE: module 'zhipuai' has no attribute 'model_api'
2026-05-07 06:10:54,632 [WARNING] No categories for DZE
2026-05-07 06:10:54,632 [WARNING] No categories for DZE
2026-05-07 06:10:55,145 [INFO] Processing [AFS] from 2026-05-06
2026-05-07 06:10:55,145 [INFO] Processing [AFS] from 2026-05-06
2026-05-07 06:10:55,302 [INFO] Downloaded PDF AFS (77KB)
2026-05-07 06:10:55,302 [INFO] Downloaded PDF AFS (77KB)
2026-05-07 06:10:56,989 [ERROR] GLM failed for AFS: module 'zhipuai' has no attribute 'model_api'
2026-05-07 06:10:56,989 [ERROR] GLM failed for AFS: module 'zhipuai' has no attribute 'model_api'
2026-05-07 06:10:56,989 [WARNING] No categories for AFS
2026-05-07 06:10:56,989 [WARNING] No categories for AFS
2026-05-07 06:10:57,577 [INFO] Processing [TPR] from 2026-05-06
2026-05-07 06:10:57,577 [INFO] Processing [TPR] from 2026-05-06
2026-05-07 06:10:57,658 [INFO] Downloaded PDF TPR (77KB)
2026-05-07 06:10:57,658 [INFO] Downloaded PDF TPR (77KB)
2026-05-07 06:10:59,341 [ERROR] GLM failed for TPR: module 'zhipuai' has no attribute 'model_api'
2026-05-07 06:10:59,341 [ERROR] GLM failed for TPR: module 'zhipuai' has no attribute 'model_api'
2026-05-07 06:10:59,341 [WARNING] No categories for TPR
2026-05-07 06:10:59,341 [WARNING] No categories for TPR
2026-05-07 06:10:59,847 [INFO] Processing [MTG] from 2026-05-06
2026-05-07 06:10:59,847 [INFO] Processing [MTG] from 2026-05-06
2026-05-07 06:11:00,035 [INFO] Downloaded PDF MTG (77KB)
2026-05-07 06:11:00,035 [INFO] Downloaded PDF MTG (77KB)
2026-05-07 06:11:01,722 [ERROR] GLM failed for MTG: module 'zhipuai' has no attribute 'model_api'
2026-05-07 06:11:01,722 [ERROR] GLM failed for MTG: module 'zhipuai' has no attribute 'model_api'
2026-05-07 06:11:01,722 [WARNING] No categories for MTG
2026-05-07 06:11:01,722 [WARNING] No categories for MTG
2026-05-07 06:11:02,372 [INFO] Processing [KLI] from 2026-05-06
2026-05-07 06:11:02,372 [INFO] Processing [KLI] from 2026-05-06
2026-05-07 06:11:02,453 [INFO] Downloaded PDF KLI (77KB)
2026-05-07 06:11:02,453 [INFO] Downloaded PDF KLI (77KB)
2026-05-07 06:11:04,138 [ERROR] GLM failed for KLI: module 'zhipuai' has no attribute 'model_api'
2026-05-07 06:11:04,138 [ERROR] GLM failed for KLI: module 'zhipuai' has no attribute 'model_api'
2026-05-07 06:11:04,138 [WARNING] No categories for KLI
2026-05-07 06:11:04,138 [WARNING] No categories for KLI
2026-05-07 06:11:04,786 [INFO] Processing [NZU] from 2026-05-06
2026-05-07 06:11:04,786 [INFO] Processing [NZU] from 2026-05-06
2026-05-07 06:11:04,873 [INFO] Downloaded PDF NZU (78KB)
2026-05-07 06:11:04,873 [INFO] Downloaded PDF NZU (78KB)
2026-05-07 06:11:06,556 [ERROR] GLM failed for NZU: module 'zhipuai' has no attribute 'model_api'
2026-05-07 06:11:06,556 [ERROR] GLM failed for NZU: module 'zhipuai' has no attribute 'model_api'
2026-05-07 06:11:06,556 [WARNING] No categories for NZU
2026-05-07 06:11:06,556 [WARNING] No categories for NZU
2026-05-07 06:11:07,064 [INFO] Processing [KLI] from 2026-05-06
2026-05-07 06:11:07,064 [INFO] Processing [KLI] from 2026-05-06
2026-05-07 06:11:07,150 [INFO] Downloaded PDF KLI (77KB)
2026-05-07 06:11:07,150 [INFO] Downloaded PDF KLI (77KB)
2026-05-07 06:11:08,832 [ERROR] GLM failed for KLI: module 'zhipuai' has no attribute 'model_api'
2026-05-07 06:11:08,832 [ERROR] GLM failed for KLI: module 'zhipuai' has no attribute 'model_api'
2026-05-07 06:11:08,832 [WARNING] No categories for KLI
2026-05-07 06:11:08,832 [WARNING] No categories for KLI
2026-05-07 06:11:09,339 [INFO] Processing [NVP] from 2026-05-06
2026-05-07 06:11:09,339 [INFO] Processing [NVP] from 2026-05-06
2026-05-07 06:11:09,430 [INFO] Downloaded PDF NVP (78KB)
2026-05-07 06:11:09,430 [INFO] Downloaded PDF NVP (78KB)
2026-05-07 06:11:11,114 [ERROR] GLM failed for NVP: module 'zhipuai' has no attribute 'model_api'
2026-05-07 06:11:11,114 [ERROR] GLM failed for NVP: module 'zhipuai' has no attribute 'model_api'
2026-05-07 06:11:11,114 [WARNING] No categories for NVP
2026-05-07 06:11:11,114 [WARNING] No categories for NVP
2026-05-07 06:11:11,657 [INFO] Processing [NPH] from 2026-05-06
2026-05-07 06:11:11,657 [INFO] Processing [NPH] from 2026-05-06
2026-05-07 06:11:11,743 [INFO] Downloaded PDF NPH (78KB)
2026-05-07 06:11:11,743 [INFO] Downloaded PDF NPH (78KB)
2026-05-07 06:11:13,427 [ERROR] GLM failed for NPH: module 'zhipuai' has no attribute 'model_api'
2026-05-07 06:11:13,427 [ERROR] GLM failed for NPH: module 'zhipuai' has no attribute 'model_api'
2026-05-07 06:11:13,427 [WARNING] No categories for NPH
2026-05-07 06:11:13,427 [WARNING] No categories for NPH
2026-05-07 06:11:14,048 [INFO] Processing [NMU] from 2026-05-06
2026-05-07 06:11:14,048 [INFO] Processing [NMU] from 2026-05-06
2026-05-07 06:11:14,130 [INFO] Downloaded PDF NMU (78KB)
2026-05-07 06:11:14,130 [INFO] Downloaded PDF NMU (78KB)
2026-05-07 06:11:15,814 [ERROR] GLM failed for NMU: module 'zhipuai' has no attribute 'model_api'
2026-05-07 06:11:15,814 [ERROR] GLM failed for NMU: module 'zhipuai' has no attribute 'model_api'
2026-05-07 06:11:15,814 [WARNING] No categories for NMU
2026-05-07 06:11:15,814 [WARNING] No categories for NMU
2026-05-07 06:11:16,348 [INFO] Processing [NME] from 2026-05-06
2026-05-07 06:11:16,348 [INFO] Processing [NME] from 2026-05-06
2026-05-07 06:11:16,442 [INFO] Downloaded PDF NME (78KB)
2026-05-07 06:11:16,442 [INFO] Downloaded PDF NME (78KB)
2026-05-07 06:11:18,132 [ERROR] GLM failed for NME: module 'zhipuai' has no attribute 'model_api'
2026-05-07 06:11:18,132 [ERROR] GLM failed for NME: module 'zhipuai' has no attribute 'model_api'
2026-05-07 06:11:18,132 [WARNING] No categories for NME
2026-05-07 06:11:18,132 [WARNING] No categories for NME
2026-05-07 06:11:18,639 [INFO] Processing [AVT] from 2026-05-06
2026-05-07 06:11:18,639 [INFO] Processing [AVT] from 2026-05-06
2026-05-07 06:11:18,722 [INFO] Downloaded PDF AVT (77KB)
2026-05-07 06:11:18,722 [INFO] Downloaded PDF AVT (77KB)
2026-05-07 06:11:20,404 [ERROR] GLM failed for AVT: module 'zhipuai' has no attribute 'model_api'
2026-05-07 06:11:20,404 [ERROR] GLM failed for AVT: module 'zhipuai' has no attribute 'model_api'
2026-05-07 06:11:20,404 [WARNING] No categories for AVT
2026-05-07 06:11:20,404 [WARNING] No categories for AVT
2026-05-07 06:11:21,054 [INFO] Processing [MTH] from 2026-05-06
2026-05-07 06:11:21,054 [INFO] Processing [MTH] from 2026-05-06
2026-05-07 06:11:21,137 [INFO] Downloaded PDF MTH (78KB)
2026-05-07 06:11:21,137 [INFO] Downloaded PDF MTH (78KB)
2026-05-07 06:11:22,823 [ERROR] GLM failed for MTH: module 'zhipuai' has no attribute 'model_api'
2026-05-07 06:11:22,823 [ERROR] GLM failed for MTH: module 'zhipuai' has no attribute 'model_api'
2026-05-07 06:11:22,823 [WARNING] No categories for MTH
2026-05-07 06:11:22,823 [WARNING] No categories for MTH
2026-05-07 06:11:23,369 [INFO] Processing [MTH] from 2026-05-06
2026-05-07 06:11:23,369 [INFO] Processing [MTH] from 2026-05-06
2026-05-07 06:11:23,452 [INFO] Downloaded PDF MTH (78KB)
2026-05-07 06:11:23,452 [INFO] Downloaded PDF MTH (78KB)
2026-05-07 06:11:25,132 [ERROR] GLM failed for MTH: module 'zhipuai' has no attribute 'model_api'
2026-05-07 06:11:25,132 [ERROR] GLM failed for MTH: module 'zhipuai' has no attribute 'model_api'
2026-05-07 06:11:25,132 [WARNING] No categories for MTH
2026-05-07 06:11:25,132 [WARNING] No categories for MTH
2026-05-07 06:11:25,639 [INFO] Processing [NJR] from 2026-05-06
2026-05-07 06:11:25,639 [INFO] Processing [NJR] from 2026-05-06
2026-05-07 06:11:25,723 [INFO] Downloaded PDF NJR (77KB)
2026-05-07 06:11:25,723 [INFO] Downloaded PDF NJR (77KB)
2026-05-07 06:11:27,408 [ERROR] GLM failed for NJR: module 'zhipuai' has no attribute 'model_api'
2026-05-07 06:11:27,408 [ERROR] GLM failed for NJR: module 'zhipuai' has no attribute 'model_api'
2026-05-07 06:11:27,408 [WARNING] No categories for NJR
2026-05-07 06:11:27,408 [WARNING] No categories for NJR
2026-05-07 06:11:27,914 [INFO] Processing [NJF] from 2026-05-06
2026-05-07 06:11:27,914 [INFO] Processing [NJF] from 2026-05-06
2026-05-07 06:11:28,005 [INFO] Downloaded PDF NJF (77KB)
2026-05-07 06:11:28,005 [INFO] Downloaded PDF NJF (77KB)
2026-05-07 06:11:29,688 [ERROR] GLM failed for NJF: module 'zhipuai' has no attribute 'model_api'
2026-05-07 06:11:29,688 [ERROR] GLM failed for NJF: module 'zhipuai' has no attribute 'model_api'
2026-05-07 06:11:29,688 [WARNING] No categories for NJF
2026-05-07 06:11:29,688 [WARNING] No categories for NJF
2026-05-07 06:11:30,240 [INFO] Processing [NVP] from 2026-05-06
2026-05-07 06:11:30,240 [INFO] Processing [NVP] from 2026-05-06
2026-05-07 06:11:30,331 [INFO] Downloaded PDF NVP (78KB)
2026-05-07 06:11:30,331 [INFO] Downloaded PDF NVP (78KB)
2026-05-07 06:11:32,010 [ERROR] GLM failed for NVP: module 'zhipuai' has no attribute 'model_api'
2026-05-07 06:11:32,010 [ERROR] GLM failed for NVP: module 'zhipuai' has no attribute 'model_api'
2026-05-07 06:11:32,010 [WARNING] No categories for NVP
2026-05-07 06:11:32,010 [WARNING] No categories for NVP
2026-05-07 06:11:32,649 [INFO] Processing [TLH] from 2026-05-06
2026-05-07 06:11:32,649 [INFO] Processing [TLH] from 2026-05-06
2026-05-07 06:11:32,737 [INFO] Downloaded PDF TLH (77KB)
2026-05-07 06:11:32,737 [INFO] Downloaded PDF TLH (77KB)
2026-05-07 06:11:34,427 [ERROR] GLM failed for TLH: module 'zhipuai' has no attribute 'model_api'
2026-05-07 06:11:34,427 [ERROR] GLM failed for TLH: module 'zhipuai' has no attribute 'model_api'
2026-05-07 06:11:34,427 [WARNING] No categories for TLH
2026-05-07 06:11:34,427 [WARNING] No categories for TLH
2026-05-07 06:11:35,040 [INFO] Processing [KLI] from 2026-05-06
2026-05-07 06:11:35,040 [INFO] Processing [KLI] from 2026-05-06
2026-05-07 06:11:35,126 [INFO] Downloaded PDF KLI (77KB)
2026-05-07 06:11:35,126 [INFO] Downloaded PDF KLI (77KB)
2026-05-07 06:11:36,807 [ERROR] GLM failed for KLI: module 'zhipuai' has no attribute 'model_api'
2026-05-07 06:11:36,807 [ERROR] GLM failed for KLI: module 'zhipuai' has no attribute 'model_api'
2026-05-07 06:11:36,808 [WARNING] No categories for KLI
2026-05-07 06:11:36,808 [WARNING] No categories for KLI
2026-05-07 06:11:37,458 [INFO] Processing [ESP] from 2026-05-06
2026-05-07 06:11:37,458 [INFO] Processing [ESP] from 2026-05-06
2026-05-07 06:11:37,556 [INFO] Downloaded PDF ESP (77KB)
2026-05-07 06:11:37,556 [INFO] Downloaded PDF ESP (77KB)
2026-05-07 06:11:39,240 [ERROR] GLM failed for ESP: module 'zhipuai' has no attribute 'model_api'
2026-05-07 06:11:39,240 [ERROR] GLM failed for ESP: module 'zhipuai' has no attribute 'model_api'
2026-05-07 06:11:39,240 [WARNING] No categories for ESP
2026-05-07 06:11:39,240 [WARNING] No categories for ESP
2026-05-07 06:11:39,881 [INFO] Processing [DLN] from 2026-05-06
2026-05-07 06:11:39,881 [INFO] Processing [DLN] from 2026-05-06
2026-05-07 06:11:39,963 [INFO] Downloaded PDF DLN (77KB)
2026-05-07 06:11:39,963 [INFO] Downloaded PDF DLN (77KB)
2026-05-07 06:11:41,647 [ERROR] GLM failed for DLN: module 'zhipuai' has no attribute 'model_api'
2026-05-07 06:11:41,647 [ERROR] GLM failed for DLN: module 'zhipuai' has no attribute 'model_api'
2026-05-07 06:11:41,648 [WARNING] No categories for DLN
2026-05-07 06:11:41,648 [WARNING] No categories for DLN
2026-05-07 06:11:42,298 [INFO] Processing [KLI] from 2026-05-06
2026-05-07 06:11:42,298 [INFO] Processing [KLI] from 2026-05-06
2026-05-07 06:11:42,430 [INFO] Downloaded PDF KLI (77KB)
2026-05-07 06:11:42,430 [INFO] Downloaded PDF KLI (77KB)
2026-05-07 06:11:44,114 [ERROR] GLM failed for KLI: module 'zhipuai' has no attribute 'model_api'
2026-05-07 06:11:44,114 [ERROR] GLM failed for KLI: module 'zhipuai' has no attribute 'model_api'
2026-05-07 06:11:44,114 [WARNING] No categories for KLI
2026-05-07 06:11:44,114 [WARNING] No categories for KLI
2026-05-07 06:11:44,765 [INFO] Processing [TLY] from 2026-05-06
2026-05-07 06:11:44,765 [INFO] Processing [TLY] from 2026-05-06
2026-05-07 06:11:44,885 [INFO] Downloaded PDF TLY (77KB)
2026-05-07 06:11:44,885 [INFO] Downloaded PDF TLY (77KB)
2026-05-07 06:11:46,569 [ERROR] GLM failed for TLY: module 'zhipuai' has no attribute 'model_api'
2026-05-07 06:11:46,569 [ERROR] GLM failed for TLY: module 'zhipuai' has no attribute 'model_api'
2026-05-07 06:11:46,569 [WARNING] No categories for TLY
2026-05-07 06:11:46,569 [WARNING] No categories for TLY
2026-05-07 06:11:47,080 [INFO] Processing [TMM] from 2026-05-06
2026-05-07 06:11:47,080 [INFO] Processing [TMM] from 2026-05-06
2026-05-07 06:11:47,168 [INFO] Downloaded PDF TMM (77KB)
2026-05-07 06:11:47,168 [INFO] Downloaded PDF TMM (77KB)
2026-05-07 06:11:48,852 [ERROR] GLM failed for TMM: module 'zhipuai' has no attribute 'model_api'
2026-05-07 06:11:48,852 [ERROR] GLM failed for TMM: module 'zhipuai' has no attribute 'model_api'
2026-05-07 06:11:48,852 [WARNING] No categories for TMM
2026-05-07 06:11:48,852 [WARNING] No categories for TMM
2026-05-07 06:11:49,481 [INFO] Processing [TPR] from 2026-05-06
2026-05-07 06:11:49,481 [INFO] Processing [TPR] from 2026-05-06
2026-05-07 06:11:49,633 [INFO] Downloaded PDF TPR (77KB)
2026-05-07 06:11:49,633 [INFO] Downloaded PDF TPR (77KB)
2026-05-07 06:11:51,314 [ERROR] GLM failed for TPR: module 'zhipuai' has no attribute 'model_api'
2026-05-07 06:11:51,314 [ERROR] GLM failed for TPR: module 'zhipuai' has no attribute 'model_api'
2026-05-07 06:11:51,314 [WARNING] No categories for TPR
2026-05-07 06:11:51,314 [WARNING] No categories for TPR
2026-05-07 06:11:51,815 [INFO] Processing [THF] from 2026-05-06
2026-05-07 06:11:51,815 [INFO] Processing [THF] from 2026-05-06
2026-05-07 06:11:51,970 [INFO] Downloaded PDF THF (77KB)
2026-05-07 06:11:51,970 [INFO] Downloaded PDF THF (77KB)
2026-05-07 06:11:53,660 [ERROR] GLM failed for THF: module 'zhipuai' has no attribute 'model_api'
2026-05-07 06:11:53,660 [ERROR] GLM failed for THF: module 'zhipuai' has no attribute 'model_api'
2026-05-07 06:11:53,660 [WARNING] No categories for THF
2026-05-07 06:11:53,660 [WARNING] No categories for THF
2026-05-07 06:11:54,310 [INFO] Processing [ODV] from 2026-05-06
2026-05-07 06:11:54,310 [INFO] Processing [ODV] from 2026-05-06
2026-05-07 06:11:54,402 [INFO] Downloaded PDF ODV (77KB)
2026-05-07 06:11:54,402 [INFO] Downloaded PDF ODV (77KB)
2026-05-07 06:11:56,082 [ERROR] GLM failed for ODV: module 'zhipuai' has no attribute 'model_api'
2026-05-07 06:11:56,082 [ERROR] GLM failed for ODV: module 'zhipuai' has no attribute 'model_api'
2026-05-07 06:11:56,082 [WARNING] No categories for ODV
2026-05-07 06:11:56,082 [WARNING] No categories for ODV
2026-05-07 06:11:56,682 [INFO] Processing [KLI] from 2026-05-06
2026-05-07 06:11:56,682 [INFO] Processing [KLI] from 2026-05-06
2026-05-07 06:11:56,765 [INFO] Downloaded PDF KLI (77KB)
2026-05-07 06:11:56,765 [INFO] Downloaded PDF KLI (77KB)
2026-05-07 06:11:58,446 [ERROR] GLM failed for KLI: module 'zhipuai' has no attribute 'model_api'
2026-05-07 06:11:58,446 [ERROR] GLM failed for KLI: module 'zhipuai' has no attribute 'model_api'
2026-05-07 06:11:58,446 [WARNING] No categories for KLI
2026-05-07 06:11:58,446 [WARNING] No categories for KLI
2026-05-07 06:11:59,096 [INFO] Processing [THF] from 2026-05-06
2026-05-07 06:11:59,096 [INFO] Processing [THF] from 2026-05-06
2026-05-07 06:11:59,711 [INFO] Downloaded PDF THF (77KB)
2026-05-07 06:11:59,711 [INFO] Downloaded PDF THF (77KB)
2026-05-07 06:12:01,395 [ERROR] GLM failed for THF: module 'zhipuai' has no attribute 'model_api'
2026-05-07 06:12:01,395 [ERROR] GLM failed for THF: module 'zhipuai' has no attribute 'model_api'
2026-05-07 06:12:01,395 [WARNING] No categories for THF
2026-05-07 06:12:01,395 [WARNING] No categories for THF
2026-05-07 06:12:01,990 [INFO] Processing [AVT] from 2026-05-06
2026-05-07 06:12:01,990 [INFO] Processing [AVT] from 2026-05-06
2026-05-07 06:12:02,078 [INFO] Downloaded PDF AVT (77KB)
2026-05-07 06:12:02,078 [INFO] Downloaded PDF AVT (77KB)
2026-05-07 06:12:03,763 [ERROR] GLM failed for AVT: module 'zhipuai' has no attribute 'model_api'
2026-05-07 06:12:03,763 [ERROR] GLM failed for AVT: module 'zhipuai' has no attribute 'model_api'
2026-05-07 06:12:03,763 [WARNING] No categories for AVT
2026-05-07 06:12:03,763 [WARNING] No categories for AVT
2026-05-07 06:12:04,413 [INFO] Processing [KST] from 2026-05-06
2026-05-07 06:12:04,413 [INFO] Processing [KST] from 2026-05-06
2026-05-07 06:12:04,502 [INFO] Downloaded PDF KST (77KB)
2026-05-07 06:12:04,502 [INFO] Downloaded PDF KST (77KB)
2026-05-07 06:12:06,184 [ERROR] GLM failed for KST: module 'zhipuai' has no attribute 'model_api'
2026-05-07 06:12:06,184 [ERROR] GLM failed for KST: module 'zhipuai' has no attribute 'model_api'
2026-05-07 06:12:06,184 [WARNING] No categories for KST
2026-05-07 06:12:06,184 [WARNING] No categories for KST
2026-05-07 06:12:06,834 [INFO] Processing [KST] from 2026-05-06
2026-05-07 06:12:06,834 [INFO] Processing [KST] from 2026-05-06
2026-05-07 06:12:06,914 [INFO] Downloaded PDF KST (77KB)
2026-05-07 06:12:06,914 [INFO] Downloaded PDF KST (77KB)
2026-05-07 06:12:08,591 [ERROR] GLM failed for KST: module 'zhipuai' has no attribute 'model_api'
2026-05-07 06:12:08,591 [ERROR] GLM failed for KST: module 'zhipuai' has no attribute 'model_api'
2026-05-07 06:12:08,591 [WARNING] No categories for KST
2026-05-07 06:12:08,591 [WARNING] No categories for KST
2026-05-07 06:12:09,240 [INFO] Processing [LLA] from 2026-05-06
2026-05-07 06:12:09,240 [INFO] Processing [LLA] from 2026-05-06
2026-05-07 06:12:09,286 [WARNING] HTTP 429 for https://www.kap.org.tr/tr/api/BildirimPdf/1601548, retry 1/5 in 2s
2026-05-07 06:12:09,286 [WARNING] HTTP 429 for https://www.kap.org.tr/tr/api/BildirimPdf/1601548, retry 1/5 in 2s
2026-05-07 06:12:11,487 [WARNING] HTTP 429 for https://www.kap.org.tr/tr/api/BildirimPdf/1601548, retry 2/5 in 3s
2026-05-07 06:12:11,487 [WARNING] HTTP 429 for https://www.kap.org.tr/tr/api/BildirimPdf/1601548, retry 2/5 in 3s
2026-05-07 06:12:14,682 [WARNING] HTTP 429 for https://www.kap.org.tr/tr/api/BildirimPdf/1601548, retry 3/5 in 5s
2026-05-07 06:12:14,682 [WARNING] HTTP 429 for https://www.kap.org.tr/tr/api/BildirimPdf/1601548, retry 3/5 in 5s
2026-05-07 06:12:19,888 [WARNING] HTTP 429 for https://www.kap.org.tr/tr/api/BildirimPdf/1601548, retry 4/5 in 9s
2026-05-07 06:12:19,888 [WARNING] HTTP 429 for https://www.kap.org.tr/tr/api/BildirimPdf/1601548, retry 4/5 in 9s
2026-05-07 06:12:29,080 [WARNING] HTTP 429 for https://www.kap.org.tr/tr/api/BildirimPdf/1601548, retry 5/5 in 17s
2026-05-07 06:12:29,080 [WARNING] HTTP 429 for https://www.kap.org.tr/tr/api/BildirimPdf/1601548, retry 5/5 in 17s
2026-05-07 06:12:46,364 [WARNING] No attachment URL in disclosure 1601548
2026-05-07 06:12:46,364 [WARNING] No attachment URL in disclosure 1601548
2026-05-07 06:12:46,366 [INFO] Processing [AVT] from 2026-05-06
2026-05-07 06:12:46,366 [INFO] Processing [AVT] from 2026-05-06
2026-05-07 06:12:46,413 [WARNING] HTTP 429 for https://www.kap.org.tr/tr/api/BildirimPdf/1601538, retry 1/5 in 2s
2026-05-07 06:12:46,413 [WARNING] HTTP 429 for https://www.kap.org.tr/tr/api/BildirimPdf/1601538, retry 1/5 in 2s
2026-05-07 06:12:48,613 [WARNING] HTTP 429 for https://www.kap.org.tr/tr/api/BildirimPdf/1601538, retry 2/5 in 3s
2026-05-07 06:12:48,613 [WARNING] HTTP 429 for https://www.kap.org.tr/tr/api/BildirimPdf/1601538, retry 2/5 in 3s
2026-05-07 06:12:51,813 [WARNING] HTTP 429 for https://www.kap.org.tr/tr/api/BildirimPdf/1601538, retry 3/5 in 5s
2026-05-07 06:12:51,813 [WARNING] HTTP 429 for https://www.kap.org.tr/tr/api/BildirimPdf/1601538, retry 3/5 in 5s
2026-05-07 06:12:57,008 [WARNING] HTTP 429 for https://www.kap.org.tr/tr/api/BildirimPdf/1601538, retry 4/5 in 9s
2026-05-07 06:12:57,008 [WARNING] HTTP 429 for https://www.kap.org.tr/tr/api/BildirimPdf/1601538, retry 4/5 in 9s
2026-05-07 06:13:06,206 [WARNING] HTTP 429 for https://www.kap.org.tr/tr/api/BildirimPdf/1601538, retry 5/5 in 17s
2026-05-07 06:13:06,206 [WARNING] HTTP 429 for https://www.kap.org.tr/tr/api/BildirimPdf/1601538, retry 5/5 in 17s
2026-05-07 06:13:23,475 [WARNING] No attachment URL in disclosure 1601538
2026-05-07 06:13:23,475 [WARNING] No attachment URL in disclosure 1601538
2026-05-07 06:13:23,477 [INFO] Processing [IHZ] from 2026-05-06
2026-05-07 06:13:23,477 [INFO] Processing [IHZ] from 2026-05-06
2026-05-07 06:13:23,526 [WARNING] HTTP 429 for https://www.kap.org.tr/tr/api/BildirimPdf/1601533, retry 1/5 in 2s
2026-05-07 06:13:23,526 [WARNING] HTTP 429 for https://www.kap.org.tr/tr/api/BildirimPdf/1601533, retry 1/5 in 2s
2026-05-07 06:13:25,713 [WARNING] HTTP 429 for https://www.kap.org.tr/tr/api/BildirimPdf/1601533, retry 2/5 in 3s
2026-05-07 06:13:25,713 [WARNING] HTTP 429 for https://www.kap.org.tr/tr/api/BildirimPdf/1601533, retry 2/5 in 3s
2026-05-07 06:13:28,909 [WARNING] HTTP 429 for https://www.kap.org.tr/tr/api/BildirimPdf/1601533, retry 3/5 in 5s
2026-05-07 06:13:28,909 [WARNING] HTTP 429 for https://www.kap.org.tr/tr/api/BildirimPdf/1601533, retry 3/5 in 5s
2026-05-07 06:13:34,106 [WARNING] HTTP 429 for https://www.kap.org.tr/tr/api/BildirimPdf/1601533, retry 4/5 in 9s
2026-05-07 06:13:34,106 [WARNING] HTTP 429 for https://www.kap.org.tr/tr/api/BildirimPdf/1601533, retry 4/5 in 9s
2026-05-07 06:13:43,303 [WARNING] HTTP 429 for https://www.kap.org.tr/tr/api/BildirimPdf/1601533, retry 5/5 in 17s
2026-05-07 06:13:43,303 [WARNING] HTTP 429 for https://www.kap.org.tr/tr/api/BildirimPdf/1601533, retry 5/5 in 17s
2026-05-07 06:14:00,636 [WARNING] No attachment URL in disclosure 1601533
2026-05-07 06:14:00,636 [WARNING] No attachment URL in disclosure 1601533
2026-05-07 06:14:00,641 [INFO] Processing [TPR] from 2026-05-06
2026-05-07 06:14:00,641 [INFO] Processing [TPR] from 2026-05-06
2026-05-07 06:14:00,691 [WARNING] HTTP 429 for https://www.kap.org.tr/tr/api/BildirimPdf/1601532, retry 1/5 in 2s
2026-05-07 06:14:00,691 [WARNING] HTTP 429 for https://www.kap.org.tr/tr/api/BildirimPdf/1601532, retry 1/5 in 2s
2026-05-07 06:14:02,887 [WARNING] HTTP 429 for https://www.kap.org.tr/tr/api/BildirimPdf/1601532, retry 2/5 in 3s
2026-05-07 06:14:02,887 [WARNING] HTTP 429 for https://www.kap.org.tr/tr/api/BildirimPdf/1601532, retry 2/5 in 3s
2026-05-07 06:14:06,233 [WARNING] HTTP 429 for https://www.kap.org.tr/tr/api/BildirimPdf/1601532, retry 3/5 in 5s
2026-05-07 06:14:06,233 [WARNING] HTTP 429 for https://www.kap.org.tr/tr/api/BildirimPdf/1601532, retry 3/5 in 5s
2026-05-07 06:14:11,428 [WARNING] HTTP 429 for https://www.kap.org.tr/tr/api/BildirimPdf/1601532, retry 4/5 in 9s
2026-05-07 06:14:11,428 [WARNING] HTTP 429 for https://www.kap.org.tr/tr/api/BildirimPdf/1601532, retry 4/5 in 9s
2026-05-07 06:14:20,626 [WARNING] HTTP 429 for https://www.kap.org.tr/tr/api/BildirimPdf/1601532, retry 5/5 in 17s
2026-05-07 06:14:20,626 [WARNING] HTTP 429 for https://www.kap.org.tr/tr/api/BildirimPdf/1601532, retry 5/5 in 17s
2026-05-07 06:14:37,904 [WARNING] No attachment URL in disclosure 1601532
2026-05-07 06:14:37,904 [WARNING] No attachment URL in disclosure 1601532
2026-05-07 06:14:37,906 [INFO] Processing [IHA] from 2026-05-06
2026-05-07 06:14:37,906 [INFO] Processing [IHA] from 2026-05-06
2026-05-07 06:14:37,952 [WARNING] HTTP 429 for https://www.kap.org.tr/tr/api/BildirimPdf/1601531, retry 1/5 in 2s
2026-05-07 06:14:37,952 [WARNING] HTTP 429 for https://www.kap.org.tr/tr/api/BildirimPdf/1601531, retry 1/5 in 2s
2026-05-07 06:14:40,146 [WARNING] HTTP 429 for https://www.kap.org.tr/tr/api/BildirimPdf/1601531, retry 2/5 in 3s
2026-05-07 06:14:40,146 [WARNING] HTTP 429 for https://www.kap.org.tr/tr/api/BildirimPdf/1601531, retry 2/5 in 3s
2026-05-07 06:14:43,343 [WARNING] HTTP 429 for https://www.kap.org.tr/tr/api/BildirimPdf/1601531, retry 3/5 in 5s
2026-05-07 06:14:43,343 [WARNING] HTTP 429 for https://www.kap.org.tr/tr/api/BildirimPdf/1601531, retry 3/5 in 5s
2026-05-07 06:14:48,543 [WARNING] HTTP 429 for https://www.kap.org.tr/tr/api/BildirimPdf/1601531, retry 4/5 in 9s
2026-05-07 06:14:48,543 [WARNING] HTTP 429 for https://www.kap.org.tr/tr/api/BildirimPdf/1601531, retry 4/5 in 9s
2026-05-07 06:14:57,735 [WARNING] HTTP 429 for https://www.kap.org.tr/tr/api/BildirimPdf/1601531, retry 5/5 in 17s
2026-05-07 06:14:57,735 [WARNING] HTTP 429 for https://www.kap.org.tr/tr/api/BildirimPdf/1601531, retry 5/5 in 17s
2026-05-07 06:15:15,292 [WARNING] No attachment URL in disclosure 1601531
2026-05-07 06:15:15,292 [WARNING] No attachment URL in disclosure 1601531
2026-05-07 06:15:15,294 [INFO] Processing [KLI] from 2026-05-06
2026-05-07 06:15:15,294 [INFO] Processing [KLI] from 2026-05-06
2026-05-07 06:15:15,385 [INFO] Downloaded PDF KLI (77KB)
2026-05-07 06:15:15,385 [INFO] Downloaded PDF KLI (77KB)
2026-05-07 06:15:17,061 [ERROR] GLM failed for KLI: module 'zhipuai' has no attribute 'model_api'
2026-05-07 06:15:17,061 [ERROR] GLM failed for KLI: module 'zhipuai' has no attribute 'model_api'
2026-05-07 06:15:17,061 [WARNING] No categories for KLI
2026-05-07 06:15:17,061 [WARNING] No categories for KLI
2026-05-07 06:15:17,712 [INFO] Processing [GIH] from 2026-05-06
2026-05-07 06:15:17,712 [INFO] Processing [GIH] from 2026-05-06
2026-05-07 06:15:17,805 [INFO] Downloaded PDF GIH (77KB)
2026-05-07 06:15:17,805 [INFO] Downloaded PDF GIH (77KB)
2026-05-07 06:15:19,487 [ERROR] GLM failed for GIH: module 'zhipuai' has no attribute 'model_api'
2026-05-07 06:15:19,487 [ERROR] GLM failed for GIH: module 'zhipuai' has no attribute 'model_api'
2026-05-07 06:15:19,487 [WARNING] No categories for GIH
2026-05-07 06:15:19,487 [WARNING] No categories for GIH
2026-05-07 06:15:20,137 [INFO] Processing [IHA] from 2026-05-06
2026-05-07 06:15:20,137 [INFO] Processing [IHA] from 2026-05-06
2026-05-07 06:15:20,234 [INFO] Downloaded PDF IHA (77KB)
2026-05-07 06:15:20,234 [INFO] Downloaded PDF IHA (77KB)
2026-05-07 06:15:21,916 [ERROR] GLM failed for IHA: module 'zhipuai' has no attribute 'model_api'
2026-05-07 06:15:21,916 [ERROR] GLM failed for IHA: module 'zhipuai' has no attribute 'model_api'
2026-05-07 06:15:21,916 [WARNING] No categories for IHA
2026-05-07 06:15:21,916 [WARNING] No categories for IHA
2026-05-07 06:15:22,437 [INFO] Processing [BFE] from 2026-05-06
2026-05-07 06:15:22,437 [INFO] Processing [BFE] from 2026-05-06
2026-05-07 06:15:23,082 [INFO] Downloaded PDF BFE (77KB)
2026-05-07 06:15:23,082 [INFO] Downloaded PDF BFE (77KB)
2026-05-07 06:15:24,756 [ERROR] GLM failed for BFE: module 'zhipuai' has no attribute 'model_api'
2026-05-07 06:15:24,756 [ERROR] GLM failed for BFE: module 'zhipuai' has no attribute 'model_api'
2026-05-07 06:15:24,756 [WARNING] No categories for BFE
2026-05-07 06:15:24,756 [WARNING] No categories for BFE
2026-05-07 06:15:25,263 [INFO] Processing [AS1] from 2026-05-06
2026-05-07 06:15:25,263 [INFO] Processing [AS1] from 2026-05-06
2026-05-07 06:15:25,349 [INFO] Downloaded PDF AS1 (77KB)
2026-05-07 06:15:25,349 [INFO] Downloaded PDF AS1 (77KB)
2026-05-07 06:15:27,034 [ERROR] GLM failed for AS1: module 'zhipuai' has no attribute 'model_api'
2026-05-07 06:15:27,034 [ERROR] GLM failed for AS1: module 'zhipuai' has no attribute 'model_api'
2026-05-07 06:15:27,034 [WARNING] No categories for AS1
2026-05-07 06:15:27,034 [WARNING] No categories for AS1
2026-05-07 06:15:27,662 [INFO] Processing [TPR] from 2026-05-06
2026-05-07 06:15:27,662 [INFO] Processing [TPR] from 2026-05-06
2026-05-07 06:15:28,306 [INFO] Downloaded PDF TPR (77KB)
2026-05-07 06:15:28,306 [INFO] Downloaded PDF TPR (77KB)
2026-05-07 06:15:29,978 [ERROR] GLM failed for TPR: module 'zhipuai' has no attribute 'model_api'
2026-05-07 06:15:29,978 [ERROR] GLM failed for TPR: module 'zhipuai' has no attribute 'model_api'
2026-05-07 06:15:29,978 [WARNING] No categories for TPR
2026-05-07 06:15:29,978 [WARNING] No categories for TPR
2026-05-07 06:15:31,536 [ERROR] SB UPSERT system_status → 409: {"code":"23505","details":"Key (key)=(last_kap_portfolio_cron) already exists.","hint":null,"message":"duplicate key value violates unique constraint \"system_status_pkey\""}
2026-05-07 06:15:31,536 [ERROR] SB UPSERT system_status → 409: {"code":"23505","details":"Key (key)=(last_kap_portfolio_cron) already exists.","hint":null,"message":"duplicate key value violates unique constraint \"system_status_pkey\""}
2026-05-07 06:15:31,539 [INFO] Done: 0 ✓ / 171 ✗
2026-05-07 06:15:31,539 [INFO] Done: 0 ✓ / 171 ✗
2026-05-07 06:15:31,539 [INFO] ============================================================
2026-05-07 06:15:31,539 [INFO] ============================================================
2026-05-08 06:00:00,433 [INFO] ============================================================
2026-05-08 06:00:00,433 [INFO] ============================================================
2026-05-08 06:00:00,434 [INFO] KAP Daily Pipeline started
2026-05-08 06:00:00,434 [INFO] KAP Daily Pipeline started
2026-05-08 06:00:00,434 [INFO] Resuming from last run: 2026-05-07T06:00:01.181246
2026-05-08 06:00:00,434 [INFO] Resuming from last run: 2026-05-07T06:00:01.181246
2026-05-08 06:00:00,614 [INFO] KAP discovered 84 portfolio disclosures in 2026-05-07 → 2026-05-08
2026-05-08 06:00:00,614 [INFO] KAP discovered 84 portfolio disclosures in 2026-05-07 → 2026-05-08
2026-05-08 06:00:02,390 [INFO] Loaded 1599 fund name entries
2026-05-08 06:00:02,390 [INFO] Loaded 1599 fund name entries
2026-05-08 06:00:02,390 [INFO]   [UCP] Portföy Dağılım Raporu
2026-05-08 06:00:02,390 [INFO]   [UCP] Portföy Dağılım Raporu
2026-05-08 06:00:02,390 [INFO]   [KLI] Portföy Dağılım Raporu
2026-05-08 06:00:02,390 [INFO]   [KLI] Portföy Dağılım Raporu
2026-05-08 06:00:02,392 [INFO]   [TPR] Portföy Dağılım Raporu
2026-05-08 06:00:02,392 [INFO]   [TPR] Portföy Dağılım Raporu
2026-05-08 06:00:02,393 [INFO]   [TAR] Portföy Dağılım Raporu
2026-05-08 06:00:02,393 [INFO]   [TAR] Portföy Dağılım Raporu
2026-05-08 06:00:02,394 [INFO]   [SER] Portföy Dağılım Raporu
2026-05-08 06:00:02,394 [INFO]   [SER] Portföy Dağılım Raporu
2026-05-08 06:00:02,394 [INFO]   [TPR] Portföy Dağılım Raporu
2026-05-08 06:00:02,394 [INFO]   [TPR] Portföy Dağılım Raporu
2026-05-08 06:00:02,395 [INFO]   [MPE] Portföy Dağılım Raporu
2026-05-08 06:00:02,395 [INFO]   [MPE] Portföy Dağılım Raporu
2026-05-08 06:00:02,395 [INFO]   [AVT] Portföy Dağılım Raporu
2026-05-08 06:00:02,395 [INFO]   [AVT] Portföy Dağılım Raporu
2026-05-08 06:00:02,395 [INFO]   [MPE] Portföy Dağılım Raporu
2026-05-08 06:00:02,395 [INFO]   [MPE] Portföy Dağılım Raporu
2026-05-08 06:00:02,395 [INFO]   [ITV] Portföy Dağılım Raporu
2026-05-08 06:00:02,395 [INFO]   [ITV] Portföy Dağılım Raporu
2026-05-08 06:00:02,395 [INFO]   [ADE] Portföy Dağılım Raporu
2026-05-08 06:00:02,395 [INFO]   [ADE] Portföy Dağılım Raporu
2026-05-08 06:00:02,398 [INFO]   [TPR] Portföy Dağılım Raporu
2026-05-08 06:00:02,398 [INFO]   [TPR] Portföy Dağılım Raporu
2026-05-08 06:00:02,399 [INFO]   [TPR] Portföy Dağılım Raporu
2026-05-08 06:00:02,399 [INFO]   [TPR] Portföy Dağılım Raporu
2026-05-08 06:00:02,400 [INFO]   [PCN] Portföy Dağılım Raporu
2026-05-08 06:00:02,400 [INFO]   [PCN] Portföy Dağılım Raporu
2026-05-08 06:00:02,400 [INFO]   [TTA] Portföy Dağılım Raporu
2026-05-08 06:00:02,400 [INFO]   [TTA] Portföy Dağılım Raporu
2026-05-08 06:00:02,400 [INFO]   [PPP] Portföy Dağılım Raporu
2026-05-08 06:00:02,400 [INFO]   [PPP] Portföy Dağılım Raporu
2026-05-08 06:00:02,400 [INFO]   [BS1] Portföy Dağılım Raporu
2026-05-08 06:00:02,400 [INFO]   [BS1] Portföy Dağılım Raporu
2026-05-08 06:00:02,400 [INFO]   [PTP] Portföy Dağılım Raporu
2026-05-08 06:00:02,400 [INFO]   [PTP] Portföy Dağılım Raporu
2026-05-08 06:00:02,400 [INFO]   [AL6] Portföy Dağılım Raporu
2026-05-08 06:00:02,400 [INFO]   [AL6] Portföy Dağılım Raporu
2026-05-08 06:00:02,400 [INFO]   [URD] Portföy Dağılım Raporu
2026-05-08 06:00:02,400 [INFO]   [URD] Portföy Dağılım Raporu
2026-05-08 06:00:02,401 [INFO]   [AVT] Portföy Dağılım Raporu
2026-05-08 06:00:02,401 [INFO]   [AVT] Portföy Dağılım Raporu
2026-05-08 06:00:02,401 [INFO]   [RBV] Portföy Dağılım Raporu
2026-05-08 06:00:02,401 [INFO]   [RBV] Portföy Dağılım Raporu
2026-05-08 06:00:02,401 [INFO]   [RBV] Portföy Dağılım Raporu
2026-05-08 06:00:02,401 [INFO]   [RBV] Portföy Dağılım Raporu
2026-05-08 06:00:02,401 [INFO]   [RBT] Portföy Dağılım Raporu
2026-05-08 06:00:02,401 [INFO]   [RBT] Portföy Dağılım Raporu
2026-05-08 06:00:02,401 [INFO]   [URD] Portföy Dağılım Raporu
2026-05-08 06:00:02,401 [INFO]   [URD] Portföy Dağılım Raporu
2026-05-08 06:00:02,401 [INFO]   [RBH] Portföy Dağılım Raporu
2026-05-08 06:00:02,401 [INFO]   [RBH] Portföy Dağılım Raporu
2026-05-08 06:00:02,401 [INFO]   [RBA] Portföy Dağılım Raporu
2026-05-08 06:00:02,401 [INFO]   [RBA] Portföy Dağılım Raporu
2026-05-08 06:00:02,401 [INFO]   [PVK] Portföy Dağılım Raporu
2026-05-08 06:00:02,401 [INFO]   [PVK] Portföy Dağılım Raporu
2026-05-08 06:00:02,401 [INFO]   [MPE] Portföy Dağılım Raporu
2026-05-08 06:00:02,401 [INFO]   [MPE] Portföy Dağılım Raporu
2026-05-08 06:00:02,401 [INFO]   [MJE] Portföy Dağılım Raporu
2026-05-08 06:00:02,401 [INFO]   [MJE] Portföy Dağılım Raporu
2026-05-08 06:00:02,401 [INFO]   [URD] Portföy Dağılım Raporu
2026-05-08 06:00:02,401 [INFO]   [URD] Portföy Dağılım Raporu
2026-05-08 06:00:02,401 [INFO]   [URD] Portföy Dağılım Raporu
2026-05-08 06:00:02,401 [INFO]   [URD] Portföy Dağılım Raporu
2026-05-08 06:00:02,401 [INFO]   [KAC] Portföy Dağılım Raporu
2026-05-08 06:00:02,401 [INFO]   [KAC] Portföy Dağılım Raporu
2026-05-08 06:00:02,401 [INFO]   [HFY] Portföy Dağılım Raporu
2026-05-08 06:00:02,401 [INFO]   [HFY] Portföy Dağılım Raporu
2026-05-08 06:00:02,402 [INFO]   [RBV] Portföy Dağılım Raporu
2026-05-08 06:00:02,402 [INFO]   [RBV] Portföy Dağılım Raporu
2026-05-08 06:00:02,402 [INFO]   [AL6] Portföy Dağılım Raporu
2026-05-08 06:00:02,402 [INFO]   [AL6] Portföy Dağılım Raporu
2026-05-08 06:00:02,402 [INFO]   [AL5] Portföy Dağılım Raporu
2026-05-08 06:00:02,402 [INFO]   [AL5] Portföy Dağılım Raporu
2026-05-08 06:00:02,402 [INFO]   [AVT] Portföy Dağılım Raporu
2026-05-08 06:00:02,402 [INFO]   [AVT] Portföy Dağılım Raporu
2026-05-08 06:00:02,402 [INFO]   [SVB] Portföy Dağılım Raporu
2026-05-08 06:00:02,402 [INFO]   [SVB] Portföy Dağılım Raporu
2026-05-08 06:00:02,402 [INFO]   [ST1] Portföy Dağılım Raporu
2026-05-08 06:00:02,402 [INFO]   [ST1] Portföy Dağılım Raporu
2026-05-08 06:00:02,402 [INFO]   [ST1] Portföy Dağılım Raporu
2026-05-08 06:00:02,402 [INFO]   [ST1] Portföy Dağılım Raporu
2026-05-08 06:00:02,403 [INFO]   [IJB] Portföy Dağılım Raporu
2026-05-08 06:00:02,403 [INFO]   [IJB] Portföy Dağılım Raporu
2026-05-08 06:00:02,404 [INFO]   [IKP] Portföy Dağılım Raporu
2026-05-08 06:00:02,404 [INFO]   [IKP] Portföy Dağılım Raporu
2026-05-08 06:00:02,404 [INFO]   [TPR] Portföy Dağılım Raporu
2026-05-08 06:00:02,404 [INFO]   [TPR] Portföy Dağılım Raporu
2026-05-08 06:00:02,405 [INFO]   [IKL] Portföy Dağılım Raporu
2026-05-08 06:00:02,405 [INFO]   [IKL] Portföy Dağılım Raporu
2026-05-08 06:00:02,405 [INFO]   [IDH] Portföy Dağılım Raporu
2026-05-08 06:00:02,405 [INFO]   [IDH] Portföy Dağılım Raporu
2026-05-08 06:00:02,406 [INFO]   [FP4] Portföy Dağılım Raporu
2026-05-08 06:00:02,406 [INFO]   [FP4] Portföy Dağılım Raporu
2026-05-08 06:00:02,407 [INFO]   [GO6] Portföy Dağılım Raporu
2026-05-08 06:00:02,407 [INFO]   [GO6] Portföy Dağılım Raporu
2026-05-08 06:00:02,407 [INFO]   [GO3] Portföy Dağılım Raporu
2026-05-08 06:00:02,407 [INFO]   [GO3] Portföy Dağılım Raporu
2026-05-08 06:00:02,407 [INFO]   [GO3] Portföy Dağılım Raporu
2026-05-08 06:00:02,407 [INFO]   [GO3] Portföy Dağılım Raporu
2026-05-08 06:00:02,407 [INFO]   [FS3] Portföy Dağılım Raporu
2026-05-08 06:00:02,407 [INFO]   [FS3] Portföy Dağılım Raporu
2026-05-08 06:00:02,407 [INFO]   [GO1] Portföy Dağılım Raporu
2026-05-08 06:00:02,407 [INFO]   [GO1] Portföy Dağılım Raporu
2026-05-08 06:00:02,407 [INFO]   [FTL] Portföy Dağılım Raporu
2026-05-08 06:00:02,407 [INFO]   [FTL] Portföy Dağılım Raporu
2026-05-08 06:00:02,407 [INFO]   [FS5] Portföy Dağılım Raporu
2026-05-08 06:00:02,407 [INFO]   [FS5] Portföy Dağılım Raporu
2026-05-08 06:00:02,407 [INFO]   [FS5] Portföy Dağılım Raporu
2026-05-08 06:00:02,407 [INFO]   [FS5] Portföy Dağılım Raporu
2026-05-08 06:00:02,407 [INFO]   [FS3] Portföy Dağılım Raporu
2026-05-08 06:00:02,407 [INFO]   [FS3] Portföy Dağılım Raporu
2026-05-08 06:00:02,407 [INFO]   [FAL] Portföy Dağılım Raporu
2026-05-08 06:00:02,407 [INFO]   [FAL] Portföy Dağılım Raporu
2026-05-08 06:00:02,408 [INFO]   [IIF] Portföy Dağılım Raporu
2026-05-08 06:00:02,408 [INFO]   [IIF] Portföy Dağılım Raporu
2026-05-08 06:00:02,408 [INFO]   [MPE] Portföy Dağılım Raporu
2026-05-08 06:00:02,408 [INFO]   [MPE] Portföy Dağılım Raporu
2026-05-08 06:00:02,408 [INFO]   [MPE] Portföy Dağılım Raporu
2026-05-08 06:00:02,408 [INFO]   [MPE] Portföy Dağılım Raporu
2026-05-08 06:00:02,408 [INFO]   [SHU] Portföy Dağılım Raporu
2026-05-08 06:00:02,408 [INFO]   [SHU] Portföy Dağılım Raporu
2026-05-08 06:00:02,408 [INFO] Processing 61 new disclosures...
2026-05-08 06:00:02,408 [INFO] Processing 61 new disclosures...
2026-05-08 06:00:02,409 [INFO] Processing [UCP] from 2026-05-07
2026-05-08 06:00:02,409 [INFO] Processing [UCP] from 2026-05-07
2026-05-08 06:00:02,487 [INFO] Downloaded PDF UCP (78KB)
2026-05-08 06:00:02,487 [INFO] Downloaded PDF UCP (78KB)
2026-05-08 06:00:04,426 [ERROR] GLM failed for UCP: module 'zhipuai' has no attribute 'model_api'
2026-05-08 06:00:04,426 [ERROR] GLM failed for UCP: module 'zhipuai' has no attribute 'model_api'
2026-05-08 06:00:04,427 [WARNING] No categories for UCP
2026-05-08 06:00:04,427 [WARNING] No categories for UCP
2026-05-08 06:00:04,962 [INFO] Processing [KLI] from 2026-05-07
2026-05-08 06:00:04,962 [INFO] Processing [KLI] from 2026-05-07
2026-05-08 06:00:05,059 [INFO] Downloaded PDF KLI (78KB)
2026-05-08 06:00:05,059 [INFO] Downloaded PDF KLI (78KB)
2026-05-08 06:00:06,738 [ERROR] GLM failed for KLI: module 'zhipuai' has no attribute 'model_api'
2026-05-08 06:00:06,738 [ERROR] GLM failed for KLI: module 'zhipuai' has no attribute 'model_api'
2026-05-08 06:00:06,738 [WARNING] No categories for KLI
2026-05-08 06:00:06,738 [WARNING] No categories for KLI
2026-05-08 06:00:07,379 [INFO] Processing [TPR] from 2026-05-07
2026-05-08 06:00:07,379 [INFO] Processing [TPR] from 2026-05-07
2026-05-08 06:00:07,462 [INFO] Downloaded PDF TPR (78KB)
2026-05-08 06:00:07,462 [INFO] Downloaded PDF TPR (78KB)
2026-05-08 06:00:09,146 [ERROR] GLM failed for TPR: module 'zhipuai' has no attribute 'model_api'
2026-05-08 06:00:09,146 [ERROR] GLM failed for TPR: module 'zhipuai' has no attribute 'model_api'
2026-05-08 06:00:09,146 [WARNING] No categories for TPR
2026-05-08 06:00:09,146 [WARNING] No categories for TPR
2026-05-08 06:00:09,713 [INFO] Processing [TAR] from 2026-05-07
2026-05-08 06:00:09,713 [INFO] Processing [TAR] from 2026-05-07
2026-05-08 06:00:09,814 [INFO] Downloaded PDF TAR (78KB)
2026-05-08 06:00:09,814 [INFO] Downloaded PDF TAR (78KB)
2026-05-08 06:00:11,496 [ERROR] GLM failed for TAR: module 'zhipuai' has no attribute 'model_api'
2026-05-08 06:00:11,496 [ERROR] GLM failed for TAR: module 'zhipuai' has no attribute 'model_api'
2026-05-08 06:00:11,496 [WARNING] No categories for TAR
2026-05-08 06:00:11,496 [WARNING] No categories for TAR
2026-05-08 06:00:12,013 [INFO] Processing [SER] from 2026-05-07
2026-05-08 06:00:12,013 [INFO] Processing [SER] from 2026-05-07
2026-05-08 06:00:12,104 [INFO] Downloaded PDF SER (78KB)
2026-05-08 06:00:12,104 [INFO] Downloaded PDF SER (78KB)
2026-05-08 06:00:13,777 [ERROR] GLM failed for SER: module 'zhipuai' has no attribute 'model_api'
2026-05-08 06:00:13,777 [ERROR] GLM failed for SER: module 'zhipuai' has no attribute 'model_api'
2026-05-08 06:00:13,777 [WARNING] No categories for SER
2026-05-08 06:00:13,777 [WARNING] No categories for SER
2026-05-08 06:00:14,427 [INFO] Processing [TPR] from 2026-05-07
2026-05-08 06:00:14,427 [INFO] Processing [TPR] from 2026-05-07
2026-05-08 06:00:14,510 [INFO] Downloaded PDF TPR (78KB)
2026-05-08 06:00:14,510 [INFO] Downloaded PDF TPR (78KB)
2026-05-08 06:00:16,195 [ERROR] GLM failed for TPR: module 'zhipuai' has no attribute 'model_api'
2026-05-08 06:00:16,195 [ERROR] GLM failed for TPR: module 'zhipuai' has no attribute 'model_api'
2026-05-08 06:00:16,195 [WARNING] No categories for TPR
2026-05-08 06:00:16,195 [WARNING] No categories for TPR
2026-05-08 06:00:16,745 [INFO] Processing [MPE] from 2026-05-07
2026-05-08 06:00:16,745 [INFO] Processing [MPE] from 2026-05-07
2026-05-08 06:00:16,836 [INFO] Downloaded PDF MPE (78KB)
2026-05-08 06:00:16,836 [INFO] Downloaded PDF MPE (78KB)
2026-05-08 06:00:18,518 [ERROR] GLM failed for MPE: module 'zhipuai' has no attribute 'model_api'
2026-05-08 06:00:18,518 [ERROR] GLM failed for MPE: module 'zhipuai' has no attribute 'model_api'
2026-05-08 06:00:18,518 [WARNING] No categories for MPE
2026-05-08 06:00:18,518 [WARNING] No categories for MPE
2026-05-08 06:00:19,155 [INFO] Processing [AVT] from 2026-05-07
2026-05-08 06:00:19,155 [INFO] Processing [AVT] from 2026-05-07
2026-05-08 06:00:19,236 [INFO] Downloaded PDF AVT (78KB)
2026-05-08 06:00:19,236 [INFO] Downloaded PDF AVT (78KB)
2026-05-08 06:00:20,921 [ERROR] GLM failed for AVT: module 'zhipuai' has no attribute 'model_api'
2026-05-08 06:00:20,921 [ERROR] GLM failed for AVT: module 'zhipuai' has no attribute 'model_api'
2026-05-08 06:00:20,921 [WARNING] No categories for AVT
2026-05-08 06:00:20,921 [WARNING] No categories for AVT
2026-05-08 06:00:21,464 [INFO] Processing [MPE] from 2026-05-07
2026-05-08 06:00:21,464 [INFO] Processing [MPE] from 2026-05-07
2026-05-08 06:00:21,552 [INFO] Downloaded PDF MPE (78KB)
2026-05-08 06:00:21,552 [INFO] Downloaded PDF MPE (78KB)
2026-05-08 06:00:23,204 [ERROR] GLM failed for MPE: module 'zhipuai' has no attribute 'model_api'
2026-05-08 06:00:23,204 [ERROR] GLM failed for MPE: module 'zhipuai' has no attribute 'model_api'
2026-05-08 06:00:23,204 [WARNING] No categories for MPE
2026-05-08 06:00:23,204 [WARNING] No categories for MPE
2026-05-08 06:00:23,764 [INFO] Processing [ITV] from 2026-05-07
2026-05-08 06:00:23,764 [INFO] Processing [ITV] from 2026-05-07
2026-05-08 06:00:23,862 [INFO] Downloaded PDF ITV (78KB)
2026-05-08 06:00:23,862 [INFO] Downloaded PDF ITV (78KB)
2026-05-08 06:00:25,541 [ERROR] GLM failed for ITV: module 'zhipuai' has no attribute 'model_api'
2026-05-08 06:00:25,541 [ERROR] GLM failed for ITV: module 'zhipuai' has no attribute 'model_api'
2026-05-08 06:00:25,541 [WARNING] No categories for ITV
2026-05-08 06:00:25,541 [WARNING] No categories for ITV
2026-05-08 06:00:26,189 [INFO] Processing [ADE] from 2026-05-07
2026-05-08 06:00:26,189 [INFO] Processing [ADE] from 2026-05-07
2026-05-08 06:00:26,280 [INFO] Downloaded PDF ADE (78KB)
2026-05-08 06:00:26,280 [INFO] Downloaded PDF ADE (78KB)
2026-05-08 06:00:27,963 [ERROR] GLM failed for ADE: module 'zhipuai' has no attribute 'model_api'
2026-05-08 06:00:27,963 [ERROR] GLM failed for ADE: module 'zhipuai' has no attribute 'model_api'
2026-05-08 06:00:27,964 [WARNING] No categories for ADE
2026-05-08 06:00:27,964 [WARNING] No categories for ADE
2026-05-08 06:00:28,485 [INFO] Processing [TPR] from 2026-05-07
2026-05-08 06:00:28,485 [INFO] Processing [TPR] from 2026-05-07
2026-05-08 06:00:28,570 [INFO] Downloaded PDF TPR (78KB)
2026-05-08 06:00:28,570 [INFO] Downloaded PDF TPR (78KB)
2026-05-08 06:00:30,195 [ERROR] GLM failed for TPR: module 'zhipuai' has no attribute 'model_api'
2026-05-08 06:00:30,195 [ERROR] GLM failed for TPR: module 'zhipuai' has no attribute 'model_api'
2026-05-08 06:00:30,195 [WARNING] No categories for TPR
2026-05-08 06:00:30,195 [WARNING] No categories for TPR
2026-05-08 06:00:30,697 [INFO] Processing [TPR] from 2026-05-07
2026-05-08 06:00:30,697 [INFO] Processing [TPR] from 2026-05-07
2026-05-08 06:00:30,798 [INFO] Downloaded PDF TPR (78KB)
2026-05-08 06:00:30,798 [INFO] Downloaded PDF TPR (78KB)
2026-05-08 06:00:32,474 [ERROR] GLM failed for TPR: module 'zhipuai' has no attribute 'model_api'
2026-05-08 06:00:32,474 [ERROR] GLM failed for TPR: module 'zhipuai' has no attribute 'model_api'
2026-05-08 06:00:32,474 [WARNING] No categories for TPR
2026-05-08 06:00:32,474 [WARNING] No categories for TPR
2026-05-08 06:00:32,989 [INFO] Processing [PCN] from 2026-05-07
2026-05-08 06:00:32,989 [INFO] Processing [PCN] from 2026-05-07
2026-05-08 06:00:33,078 [INFO] Downloaded PDF PCN (78KB)
2026-05-08 06:00:33,078 [INFO] Downloaded PDF PCN (78KB)
2026-05-08 06:00:34,751 [ERROR] GLM failed for PCN: module 'zhipuai' has no attribute 'model_api'
2026-05-08 06:00:34,751 [ERROR] GLM failed for PCN: module 'zhipuai' has no attribute 'model_api'
2026-05-08 06:00:34,751 [WARNING] No categories for PCN
2026-05-08 06:00:34,751 [WARNING] No categories for PCN
2026-05-08 06:00:35,256 [INFO] Processing [TTA] from 2026-05-07
2026-05-08 06:00:35,256 [INFO] Processing [TTA] from 2026-05-07
2026-05-08 06:00:35,359 [INFO] Downloaded PDF TTA (78KB)
2026-05-08 06:00:35,359 [INFO] Downloaded PDF TTA (78KB)
2026-05-08 06:00:37,039 [ERROR] GLM failed for TTA: module 'zhipuai' has no attribute 'model_api'
2026-05-08 06:00:37,039 [ERROR] GLM failed for TTA: module 'zhipuai' has no attribute 'model_api'
2026-05-08 06:00:37,039 [WARNING] No categories for TTA
2026-05-08 06:00:37,039 [WARNING] No categories for TTA
2026-05-08 06:00:37,689 [INFO] Processing [PPP] from 2026-05-07
2026-05-08 06:00:37,689 [INFO] Processing [PPP] from 2026-05-07
2026-05-08 06:00:37,779 [INFO] Downloaded PDF PPP (78KB)
2026-05-08 06:00:37,779 [INFO] Downloaded PDF PPP (78KB)
2026-05-08 06:00:39,461 [ERROR] GLM failed for PPP: module 'zhipuai' has no attribute 'model_api'
2026-05-08 06:00:39,461 [ERROR] GLM failed for PPP: module 'zhipuai' has no attribute 'model_api'
2026-05-08 06:00:39,461 [WARNING] No categories for PPP
2026-05-08 06:00:39,461 [WARNING] No categories for PPP
2026-05-08 06:00:40,023 [INFO] Processing [BS1] from 2026-05-07
2026-05-08 06:00:40,023 [INFO] Processing [BS1] from 2026-05-07
2026-05-08 06:00:40,105 [INFO] Downloaded PDF BS1 (77KB)
2026-05-08 06:00:40,105 [INFO] Downloaded PDF BS1 (77KB)
2026-05-08 06:00:41,791 [ERROR] GLM failed for BS1: module 'zhipuai' has no attribute 'model_api'
2026-05-08 06:00:41,791 [ERROR] GLM failed for BS1: module 'zhipuai' has no attribute 'model_api'
2026-05-08 06:00:41,791 [WARNING] No categories for BS1
2026-05-08 06:00:41,791 [WARNING] No categories for BS1
2026-05-08 06:00:42,441 [INFO] Processing [PTP] from 2026-05-07
2026-05-08 06:00:42,441 [INFO] Processing [PTP] from 2026-05-07
2026-05-08 06:00:42,551 [INFO] Downloaded PDF PTP (77KB)
2026-05-08 06:00:42,551 [INFO] Downloaded PDF PTP (77KB)
2026-05-08 06:00:44,218 [ERROR] GLM failed for PTP: module 'zhipuai' has no attribute 'model_api'
2026-05-08 06:00:44,218 [ERROR] GLM failed for PTP: module 'zhipuai' has no attribute 'model_api'
2026-05-08 06:00:44,219 [WARNING] No categories for PTP
2026-05-08 06:00:44,219 [WARNING] No categories for PTP
2026-05-08 06:00:44,823 [INFO] Processing [AL6] from 2026-05-07
2026-05-08 06:00:44,823 [INFO] Processing [AL6] from 2026-05-07
2026-05-08 06:00:44,908 [INFO] Downloaded PDF AL6 (78KB)
2026-05-08 06:00:44,908 [INFO] Downloaded PDF AL6 (78KB)
2026-05-08 06:00:46,553 [ERROR] GLM failed for AL6: module 'zhipuai' has no attribute 'model_api'
2026-05-08 06:00:46,553 [ERROR] GLM failed for AL6: module 'zhipuai' has no attribute 'model_api'
2026-05-08 06:00:46,553 [WARNING] No categories for AL6
2026-05-08 06:00:46,553 [WARNING] No categories for AL6
2026-05-08 06:00:47,056 [INFO] Processing [URD] from 2026-05-07
2026-05-08 06:00:47,056 [INFO] Processing [URD] from 2026-05-07
2026-05-08 06:00:47,139 [INFO] Downloaded PDF URD (78KB)
2026-05-08 06:00:47,139 [INFO] Downloaded PDF URD (78KB)
2026-05-08 06:00:48,821 [ERROR] GLM failed for URD: module 'zhipuai' has no attribute 'model_api'
2026-05-08 06:00:48,821 [ERROR] GLM failed for URD: module 'zhipuai' has no attribute 'model_api'
2026-05-08 06:00:48,821 [WARNING] No categories for URD
2026-05-08 06:00:48,821 [WARNING] No categories for URD
2026-05-08 06:00:49,471 [INFO] Processing [AVT] from 2026-05-07
2026-05-08 06:00:49,471 [INFO] Processing [AVT] from 2026-05-07
2026-05-08 06:00:49,575 [INFO] Downloaded PDF AVT (78KB)
2026-05-08 06:00:49,575 [INFO] Downloaded PDF AVT (78KB)
2026-05-08 06:00:51,256 [ERROR] GLM failed for AVT: module 'zhipuai' has no attribute 'model_api'
2026-05-08 06:00:51,256 [ERROR] GLM failed for AVT: module 'zhipuai' has no attribute 'model_api'
2026-05-08 06:00:51,256 [WARNING] No categories for AVT
2026-05-08 06:00:51,256 [WARNING] No categories for AVT
2026-05-08 06:00:51,856 [INFO] Processing [RBV] from 2026-05-07
2026-05-08 06:00:51,856 [INFO] Processing [RBV] from 2026-05-07
2026-05-08 06:00:51,943 [INFO] Downloaded PDF RBV (78KB)
2026-05-08 06:00:51,943 [INFO] Downloaded PDF RBV (78KB)
2026-05-08 06:00:53,628 [ERROR] GLM failed for RBV: module 'zhipuai' has no attribute 'model_api'
2026-05-08 06:00:53,628 [ERROR] GLM failed for RBV: module 'zhipuai' has no attribute 'model_api'
2026-05-08 06:00:53,629 [WARNING] No categories for RBV
2026-05-08 06:00:53,629 [WARNING] No categories for RBV
2026-05-08 06:00:54,279 [INFO] Processing [RBV] from 2026-05-07
2026-05-08 06:00:54,279 [INFO] Processing [RBV] from 2026-05-07
2026-05-08 06:00:54,363 [INFO] Downloaded PDF RBV (78KB)
2026-05-08 06:00:54,363 [INFO] Downloaded PDF RBV (78KB)
2026-05-08 06:00:56,046 [ERROR] GLM failed for RBV: module 'zhipuai' has no attribute 'model_api'
2026-05-08 06:00:56,046 [ERROR] GLM failed for RBV: module 'zhipuai' has no attribute 'model_api'
2026-05-08 06:00:56,046 [WARNING] No categories for RBV
2026-05-08 06:00:56,046 [WARNING] No categories for RBV
2026-05-08 06:00:56,690 [INFO] Processing [RBT] from 2026-05-07
2026-05-08 06:00:56,690 [INFO] Processing [RBT] from 2026-05-07
2026-05-08 06:00:56,770 [INFO] Downloaded PDF RBT (78KB)
2026-05-08 06:00:56,770 [INFO] Downloaded PDF RBT (78KB)
2026-05-08 06:00:58,458 [ERROR] GLM failed for RBT: module 'zhipuai' has no attribute 'model_api'
2026-05-08 06:00:58,458 [ERROR] GLM failed for RBT: module 'zhipuai' has no attribute 'model_api'
2026-05-08 06:00:58,458 [WARNING] No categories for RBT
2026-05-08 06:00:58,458 [WARNING] No categories for RBT
2026-05-08 06:00:59,104 [INFO] Processing [URD] from 2026-05-07
2026-05-08 06:00:59,104 [INFO] Processing [URD] from 2026-05-07
2026-05-08 06:00:59,183 [INFO] Downloaded PDF URD (78KB)
2026-05-08 06:00:59,183 [INFO] Downloaded PDF URD (78KB)
2026-05-08 06:01:00,859 [ERROR] GLM failed for URD: module 'zhipuai' has no attribute 'model_api'
2026-05-08 06:01:00,859 [ERROR] GLM failed for URD: module 'zhipuai' has no attribute 'model_api'
2026-05-08 06:01:00,859 [WARNING] No categories for URD
2026-05-08 06:01:00,859 [WARNING] No categories for URD
2026-05-08 06:01:01,386 [INFO] Processing [RBH] from 2026-05-07
2026-05-08 06:01:01,386 [INFO] Processing [RBH] from 2026-05-07
2026-05-08 06:01:01,514 [INFO] Downloaded PDF RBH (78KB)
2026-05-08 06:01:01,514 [INFO] Downloaded PDF RBH (78KB)
2026-05-08 06:01:03,201 [ERROR] GLM failed for RBH: module 'zhipuai' has no attribute 'model_api'
2026-05-08 06:01:03,201 [ERROR] GLM failed for RBH: module 'zhipuai' has no attribute 'model_api'
2026-05-08 06:01:03,201 [WARNING] No categories for RBH
2026-05-08 06:01:03,201 [WARNING] No categories for RBH
2026-05-08 06:01:03,828 [INFO] Processing [RBA] from 2026-05-07
2026-05-08 06:01:03,828 [INFO] Processing [RBA] from 2026-05-07
2026-05-08 06:01:03,903 [INFO] Downloaded PDF RBA (78KB)
2026-05-08 06:01:03,903 [INFO] Downloaded PDF RBA (78KB)
2026-05-08 06:01:05,590 [ERROR] GLM failed for RBA: module 'zhipuai' has no attribute 'model_api'
2026-05-08 06:01:05,590 [ERROR] GLM failed for RBA: module 'zhipuai' has no attribute 'model_api'
2026-05-08 06:01:05,590 [WARNING] No categories for RBA
2026-05-08 06:01:05,590 [WARNING] No categories for RBA
2026-05-08 06:01:06,148 [INFO] Processing [PVK] from 2026-05-07
2026-05-08 06:01:06,148 [INFO] Processing [PVK] from 2026-05-07
2026-05-08 06:01:06,229 [INFO] Downloaded PDF PVK (78KB)
2026-05-08 06:01:06,229 [INFO] Downloaded PDF PVK (78KB)
2026-05-08 06:01:07,929 [ERROR] GLM failed for PVK: module 'zhipuai' has no attribute 'model_api'
2026-05-08 06:01:07,929 [ERROR] GLM failed for PVK: module 'zhipuai' has no attribute 'model_api'
2026-05-08 06:01:07,929 [WARNING] No categories for PVK
2026-05-08 06:01:07,929 [WARNING] No categories for PVK
2026-05-08 06:01:08,580 [INFO] Processing [MPE] from 2026-05-07
2026-05-08 06:01:08,580 [INFO] Processing [MPE] from 2026-05-07
2026-05-08 06:01:08,662 [INFO] Downloaded PDF MPE (78KB)
2026-05-08 06:01:08,662 [INFO] Downloaded PDF MPE (78KB)
2026-05-08 06:01:10,348 [ERROR] GLM failed for MPE: module 'zhipuai' has no attribute 'model_api'
2026-05-08 06:01:10,348 [ERROR] GLM failed for MPE: module 'zhipuai' has no attribute 'model_api'
2026-05-08 06:01:10,349 [WARNING] No categories for MPE
2026-05-08 06:01:10,349 [WARNING] No categories for MPE
2026-05-08 06:01:10,931 [INFO] Processing [MJE] from 2026-05-07
2026-05-08 06:01:10,931 [INFO] Processing [MJE] from 2026-05-07
2026-05-08 06:01:11,013 [INFO] Downloaded PDF MJE (78KB)
2026-05-08 06:01:11,013 [INFO] Downloaded PDF MJE (78KB)
2026-05-08 06:01:12,689 [ERROR] GLM failed for MJE: module 'zhipuai' has no attribute 'model_api'
2026-05-08 06:01:12,689 [ERROR] GLM failed for MJE: module 'zhipuai' has no attribute 'model_api'
2026-05-08 06:01:12,689 [WARNING] No categories for MJE
2026-05-08 06:01:12,689 [WARNING] No categories for MJE
2026-05-08 06:01:13,286 [INFO] Processing [URD] from 2026-05-07
2026-05-08 06:01:13,286 [INFO] Processing [URD] from 2026-05-07
2026-05-08 06:01:13,374 [INFO] Downloaded PDF URD (78KB)
2026-05-08 06:01:13,374 [INFO] Downloaded PDF URD (78KB)
2026-05-08 06:01:15,060 [ERROR] GLM failed for URD: module 'zhipuai' has no attribute 'model_api'
2026-05-08 06:01:15,060 [ERROR] GLM failed for URD: module 'zhipuai' has no attribute 'model_api'
2026-05-08 06:01:15,060 [WARNING] No categories for URD
2026-05-08 06:01:15,060 [WARNING] No categories for URD
2026-05-08 06:01:15,690 [INFO] Processing [URD] from 2026-05-07
2026-05-08 06:01:15,690 [INFO] Processing [URD] from 2026-05-07
2026-05-08 06:01:15,768 [INFO] Downloaded PDF URD (78KB)
2026-05-08 06:01:15,768 [INFO] Downloaded PDF URD (78KB)
2026-05-08 06:01:17,419 [ERROR] GLM failed for URD: module 'zhipuai' has no attribute 'model_api'
2026-05-08 06:01:17,419 [ERROR] GLM failed for URD: module 'zhipuai' has no attribute 'model_api'
2026-05-08 06:01:17,419 [WARNING] No categories for URD
2026-05-08 06:01:17,419 [WARNING] No categories for URD
2026-05-08 06:01:18,041 [INFO] Processing [KAC] from 2026-05-07
2026-05-08 06:01:18,041 [INFO] Processing [KAC] from 2026-05-07
2026-05-08 06:01:18,122 [INFO] Downloaded PDF KAC (78KB)
2026-05-08 06:01:18,122 [INFO] Downloaded PDF KAC (78KB)
2026-05-08 06:01:19,806 [ERROR] GLM failed for KAC: module 'zhipuai' has no attribute 'model_api'
2026-05-08 06:01:19,806 [ERROR] GLM failed for KAC: module 'zhipuai' has no attribute 'model_api'
2026-05-08 06:01:19,807 [WARNING] No categories for KAC
2026-05-08 06:01:19,807 [WARNING] No categories for KAC
2026-05-08 06:01:20,381 [INFO] Processing [HFY] from 2026-05-07
2026-05-08 06:01:20,381 [INFO] Processing [HFY] from 2026-05-07
2026-05-08 06:01:20,474 [INFO] Downloaded PDF HFY (78KB)
2026-05-08 06:01:20,474 [INFO] Downloaded PDF HFY (78KB)
2026-05-08 06:01:22,162 [ERROR] GLM failed for HFY: module 'zhipuai' has no attribute 'model_api'
2026-05-08 06:01:22,162 [ERROR] GLM failed for HFY: module 'zhipuai' has no attribute 'model_api'
2026-05-08 06:01:22,162 [WARNING] No categories for HFY
2026-05-08 06:01:22,162 [WARNING] No categories for HFY
2026-05-08 06:01:22,813 [INFO] Processing [RBV] from 2026-05-07
2026-05-08 06:01:22,813 [INFO] Processing [RBV] from 2026-05-07
2026-05-08 06:01:22,894 [INFO] Downloaded PDF RBV (78KB)
2026-05-08 06:01:22,894 [INFO] Downloaded PDF RBV (78KB)
2026-05-08 06:01:24,578 [ERROR] GLM failed for RBV: module 'zhipuai' has no attribute 'model_api'
2026-05-08 06:01:24,578 [ERROR] GLM failed for RBV: module 'zhipuai' has no attribute 'model_api'
2026-05-08 06:01:24,578 [WARNING] No categories for RBV
2026-05-08 06:01:24,578 [WARNING] No categories for RBV
2026-05-08 06:01:25,131 [INFO] Processing [AL6] from 2026-05-07
2026-05-08 06:01:25,131 [INFO] Processing [AL6] from 2026-05-07
2026-05-08 06:01:25,216 [INFO] Downloaded PDF AL6 (78KB)
2026-05-08 06:01:25,216 [INFO] Downloaded PDF AL6 (78KB)
2026-05-08 06:01:26,901 [ERROR] GLM failed for AL6: module 'zhipuai' has no attribute 'model_api'
2026-05-08 06:01:26,901 [ERROR] GLM failed for AL6: module 'zhipuai' has no attribute 'model_api'
2026-05-08 06:01:26,901 [WARNING] No categories for AL6
2026-05-08 06:01:26,901 [WARNING] No categories for AL6
2026-05-08 06:01:27,506 [INFO] Processing [AL5] from 2026-05-07
2026-05-08 06:01:27,506 [INFO] Processing [AL5] from 2026-05-07
2026-05-08 06:01:27,585 [INFO] Downloaded PDF AL5 (78KB)
2026-05-08 06:01:27,585 [INFO] Downloaded PDF AL5 (78KB)
2026-05-08 06:01:29,269 [ERROR] GLM failed for AL5: module 'zhipuai' has no attribute 'model_api'
2026-05-08 06:01:29,269 [ERROR] GLM failed for AL5: module 'zhipuai' has no attribute 'model_api'
2026-05-08 06:01:29,269 [WARNING] No categories for AL5
2026-05-08 06:01:29,269 [WARNING] No categories for AL5
2026-05-08 06:01:29,798 [INFO] Processing [AVT] from 2026-05-07
2026-05-08 06:01:29,798 [INFO] Processing [AVT] from 2026-05-07
2026-05-08 06:01:29,876 [INFO] Downloaded PDF AVT (78KB)
2026-05-08 06:01:29,876 [INFO] Downloaded PDF AVT (78KB)
2026-05-08 06:01:31,562 [ERROR] GLM failed for AVT: module 'zhipuai' has no attribute 'model_api'
2026-05-08 06:01:31,562 [ERROR] GLM failed for AVT: module 'zhipuai' has no attribute 'model_api'
2026-05-08 06:01:31,562 [WARNING] No categories for AVT
2026-05-08 06:01:31,562 [WARNING] No categories for AVT
2026-05-08 06:01:32,181 [INFO] Processing [SVB] from 2026-05-07
2026-05-08 06:01:32,181 [INFO] Processing [SVB] from 2026-05-07
2026-05-08 06:01:32,261 [INFO] Downloaded PDF SVB (77KB)
2026-05-08 06:01:32,261 [INFO] Downloaded PDF SVB (77KB)
2026-05-08 06:01:33,940 [ERROR] GLM failed for SVB: module 'zhipuai' has no attribute 'model_api'
2026-05-08 06:01:33,940 [ERROR] GLM failed for SVB: module 'zhipuai' has no attribute 'model_api'
2026-05-08 06:01:33,940 [WARNING] No categories for SVB
2026-05-08 06:01:33,940 [WARNING] No categories for SVB
2026-05-08 06:01:34,487 [INFO] Processing [ST1] from 2026-05-07
2026-05-08 06:01:34,487 [INFO] Processing [ST1] from 2026-05-07
2026-05-08 06:01:34,568 [INFO] Downloaded PDF ST1 (77KB)
2026-05-08 06:01:34,568 [INFO] Downloaded PDF ST1 (77KB)
2026-05-08 06:01:36,248 [ERROR] GLM failed for ST1: module 'zhipuai' has no attribute 'model_api'
2026-05-08 06:01:36,248 [ERROR] GLM failed for ST1: module 'zhipuai' has no attribute 'model_api'
2026-05-08 06:01:36,248 [WARNING] No categories for ST1
2026-05-08 06:01:36,248 [WARNING] No categories for ST1
2026-05-08 06:01:36,748 [INFO] Processing [ST1] from 2026-05-07
2026-05-08 06:01:36,748 [INFO] Processing [ST1] from 2026-05-07
2026-05-08 06:01:36,831 [INFO] Downloaded PDF ST1 (77KB)
2026-05-08 06:01:36,831 [INFO] Downloaded PDF ST1 (77KB)
2026-05-08 06:01:38,514 [ERROR] GLM failed for ST1: module 'zhipuai' has no attribute 'model_api'
2026-05-08 06:01:38,514 [ERROR] GLM failed for ST1: module 'zhipuai' has no attribute 'model_api'
2026-05-08 06:01:38,515 [WARNING] No categories for ST1
2026-05-08 06:01:38,515 [WARNING] No categories for ST1
2026-05-08 06:01:39,023 [INFO] Processing [IJB] from 2026-05-07
2026-05-08 06:01:39,023 [INFO] Processing [IJB] from 2026-05-07
2026-05-08 06:01:39,107 [INFO] Downloaded PDF IJB (77KB)
2026-05-08 06:01:39,107 [INFO] Downloaded PDF IJB (77KB)
2026-05-08 06:01:40,789 [ERROR] GLM failed for IJB: module 'zhipuai' has no attribute 'model_api'
2026-05-08 06:01:40,789 [ERROR] GLM failed for IJB: module 'zhipuai' has no attribute 'model_api'
2026-05-08 06:01:40,789 [WARNING] No categories for IJB
2026-05-08 06:01:40,789 [WARNING] No categories for IJB
2026-05-08 06:01:41,357 [INFO] Processing [IKP] from 2026-05-07
2026-05-08 06:01:41,357 [INFO] Processing [IKP] from 2026-05-07
2026-05-08 06:01:41,433 [INFO] Downloaded PDF IKP (77KB)
2026-05-08 06:01:41,433 [INFO] Downloaded PDF IKP (77KB)
2026-05-08 06:01:43,115 [ERROR] GLM failed for IKP: module 'zhipuai' has no attribute 'model_api'
2026-05-08 06:01:43,115 [ERROR] GLM failed for IKP: module 'zhipuai' has no attribute 'model_api'
2026-05-08 06:01:43,115 [WARNING] No categories for IKP
2026-05-08 06:01:43,115 [WARNING] No categories for IKP
2026-05-08 06:01:43,690 [INFO] Processing [TPR] from 2026-05-07
2026-05-08 06:01:43,690 [INFO] Processing [TPR] from 2026-05-07
2026-05-08 06:01:43,786 [INFO] Downloaded PDF TPR (77KB)
2026-05-08 06:01:43,786 [INFO] Downloaded PDF TPR (77KB)
2026-05-08 06:01:45,469 [ERROR] GLM failed for TPR: module 'zhipuai' has no attribute 'model_api'
2026-05-08 06:01:45,469 [ERROR] GLM failed for TPR: module 'zhipuai' has no attribute 'model_api'
2026-05-08 06:01:45,469 [WARNING] No categories for TPR
2026-05-08 06:01:45,469 [WARNING] No categories for TPR
2026-05-08 06:01:46,119 [INFO] Processing [IKL] from 2026-05-07
2026-05-08 06:01:46,119 [INFO] Processing [IKL] from 2026-05-07
2026-05-08 06:01:46,200 [INFO] Downloaded PDF IKL (77KB)
2026-05-08 06:01:46,200 [INFO] Downloaded PDF IKL (77KB)
2026-05-08 06:01:47,885 [ERROR] GLM failed for IKL: module 'zhipuai' has no attribute 'model_api'
2026-05-08 06:01:47,885 [ERROR] GLM failed for IKL: module 'zhipuai' has no attribute 'model_api'
2026-05-08 06:01:47,885 [WARNING] No categories for IKL
2026-05-08 06:01:47,885 [WARNING] No categories for IKL
2026-05-08 06:01:48,386 [INFO] Processing [IDH] from 2026-05-07
2026-05-08 06:01:48,386 [INFO] Processing [IDH] from 2026-05-07
2026-05-08 06:01:48,478 [INFO] Downloaded PDF IDH (77KB)
2026-05-08 06:01:48,478 [INFO] Downloaded PDF IDH (77KB)
2026-05-08 06:01:50,158 [ERROR] GLM failed for IDH: module 'zhipuai' has no attribute 'model_api'
2026-05-08 06:01:50,158 [ERROR] GLM failed for IDH: module 'zhipuai' has no attribute 'model_api'
2026-05-08 06:01:50,158 [WARNING] No categories for IDH
2026-05-08 06:01:50,158 [WARNING] No categories for IDH
2026-05-08 06:01:50,773 [INFO] Processing [FP4] from 2026-05-07
2026-05-08 06:01:50,773 [INFO] Processing [FP4] from 2026-05-07
2026-05-08 06:01:50,858 [INFO] Downloaded PDF FP4 (77KB)
2026-05-08 06:01:50,858 [INFO] Downloaded PDF FP4 (77KB)
2026-05-08 06:01:52,532 [ERROR] GLM failed for FP4: module 'zhipuai' has no attribute 'model_api'
2026-05-08 06:01:52,532 [ERROR] GLM failed for FP4: module 'zhipuai' has no attribute 'model_api'
2026-05-08 06:01:52,532 [WARNING] No categories for FP4
2026-05-08 06:01:52,532 [WARNING] No categories for FP4
2026-05-08 06:01:53,115 [INFO] Processing [GO6] from 2026-05-07
2026-05-08 06:01:53,115 [INFO] Processing [GO6] from 2026-05-07
2026-05-08 06:01:53,196 [INFO] Downloaded PDF GO6 (77KB)
2026-05-08 06:01:53,196 [INFO] Downloaded PDF GO6 (77KB)
2026-05-08 06:01:54,877 [ERROR] GLM failed for GO6: module 'zhipuai' has no attribute 'model_api'
2026-05-08 06:01:54,877 [ERROR] GLM failed for GO6: module 'zhipuai' has no attribute 'model_api'
2026-05-08 06:01:54,878 [WARNING] No categories for GO6
2026-05-08 06:01:54,878 [WARNING] No categories for GO6
2026-05-08 06:01:55,415 [INFO] Processing [GO3] from 2026-05-07
2026-05-08 06:01:55,415 [INFO] Processing [GO3] from 2026-05-07
2026-05-08 06:01:55,495 [INFO] Downloaded PDF GO3 (77KB)
2026-05-08 06:01:55,495 [INFO] Downloaded PDF GO3 (77KB)
2026-05-08 06:01:57,178 [ERROR] GLM failed for GO3: module 'zhipuai' has no attribute 'model_api'
2026-05-08 06:01:57,178 [ERROR] GLM failed for GO3: module 'zhipuai' has no attribute 'model_api'
2026-05-08 06:01:57,178 [WARNING] No categories for GO3
2026-05-08 06:01:57,178 [WARNING] No categories for GO3
2026-05-08 06:01:57,686 [INFO] Processing [GO3] from 2026-05-07
2026-05-08 06:01:57,686 [INFO] Processing [GO3] from 2026-05-07
2026-05-08 06:01:57,765 [INFO] Downloaded PDF GO3 (77KB)
2026-05-08 06:01:57,765 [INFO] Downloaded PDF GO3 (77KB)
2026-05-08 06:01:59,420 [ERROR] GLM failed for GO3: module 'zhipuai' has no attribute 'model_api'
2026-05-08 06:01:59,420 [ERROR] GLM failed for GO3: module 'zhipuai' has no attribute 'model_api'
2026-05-08 06:01:59,421 [WARNING] No categories for GO3
2026-05-08 06:01:59,421 [WARNING] No categories for GO3
2026-05-08 06:02:00,032 [INFO] Processing [FS3] from 2026-05-07
2026-05-08 06:02:00,032 [INFO] Processing [FS3] from 2026-05-07
2026-05-08 06:02:00,077 [WARNING] HTTP 429 for https://www.kap.org.tr/tr/api/BildirimPdf/1602248, retry 1/5 in 2s
2026-05-08 06:02:00,077 [WARNING] HTTP 429 for https://www.kap.org.tr/tr/api/BildirimPdf/1602248, retry 1/5 in 2s
2026-05-08 06:02:02,274 [WARNING] HTTP 429 for https://www.kap.org.tr/tr/api/BildirimPdf/1602248, retry 2/5 in 3s
2026-05-08 06:02:02,274 [WARNING] HTTP 429 for https://www.kap.org.tr/tr/api/BildirimPdf/1602248, retry 2/5 in 3s
2026-05-08 06:02:05,460 [WARNING] HTTP 429 for https://www.kap.org.tr/tr/api/BildirimPdf/1602248, retry 3/5 in 5s
2026-05-08 06:02:05,460 [WARNING] HTTP 429 for https://www.kap.org.tr/tr/api/BildirimPdf/1602248, retry 3/5 in 5s
2026-05-08 06:02:10,659 [WARNING] HTTP 429 for https://www.kap.org.tr/tr/api/BildirimPdf/1602248, retry 4/5 in 9s
2026-05-08 06:02:10,659 [WARNING] HTTP 429 for https://www.kap.org.tr/tr/api/BildirimPdf/1602248, retry 4/5 in 9s
2026-05-08 06:02:19,855 [WARNING] HTTP 429 for https://www.kap.org.tr/tr/api/BildirimPdf/1602248, retry 5/5 in 17s
2026-05-08 06:02:19,855 [WARNING] HTTP 429 for https://www.kap.org.tr/tr/api/BildirimPdf/1602248, retry 5/5 in 17s
2026-05-08 06:02:37,047 [WARNING] No attachment URL in disclosure 1602248
2026-05-08 06:02:37,047 [WARNING] No attachment URL in disclosure 1602248
2026-05-08 06:02:37,050 [INFO] Processing [GO1] from 2026-05-07
2026-05-08 06:02:37,050 [INFO] Processing [GO1] from 2026-05-07
2026-05-08 06:02:37,093 [WARNING] HTTP 429 for https://www.kap.org.tr/tr/api/BildirimPdf/1602247, retry 1/5 in 2s
2026-05-08 06:02:37,093 [WARNING] HTTP 429 for https://www.kap.org.tr/tr/api/BildirimPdf/1602247, retry 1/5 in 2s
2026-05-08 06:02:39,280 [WARNING] HTTP 429 for https://www.kap.org.tr/tr/api/BildirimPdf/1602247, retry 2/5 in 3s
2026-05-08 06:02:39,280 [WARNING] HTTP 429 for https://www.kap.org.tr/tr/api/BildirimPdf/1602247, retry 2/5 in 3s
2026-05-08 06:02:42,472 [WARNING] HTTP 429 for https://www.kap.org.tr/tr/api/BildirimPdf/1602247, retry 3/5 in 5s
2026-05-08 06:02:42,472 [WARNING] HTTP 429 for https://www.kap.org.tr/tr/api/BildirimPdf/1602247, retry 3/5 in 5s
2026-05-08 06:02:47,670 [WARNING] HTTP 429 for https://www.kap.org.tr/tr/api/BildirimPdf/1602247, retry 4/5 in 9s
2026-05-08 06:02:47,670 [WARNING] HTTP 429 for https://www.kap.org.tr/tr/api/BildirimPdf/1602247, retry 4/5 in 9s
2026-05-08 06:02:56,866 [WARNING] HTTP 429 for https://www.kap.org.tr/tr/api/BildirimPdf/1602247, retry 5/5 in 17s
2026-05-08 06:02:56,866 [WARNING] HTTP 429 for https://www.kap.org.tr/tr/api/BildirimPdf/1602247, retry 5/5 in 17s
2026-05-08 06:03:14,074 [WARNING] No attachment URL in disclosure 1602247
2026-05-08 06:03:14,074 [WARNING] No attachment URL in disclosure 1602247
2026-05-08 06:03:14,076 [INFO] Processing [FTL] from 2026-05-07
2026-05-08 06:03:14,076 [INFO] Processing [FTL] from 2026-05-07
2026-05-08 06:03:14,122 [WARNING] HTTP 429 for https://www.kap.org.tr/tr/api/BildirimPdf/1602246, retry 1/5 in 2s
2026-05-08 06:03:14,122 [WARNING] HTTP 429 for https://www.kap.org.tr/tr/api/BildirimPdf/1602246, retry 1/5 in 2s
2026-05-08 06:03:16,318 [WARNING] HTTP 429 for https://www.kap.org.tr/tr/api/BildirimPdf/1602246, retry 2/5 in 3s
2026-05-08 06:03:16,318 [WARNING] HTTP 429 for https://www.kap.org.tr/tr/api/BildirimPdf/1602246, retry 2/5 in 3s
2026-05-08 06:03:19,505 [WARNING] HTTP 429 for https://www.kap.org.tr/tr/api/BildirimPdf/1602246, retry 3/5 in 5s
2026-05-08 06:03:19,505 [WARNING] HTTP 429 for https://www.kap.org.tr/tr/api/BildirimPdf/1602246, retry 3/5 in 5s
2026-05-08 06:03:24,688 [WARNING] HTTP 429 for https://www.kap.org.tr/tr/api/BildirimPdf/1602246, retry 4/5 in 9s
2026-05-08 06:03:24,688 [WARNING] HTTP 429 for https://www.kap.org.tr/tr/api/BildirimPdf/1602246, retry 4/5 in 9s
2026-05-08 06:03:33,858 [WARNING] HTTP 429 for https://www.kap.org.tr/tr/api/BildirimPdf/1602246, retry 5/5 in 17s
2026-05-08 06:03:33,858 [WARNING] HTTP 429 for https://www.kap.org.tr/tr/api/BildirimPdf/1602246, retry 5/5 in 17s
2026-05-08 06:03:51,207 [WARNING] No attachment URL in disclosure 1602246
2026-05-08 06:03:51,207 [WARNING] No attachment URL in disclosure 1602246
2026-05-08 06:03:51,210 [INFO] Processing [FS5] from 2026-05-07
2026-05-08 06:03:51,210 [INFO] Processing [FS5] from 2026-05-07
2026-05-08 06:03:51,267 [WARNING] HTTP 429 for https://www.kap.org.tr/tr/api/BildirimPdf/1602245, retry 1/5 in 2s
2026-05-08 06:03:51,267 [WARNING] HTTP 429 for https://www.kap.org.tr/tr/api/BildirimPdf/1602245, retry 1/5 in 2s
2026-05-08 06:03:53,457 [WARNING] HTTP 429 for https://www.kap.org.tr/tr/api/BildirimPdf/1602245, retry 2/5 in 3s
2026-05-08 06:03:53,457 [WARNING] HTTP 429 for https://www.kap.org.tr/tr/api/BildirimPdf/1602245, retry 2/5 in 3s
2026-05-08 06:03:56,651 [WARNING] HTTP 429 for https://www.kap.org.tr/tr/api/BildirimPdf/1602245, retry 3/5 in 5s
2026-05-08 06:03:56,651 [WARNING] HTTP 429 for https://www.kap.org.tr/tr/api/BildirimPdf/1602245, retry 3/5 in 5s
2026-05-08 06:04:01,853 [WARNING] HTTP 429 for https://www.kap.org.tr/tr/api/BildirimPdf/1602245, retry 4/5 in 9s
2026-05-08 06:04:01,853 [WARNING] HTTP 429 for https://www.kap.org.tr/tr/api/BildirimPdf/1602245, retry 4/5 in 9s
2026-05-08 06:04:11,046 [WARNING] HTTP 429 for https://www.kap.org.tr/tr/api/BildirimPdf/1602245, retry 5/5 in 17s
2026-05-08 06:04:11,046 [WARNING] HTTP 429 for https://www.kap.org.tr/tr/api/BildirimPdf/1602245, retry 5/5 in 17s
2026-05-08 06:04:28,349 [WARNING] No attachment URL in disclosure 1602245
2026-05-08 06:04:28,349 [WARNING] No attachment URL in disclosure 1602245
2026-05-08 06:04:28,351 [INFO] Processing [FS5] from 2026-05-07
2026-05-08 06:04:28,351 [INFO] Processing [FS5] from 2026-05-07
2026-05-08 06:04:28,397 [WARNING] HTTP 429 for https://www.kap.org.tr/tr/api/BildirimPdf/1602244, retry 1/5 in 2s
2026-05-08 06:04:28,397 [WARNING] HTTP 429 for https://www.kap.org.tr/tr/api/BildirimPdf/1602244, retry 1/5 in 2s
2026-05-08 06:04:30,602 [WARNING] HTTP 429 for https://www.kap.org.tr/tr/api/BildirimPdf/1602244, retry 2/5 in 3s
2026-05-08 06:04:30,602 [WARNING] HTTP 429 for https://www.kap.org.tr/tr/api/BildirimPdf/1602244, retry 2/5 in 3s
2026-05-08 06:04:33,798 [WARNING] HTTP 429 for https://www.kap.org.tr/tr/api/BildirimPdf/1602244, retry 3/5 in 5s
2026-05-08 06:04:33,798 [WARNING] HTTP 429 for https://www.kap.org.tr/tr/api/BildirimPdf/1602244, retry 3/5 in 5s
2026-05-08 06:04:38,996 [WARNING] HTTP 429 for https://www.kap.org.tr/tr/api/BildirimPdf/1602244, retry 4/5 in 9s
2026-05-08 06:04:38,996 [WARNING] HTTP 429 for https://www.kap.org.tr/tr/api/BildirimPdf/1602244, retry 4/5 in 9s
2026-05-08 06:04:48,187 [WARNING] HTTP 429 for https://www.kap.org.tr/tr/api/BildirimPdf/1602244, retry 5/5 in 17s
2026-05-08 06:04:48,187 [WARNING] HTTP 429 for https://www.kap.org.tr/tr/api/BildirimPdf/1602244, retry 5/5 in 17s
2026-05-08 06:05:05,392 [WARNING] No attachment URL in disclosure 1602244
2026-05-08 06:05:05,392 [WARNING] No attachment URL in disclosure 1602244
2026-05-08 06:05:05,395 [INFO] Processing [FS3] from 2026-05-07
2026-05-08 06:05:05,395 [INFO] Processing [FS3] from 2026-05-07
2026-05-08 06:05:05,477 [INFO] Downloaded PDF FS3 (77KB)
2026-05-08 06:05:05,477 [INFO] Downloaded PDF FS3 (77KB)
2026-05-08 06:05:07,157 [ERROR] GLM failed for FS3: module 'zhipuai' has no attribute 'model_api'
2026-05-08 06:05:07,157 [ERROR] GLM failed for FS3: module 'zhipuai' has no attribute 'model_api'
2026-05-08 06:05:07,157 [WARNING] No categories for FS3
2026-05-08 06:05:07,157 [WARNING] No categories for FS3
2026-05-08 06:05:07,711 [INFO] Processing [FAL] from 2026-05-07
2026-05-08 06:05:07,711 [INFO] Processing [FAL] from 2026-05-07
2026-05-08 06:05:07,788 [INFO] Downloaded PDF FAL (77KB)
2026-05-08 06:05:07,788 [INFO] Downloaded PDF FAL (77KB)
2026-05-08 06:05:09,474 [ERROR] GLM failed for FAL: module 'zhipuai' has no attribute 'model_api'
2026-05-08 06:05:09,474 [ERROR] GLM failed for FAL: module 'zhipuai' has no attribute 'model_api'
2026-05-08 06:05:09,474 [WARNING] No categories for FAL
2026-05-08 06:05:09,474 [WARNING] No categories for FAL
2026-05-08 06:05:10,123 [INFO] Processing [IIF] from 2026-05-07
2026-05-08 06:05:10,123 [INFO] Processing [IIF] from 2026-05-07
2026-05-08 06:05:10,202 [INFO] Downloaded PDF IIF (77KB)
2026-05-08 06:05:10,202 [INFO] Downloaded PDF IIF (77KB)
2026-05-08 06:05:11,871 [ERROR] GLM failed for IIF: module 'zhipuai' has no attribute 'model_api'
2026-05-08 06:05:11,871 [ERROR] GLM failed for IIF: module 'zhipuai' has no attribute 'model_api'
2026-05-08 06:05:11,871 [WARNING] No categories for IIF
2026-05-08 06:05:11,871 [WARNING] No categories for IIF
2026-05-08 06:05:12,522 [INFO] Processing [MPE] from 2026-05-07
2026-05-08 06:05:12,522 [INFO] Processing [MPE] from 2026-05-07
2026-05-08 06:05:12,608 [INFO] Downloaded PDF MPE (77KB)
2026-05-08 06:05:12,608 [INFO] Downloaded PDF MPE (77KB)
2026-05-08 06:05:14,295 [ERROR] GLM failed for MPE: module 'zhipuai' has no attribute 'model_api'
2026-05-08 06:05:14,295 [ERROR] GLM failed for MPE: module 'zhipuai' has no attribute 'model_api'
2026-05-08 06:05:14,295 [WARNING] No categories for MPE
2026-05-08 06:05:14,295 [WARNING] No categories for MPE
2026-05-08 06:05:14,911 [INFO] Processing [MPE] from 2026-05-07
2026-05-08 06:05:14,911 [INFO] Processing [MPE] from 2026-05-07
2026-05-08 06:05:15,016 [INFO] Downloaded PDF MPE (79KB)
2026-05-08 06:05:15,016 [INFO] Downloaded PDF MPE (79KB)
2026-05-08 06:05:16,693 [ERROR] GLM failed for MPE: module 'zhipuai' has no attribute 'model_api'
2026-05-08 06:05:16,693 [ERROR] GLM failed for MPE: module 'zhipuai' has no attribute 'model_api'
2026-05-08 06:05:16,693 [WARNING] No categories for MPE
2026-05-08 06:05:16,693 [WARNING] No categories for MPE
2026-05-08 06:05:17,295 [INFO] Processing [SHU] from 2026-05-07
2026-05-08 06:05:17,295 [INFO] Processing [SHU] from 2026-05-07
2026-05-08 06:05:17,381 [INFO] Downloaded PDF SHU (79KB)
2026-05-08 06:05:17,381 [INFO] Downloaded PDF SHU (79KB)
2026-05-08 06:05:19,067 [ERROR] GLM failed for SHU: module 'zhipuai' has no attribute 'model_api'
2026-05-08 06:05:19,067 [ERROR] GLM failed for SHU: module 'zhipuai' has no attribute 'model_api'
2026-05-08 06:05:19,067 [WARNING] No categories for SHU
2026-05-08 06:05:19,067 [WARNING] No categories for SHU
2026-05-08 06:05:19,980 [ERROR] SB UPSERT system_status → 409: {"code":"23505","details":"Key (key)=(last_kap_portfolio_cron) already exists.","hint":null,"message":"duplicate key value violates unique constraint \"system_status_pkey\""}
2026-05-08 06:05:19,980 [ERROR] SB UPSERT system_status → 409: {"code":"23505","details":"Key (key)=(last_kap_portfolio_cron) already exists.","hint":null,"message":"duplicate key value violates unique constraint \"system_status_pkey\""}
2026-05-08 06:05:19,983 [INFO] Done: 0 ✓ / 61 ✗
2026-05-08 06:05:19,983 [INFO] Done: 0 ✓ / 61 ✗
2026-05-08 06:05:19,983 [INFO] ============================================================
2026-05-08 06:05:19,983 [INFO] ============================================================
2026-05-09 06:00:01,489 [INFO] ============================================================
2026-05-09 06:00:01,489 [INFO] ============================================================
2026-05-09 06:00:01,490 [INFO] KAP Daily Pipeline started
2026-05-09 06:00:01,490 [INFO] KAP Daily Pipeline started
2026-05-09 06:00:01,490 [INFO] Resuming from last run: 2026-05-08T06:00:00.434349
2026-05-09 06:00:01,490 [INFO] Resuming from last run: 2026-05-08T06:00:00.434349
2026-05-09 06:00:01,643 [INFO] KAP discovered 176 portfolio disclosures in 2026-05-08 → 2026-05-09
2026-05-09 06:00:01,643 [INFO] KAP discovered 176 portfolio disclosures in 2026-05-08 → 2026-05-09
2026-05-09 06:00:03,163 [INFO] Loaded 1598 fund name entries
2026-05-09 06:00:03,163 [INFO] Loaded 1598 fund name entries
2026-05-09 06:00:03,164 [INFO]   [GL1] Portföy Dağılım Raporu
2026-05-09 06:00:03,164 [INFO]   [GL1] Portföy Dağılım Raporu
2026-05-09 06:00:03,164 [INFO]   [GBZ] Portföy Dağılım Raporu
2026-05-09 06:00:03,164 [INFO]   [GBZ] Portföy Dağılım Raporu
2026-05-09 06:00:03,165 [INFO]   [GSP] Portföy Dağılım Raporu
2026-05-09 06:00:03,165 [INFO]   [GSP] Portföy Dağılım Raporu
2026-05-09 06:00:03,169 [INFO]   [IDH] Portföy Dağılım Raporu
2026-05-09 06:00:03,169 [INFO]   [IDH] Portföy Dağılım Raporu
2026-05-09 06:00:03,171 [INFO]   [KNI] Portföy Dağılım Raporu
2026-05-09 06:00:03,171 [INFO]   [KNI] Portföy Dağılım Raporu
2026-05-09 06:00:03,172 [INFO]   [KMF] Portföy Dağılım Raporu
2026-05-09 06:00:03,172 [INFO]   [KMF] Portföy Dağılım Raporu
2026-05-09 06:00:03,172 [INFO]   [IDI] Portföy Dağılım Raporu
2026-05-09 06:00:03,172 [INFO]   [IDI] Portföy Dağılım Raporu
2026-05-09 06:00:03,172 [INFO]   [AHH] Portföy Dağılım Raporu
2026-05-09 06:00:03,172 [INFO]   [AHH] Portföy Dağılım Raporu
2026-05-09 06:00:03,174 [INFO]   [OMG] Portföy Dağılım Raporu
2026-05-09 06:00:03,174 [INFO]   [OMG] Portföy Dağılım Raporu
2026-05-09 06:00:03,174 [INFO]   [GMA] Portföy Dağılım Raporu
2026-05-09 06:00:03,174 [INFO]   [GMA] Portföy Dağılım Raporu
2026-05-09 06:00:03,175 [INFO]   [RCV] Portföy Dağılım Raporu
2026-05-09 06:00:03,175 [INFO]   [RCV] Portföy Dağılım Raporu
2026-05-09 06:00:03,175 [INFO]   [PPZ] Portföy Dağılım Raporu
2026-05-09 06:00:03,175 [INFO]   [PPZ] Portföy Dağılım Raporu
2026-05-09 06:00:03,177 [INFO]   [OMG] Portföy Dağılım Raporu
2026-05-09 06:00:03,177 [INFO]   [OMG] Portföy Dağılım Raporu
2026-05-09 06:00:03,178 [INFO]   [ADE] Portföy Dağılım Raporu
2026-05-09 06:00:03,178 [INFO]   [ADE] Portföy Dağılım Raporu
2026-05-09 06:00:03,178 [INFO]   [KVS] Portföy Dağılım Raporu
2026-05-09 06:00:03,178 [INFO]   [KVS] Portföy Dağılım Raporu
2026-05-09 06:00:03,178 [INFO]   [KTI] Portföy Dağılım Raporu
2026-05-09 06:00:03,178 [INFO]   [KTI] Portföy Dağılım Raporu
2026-05-09 06:00:03,178 [INFO]   [PPZ] Portföy Dağılım Raporu
2026-05-09 06:00:03,178 [INFO]   [PPZ] Portföy Dağılım Raporu
2026-05-09 06:00:03,180 [INFO]   [TMU] Portföy Dağılım Raporu
2026-05-09 06:00:03,180 [INFO]   [TMU] Portföy Dağılım Raporu
2026-05-09 06:00:03,180 [INFO]   [TEJ] Portföy Dağılım Raporu
2026-05-09 06:00:03,180 [INFO]   [TEJ] Portföy Dağılım Raporu
2026-05-09 06:00:03,180 [INFO]   [SPN] Portföy Dağılım Raporu
2026-05-09 06:00:03,180 [INFO]   [SPN] Portföy Dağılım Raporu
2026-05-09 06:00:03,180 [INFO]   [SFS] Portföy Dağılım Raporu
2026-05-09 06:00:03,180 [INFO]   [SFS] Portföy Dağılım Raporu
2026-05-09 06:00:03,181 [INFO]   [ADE] Portföy Dağılım Raporu
2026-05-09 06:00:03,181 [INFO]   [ADE] Portföy Dağılım Raporu
2026-05-09 06:00:03,181 [INFO]   [RBF] Portföy Dağılım Raporu
2026-05-09 06:00:03,181 [INFO]   [RBF] Portföy Dağılım Raporu
2026-05-09 06:00:03,182 [INFO]   [CPT] Portföy Dağılım Raporu
2026-05-09 06:00:03,182 [INFO]   [CPT] Portföy Dağılım Raporu
2026-05-09 06:00:03,183 [INFO]   [TLZ] Portföy Dağılım Raporu
2026-05-09 06:00:03,183 [INFO]   [TLZ] Portföy Dağılım Raporu
2026-05-09 06:00:03,183 [INFO]   [RTG] Portföy Dağılım Raporu
2026-05-09 06:00:03,183 [INFO]   [RTG] Portföy Dağılım Raporu
2026-05-09 06:00:03,183 [INFO]   [DGH] Portföy Dağılım Raporu
2026-05-09 06:00:03,183 [INFO]   [DGH] Portföy Dağılım Raporu
2026-05-09 06:00:03,183 [INFO]   [PKF] Portföy Dağılım Raporu
2026-05-09 06:00:03,183 [INFO]   [PKF] Portföy Dağılım Raporu
2026-05-09 06:00:03,183 [INFO]   [JET] Portföy Dağılım Raporu
2026-05-09 06:00:03,183 [INFO]   [JET] Portföy Dağılım Raporu
2026-05-09 06:00:03,183 [INFO]   [DGH] Portföy Dağılım Raporu
2026-05-09 06:00:03,183 [INFO]   [DGH] Portföy Dağılım Raporu
2026-05-09 06:00:03,184 [INFO]   [AED] Portföy Dağılım Raporu
2026-05-09 06:00:03,184 [INFO]   [AED] Portföy Dağılım Raporu
2026-05-09 06:00:03,185 [INFO]   [AAS] Portföy Dağılım Raporu
2026-05-09 06:00:03,185 [INFO]   [AAS] Portföy Dağılım Raporu
2026-05-09 06:00:03,185 [INFO]   [DGH] Portföy Dağılım Raporu
2026-05-09 06:00:03,185 [INFO]   [DGH] Portföy Dağılım Raporu
2026-05-09 06:00:03,186 [INFO]   [RKS] Portföy Dağılım Raporu
2026-05-09 06:00:03,186 [INFO]   [RKS] Portföy Dağılım Raporu
2026-05-09 06:00:03,186 [INFO]   [AVT] Portföy Dağılım Raporu
2026-05-09 06:00:03,186 [INFO]   [AVT] Portföy Dağılım Raporu
2026-05-09 06:00:03,186 [INFO]   [RPP] Portföy Dağılım Raporu
2026-05-09 06:00:03,186 [INFO]   [RPP] Portföy Dağılım Raporu
2026-05-09 06:00:03,187 [INFO]   [TTA] Portföy Dağılım Raporu
2026-05-09 06:00:03,187 [INFO]   [TTA] Portföy Dağılım Raporu
2026-05-09 06:00:03,187 [INFO]   [RPP] Portföy Dağılım Raporu
2026-05-09 06:00:03,187 [INFO]   [RPP] Portföy Dağılım Raporu
2026-05-09 06:00:03,187 [INFO]   [ROF] Portföy Dağılım Raporu
2026-05-09 06:00:03,187 [INFO]   [ROF] Portföy Dağılım Raporu
2026-05-09 06:00:03,188 [INFO]   [RPP] Portföy Dağılım Raporu
2026-05-09 06:00:03,188 [INFO]   [RPP] Portföy Dağılım Raporu
2026-05-09 06:00:03,188 [INFO]   [RD1] Portföy Dağılım Raporu
2026-05-09 06:00:03,188 [INFO]   [RD1] Portföy Dağılım Raporu
2026-05-09 06:00:03,190 [INFO]   [IIF] Portföy Dağılım Raporu
2026-05-09 06:00:03,190 [INFO]   [IIF] Portföy Dağılım Raporu
2026-05-09 06:00:03,190 [INFO]   [RDF] Portföy Dağılım Raporu
2026-05-09 06:00:03,190 [INFO]   [RDF] Portföy Dağılım Raporu
2026-05-09 06:00:03,190 [INFO]   [MPE] Portföy Dağılım Raporu
2026-05-09 06:00:03,190 [INFO]   [MPE] Portföy Dağılım Raporu
2026-05-09 06:00:03,190 [INFO]   [RPP] Portföy Dağılım Raporu
2026-05-09 06:00:03,190 [INFO]   [RPP] Portföy Dağılım Raporu
2026-05-09 06:00:03,192 [INFO]   [RPN] Portföy Dağılım Raporu
2026-05-09 06:00:03,192 [INFO]   [RPN] Portföy Dağılım Raporu
2026-05-09 06:00:03,192 [INFO]   [EID] Portföy Dağılım Raporu
2026-05-09 06:00:03,192 [INFO]   [EID] Portföy Dağılım Raporu
2026-05-09 06:00:03,193 [INFO]   [ZAY] Portföy Dağılım Raporu
2026-05-09 06:00:03,193 [INFO]   [ZAY] Portföy Dağılım Raporu
2026-05-09 06:00:03,193 [INFO]   [ZA2] Portföy Dağılım Raporu
2026-05-09 06:00:03,193 [INFO]   [ZA2] Portföy Dağılım Raporu
2026-05-09 06:00:03,193 [INFO]   [KZU] Portföy Dağılım Raporu
2026-05-09 06:00:03,193 [INFO]   [KZU] Portföy Dağılım Raporu
2026-05-09 06:00:03,193 [INFO]   [KOB] Portföy Dağılım Raporu
2026-05-09 06:00:03,193 [INFO]   [KOB] Portföy Dağılım Raporu
2026-05-09 06:00:03,193 [INFO]   [KOB] Portföy Dağılım Raporu
2026-05-09 06:00:03,193 [INFO]   [KOB] Portföy Dağılım Raporu
2026-05-09 06:00:03,193 [INFO]   [KOB] Portföy Dağılım Raporu
2026-05-09 06:00:03,193 [INFO]   [KOB] Portföy Dağılım Raporu
2026-05-09 06:00:03,193 [INFO]   [KUA] Portföy Dağılım Raporu
2026-05-09 06:00:03,193 [INFO]   [KUA] Portföy Dağılım Raporu
2026-05-09 06:00:03,193 [INFO]   [KOB] Portföy Dağılım Raporu
2026-05-09 06:00:03,193 [INFO]   [KOB] Portföy Dağılım Raporu
2026-05-09 06:00:03,193 [INFO]   [KOB] Portföy Dağılım Raporu
2026-05-09 06:00:03,193 [INFO]   [KOB] Portföy Dağılım Raporu
2026-05-09 06:00:03,193 [INFO]   [KOB] Portföy Dağılım Raporu
2026-05-09 06:00:03,193 [INFO]   [KOB] Portföy Dağılım Raporu
2026-05-09 06:00:03,193 [INFO]   [KTS] Portföy Dağılım Raporu
2026-05-09 06:00:03,193 [INFO]   [KTS] Portföy Dağılım Raporu
2026-05-09 06:00:03,193 [INFO]   [KOB] Portföy Dağılım Raporu
2026-05-09 06:00:03,193 [INFO]   [KOB] Portföy Dağılım Raporu
2026-05-09 06:00:03,193 [INFO]   [KOB] Portföy Dağılım Raporu
2026-05-09 06:00:03,193 [INFO]   [KOB] Portföy Dağılım Raporu
2026-05-09 06:00:03,193 [INFO]   [KOB] Portföy Dağılım Raporu
2026-05-09 06:00:03,193 [INFO]   [KOB] Portföy Dağılım Raporu
2026-05-09 06:00:03,193 [INFO]   [KOB] Portföy Dağılım Raporu
2026-05-09 06:00:03,193 [INFO]   [KOB] Portföy Dağılım Raporu
2026-05-09 06:00:03,193 [INFO]   [KOB] Portföy Dağılım Raporu
2026-05-09 06:00:03,193 [INFO]   [KOB] Portföy Dağılım Raporu
2026-05-09 06:00:03,193 [INFO]   [KSR] Portföy Dağılım Raporu
2026-05-09 06:00:03,193 [INFO]   [KSR] Portföy Dağılım Raporu
2026-05-09 06:00:03,193 [INFO]   [KOB] Portföy Dağılım Raporu
2026-05-09 06:00:03,193 [INFO]   [KOB] Portföy Dağılım Raporu
2026-05-09 06:00:03,193 [INFO]   [KOB] Portföy Dağılım Raporu
2026-05-09 06:00:03,193 [INFO]   [KOB] Portföy Dağılım Raporu
2026-05-09 06:00:03,194 [INFO]   [KOB] Portföy Dağılım Raporu
2026-05-09 06:00:03,194 [INFO]   [KOB] Portföy Dağılım Raporu
2026-05-09 06:00:03,194 [INFO]   [KOB] Portföy Dağılım Raporu
2026-05-09 06:00:03,194 [INFO]   [KOB] Portföy Dağılım Raporu
2026-05-09 06:00:03,194 [INFO]   [KOB] Portföy Dağılım Raporu
2026-05-09 06:00:03,194 [INFO]   [KOB] Portföy Dağılım Raporu
2026-05-09 06:00:03,194 [INFO]   [KME] Portföy Dağılım Raporu
2026-05-09 06:00:03,194 [INFO]   [KME] Portföy Dağılım Raporu
2026-05-09 06:00:03,194 [INFO]   [KOB] Portföy Dağılım Raporu
2026-05-09 06:00:03,194 [INFO]   [KOB] Portföy Dağılım Raporu
2026-05-09 06:00:03,194 [INFO]   [KIK] Portföy Dağılım Raporu
2026-05-09 06:00:03,194 [INFO]   [KIK] Portföy Dağılım Raporu
2026-05-09 06:00:03,194 [INFO]   [KOB] Portföy Dağılım Raporu
2026-05-09 06:00:03,194 [INFO]   [KOB] Portföy Dağılım Raporu
2026-05-09 06:00:03,194 [INFO]   [KOB] Portföy Dağılım Raporu
2026-05-09 06:00:03,194 [INFO]   [KOB] Portföy Dağılım Raporu
2026-05-09 06:00:03,194 [INFO]   [KOB] Portföy Dağılım Raporu
2026-05-09 06:00:03,194 [INFO]   [KOB] Portföy Dağılım Raporu
2026-05-09 06:00:03,194 [INFO]   [KDE] Portföy Dağılım Raporu
2026-05-09 06:00:03,194 [INFO]   [KDE] Portföy Dağılım Raporu
2026-05-09 06:00:03,194 [INFO]   [KOB] Portföy Dağılım Raporu
2026-05-09 06:00:03,194 [INFO]   [KOB] Portföy Dağılım Raporu
2026-05-09 06:00:03,194 [INFO]   [KOB] Portföy Dağılım Raporu
2026-05-09 06:00:03,194 [INFO]   [KOB] Portföy Dağılım Raporu
2026-05-09 06:00:03,194 [INFO]   [KOB] Portföy Dağılım Raporu
2026-05-09 06:00:03,194 [INFO]   [KOB] Portföy Dağılım Raporu
2026-05-09 06:00:03,194 [INFO]   [KYS] Portföy Dağılım Raporu
2026-05-09 06:00:03,194 [INFO]   [KYS] Portföy Dağılım Raporu
2026-05-09 06:00:03,195 [INFO]   [KRS] Portföy Dağılım Raporu
2026-05-09 06:00:03,195 [INFO]   [KRS] Portföy Dağılım Raporu
2026-05-09 06:00:03,195 [INFO]   [KRF] Portföy Dağılım Raporu
2026-05-09 06:00:03,195 [INFO]   [KRF] Portföy Dağılım Raporu
2026-05-09 06:00:03,195 [INFO]   [MPE] Portföy Dağılım Raporu
2026-05-09 06:00:03,195 [INFO]   [MPE] Portföy Dağılım Raporu
2026-05-09 06:00:03,195 [INFO]   [IIF] Portföy Dağılım Raporu
2026-05-09 06:00:03,195 [INFO]   [IIF] Portföy Dağılım Raporu
2026-05-09 06:00:03,196 [INFO]   [KRS] Portföy Dağılım Raporu
2026-05-09 06:00:03,196 [INFO]   [KRS] Portföy Dağılım Raporu
2026-05-09 06:00:03,197 [INFO]   [KRS] Portföy Dağılım Raporu
2026-05-09 06:00:03,197 [INFO]   [KRS] Portföy Dağılım Raporu
2026-05-09 06:00:03,197 [INFO]   [KRS] Portföy Dağılım Raporu
2026-05-09 06:00:03,197 [INFO]   [KRS] Portföy Dağılım Raporu
2026-05-09 06:00:03,198 [INFO]   [PRD] Portföy Dağılım Raporu
2026-05-09 06:00:03,198 [INFO]   [PRD] Portföy Dağılım Raporu
2026-05-09 06:00:03,198 [INFO]   [PHI] Portföy Dağılım Raporu
2026-05-09 06:00:03,198 [INFO]   [PHI] Portföy Dağılım Raporu
2026-05-09 06:00:03,199 [INFO]   [PIR] Portföy Dağılım Raporu
2026-05-09 06:00:03,199 [INFO]   [PIR] Portföy Dağılım Raporu
2026-05-09 06:00:03,199 [INFO]   [ADE] Portföy Dağılım Raporu
2026-05-09 06:00:03,199 [INFO]   [ADE] Portföy Dağılım Raporu
2026-05-09 06:00:03,199 [INFO]   [IML] Portföy Dağılım Raporu
2026-05-09 06:00:03,199 [INFO]   [IML] Portföy Dağılım Raporu
2026-05-09 06:00:03,199 [INFO]   [BHL] Portföy Dağılım Raporu
2026-05-09 06:00:03,199 [INFO]   [BHL] Portföy Dağılım Raporu
2026-05-09 06:00:03,199 [INFO]   [ILK] Portföy Dağılım Raporu
2026-05-09 06:00:03,199 [INFO]   [ILK] Portföy Dağılım Raporu
2026-05-09 06:00:03,201 [INFO]   [BIO] Portföy Dağılım Raporu
2026-05-09 06:00:03,201 [INFO]   [BIO] Portföy Dağılım Raporu
2026-05-09 06:00:03,201 [INFO]   [EDU] Portföy Dağılım Raporu
2026-05-09 06:00:03,201 [INFO]   [EDU] Portföy Dağılım Raporu
2026-05-09 06:00:03,201 [INFO]   [ADE] Portföy Dağılım Raporu
2026-05-09 06:00:03,201 [INFO]   [ADE] Portföy Dağılım Raporu
2026-05-09 06:00:03,202 [INFO]   [BTE] Portföy Dağılım Raporu
2026-05-09 06:00:03,202 [INFO]   [BTE] Portföy Dağılım Raporu
2026-05-09 06:00:03,203 [INFO]   [BVD] Portföy Dağılım Raporu
2026-05-09 06:00:03,203 [INFO]   [BVD] Portföy Dağılım Raporu
2026-05-09 06:00:03,203 [INFO]   [BVF] Portföy Dağılım Raporu
2026-05-09 06:00:03,203 [INFO]   [BVF] Portföy Dağılım Raporu
2026-05-09 06:00:03,203 [INFO]   [BVV] Portföy Dağılım Raporu
2026-05-09 06:00:03,203 [INFO]   [BVV] Portföy Dağılım Raporu
2026-05-09 06:00:03,203 [INFO]   [IIF] Portföy Dağılım Raporu
2026-05-09 06:00:03,203 [INFO]   [IIF] Portföy Dağılım Raporu
2026-05-09 06:00:03,203 [INFO]   [HAR] Portföy Dağılım Raporu
2026-05-09 06:00:03,203 [INFO]   [HAR] Portföy Dağılım Raporu
2026-05-09 06:00:03,204 [INFO]   [RUT] Portföy Dağılım Raporu
2026-05-09 06:00:03,204 [INFO]   [RUT] Portföy Dağılım Raporu
2026-05-09 06:00:03,204 [INFO]   [SKT] Portföy Dağılım Raporu
2026-05-09 06:00:03,204 [INFO]   [SKT] Portföy Dağılım Raporu
2026-05-09 06:00:03,205 [INFO]   [FZP] Portföy Dağılım Raporu
2026-05-09 06:00:03,205 [INFO]   [FZP] Portföy Dağılım Raporu
2026-05-09 06:00:03,205 [INFO]   [FZJ] Portföy Dağılım Raporu
2026-05-09 06:00:03,205 [INFO]   [FZJ] Portföy Dağılım Raporu
2026-05-09 06:00:03,205 [INFO]   [FSH] Portföy Dağılım Raporu
2026-05-09 06:00:03,205 [INFO]   [FSH] Portföy Dağılım Raporu
2026-05-09 06:00:03,206 [INFO]   [FSF] Portföy Dağılım Raporu
2026-05-09 06:00:03,206 [INFO]   [FSF] Portföy Dağılım Raporu
2026-05-09 06:00:03,206 [INFO]   [AVT] Portföy Dağılım Raporu
2026-05-09 06:00:03,206 [INFO]   [AVT] Portföy Dağılım Raporu
2026-05-09 06:00:03,207 [INFO]   [IPV] Portföy Dağılım Raporu
2026-05-09 06:00:03,207 [INFO]   [IPV] Portföy Dağılım Raporu
2026-05-09 06:00:03,207 [INFO]   [FJZ] Portföy Dağılım Raporu
2026-05-09 06:00:03,207 [INFO]   [FJZ] Portföy Dağılım Raporu
2026-05-09 06:00:03,207 [INFO]   [FSF] Portföy Dağılım Raporu
2026-05-09 06:00:03,207 [INFO]   [FSF] Portföy Dağılım Raporu
2026-05-09 06:00:03,207 [INFO]   [FID] Portföy Dağılım Raporu
2026-05-09 06:00:03,207 [INFO]   [FID] Portföy Dağılım Raporu
2026-05-09 06:00:03,207 [INFO]   [TTA] Portföy Dağılım Raporu
2026-05-09 06:00:03,207 [INFO]   [TTA] Portföy Dağılım Raporu
2026-05-09 06:00:03,208 [INFO]   [FBI] Portföy Dağılım Raporu
2026-05-09 06:00:03,208 [INFO]   [FBI] Portföy Dağılım Raporu
2026-05-09 06:00:03,208 [INFO] Processing 116 new disclosures...
2026-05-09 06:00:03,208 [INFO] Processing 116 new disclosures...
2026-05-09 06:00:03,210 [INFO] Processing [GL1] from 2026-05-08
2026-05-09 06:00:03,210 [INFO] Processing [GL1] from 2026-05-08
2026-05-09 06:00:03,289 [INFO] Downloaded PDF GL1 (77KB)
2026-05-09 06:00:03,289 [INFO] Downloaded PDF GL1 (77KB)
2026-05-09 06:00:05,329 [ERROR] GLM failed for GL1: module 'zhipuai' has no attribute 'model_api'
2026-05-09 06:00:05,329 [ERROR] GLM failed for GL1: module 'zhipuai' has no attribute 'model_api'
2026-05-09 06:00:05,329 [WARNING] No categories for GL1
2026-05-09 06:00:05,329 [WARNING] No categories for GL1
2026-05-09 06:00:05,980 [INFO] Processing [GBZ] from 2026-05-08
2026-05-09 06:00:05,980 [INFO] Processing [GBZ] from 2026-05-08
2026-05-09 06:00:06,087 [INFO] Downloaded PDF GBZ (77KB)
2026-05-09 06:00:06,087 [INFO] Downloaded PDF GBZ (77KB)
2026-05-09 06:00:07,781 [ERROR] GLM failed for GBZ: module 'zhipuai' has no attribute 'model_api'
2026-05-09 06:00:07,781 [ERROR] GLM failed for GBZ: module 'zhipuai' has no attribute 'model_api'
2026-05-09 06:00:07,781 [WARNING] No categories for GBZ
2026-05-09 06:00:07,781 [WARNING] No categories for GBZ
2026-05-09 06:00:08,431 [INFO] Processing [GSP] from 2026-05-08
2026-05-09 06:00:08,431 [INFO] Processing [GSP] from 2026-05-08
2026-05-09 06:00:08,550 [INFO] Downloaded PDF GSP (77KB)
2026-05-09 06:00:08,550 [INFO] Downloaded PDF GSP (77KB)
2026-05-09 06:00:10,254 [ERROR] GLM failed for GSP: module 'zhipuai' has no attribute 'model_api'
2026-05-09 06:00:10,254 [ERROR] GLM failed for GSP: module 'zhipuai' has no attribute 'model_api'
2026-05-09 06:00:10,255 [WARNING] No categories for GSP
2026-05-09 06:00:10,255 [WARNING] No categories for GSP
2026-05-09 06:00:10,906 [INFO] Processing [IDH] from 2026-05-08
2026-05-09 06:00:10,906 [INFO] Processing [IDH] from 2026-05-08
2026-05-09 06:00:11,016 [INFO] Downloaded PDF IDH (77KB)
2026-05-09 06:00:11,016 [INFO] Downloaded PDF IDH (77KB)
2026-05-09 06:00:12,721 [ERROR] GLM failed for IDH: module 'zhipuai' has no attribute 'model_api'
2026-05-09 06:00:12,721 [ERROR] GLM failed for IDH: module 'zhipuai' has no attribute 'model_api'
2026-05-09 06:00:12,721 [WARNING] No categories for IDH
2026-05-09 06:00:12,721 [WARNING] No categories for IDH
2026-05-09 06:00:13,372 [INFO] Processing [KNI] from 2026-05-08
2026-05-09 06:00:13,372 [INFO] Processing [KNI] from 2026-05-08
2026-05-09 06:00:13,479 [INFO] Downloaded PDF KNI (77KB)
2026-05-09 06:00:13,479 [INFO] Downloaded PDF KNI (77KB)
2026-05-09 06:00:15,187 [ERROR] GLM failed for KNI: module 'zhipuai' has no attribute 'model_api'
2026-05-09 06:00:15,187 [ERROR] GLM failed for KNI: module 'zhipuai' has no attribute 'model_api'
2026-05-09 06:00:15,188 [WARNING] No categories for KNI
2026-05-09 06:00:15,188 [WARNING] No categories for KNI
2026-05-09 06:00:15,838 [INFO] Processing [KMF] from 2026-05-08
2026-05-09 06:00:15,838 [INFO] Processing [KMF] from 2026-05-08
2026-05-09 06:00:15,946 [INFO] Downloaded PDF KMF (77KB)
2026-05-09 06:00:15,946 [INFO] Downloaded PDF KMF (77KB)
2026-05-09 06:00:17,585 [ERROR] GLM failed for KMF: module 'zhipuai' has no attribute 'model_api'
2026-05-09 06:00:17,585 [ERROR] GLM failed for KMF: module 'zhipuai' has no attribute 'model_api'
2026-05-09 06:00:17,585 [WARNING] No categories for KMF
2026-05-09 06:00:17,585 [WARNING] No categories for KMF
2026-05-09 06:00:18,091 [INFO] Processing [IDI] from 2026-05-08
2026-05-09 06:00:18,091 [INFO] Processing [IDI] from 2026-05-08
2026-05-09 06:00:18,281 [INFO] Downloaded PDF IDI (78KB)
2026-05-09 06:00:18,281 [INFO] Downloaded PDF IDI (78KB)
2026-05-09 06:00:19,971 [ERROR] GLM failed for IDI: module 'zhipuai' has no attribute 'model_api'
2026-05-09 06:00:19,971 [ERROR] GLM failed for IDI: module 'zhipuai' has no attribute 'model_api'
2026-05-09 06:00:19,971 [WARNING] No categories for IDI
2026-05-09 06:00:19,971 [WARNING] No categories for IDI
2026-05-09 06:00:20,542 [INFO] Processing [AHH] from 2026-05-08
2026-05-09 06:00:20,542 [INFO] Processing [AHH] from 2026-05-08
2026-05-09 06:00:21,037 [INFO] Downloaded PDF AHH (77KB)
2026-05-09 06:00:21,037 [INFO] Downloaded PDF AHH (77KB)
2026-05-09 06:00:22,738 [ERROR] GLM failed for AHH: module 'zhipuai' has no attribute 'model_api'
2026-05-09 06:00:22,738 [ERROR] GLM failed for AHH: module 'zhipuai' has no attribute 'model_api'
2026-05-09 06:00:22,738 [WARNING] No categories for AHH
2026-05-09 06:00:22,738 [WARNING] No categories for AHH
2026-05-09 06:00:23,246 [INFO] Processing [OMG] from 2026-05-08
2026-05-09 06:00:23,246 [INFO] Processing [OMG] from 2026-05-08
2026-05-09 06:00:23,339 [INFO] Downloaded PDF OMG (77KB)
2026-05-09 06:00:23,339 [INFO] Downloaded PDF OMG (77KB)
2026-05-09 06:00:24,957 [ERROR] GLM failed for OMG: module 'zhipuai' has no attribute 'model_api'
2026-05-09 06:00:24,957 [ERROR] GLM failed for OMG: module 'zhipuai' has no attribute 'model_api'
2026-05-09 06:00:24,958 [WARNING] No categories for OMG
2026-05-09 06:00:24,958 [WARNING] No categories for OMG
2026-05-09 06:00:25,536 [INFO] Processing [GMA] from 2026-05-08
2026-05-09 06:00:25,536 [INFO] Processing [GMA] from 2026-05-08
2026-05-09 06:00:25,640 [INFO] Downloaded PDF GMA (77KB)
2026-05-09 06:00:25,640 [INFO] Downloaded PDF GMA (77KB)
2026-05-09 06:00:27,344 [ERROR] GLM failed for GMA: module 'zhipuai' has no attribute 'model_api'
2026-05-09 06:00:27,344 [ERROR] GLM failed for GMA: module 'zhipuai' has no attribute 'model_api'
2026-05-09 06:00:27,344 [WARNING] No categories for GMA
2026-05-09 06:00:27,344 [WARNING] No categories for GMA
2026-05-09 06:00:27,995 [INFO] Processing [RCV] from 2026-05-08
2026-05-09 06:00:27,995 [INFO] Processing [RCV] from 2026-05-08
2026-05-09 06:00:28,102 [INFO] Downloaded PDF RCV (77KB)
2026-05-09 06:00:28,102 [INFO] Downloaded PDF RCV (77KB)
2026-05-09 06:00:29,801 [ERROR] GLM failed for RCV: module 'zhipuai' has no attribute 'model_api'
2026-05-09 06:00:29,801 [ERROR] GLM failed for RCV: module 'zhipuai' has no attribute 'model_api'
2026-05-09 06:00:29,802 [WARNING] No categories for RCV
2026-05-09 06:00:29,802 [WARNING] No categories for RCV
2026-05-09 06:00:30,332 [INFO] Processing [PPZ] from 2026-05-08
2026-05-09 06:00:30,332 [INFO] Processing [PPZ] from 2026-05-08
2026-05-09 06:00:30,457 [INFO] Downloaded PDF PPZ (77KB)
2026-05-09 06:00:30,457 [INFO] Downloaded PDF PPZ (77KB)
2026-05-09 06:00:32,166 [ERROR] GLM failed for PPZ: module 'zhipuai' has no attribute 'model_api'
2026-05-09 06:00:32,166 [ERROR] GLM failed for PPZ: module 'zhipuai' has no attribute 'model_api'
2026-05-09 06:00:32,166 [WARNING] No categories for PPZ
2026-05-09 06:00:32,166 [WARNING] No categories for PPZ
2026-05-09 06:00:32,817 [INFO] Processing [OMG] from 2026-05-08
2026-05-09 06:00:32,817 [INFO] Processing [OMG] from 2026-05-08
2026-05-09 06:00:32,925 [INFO] Downloaded PDF OMG (78KB)
2026-05-09 06:00:32,925 [INFO] Downloaded PDF OMG (78KB)
2026-05-09 06:00:34,617 [ERROR] GLM failed for OMG: module 'zhipuai' has no attribute 'model_api'
2026-05-09 06:00:34,617 [ERROR] GLM failed for OMG: module 'zhipuai' has no attribute 'model_api'
2026-05-09 06:00:34,617 [WARNING] No categories for OMG
2026-05-09 06:00:34,617 [WARNING] No categories for OMG
2026-05-09 06:00:35,200 [INFO] Processing [ADE] from 2026-05-08
2026-05-09 06:00:35,200 [INFO] Processing [ADE] from 2026-05-08
2026-05-09 06:00:35,298 [INFO] Downloaded PDF ADE (77KB)
2026-05-09 06:00:35,298 [INFO] Downloaded PDF ADE (77KB)
2026-05-09 06:00:37,008 [ERROR] GLM failed for ADE: module 'zhipuai' has no attribute 'model_api'
2026-05-09 06:00:37,008 [ERROR] GLM failed for ADE: module 'zhipuai' has no attribute 'model_api'
2026-05-09 06:00:37,008 [WARNING] No categories for ADE
2026-05-09 06:00:37,008 [WARNING] No categories for ADE
2026-05-09 06:00:37,659 [INFO] Processing [KVS] from 2026-05-08
2026-05-09 06:00:37,659 [INFO] Processing [KVS] from 2026-05-08
2026-05-09 06:00:37,762 [INFO] Downloaded PDF KVS (77KB)
2026-05-09 06:00:37,762 [INFO] Downloaded PDF KVS (77KB)
2026-05-09 06:00:39,452 [ERROR] GLM failed for KVS: module 'zhipuai' has no attribute 'model_api'
2026-05-09 06:00:39,452 [ERROR] GLM failed for KVS: module 'zhipuai' has no attribute 'model_api'
2026-05-09 06:00:39,452 [WARNING] No categories for KVS
2026-05-09 06:00:39,452 [WARNING] No categories for KVS
2026-05-09 06:00:40,102 [INFO] Processing [KTI] from 2026-05-08
2026-05-09 06:00:40,102 [INFO] Processing [KTI] from 2026-05-08
2026-05-09 06:00:40,211 [INFO] Downloaded PDF KTI (77KB)
2026-05-09 06:00:40,211 [INFO] Downloaded PDF KTI (77KB)
2026-05-09 06:00:41,915 [ERROR] GLM failed for KTI: module 'zhipuai' has no attribute 'model_api'
2026-05-09 06:00:41,915 [ERROR] GLM failed for KTI: module 'zhipuai' has no attribute 'model_api'
2026-05-09 06:00:41,916 [WARNING] No categories for KTI
2026-05-09 06:00:41,916 [WARNING] No categories for KTI
2026-05-09 06:00:42,523 [INFO] Processing [PPZ] from 2026-05-08
2026-05-09 06:00:42,523 [INFO] Processing [PPZ] from 2026-05-08
2026-05-09 06:00:42,612 [INFO] Downloaded PDF PPZ (77KB)
2026-05-09 06:00:42,612 [INFO] Downloaded PDF PPZ (77KB)
2026-05-09 06:00:44,310 [ERROR] GLM failed for PPZ: module 'zhipuai' has no attribute 'model_api'
2026-05-09 06:00:44,310 [ERROR] GLM failed for PPZ: module 'zhipuai' has no attribute 'model_api'
2026-05-09 06:00:44,310 [WARNING] No categories for PPZ
2026-05-09 06:00:44,310 [WARNING] No categories for PPZ
2026-05-09 06:00:44,960 [INFO] Processing [TMU] from 2026-05-08
2026-05-09 06:00:44,960 [INFO] Processing [TMU] from 2026-05-08
2026-05-09 06:00:45,052 [INFO] Downloaded PDF TMU (77KB)
2026-05-09 06:00:45,052 [INFO] Downloaded PDF TMU (77KB)
2026-05-09 06:00:46,721 [ERROR] GLM failed for TMU: module 'zhipuai' has no attribute 'model_api'
2026-05-09 06:00:46,721 [ERROR] GLM failed for TMU: module 'zhipuai' has no attribute 'model_api'
2026-05-09 06:00:46,721 [WARNING] No categories for TMU
2026-05-09 06:00:46,721 [WARNING] No categories for TMU
2026-05-09 06:00:47,267 [INFO] Processing [TEJ] from 2026-05-08
2026-05-09 06:00:47,267 [INFO] Processing [TEJ] from 2026-05-08
2026-05-09 06:00:47,386 [INFO] Downloaded PDF TEJ (77KB)
2026-05-09 06:00:47,386 [INFO] Downloaded PDF TEJ (77KB)
2026-05-09 06:00:49,086 [ERROR] GLM failed for TEJ: module 'zhipuai' has no attribute 'model_api'
2026-05-09 06:00:49,086 [ERROR] GLM failed for TEJ: module 'zhipuai' has no attribute 'model_api'
2026-05-09 06:00:49,086 [WARNING] No categories for TEJ
2026-05-09 06:00:49,086 [WARNING] No categories for TEJ
2026-05-09 06:00:49,650 [INFO] Processing [SPN] from 2026-05-08
2026-05-09 06:00:49,650 [INFO] Processing [SPN] from 2026-05-08
2026-05-09 06:00:49,754 [INFO] Downloaded PDF SPN (77KB)
2026-05-09 06:00:49,754 [INFO] Downloaded PDF SPN (77KB)
2026-05-09 06:00:51,449 [ERROR] GLM failed for SPN: module 'zhipuai' has no attribute 'model_api'
2026-05-09 06:00:51,449 [ERROR] GLM failed for SPN: module 'zhipuai' has no attribute 'model_api'
2026-05-09 06:00:51,450 [WARNING] No categories for SPN
2026-05-09 06:00:51,450 [WARNING] No categories for SPN
2026-05-09 06:00:52,101 [INFO] Processing [SFS] from 2026-05-08
2026-05-09 06:00:52,101 [INFO] Processing [SFS] from 2026-05-08
2026-05-09 06:00:52,218 [INFO] Downloaded PDF SFS (77KB)
2026-05-09 06:00:52,218 [INFO] Downloaded PDF SFS (77KB)
2026-05-09 06:00:53,909 [ERROR] GLM failed for SFS: module 'zhipuai' has no attribute 'model_api'
2026-05-09 06:00:53,909 [ERROR] GLM failed for SFS: module 'zhipuai' has no attribute 'model_api'
2026-05-09 06:00:53,909 [WARNING] No categories for SFS
2026-05-09 06:00:53,909 [WARNING] No categories for SFS
2026-05-09 06:00:54,559 [INFO] Processing [ADE] from 2026-05-08
2026-05-09 06:00:54,559 [INFO] Processing [ADE] from 2026-05-08
2026-05-09 06:00:54,666 [INFO] Downloaded PDF ADE (77KB)
2026-05-09 06:00:54,666 [INFO] Downloaded PDF ADE (77KB)
2026-05-09 06:00:56,350 [ERROR] GLM failed for ADE: module 'zhipuai' has no attribute 'model_api'
2026-05-09 06:00:56,350 [ERROR] GLM failed for ADE: module 'zhipuai' has no attribute 'model_api'
2026-05-09 06:00:56,351 [WARNING] No categories for ADE
2026-05-09 06:00:56,351 [WARNING] No categories for ADE
2026-05-09 06:00:57,001 [INFO] Processing [RBF] from 2026-05-08
2026-05-09 06:00:57,001 [INFO] Processing [RBF] from 2026-05-08
2026-05-09 06:00:57,098 [INFO] Downloaded PDF RBF (77KB)
2026-05-09 06:00:57,098 [INFO] Downloaded PDF RBF (77KB)
2026-05-09 06:00:58,801 [ERROR] GLM failed for RBF: module 'zhipuai' has no attribute 'model_api'
2026-05-09 06:00:58,801 [ERROR] GLM failed for RBF: module 'zhipuai' has no attribute 'model_api'
2026-05-09 06:00:58,801 [WARNING] No categories for RBF
2026-05-09 06:00:58,801 [WARNING] No categories for RBF
2026-05-09 06:00:59,452 [INFO] Processing [CPT] from 2026-05-08
2026-05-09 06:00:59,452 [INFO] Processing [CPT] from 2026-05-08
2026-05-09 06:00:59,536 [INFO] Downloaded PDF CPT (78KB)
2026-05-09 06:00:59,536 [INFO] Downloaded PDF CPT (78KB)
2026-05-09 06:01:01,241 [ERROR] GLM failed for CPT: module 'zhipuai' has no attribute 'model_api'
2026-05-09 06:01:01,241 [ERROR] GLM failed for CPT: module 'zhipuai' has no attribute 'model_api'
2026-05-09 06:01:01,241 [WARNING] No categories for CPT
2026-05-09 06:01:01,241 [WARNING] No categories for CPT
2026-05-09 06:01:01,854 [INFO] Processing [TLZ] from 2026-05-08
2026-05-09 06:01:01,854 [INFO] Processing [TLZ] from 2026-05-08
2026-05-09 06:01:01,963 [INFO] Downloaded PDF TLZ (78KB)
2026-05-09 06:01:01,963 [INFO] Downloaded PDF TLZ (78KB)
2026-05-09 06:01:03,660 [ERROR] GLM failed for TLZ: module 'zhipuai' has no attribute 'model_api'
2026-05-09 06:01:03,660 [ERROR] GLM failed for TLZ: module 'zhipuai' has no attribute 'model_api'
2026-05-09 06:01:03,660 [WARNING] No categories for TLZ
2026-05-09 06:01:03,660 [WARNING] No categories for TLZ
2026-05-09 06:01:04,310 [INFO] Processing [RTG] from 2026-05-08
2026-05-09 06:01:04,310 [INFO] Processing [RTG] from 2026-05-08
2026-05-09 06:01:04,405 [INFO] Downloaded PDF RTG (78KB)
2026-05-09 06:01:04,405 [INFO] Downloaded PDF RTG (78KB)
2026-05-09 06:01:06,069 [ERROR] GLM failed for RTG: module 'zhipuai' has no attribute 'model_api'
2026-05-09 06:01:06,069 [ERROR] GLM failed for RTG: module 'zhipuai' has no attribute 'model_api'
2026-05-09 06:01:06,069 [WARNING] No categories for RTG
2026-05-09 06:01:06,069 [WARNING] No categories for RTG
2026-05-09 06:01:06,720 [INFO] Processing [DGH] from 2026-05-08
2026-05-09 06:01:06,720 [INFO] Processing [DGH] from 2026-05-08
2026-05-09 06:01:06,827 [INFO] Downloaded PDF DGH (78KB)
2026-05-09 06:01:06,827 [INFO] Downloaded PDF DGH (78KB)
2026-05-09 06:01:08,479 [ERROR] GLM failed for DGH: module 'zhipuai' has no attribute 'model_api'
2026-05-09 06:01:08,479 [ERROR] GLM failed for DGH: module 'zhipuai' has no attribute 'model_api'
2026-05-09 06:01:08,479 [WARNING] No categories for DGH
2026-05-09 06:01:08,479 [WARNING] No categories for DGH
2026-05-09 06:01:09,077 [INFO] Processing [PKF] from 2026-05-08
2026-05-09 06:01:09,077 [INFO] Processing [PKF] from 2026-05-08
2026-05-09 06:01:10,215 [INFO] Downloaded PDF PKF (78KB)
2026-05-09 06:01:10,215 [INFO] Downloaded PDF PKF (78KB)
2026-05-09 06:01:11,920 [ERROR] GLM failed for PKF: module 'zhipuai' has no attribute 'model_api'
2026-05-09 06:01:11,920 [ERROR] GLM failed for PKF: module 'zhipuai' has no attribute 'model_api'
2026-05-09 06:01:11,920 [WARNING] No categories for PKF
2026-05-09 06:01:11,920 [WARNING] No categories for PKF
2026-05-09 06:01:12,573 [INFO] Processing [JET] from 2026-05-08
2026-05-09 06:01:12,573 [INFO] Processing [JET] from 2026-05-08
2026-05-09 06:01:12,730 [INFO] Downloaded PDF JET (79KB)
2026-05-09 06:01:12,730 [INFO] Downloaded PDF JET (79KB)
2026-05-09 06:01:14,420 [ERROR] GLM failed for JET: module 'zhipuai' has no attribute 'model_api'
2026-05-09 06:01:14,420 [ERROR] GLM failed for JET: module 'zhipuai' has no attribute 'model_api'
2026-05-09 06:01:14,421 [WARNING] No categories for JET
2026-05-09 06:01:14,421 [WARNING] No categories for JET
2026-05-09 06:01:14,950 [INFO] Processing [DGH] from 2026-05-08
2026-05-09 06:01:14,950 [INFO] Processing [DGH] from 2026-05-08
2026-05-09 06:01:15,498 [INFO] Downloaded PDF DGH (78KB)
2026-05-09 06:01:15,498 [INFO] Downloaded PDF DGH (78KB)
2026-05-09 06:01:17,197 [ERROR] GLM failed for DGH: module 'zhipuai' has no attribute 'model_api'
2026-05-09 06:01:17,197 [ERROR] GLM failed for DGH: module 'zhipuai' has no attribute 'model_api'
2026-05-09 06:01:17,197 [WARNING] No categories for DGH
2026-05-09 06:01:17,197 [WARNING] No categories for DGH
2026-05-09 06:01:17,848 [INFO] Processing [AED] from 2026-05-08
2026-05-09 06:01:17,848 [INFO] Processing [AED] from 2026-05-08
2026-05-09 06:01:17,955 [INFO] Downloaded PDF AED (78KB)
2026-05-09 06:01:17,955 [INFO] Downloaded PDF AED (78KB)
2026-05-09 06:01:19,660 [ERROR] GLM failed for AED: module 'zhipuai' has no attribute 'model_api'
2026-05-09 06:01:19,660 [ERROR] GLM failed for AED: module 'zhipuai' has no attribute 'model_api'
2026-05-09 06:01:19,660 [WARNING] No categories for AED
2026-05-09 06:01:19,660 [WARNING] No categories for AED
2026-05-09 06:01:20,192 [INFO] Processing [AAS] from 2026-05-08
2026-05-09 06:01:20,192 [INFO] Processing [AAS] from 2026-05-08
2026-05-09 06:01:20,312 [INFO] Downloaded PDF AAS (78KB)
2026-05-09 06:01:20,312 [INFO] Downloaded PDF AAS (78KB)
2026-05-09 06:01:22,021 [ERROR] GLM failed for AAS: module 'zhipuai' has no attribute 'model_api'
2026-05-09 06:01:22,021 [ERROR] GLM failed for AAS: module 'zhipuai' has no attribute 'model_api'
2026-05-09 06:01:22,021 [WARNING] No categories for AAS
2026-05-09 06:01:22,021 [WARNING] No categories for AAS
2026-05-09 06:01:22,654 [INFO] Processing [DGH] from 2026-05-08
2026-05-09 06:01:22,654 [INFO] Processing [DGH] from 2026-05-08
2026-05-09 06:01:22,758 [INFO] Downloaded PDF DGH (78KB)
2026-05-09 06:01:22,758 [INFO] Downloaded PDF DGH (78KB)
2026-05-09 06:01:24,456 [ERROR] GLM failed for DGH: module 'zhipuai' has no attribute 'model_api'
2026-05-09 06:01:24,456 [ERROR] GLM failed for DGH: module 'zhipuai' has no attribute 'model_api'
2026-05-09 06:01:24,456 [WARNING] No categories for DGH
2026-05-09 06:01:24,456 [WARNING] No categories for DGH
2026-05-09 06:01:25,073 [INFO] Processing [RKS] from 2026-05-08
2026-05-09 06:01:25,073 [INFO] Processing [RKS] from 2026-05-08
2026-05-09 06:01:25,172 [INFO] Downloaded PDF RKS (77KB)
2026-05-09 06:01:25,172 [INFO] Downloaded PDF RKS (77KB)
2026-05-09 06:01:26,866 [ERROR] GLM failed for RKS: module 'zhipuai' has no attribute 'model_api'
2026-05-09 06:01:26,866 [ERROR] GLM failed for RKS: module 'zhipuai' has no attribute 'model_api'
2026-05-09 06:01:26,866 [WARNING] No categories for RKS
2026-05-09 06:01:26,866 [WARNING] No categories for RKS
2026-05-09 06:01:27,516 [INFO] Processing [AVT] from 2026-05-08
2026-05-09 06:01:27,516 [INFO] Processing [AVT] from 2026-05-08
2026-05-09 06:01:27,619 [INFO] Downloaded PDF AVT (78KB)
2026-05-09 06:01:27,619 [INFO] Downloaded PDF AVT (78KB)
2026-05-09 06:01:29,328 [ERROR] GLM failed for AVT: module 'zhipuai' has no attribute 'model_api'
2026-05-09 06:01:29,328 [ERROR] GLM failed for AVT: module 'zhipuai' has no attribute 'model_api'
2026-05-09 06:01:29,328 [WARNING] No categories for AVT
2026-05-09 06:01:29,328 [WARNING] No categories for AVT
2026-05-09 06:01:29,866 [INFO] Processing [RPP] from 2026-05-08
2026-05-09 06:01:29,866 [INFO] Processing [RPP] from 2026-05-08
2026-05-09 06:01:29,971 [INFO] Downloaded PDF RPP (77KB)
2026-05-09 06:01:29,971 [INFO] Downloaded PDF RPP (77KB)
2026-05-09 06:01:31,688 [ERROR] GLM failed for RPP: module 'zhipuai' has no attribute 'model_api'
2026-05-09 06:01:31,688 [ERROR] GLM failed for RPP: module 'zhipuai' has no attribute 'model_api'
2026-05-09 06:01:31,688 [WARNING] No categories for RPP
2026-05-09 06:01:31,688 [WARNING] No categories for RPP
2026-05-09 06:01:32,338 [INFO] Processing [TTA] from 2026-05-08
2026-05-09 06:01:32,338 [INFO] Processing [TTA] from 2026-05-08
2026-05-09 06:01:32,440 [INFO] Downloaded PDF TTA (77KB)
2026-05-09 06:01:32,440 [INFO] Downloaded PDF TTA (77KB)
2026-05-09 06:01:34,153 [ERROR] GLM failed for TTA: module 'zhipuai' has no attribute 'model_api'
2026-05-09 06:01:34,153 [ERROR] GLM failed for TTA: module 'zhipuai' has no attribute 'model_api'
2026-05-09 06:01:34,153 [WARNING] No categories for TTA
2026-05-09 06:01:34,153 [WARNING] No categories for TTA
2026-05-09 06:01:34,682 [INFO] Processing [RPP] from 2026-05-08
2026-05-09 06:01:34,682 [INFO] Processing [RPP] from 2026-05-08
2026-05-09 06:01:35,071 [INFO] Downloaded PDF RPP (77KB)
2026-05-09 06:01:35,071 [INFO] Downloaded PDF RPP (77KB)
2026-05-09 06:01:36,735 [ERROR] GLM failed for RPP: module 'zhipuai' has no attribute 'model_api'
2026-05-09 06:01:36,735 [ERROR] GLM failed for RPP: module 'zhipuai' has no attribute 'model_api'
2026-05-09 06:01:36,736 [WARNING] No categories for RPP
2026-05-09 06:01:36,736 [WARNING] No categories for RPP
2026-05-09 06:01:37,329 [INFO] Processing [ROF] from 2026-05-08
2026-05-09 06:01:37,329 [INFO] Processing [ROF] from 2026-05-08
2026-05-09 06:01:37,433 [INFO] Downloaded PDF ROF (77KB)
2026-05-09 06:01:37,433 [INFO] Downloaded PDF ROF (77KB)
2026-05-09 06:01:39,124 [ERROR] GLM failed for ROF: module 'zhipuai' has no attribute 'model_api'
2026-05-09 06:01:39,124 [ERROR] GLM failed for ROF: module 'zhipuai' has no attribute 'model_api'
2026-05-09 06:01:39,125 [WARNING] No categories for ROF
2026-05-09 06:01:39,125 [WARNING] No categories for ROF
2026-05-09 06:01:39,776 [INFO] Processing [RPP] from 2026-05-08
2026-05-09 06:01:39,776 [INFO] Processing [RPP] from 2026-05-08
2026-05-09 06:01:39,903 [INFO] Downloaded PDF RPP (77KB)
2026-05-09 06:01:39,903 [INFO] Downloaded PDF RPP (77KB)
2026-05-09 06:01:41,602 [ERROR] GLM failed for RPP: module 'zhipuai' has no attribute 'model_api'
2026-05-09 06:01:41,602 [ERROR] GLM failed for RPP: module 'zhipuai' has no attribute 'model_api'
2026-05-09 06:01:41,602 [WARNING] No categories for RPP
2026-05-09 06:01:41,602 [WARNING] No categories for RPP
2026-05-09 06:01:42,252 [INFO] Processing [RD1] from 2026-05-08
2026-05-09 06:01:42,252 [INFO] Processing [RD1] from 2026-05-08
2026-05-09 06:01:42,356 [INFO] Downloaded PDF RD1 (78KB)
2026-05-09 06:01:42,356 [INFO] Downloaded PDF RD1 (78KB)
2026-05-09 06:01:44,069 [ERROR] GLM failed for RD1: module 'zhipuai' has no attribute 'model_api'
2026-05-09 06:01:44,069 [ERROR] GLM failed for RD1: module 'zhipuai' has no attribute 'model_api'
2026-05-09 06:01:44,069 [WARNING] No categories for RD1
2026-05-09 06:01:44,069 [WARNING] No categories for RD1
2026-05-09 06:01:44,719 [INFO] Processing [IIF] from 2026-05-08
2026-05-09 06:01:44,719 [INFO] Processing [IIF] from 2026-05-08
2026-05-09 06:01:44,839 [INFO] Downloaded PDF IIF (78KB)
2026-05-09 06:01:44,839 [INFO] Downloaded PDF IIF (78KB)
2026-05-09 06:01:46,541 [ERROR] GLM failed for IIF: module 'zhipuai' has no attribute 'model_api'
2026-05-09 06:01:46,541 [ERROR] GLM failed for IIF: module 'zhipuai' has no attribute 'model_api'
2026-05-09 06:01:46,542 [WARNING] No categories for IIF
2026-05-09 06:01:46,542 [WARNING] No categories for IIF
2026-05-09 06:01:47,192 [INFO] Processing [RDF] from 2026-05-08
2026-05-09 06:01:47,192 [INFO] Processing [RDF] from 2026-05-08
2026-05-09 06:01:47,302 [INFO] Downloaded PDF RDF (78KB)
2026-05-09 06:01:47,302 [INFO] Downloaded PDF RDF (78KB)
2026-05-09 06:01:49,004 [ERROR] GLM failed for RDF: module 'zhipuai' has no attribute 'model_api'
2026-05-09 06:01:49,004 [ERROR] GLM failed for RDF: module 'zhipuai' has no attribute 'model_api'
2026-05-09 06:01:49,004 [WARNING] No categories for RDF
2026-05-09 06:01:49,004 [WARNING] No categories for RDF
2026-05-09 06:01:49,616 [INFO] Processing [MPE] from 2026-05-08
2026-05-09 06:01:49,616 [INFO] Processing [MPE] from 2026-05-08
2026-05-09 06:01:49,718 [INFO] Downloaded PDF MPE (78KB)
2026-05-09 06:01:49,718 [INFO] Downloaded PDF MPE (78KB)
2026-05-09 06:01:51,427 [ERROR] GLM failed for MPE: module 'zhipuai' has no attribute 'model_api'
2026-05-09 06:01:51,427 [ERROR] GLM failed for MPE: module 'zhipuai' has no attribute 'model_api'
2026-05-09 06:01:51,427 [WARNING] No categories for MPE
2026-05-09 06:01:51,427 [WARNING] No categories for MPE
2026-05-09 06:01:51,967 [INFO] Processing [RPP] from 2026-05-08
2026-05-09 06:01:51,967 [INFO] Processing [RPP] from 2026-05-08
2026-05-09 06:01:52,069 [INFO] Downloaded PDF RPP (77KB)
2026-05-09 06:01:52,069 [INFO] Downloaded PDF RPP (77KB)
2026-05-09 06:01:53,765 [ERROR] GLM failed for RPP: module 'zhipuai' has no attribute 'model_api'
2026-05-09 06:01:53,765 [ERROR] GLM failed for RPP: module 'zhipuai' has no attribute 'model_api'
2026-05-09 06:01:53,765 [WARNING] No categories for RPP
2026-05-09 06:01:53,765 [WARNING] No categories for RPP
2026-05-09 06:01:54,415 [INFO] Processing [RPN] from 2026-05-08
2026-05-09 06:01:54,415 [INFO] Processing [RPN] from 2026-05-08
2026-05-09 06:01:54,517 [INFO] Downloaded PDF RPN (77KB)
2026-05-09 06:01:54,517 [INFO] Downloaded PDF RPN (77KB)
2026-05-09 06:01:56,220 [ERROR] GLM failed for RPN: module 'zhipuai' has no attribute 'model_api'
2026-05-09 06:01:56,220 [ERROR] GLM failed for RPN: module 'zhipuai' has no attribute 'model_api'
2026-05-09 06:01:56,221 [WARNING] No categories for RPN
2026-05-09 06:01:56,221 [WARNING] No categories for RPN
2026-05-09 06:01:56,871 [INFO] Processing [EID] from 2026-05-08
2026-05-09 06:01:56,871 [INFO] Processing [EID] from 2026-05-08
2026-05-09 06:01:56,985 [INFO] Downloaded PDF EID (77KB)
2026-05-09 06:01:56,985 [INFO] Downloaded PDF EID (77KB)
2026-05-09 06:01:58,681 [ERROR] GLM failed for EID: module 'zhipuai' has no attribute 'model_api'
2026-05-09 06:01:58,681 [ERROR] GLM failed for EID: module 'zhipuai' has no attribute 'model_api'
2026-05-09 06:01:58,682 [WARNING] No categories for EID
2026-05-09 06:01:58,682 [WARNING] No categories for EID
2026-05-09 06:01:59,214 [INFO] Processing [ZAY] from 2026-05-08
2026-05-09 06:01:59,214 [INFO] Processing [ZAY] from 2026-05-08
2026-05-09 06:01:59,314 [INFO] Downloaded PDF ZAY (77KB)
2026-05-09 06:01:59,314 [INFO] Downloaded PDF ZAY (77KB)
2026-05-09 06:02:01,008 [ERROR] GLM failed for ZAY: module 'zhipuai' has no attribute 'model_api'
2026-05-09 06:02:01,008 [ERROR] GLM failed for ZAY: module 'zhipuai' has no attribute 'model_api'
2026-05-09 06:02:01,008 [WARNING] No categories for ZAY
2026-05-09 06:02:01,008 [WARNING] No categories for ZAY
2026-05-09 06:02:01,659 [INFO] Processing [ZA2] from 2026-05-08
2026-05-09 06:02:01,659 [INFO] Processing [ZA2] from 2026-05-08
2026-05-09 06:02:01,788 [INFO] Downloaded PDF ZA2 (77KB)
2026-05-09 06:02:01,788 [INFO] Downloaded PDF ZA2 (77KB)
2026-05-09 06:02:03,504 [ERROR] GLM failed for ZA2: module 'zhipuai' has no attribute 'model_api'
2026-05-09 06:02:03,504 [ERROR] GLM failed for ZA2: module 'zhipuai' has no attribute 'model_api'
2026-05-09 06:02:03,504 [WARNING] No categories for ZA2
2026-05-09 06:02:03,504 [WARNING] No categories for ZA2
2026-05-09 06:02:04,112 [INFO] Processing [KZU] from 2026-05-08
2026-05-09 06:02:04,112 [INFO] Processing [KZU] from 2026-05-08
2026-05-09 06:02:04,221 [INFO] Downloaded PDF KZU (77KB)
2026-05-09 06:02:04,221 [INFO] Downloaded PDF KZU (77KB)
2026-05-09 06:02:05,916 [ERROR] GLM failed for KZU: module 'zhipuai' has no attribute 'model_api'
2026-05-09 06:02:05,916 [ERROR] GLM failed for KZU: module 'zhipuai' has no attribute 'model_api'
2026-05-09 06:02:05,917 [WARNING] No categories for KZU
2026-05-09 06:02:05,917 [WARNING] No categories for KZU
2026-05-09 06:02:06,552 [INFO] Processing [KOB] from 2026-05-08
2026-05-09 06:02:06,552 [INFO] Processing [KOB] from 2026-05-08
2026-05-09 06:02:06,621 [WARNING] HTTP 429 for https://www.kap.org.tr/tr/api/BildirimPdf/1603251, retry 1/5 in 2s
2026-05-09 06:02:06,621 [WARNING] HTTP 429 for https://www.kap.org.tr/tr/api/BildirimPdf/1603251, retry 1/5 in 2s
2026-05-09 06:02:08,768 [WARNING] HTTP 429 for https://www.kap.org.tr/tr/api/BildirimPdf/1603251, retry 2/5 in 3s
2026-05-09 06:02:08,768 [WARNING] HTTP 429 for https://www.kap.org.tr/tr/api/BildirimPdf/1603251, retry 2/5 in 3s
2026-05-09 06:02:11,968 [WARNING] HTTP 429 for https://www.kap.org.tr/tr/api/BildirimPdf/1603251, retry 3/5 in 5s
2026-05-09 06:02:11,968 [WARNING] HTTP 429 for https://www.kap.org.tr/tr/api/BildirimPdf/1603251, retry 3/5 in 5s
2026-05-09 06:02:17,189 [WARNING] HTTP 429 for https://www.kap.org.tr/tr/api/BildirimPdf/1603251, retry 4/5 in 9s
2026-05-09 06:02:17,189 [WARNING] HTTP 429 for https://www.kap.org.tr/tr/api/BildirimPdf/1603251, retry 4/5 in 9s
2026-05-09 06:02:26,405 [WARNING] HTTP 429 for https://www.kap.org.tr/tr/api/BildirimPdf/1603251, retry 5/5 in 17s
2026-05-09 06:02:26,405 [WARNING] HTTP 429 for https://www.kap.org.tr/tr/api/BildirimPdf/1603251, retry 5/5 in 17s
2026-05-09 06:02:43,713 [WARNING] No attachment URL in disclosure 1603251
2026-05-09 06:02:43,713 [WARNING] No attachment URL in disclosure 1603251
2026-05-09 06:02:43,727 [INFO] Processing [KOB] from 2026-05-08
2026-05-09 06:02:43,727 [INFO] Processing [KOB] from 2026-05-08
2026-05-09 06:02:43,785 [WARNING] HTTP 429 for https://www.kap.org.tr/tr/api/BildirimPdf/1603250, retry 1/5 in 2s
2026-05-09 06:02:43,785 [WARNING] HTTP 429 for https://www.kap.org.tr/tr/api/BildirimPdf/1603250, retry 1/5 in 2s
2026-05-09 06:02:45,933 [WARNING] HTTP 429 for https://www.kap.org.tr/tr/api/BildirimPdf/1603250, retry 2/5 in 3s
2026-05-09 06:02:45,933 [WARNING] HTTP 429 for https://www.kap.org.tr/tr/api/BildirimPdf/1603250, retry 2/5 in 3s
2026-05-09 06:02:49,149 [WARNING] HTTP 429 for https://www.kap.org.tr/tr/api/BildirimPdf/1603250, retry 3/5 in 5s
2026-05-09 06:02:49,149 [WARNING] HTTP 429 for https://www.kap.org.tr/tr/api/BildirimPdf/1603250, retry 3/5 in 5s
2026-05-09 06:02:54,373 [WARNING] HTTP 429 for https://www.kap.org.tr/tr/api/BildirimPdf/1603250, retry 4/5 in 9s
2026-05-09 06:02:54,373 [WARNING] HTTP 429 for https://www.kap.org.tr/tr/api/BildirimPdf/1603250, retry 4/5 in 9s
2026-05-09 06:03:03,549 [WARNING] HTTP 429 for https://www.kap.org.tr/tr/api/BildirimPdf/1603250, retry 5/5 in 17s
2026-05-09 06:03:03,549 [WARNING] HTTP 429 for https://www.kap.org.tr/tr/api/BildirimPdf/1603250, retry 5/5 in 17s
2026-05-09 06:03:20,839 [WARNING] No attachment URL in disclosure 1603250
2026-05-09 06:03:20,839 [WARNING] No attachment URL in disclosure 1603250
2026-05-09 06:03:20,847 [INFO] Processing [KOB] from 2026-05-08
2026-05-09 06:03:20,847 [INFO] Processing [KOB] from 2026-05-08
2026-05-09 06:03:20,913 [WARNING] HTTP 429 for https://www.kap.org.tr/tr/api/BildirimPdf/1603249, retry 1/5 in 2s
2026-05-09 06:03:20,913 [WARNING] HTTP 429 for https://www.kap.org.tr/tr/api/BildirimPdf/1603249, retry 1/5 in 2s
2026-05-09 06:03:23,124 [WARNING] HTTP 429 for https://www.kap.org.tr/tr/api/BildirimPdf/1603249, retry 2/5 in 3s
2026-05-09 06:03:23,124 [WARNING] HTTP 429 for https://www.kap.org.tr/tr/api/BildirimPdf/1603249, retry 2/5 in 3s
2026-05-09 06:03:26,330 [WARNING] HTTP 429 for https://www.kap.org.tr/tr/api/BildirimPdf/1603249, retry 3/5 in 5s
2026-05-09 06:03:26,330 [WARNING] HTTP 429 for https://www.kap.org.tr/tr/api/BildirimPdf/1603249, retry 3/5 in 5s
2026-05-09 06:03:31,551 [WARNING] HTTP 429 for https://www.kap.org.tr/tr/api/BildirimPdf/1603249, retry 4/5 in 9s
2026-05-09 06:03:31,551 [WARNING] HTTP 429 for https://www.kap.org.tr/tr/api/BildirimPdf/1603249, retry 4/5 in 9s
2026-05-09 06:03:40,765 [WARNING] HTTP 429 for https://www.kap.org.tr/tr/api/BildirimPdf/1603249, retry 5/5 in 17s
2026-05-09 06:03:40,765 [WARNING] HTTP 429 for https://www.kap.org.tr/tr/api/BildirimPdf/1603249, retry 5/5 in 17s
2026-05-09 06:03:58,068 [WARNING] No attachment URL in disclosure 1603249
2026-05-09 06:03:58,068 [WARNING] No attachment URL in disclosure 1603249
2026-05-09 06:03:58,076 [INFO] Processing [KUA] from 2026-05-08
2026-05-09 06:03:58,076 [INFO] Processing [KUA] from 2026-05-08
2026-05-09 06:03:58,135 [WARNING] HTTP 429 for https://www.kap.org.tr/tr/api/BildirimPdf/1603248, retry 1/5 in 2s
2026-05-09 06:03:58,135 [WARNING] HTTP 429 for https://www.kap.org.tr/tr/api/BildirimPdf/1603248, retry 1/5 in 2s
2026-05-09 06:04:00,358 [WARNING] HTTP 429 for https://www.kap.org.tr/tr/api/BildirimPdf/1603248, retry 2/5 in 3s
2026-05-09 06:04:00,358 [WARNING] HTTP 429 for https://www.kap.org.tr/tr/api/BildirimPdf/1603248, retry 2/5 in 3s
2026-05-09 06:04:03,568 [WARNING] HTTP 429 for https://www.kap.org.tr/tr/api/BildirimPdf/1603248, retry 3/5 in 5s
2026-05-09 06:04:03,568 [WARNING] HTTP 429 for https://www.kap.org.tr/tr/api/BildirimPdf/1603248, retry 3/5 in 5s
2026-05-09 06:04:08,787 [WARNING] HTTP 429 for https://www.kap.org.tr/tr/api/BildirimPdf/1603248, retry 4/5 in 9s
2026-05-09 06:04:08,787 [WARNING] HTTP 429 for https://www.kap.org.tr/tr/api/BildirimPdf/1603248, retry 4/5 in 9s
2026-05-09 06:04:18,002 [WARNING] HTTP 429 for https://www.kap.org.tr/tr/api/BildirimPdf/1603248, retry 5/5 in 17s
2026-05-09 06:04:18,002 [WARNING] HTTP 429 for https://www.kap.org.tr/tr/api/BildirimPdf/1603248, retry 5/5 in 17s
2026-05-09 06:04:35,303 [WARNING] No attachment URL in disclosure 1603248
2026-05-09 06:04:35,303 [WARNING] No attachment URL in disclosure 1603248
2026-05-09 06:04:35,310 [INFO] Processing [KOB] from 2026-05-08
2026-05-09 06:04:35,310 [INFO] Processing [KOB] from 2026-05-08
2026-05-09 06:04:35,377 [WARNING] HTTP 429 for https://www.kap.org.tr/tr/api/BildirimPdf/1603247, retry 1/5 in 2s
2026-05-09 06:04:35,377 [WARNING] HTTP 429 for https://www.kap.org.tr/tr/api/BildirimPdf/1603247, retry 1/5 in 2s
2026-05-09 06:04:37,588 [WARNING] HTTP 429 for https://www.kap.org.tr/tr/api/BildirimPdf/1603247, retry 2/5 in 3s
2026-05-09 06:04:37,588 [WARNING] HTTP 429 for https://www.kap.org.tr/tr/api/BildirimPdf/1603247, retry 2/5 in 3s
2026-05-09 06:04:40,782 [WARNING] HTTP 429 for https://www.kap.org.tr/tr/api/BildirimPdf/1603247, retry 3/5 in 5s
2026-05-09 06:04:40,782 [WARNING] HTTP 429 for https://www.kap.org.tr/tr/api/BildirimPdf/1603247, retry 3/5 in 5s
2026-05-09 06:04:46,002 [WARNING] HTTP 429 for https://www.kap.org.tr/tr/api/BildirimPdf/1603247, retry 4/5 in 9s
2026-05-09 06:04:46,002 [WARNING] HTTP 429 for https://www.kap.org.tr/tr/api/BildirimPdf/1603247, retry 4/5 in 9s
2026-05-09 06:04:55,218 [WARNING] HTTP 429 for https://www.kap.org.tr/tr/api/BildirimPdf/1603247, retry 5/5 in 17s
2026-05-09 06:04:55,218 [WARNING] HTTP 429 for https://www.kap.org.tr/tr/api/BildirimPdf/1603247, retry 5/5 in 17s
2026-05-09 06:05:12,503 [WARNING] No attachment URL in disclosure 1603247
2026-05-09 06:05:12,503 [WARNING] No attachment URL in disclosure 1603247
2026-05-09 06:05:12,511 [INFO] Processing [KOB] from 2026-05-08
2026-05-09 06:05:12,511 [INFO] Processing [KOB] from 2026-05-08
2026-05-09 06:05:12,626 [INFO] Downloaded PDF KOB (77KB)
2026-05-09 06:05:12,626 [INFO] Downloaded PDF KOB (77KB)
2026-05-09 06:05:14,323 [ERROR] GLM failed for KOB: module 'zhipuai' has no attribute 'model_api'
2026-05-09 06:05:14,323 [ERROR] GLM failed for KOB: module 'zhipuai' has no attribute 'model_api'
2026-05-09 06:05:14,323 [WARNING] No categories for KOB
2026-05-09 06:05:14,323 [WARNING] No categories for KOB
2026-05-09 06:05:14,915 [INFO] Processing [KOB] from 2026-05-08
2026-05-09 06:05:14,915 [INFO] Processing [KOB] from 2026-05-08
2026-05-09 06:05:15,026 [INFO] Downloaded PDF KOB (77KB)
2026-05-09 06:05:15,026 [INFO] Downloaded PDF KOB (77KB)
2026-05-09 06:05:16,732 [ERROR] GLM failed for KOB: module 'zhipuai' has no attribute 'model_api'
2026-05-09 06:05:16,732 [ERROR] GLM failed for KOB: module 'zhipuai' has no attribute 'model_api'
2026-05-09 06:05:16,733 [WARNING] No categories for KOB
2026-05-09 06:05:16,733 [WARNING] No categories for KOB
2026-05-09 06:05:17,350 [INFO] Processing [KTS] from 2026-05-08
2026-05-09 06:05:17,350 [INFO] Processing [KTS] from 2026-05-08
2026-05-09 06:05:18,550 [INFO] Downloaded PDF KTS (78KB)
2026-05-09 06:05:18,550 [INFO] Downloaded PDF KTS (78KB)
2026-05-09 06:05:20,235 [ERROR] GLM failed for KTS: module 'zhipuai' has no attribute 'model_api'
2026-05-09 06:05:20,235 [ERROR] GLM failed for KTS: module 'zhipuai' has no attribute 'model_api'
2026-05-09 06:05:20,235 [WARNING] No categories for KTS
2026-05-09 06:05:20,235 [WARNING] No categories for KTS
2026-05-09 06:05:20,798 [INFO] Processing [KOB] from 2026-05-08
2026-05-09 06:05:20,798 [INFO] Processing [KOB] from 2026-05-08
2026-05-09 06:05:20,928 [INFO] Downloaded PDF KOB (77KB)
2026-05-09 06:05:20,928 [INFO] Downloaded PDF KOB (77KB)
2026-05-09 06:05:22,632 [ERROR] GLM failed for KOB: module 'zhipuai' has no attribute 'model_api'
2026-05-09 06:05:22,632 [ERROR] GLM failed for KOB: module 'zhipuai' has no attribute 'model_api'
2026-05-09 06:05:22,632 [WARNING] No categories for KOB
2026-05-09 06:05:22,632 [WARNING] No categories for KOB
2026-05-09 06:05:23,147 [INFO] Processing [KOB] from 2026-05-08
2026-05-09 06:05:23,147 [INFO] Processing [KOB] from 2026-05-08
2026-05-09 06:05:23,252 [INFO] Downloaded PDF KOB (77KB)
2026-05-09 06:05:23,252 [INFO] Downloaded PDF KOB (77KB)
2026-05-09 06:05:24,952 [ERROR] GLM failed for KOB: module 'zhipuai' has no attribute 'model_api'
2026-05-09 06:05:24,952 [ERROR] GLM failed for KOB: module 'zhipuai' has no attribute 'model_api'
2026-05-09 06:05:24,952 [WARNING] No categories for KOB
2026-05-09 06:05:24,952 [WARNING] No categories for KOB
2026-05-09 06:05:25,603 [INFO] Processing [KOB] from 2026-05-08
2026-05-09 06:05:25,603 [INFO] Processing [KOB] from 2026-05-08
2026-05-09 06:05:25,717 [INFO] Downloaded PDF KOB (77KB)
2026-05-09 06:05:25,717 [INFO] Downloaded PDF KOB (77KB)
2026-05-09 06:05:27,419 [ERROR] GLM failed for KOB: module 'zhipuai' has no attribute 'model_api'
2026-05-09 06:05:27,419 [ERROR] GLM failed for KOB: module 'zhipuai' has no attribute 'model_api'
2026-05-09 06:05:27,419 [WARNING] No categories for KOB
2026-05-09 06:05:27,419 [WARNING] No categories for KOB
2026-05-09 06:05:28,070 [INFO] Processing [KOB] from 2026-05-08
2026-05-09 06:05:28,070 [INFO] Processing [KOB] from 2026-05-08
2026-05-09 06:05:28,179 [INFO] Downloaded PDF KOB (77KB)
2026-05-09 06:05:28,179 [INFO] Downloaded PDF KOB (77KB)
2026-05-09 06:05:29,853 [ERROR] GLM failed for KOB: module 'zhipuai' has no attribute 'model_api'
2026-05-09 06:05:29,853 [ERROR] GLM failed for KOB: module 'zhipuai' has no attribute 'model_api'
2026-05-09 06:05:29,853 [WARNING] No categories for KOB
2026-05-09 06:05:29,853 [WARNING] No categories for KOB
2026-05-09 06:05:30,396 [INFO] Processing [KOB] from 2026-05-08
2026-05-09 06:05:30,396 [INFO] Processing [KOB] from 2026-05-08
2026-05-09 06:05:30,504 [INFO] Downloaded PDF KOB (77KB)
2026-05-09 06:05:30,504 [INFO] Downloaded PDF KOB (77KB)
2026-05-09 06:05:32,211 [ERROR] GLM failed for KOB: module 'zhipuai' has no attribute 'model_api'
2026-05-09 06:05:32,211 [ERROR] GLM failed for KOB: module 'zhipuai' has no attribute 'model_api'
2026-05-09 06:05:32,211 [WARNING] No categories for KOB
2026-05-09 06:05:32,211 [WARNING] No categories for KOB
2026-05-09 06:05:32,808 [INFO] Processing [KSR] from 2026-05-08
2026-05-09 06:05:32,808 [INFO] Processing [KSR] from 2026-05-08
2026-05-09 06:05:34,062 [INFO] Downloaded PDF KSR (77KB)
2026-05-09 06:05:34,062 [INFO] Downloaded PDF KSR (77KB)
2026-05-09 06:05:35,752 [ERROR] GLM failed for KSR: module 'zhipuai' has no attribute 'model_api'
2026-05-09 06:05:35,752 [ERROR] GLM failed for KSR: module 'zhipuai' has no attribute 'model_api'
2026-05-09 06:05:35,752 [WARNING] No categories for KSR
2026-05-09 06:05:35,752 [WARNING] No categories for KSR
2026-05-09 06:05:36,268 [INFO] Processing [KOB] from 2026-05-08
2026-05-09 06:05:36,268 [INFO] Processing [KOB] from 2026-05-08
2026-05-09 06:05:36,390 [INFO] Downloaded PDF KOB (77KB)
2026-05-09 06:05:36,390 [INFO] Downloaded PDF KOB (77KB)
2026-05-09 06:05:38,095 [ERROR] GLM failed for KOB: module 'zhipuai' has no attribute 'model_api'
2026-05-09 06:05:38,095 [ERROR] GLM failed for KOB: module 'zhipuai' has no attribute 'model_api'
2026-05-09 06:05:38,095 [WARNING] No categories for KOB
2026-05-09 06:05:38,095 [WARNING] No categories for KOB
2026-05-09 06:05:38,657 [INFO] Processing [KOB] from 2026-05-08
2026-05-09 06:05:38,657 [INFO] Processing [KOB] from 2026-05-08
2026-05-09 06:05:38,780 [INFO] Downloaded PDF KOB (77KB)
2026-05-09 06:05:38,780 [INFO] Downloaded PDF KOB (77KB)
2026-05-09 06:05:40,477 [ERROR] GLM failed for KOB: module 'zhipuai' has no attribute 'model_api'
2026-05-09 06:05:40,477 [ERROR] GLM failed for KOB: module 'zhipuai' has no attribute 'model_api'
2026-05-09 06:05:40,478 [WARNING] No categories for KOB
2026-05-09 06:05:40,478 [WARNING] No categories for KOB
2026-05-09 06:05:41,081 [INFO] Processing [KOB] from 2026-05-08
2026-05-09 06:05:41,081 [INFO] Processing [KOB] from 2026-05-08
2026-05-09 06:05:41,177 [INFO] Downloaded PDF KOB (77KB)
2026-05-09 06:05:41,177 [INFO] Downloaded PDF KOB (77KB)
2026-05-09 06:05:42,867 [ERROR] GLM failed for KOB: module 'zhipuai' has no attribute 'model_api'
2026-05-09 06:05:42,867 [ERROR] GLM failed for KOB: module 'zhipuai' has no attribute 'model_api'
2026-05-09 06:05:42,867 [WARNING] No categories for KOB
2026-05-09 06:05:42,867 [WARNING] No categories for KOB
2026-05-09 06:05:43,381 [INFO] Processing [KOB] from 2026-05-08
2026-05-09 06:05:43,381 [INFO] Processing [KOB] from 2026-05-08
2026-05-09 06:05:43,484 [INFO] Downloaded PDF KOB (77KB)
2026-05-09 06:05:43,484 [INFO] Downloaded PDF KOB (77KB)
2026-05-09 06:05:45,170 [ERROR] GLM failed for KOB: module 'zhipuai' has no attribute 'model_api'
2026-05-09 06:05:45,170 [ERROR] GLM failed for KOB: module 'zhipuai' has no attribute 'model_api'
2026-05-09 06:05:45,170 [WARNING] No categories for KOB
2026-05-09 06:05:45,170 [WARNING] No categories for KOB
2026-05-09 06:05:45,677 [INFO] Processing [KOB] from 2026-05-08
2026-05-09 06:05:45,677 [INFO] Processing [KOB] from 2026-05-08
2026-05-09 06:05:45,781 [INFO] Downloaded PDF KOB (77KB)
2026-05-09 06:05:45,781 [INFO] Downloaded PDF KOB (77KB)
2026-05-09 06:05:47,482 [ERROR] GLM failed for KOB: module 'zhipuai' has no attribute 'model_api'
2026-05-09 06:05:47,482 [ERROR] GLM failed for KOB: module 'zhipuai' has no attribute 'model_api'
2026-05-09 06:05:47,483 [WARNING] No categories for KOB
2026-05-09 06:05:47,483 [WARNING] No categories for KOB
2026-05-09 06:05:48,000 [INFO] Processing [KME] from 2026-05-08
2026-05-09 06:05:48,000 [INFO] Processing [KME] from 2026-05-08
2026-05-09 06:05:48,111 [INFO] Downloaded PDF KME (77KB)
2026-05-09 06:05:48,111 [INFO] Downloaded PDF KME (77KB)
2026-05-09 06:05:49,816 [ERROR] GLM failed for KME: module 'zhipuai' has no attribute 'model_api'
2026-05-09 06:05:49,816 [ERROR] GLM failed for KME: module 'zhipuai' has no attribute 'model_api'
2026-05-09 06:05:49,816 [WARNING] No categories for KME
2026-05-09 06:05:49,816 [WARNING] No categories for KME
2026-05-09 06:05:50,331 [INFO] Processing [KOB] from 2026-05-08
2026-05-09 06:05:50,331 [INFO] Processing [KOB] from 2026-05-08
2026-05-09 06:05:51,566 [INFO] Downloaded PDF KOB (77KB)
2026-05-09 06:05:51,566 [INFO] Downloaded PDF KOB (77KB)
2026-05-09 06:05:53,275 [ERROR] GLM failed for KOB: module 'zhipuai' has no attribute 'model_api'
2026-05-09 06:05:53,275 [ERROR] GLM failed for KOB: module 'zhipuai' has no attribute 'model_api'
2026-05-09 06:05:53,275 [WARNING] No categories for KOB
2026-05-09 06:05:53,275 [WARNING] No categories for KOB
2026-05-09 06:05:53,864 [INFO] Processing [KIK] from 2026-05-08
2026-05-09 06:05:53,864 [INFO] Processing [KIK] from 2026-05-08
2026-05-09 06:05:53,967 [INFO] Downloaded PDF KIK (77KB)
2026-05-09 06:05:53,967 [INFO] Downloaded PDF KIK (77KB)
2026-05-09 06:05:55,605 [ERROR] GLM failed for KIK: module 'zhipuai' has no attribute 'model_api'
2026-05-09 06:05:55,605 [ERROR] GLM failed for KIK: module 'zhipuai' has no attribute 'model_api'
2026-05-09 06:05:55,605 [WARNING] No categories for KIK
2026-05-09 06:05:55,605 [WARNING] No categories for KIK
2026-05-09 06:05:56,112 [INFO] Processing [KOB] from 2026-05-08
2026-05-09 06:05:56,112 [INFO] Processing [KOB] from 2026-05-08
2026-05-09 06:05:56,215 [INFO] Downloaded PDF KOB (77KB)
2026-05-09 06:05:56,215 [INFO] Downloaded PDF KOB (77KB)
2026-05-09 06:05:57,920 [ERROR] GLM failed for KOB: module 'zhipuai' has no attribute 'model_api'
2026-05-09 06:05:57,920 [ERROR] GLM failed for KOB: module 'zhipuai' has no attribute 'model_api'
2026-05-09 06:05:57,920 [WARNING] No categories for KOB
2026-05-09 06:05:57,920 [WARNING] No categories for KOB
2026-05-09 06:05:58,480 [INFO] Processing [KOB] from 2026-05-08
2026-05-09 06:05:58,480 [INFO] Processing [KOB] from 2026-05-08
2026-05-09 06:05:58,580 [INFO] Downloaded PDF KOB (77KB)
2026-05-09 06:05:58,580 [INFO] Downloaded PDF KOB (77KB)
2026-05-09 06:06:00,292 [ERROR] GLM failed for KOB: module 'zhipuai' has no attribute 'model_api'
2026-05-09 06:06:00,292 [ERROR] GLM failed for KOB: module 'zhipuai' has no attribute 'model_api'
2026-05-09 06:06:00,292 [WARNING] No categories for KOB
2026-05-09 06:06:00,292 [WARNING] No categories for KOB
2026-05-09 06:06:00,803 [INFO] Processing [KOB] from 2026-05-08
2026-05-09 06:06:00,803 [INFO] Processing [KOB] from 2026-05-08
2026-05-09 06:06:00,960 [INFO] Downloaded PDF KOB (77KB)
2026-05-09 06:06:00,960 [INFO] Downloaded PDF KOB (77KB)
2026-05-09 06:06:02,673 [ERROR] GLM failed for KOB: module 'zhipuai' has no attribute 'model_api'
2026-05-09 06:06:02,673 [ERROR] GLM failed for KOB: module 'zhipuai' has no attribute 'model_api'
2026-05-09 06:06:02,673 [WARNING] No categories for KOB
2026-05-09 06:06:02,673 [WARNING] No categories for KOB
2026-05-09 06:06:03,236 [INFO] Processing [KDE] from 2026-05-08
2026-05-09 06:06:03,236 [INFO] Processing [KDE] from 2026-05-08
2026-05-09 06:06:03,377 [INFO] Downloaded PDF KDE (77KB)
2026-05-09 06:06:03,377 [INFO] Downloaded PDF KDE (77KB)
2026-05-09 06:06:05,084 [ERROR] GLM failed for KDE: module 'zhipuai' has no attribute 'model_api'
2026-05-09 06:06:05,084 [ERROR] GLM failed for KDE: module 'zhipuai' has no attribute 'model_api'
2026-05-09 06:06:05,084 [WARNING] No categories for KDE
2026-05-09 06:06:05,084 [WARNING] No categories for KDE
2026-05-09 06:06:05,679 [INFO] Processing [KOB] from 2026-05-08
2026-05-09 06:06:05,679 [INFO] Processing [KOB] from 2026-05-08
2026-05-09 06:06:05,790 [INFO] Downloaded PDF KOB (77KB)
2026-05-09 06:06:05,790 [INFO] Downloaded PDF KOB (77KB)
2026-05-09 06:06:07,492 [ERROR] GLM failed for KOB: module 'zhipuai' has no attribute 'model_api'
2026-05-09 06:06:07,492 [ERROR] GLM failed for KOB: module 'zhipuai' has no attribute 'model_api'
2026-05-09 06:06:07,492 [WARNING] No categories for KOB
2026-05-09 06:06:07,492 [WARNING] No categories for KOB
2026-05-09 06:06:08,143 [INFO] Processing [KOB] from 2026-05-08
2026-05-09 06:06:08,143 [INFO] Processing [KOB] from 2026-05-08
2026-05-09 06:06:08,276 [INFO] Downloaded PDF KOB (77KB)
2026-05-09 06:06:08,276 [INFO] Downloaded PDF KOB (77KB)
2026-05-09 06:06:09,978 [ERROR] GLM failed for KOB: module 'zhipuai' has no attribute 'model_api'
2026-05-09 06:06:09,978 [ERROR] GLM failed for KOB: module 'zhipuai' has no attribute 'model_api'
2026-05-09 06:06:09,978 [WARNING] No categories for KOB
2026-05-09 06:06:09,978 [WARNING] No categories for KOB
2026-05-09 06:06:10,569 [INFO] Processing [KOB] from 2026-05-08
2026-05-09 06:06:10,569 [INFO] Processing [KOB] from 2026-05-08
2026-05-09 06:06:10,763 [INFO] Downloaded PDF KOB (77KB)
2026-05-09 06:06:10,763 [INFO] Downloaded PDF KOB (77KB)
2026-05-09 06:06:12,463 [ERROR] GLM failed for KOB: module 'zhipuai' has no attribute 'model_api'
2026-05-09 06:06:12,463 [ERROR] GLM failed for KOB: module 'zhipuai' has no attribute 'model_api'
2026-05-09 06:06:12,464 [WARNING] No categories for KOB
2026-05-09 06:06:12,464 [WARNING] No categories for KOB
2026-05-09 06:06:13,036 [INFO] Processing [KYS] from 2026-05-08
2026-05-09 06:06:13,036 [INFO] Processing [KYS] from 2026-05-08
2026-05-09 06:06:13,149 [INFO] Downloaded PDF KYS (78KB)
2026-05-09 06:06:13,149 [INFO] Downloaded PDF KYS (78KB)
2026-05-09 06:06:14,856 [ERROR] GLM failed for KYS: module 'zhipuai' has no attribute 'model_api'
2026-05-09 06:06:14,856 [ERROR] GLM failed for KYS: module 'zhipuai' has no attribute 'model_api'
2026-05-09 06:06:14,856 [WARNING] No categories for KYS
2026-05-09 06:06:14,856 [WARNING] No categories for KYS
2026-05-09 06:06:15,507 [INFO] Processing [KRS] from 2026-05-08
2026-05-09 06:06:15,507 [INFO] Processing [KRS] from 2026-05-08
2026-05-09 06:06:17,032 [INFO] Downloaded PDF KRS (78KB)
2026-05-09 06:06:17,032 [INFO] Downloaded PDF KRS (78KB)
2026-05-09 06:06:18,735 [ERROR] GLM failed for KRS: module 'zhipuai' has no attribute 'model_api'
2026-05-09 06:06:18,735 [ERROR] GLM failed for KRS: module 'zhipuai' has no attribute 'model_api'
2026-05-09 06:06:18,735 [WARNING] No categories for KRS
2026-05-09 06:06:18,735 [WARNING] No categories for KRS
2026-05-09 06:06:19,386 [INFO] Processing [KRF] from 2026-05-08
2026-05-09 06:06:19,386 [INFO] Processing [KRF] from 2026-05-08
2026-05-09 06:06:19,490 [INFO] Downloaded PDF KRF (78KB)
2026-05-09 06:06:19,490 [INFO] Downloaded PDF KRF (78KB)
2026-05-09 06:06:21,188 [ERROR] GLM failed for KRF: module 'zhipuai' has no attribute 'model_api'
2026-05-09 06:06:21,188 [ERROR] GLM failed for KRF: module 'zhipuai' has no attribute 'model_api'
2026-05-09 06:06:21,188 [WARNING] No categories for KRF
2026-05-09 06:06:21,188 [WARNING] No categories for KRF
2026-05-09 06:06:21,750 [INFO] Processing [MPE] from 2026-05-08
2026-05-09 06:06:21,750 [INFO] Processing [MPE] from 2026-05-08
2026-05-09 06:06:21,855 [INFO] Downloaded PDF MPE (78KB)
2026-05-09 06:06:21,855 [INFO] Downloaded PDF MPE (78KB)
2026-05-09 06:06:23,551 [ERROR] GLM failed for MPE: module 'zhipuai' has no attribute 'model_api'
2026-05-09 06:06:23,551 [ERROR] GLM failed for MPE: module 'zhipuai' has no attribute 'model_api'
2026-05-09 06:06:23,551 [WARNING] No categories for MPE
2026-05-09 06:06:23,551 [WARNING] No categories for MPE
2026-05-09 06:06:24,153 [INFO] Processing [IIF] from 2026-05-08
2026-05-09 06:06:24,153 [INFO] Processing [IIF] from 2026-05-08
2026-05-09 06:06:24,255 [INFO] Downloaded PDF IIF (78KB)
2026-05-09 06:06:24,255 [INFO] Downloaded PDF IIF (78KB)
2026-05-09 06:06:25,965 [ERROR] GLM failed for IIF: module 'zhipuai' has no attribute 'model_api'
2026-05-09 06:06:25,965 [ERROR] GLM failed for IIF: module 'zhipuai' has no attribute 'model_api'
2026-05-09 06:06:25,965 [WARNING] No categories for IIF
2026-05-09 06:06:25,965 [WARNING] No categories for IIF
2026-05-09 06:06:26,616 [INFO] Processing [KRS] from 2026-05-08
2026-05-09 06:06:26,616 [INFO] Processing [KRS] from 2026-05-08
2026-05-09 06:06:27,229 [INFO] Downloaded PDF KRS (78KB)
2026-05-09 06:06:27,229 [INFO] Downloaded PDF KRS (78KB)
2026-05-09 06:06:28,936 [ERROR] GLM failed for KRS: module 'zhipuai' has no attribute 'model_api'
2026-05-09 06:06:28,936 [ERROR] GLM failed for KRS: module 'zhipuai' has no attribute 'model_api'
2026-05-09 06:06:28,936 [WARNING] No categories for KRS
2026-05-09 06:06:28,936 [WARNING] No categories for KRS
2026-05-09 06:06:29,586 [INFO] Processing [KRS] from 2026-05-08
2026-05-09 06:06:29,586 [INFO] Processing [KRS] from 2026-05-08
2026-05-09 06:06:29,728 [INFO] Downloaded PDF KRS (78KB)
2026-05-09 06:06:29,728 [INFO] Downloaded PDF KRS (78KB)
2026-05-09 06:06:31,428 [ERROR] GLM failed for KRS: module 'zhipuai' has no attribute 'model_api'
2026-05-09 06:06:31,428 [ERROR] GLM failed for KRS: module 'zhipuai' has no attribute 'model_api'
2026-05-09 06:06:31,428 [WARNING] No categories for KRS
2026-05-09 06:06:31,428 [WARNING] No categories for KRS
2026-05-09 06:06:32,078 [INFO] Processing [KRS] from 2026-05-08
2026-05-09 06:06:32,078 [INFO] Processing [KRS] from 2026-05-08
2026-05-09 06:06:32,189 [INFO] Downloaded PDF KRS (79KB)
2026-05-09 06:06:32,189 [INFO] Downloaded PDF KRS (79KB)
2026-05-09 06:06:33,870 [ERROR] GLM failed for KRS: module 'zhipuai' has no attribute 'model_api'
2026-05-09 06:06:33,870 [ERROR] GLM failed for KRS: module 'zhipuai' has no attribute 'model_api'
2026-05-09 06:06:33,871 [WARNING] No categories for KRS
2026-05-09 06:06:33,871 [WARNING] No categories for KRS
2026-05-09 06:06:34,479 [INFO] Processing [PRD] from 2026-05-08
2026-05-09 06:06:34,479 [INFO] Processing [PRD] from 2026-05-08
2026-05-09 06:06:34,583 [INFO] Downloaded PDF PRD (77KB)
2026-05-09 06:06:34,583 [INFO] Downloaded PDF PRD (77KB)
2026-05-09 06:06:36,273 [ERROR] GLM failed for PRD: module 'zhipuai' has no attribute 'model_api'
2026-05-09 06:06:36,273 [ERROR] GLM failed for PRD: module 'zhipuai' has no attribute 'model_api'
2026-05-09 06:06:36,273 [WARNING] No categories for PRD
2026-05-09 06:06:36,273 [WARNING] No categories for PRD
2026-05-09 06:06:36,924 [INFO] Processing [PHI] from 2026-05-08
2026-05-09 06:06:36,924 [INFO] Processing [PHI] from 2026-05-08
2026-05-09 06:06:38,032 [INFO] Downloaded PDF PHI (77KB)
2026-05-09 06:06:38,032 [INFO] Downloaded PDF PHI (77KB)
2026-05-09 06:06:39,743 [ERROR] GLM failed for PHI: module 'zhipuai' has no attribute 'model_api'
2026-05-09 06:06:39,743 [ERROR] GLM failed for PHI: module 'zhipuai' has no attribute 'model_api'
2026-05-09 06:06:39,743 [WARNING] No categories for PHI
2026-05-09 06:06:39,743 [WARNING] No categories for PHI
2026-05-09 06:06:40,337 [INFO] Processing [PIR] from 2026-05-08
2026-05-09 06:06:40,337 [INFO] Processing [PIR] from 2026-05-08
2026-05-09 06:06:40,451 [INFO] Downloaded PDF PIR (77KB)
2026-05-09 06:06:40,451 [INFO] Downloaded PDF PIR (77KB)
2026-05-09 06:06:42,099 [ERROR] GLM failed for PIR: module 'zhipuai' has no attribute 'model_api'
2026-05-09 06:06:42,099 [ERROR] GLM failed for PIR: module 'zhipuai' has no attribute 'model_api'
2026-05-09 06:06:42,099 [WARNING] No categories for PIR
2026-05-09 06:06:42,099 [WARNING] No categories for PIR
2026-05-09 06:06:42,750 [INFO] Processing [ADE] from 2026-05-08
2026-05-09 06:06:42,750 [INFO] Processing [ADE] from 2026-05-08
2026-05-09 06:06:42,864 [INFO] Downloaded PDF ADE (77KB)
2026-05-09 06:06:42,864 [INFO] Downloaded PDF ADE (77KB)
2026-05-09 06:06:44,563 [ERROR] GLM failed for ADE: module 'zhipuai' has no attribute 'model_api'
2026-05-09 06:06:44,563 [ERROR] GLM failed for ADE: module 'zhipuai' has no attribute 'model_api'
2026-05-09 06:06:44,563 [WARNING] No categories for ADE
2026-05-09 06:06:44,563 [WARNING] No categories for ADE
2026-05-09 06:06:45,133 [INFO] Processing [IML] from 2026-05-08
2026-05-09 06:06:45,133 [INFO] Processing [IML] from 2026-05-08
2026-05-09 06:06:45,240 [INFO] Downloaded PDF IML (77KB)
2026-05-09 06:06:45,240 [INFO] Downloaded PDF IML (77KB)
2026-05-09 06:06:46,945 [ERROR] GLM failed for IML: module 'zhipuai' has no attribute 'model_api'
2026-05-09 06:06:46,945 [ERROR] GLM failed for IML: module 'zhipuai' has no attribute 'model_api'
2026-05-09 06:06:46,945 [WARNING] No categories for IML
2026-05-09 06:06:46,945 [WARNING] No categories for IML
2026-05-09 06:06:47,524 [INFO] Processing [BHL] from 2026-05-08
2026-05-09 06:06:47,524 [INFO] Processing [BHL] from 2026-05-08
2026-05-09 06:06:47,623 [INFO] Downloaded PDF BHL (77KB)
2026-05-09 06:06:47,623 [INFO] Downloaded PDF BHL (77KB)
2026-05-09 06:06:49,328 [ERROR] GLM failed for BHL: module 'zhipuai' has no attribute 'model_api'
2026-05-09 06:06:49,328 [ERROR] GLM failed for BHL: module 'zhipuai' has no attribute 'model_api'
2026-05-09 06:06:49,328 [WARNING] No categories for BHL
2026-05-09 06:06:49,328 [WARNING] No categories for BHL
2026-05-09 06:06:49,935 [INFO] Processing [ILK] from 2026-05-08
2026-05-09 06:06:49,935 [INFO] Processing [ILK] from 2026-05-08
2026-05-09 06:06:50,055 [INFO] Downloaded PDF ILK (77KB)
2026-05-09 06:06:50,055 [INFO] Downloaded PDF ILK (77KB)
2026-05-09 06:06:51,756 [ERROR] GLM failed for ILK: module 'zhipuai' has no attribute 'model_api'
2026-05-09 06:06:51,756 [ERROR] GLM failed for ILK: module 'zhipuai' has no attribute 'model_api'
2026-05-09 06:06:51,757 [WARNING] No categories for ILK
2026-05-09 06:06:51,757 [WARNING] No categories for ILK
2026-05-09 06:06:52,407 [INFO] Processing [BIO] from 2026-05-08
2026-05-09 06:06:52,407 [INFO] Processing [BIO] from 2026-05-08
2026-05-09 06:06:52,508 [INFO] Downloaded PDF BIO (77KB)
2026-05-09 06:06:52,508 [INFO] Downloaded PDF BIO (77KB)
2026-05-09 06:06:54,217 [ERROR] GLM failed for BIO: module 'zhipuai' has no attribute 'model_api'
2026-05-09 06:06:54,217 [ERROR] GLM failed for BIO: module 'zhipuai' has no attribute 'model_api'
2026-05-09 06:06:54,217 [WARNING] No categories for BIO
2026-05-09 06:06:54,217 [WARNING] No categories for BIO
2026-05-09 06:06:54,750 [INFO] Processing [EDU] from 2026-05-08
2026-05-09 06:06:54,750 [INFO] Processing [EDU] from 2026-05-08
2026-05-09 06:06:54,865 [INFO] Downloaded PDF EDU (77KB)
2026-05-09 06:06:54,865 [INFO] Downloaded PDF EDU (77KB)
2026-05-09 06:06:56,481 [ERROR] GLM failed for EDU: module 'zhipuai' has no attribute 'model_api'
2026-05-09 06:06:56,481 [ERROR] GLM failed for EDU: module 'zhipuai' has no attribute 'model_api'
2026-05-09 06:06:56,482 [WARNING] No categories for EDU
2026-05-09 06:06:56,482 [WARNING] No categories for EDU
2026-05-09 06:06:57,132 [INFO] Processing [ADE] from 2026-05-08
2026-05-09 06:06:57,132 [INFO] Processing [ADE] from 2026-05-08
2026-05-09 06:06:57,245 [INFO] Downloaded PDF ADE (77KB)
2026-05-09 06:06:57,245 [INFO] Downloaded PDF ADE (77KB)
2026-05-09 06:06:58,881 [ERROR] GLM failed for ADE: module 'zhipuai' has no attribute 'model_api'
2026-05-09 06:06:58,881 [ERROR] GLM failed for ADE: module 'zhipuai' has no attribute 'model_api'
2026-05-09 06:06:58,881 [WARNING] No categories for ADE
2026-05-09 06:06:58,881 [WARNING] No categories for ADE
2026-05-09 06:06:59,531 [INFO] Processing [BTE] from 2026-05-08
2026-05-09 06:06:59,531 [INFO] Processing [BTE] from 2026-05-08
2026-05-09 06:06:59,636 [INFO] Downloaded PDF BTE (77KB)
2026-05-09 06:06:59,636 [INFO] Downloaded PDF BTE (77KB)
2026-05-09 06:07:01,324 [ERROR] GLM failed for BTE: module 'zhipuai' has no attribute 'model_api'
2026-05-09 06:07:01,324 [ERROR] GLM failed for BTE: module 'zhipuai' has no attribute 'model_api'
2026-05-09 06:07:01,324 [WARNING] No categories for BTE
2026-05-09 06:07:01,324 [WARNING] No categories for BTE
2026-05-09 06:07:01,857 [INFO] Processing [BVD] from 2026-05-08
2026-05-09 06:07:01,857 [INFO] Processing [BVD] from 2026-05-08
2026-05-09 06:07:02,009 [INFO] Downloaded PDF BVD (77KB)
2026-05-09 06:07:02,009 [INFO] Downloaded PDF BVD (77KB)
2026-05-09 06:07:03,715 [ERROR] GLM failed for BVD: module 'zhipuai' has no attribute 'model_api'
2026-05-09 06:07:03,715 [ERROR] GLM failed for BVD: module 'zhipuai' has no attribute 'model_api'
2026-05-09 06:07:03,715 [WARNING] No categories for BVD
2026-05-09 06:07:03,715 [WARNING] No categories for BVD
2026-05-09 06:07:04,340 [INFO] Processing [BVF] from 2026-05-08
2026-05-09 06:07:04,340 [INFO] Processing [BVF] from 2026-05-08
2026-05-09 06:07:04,510 [INFO] Downloaded PDF BVF (77KB)
2026-05-09 06:07:04,510 [INFO] Downloaded PDF BVF (77KB)
2026-05-09 06:07:06,221 [ERROR] GLM failed for BVF: module 'zhipuai' has no attribute 'model_api'
2026-05-09 06:07:06,221 [ERROR] GLM failed for BVF: module 'zhipuai' has no attribute 'model_api'
2026-05-09 06:07:06,221 [WARNING] No categories for BVF
2026-05-09 06:07:06,221 [WARNING] No categories for BVF
2026-05-09 06:07:06,750 [INFO] Processing [BVV] from 2026-05-08
2026-05-09 06:07:06,750 [INFO] Processing [BVV] from 2026-05-08
2026-05-09 06:07:06,866 [INFO] Downloaded PDF BVV (77KB)
2026-05-09 06:07:06,866 [INFO] Downloaded PDF BVV (77KB)
2026-05-09 06:07:08,557 [ERROR] GLM failed for BVV: module 'zhipuai' has no attribute 'model_api'
2026-05-09 06:07:08,557 [ERROR] GLM failed for BVV: module 'zhipuai' has no attribute 'model_api'
2026-05-09 06:07:08,557 [WARNING] No categories for BVV
2026-05-09 06:07:08,557 [WARNING] No categories for BVV
2026-05-09 06:07:09,166 [INFO] Processing [IIF] from 2026-05-08
2026-05-09 06:07:09,166 [INFO] Processing [IIF] from 2026-05-08
2026-05-09 06:07:09,265 [INFO] Downloaded PDF IIF (77KB)
2026-05-09 06:07:09,265 [INFO] Downloaded PDF IIF (77KB)
2026-05-09 06:07:10,969 [ERROR] GLM failed for IIF: module 'zhipuai' has no attribute 'model_api'
2026-05-09 06:07:10,969 [ERROR] GLM failed for IIF: module 'zhipuai' has no attribute 'model_api'
2026-05-09 06:07:10,969 [WARNING] No categories for IIF
2026-05-09 06:07:10,969 [WARNING] No categories for IIF
2026-05-09 06:07:11,504 [INFO] Processing [HAR] from 2026-05-08
2026-05-09 06:07:11,504 [INFO] Processing [HAR] from 2026-05-08
2026-05-09 06:07:11,608 [INFO] Downloaded PDF HAR (77KB)
2026-05-09 06:07:11,608 [INFO] Downloaded PDF HAR (77KB)
2026-05-09 06:07:13,304 [ERROR] GLM failed for HAR: module 'zhipuai' has no attribute 'model_api'
2026-05-09 06:07:13,304 [ERROR] GLM failed for HAR: module 'zhipuai' has no attribute 'model_api'
2026-05-09 06:07:13,304 [WARNING] No categories for HAR
2026-05-09 06:07:13,304 [WARNING] No categories for HAR
2026-05-09 06:07:13,945 [INFO] Processing [RUT] from 2026-05-08
2026-05-09 06:07:13,945 [INFO] Processing [RUT] from 2026-05-08
2026-05-09 06:07:14,054 [INFO] Downloaded PDF RUT (77KB)
2026-05-09 06:07:14,054 [INFO] Downloaded PDF RUT (77KB)
2026-05-09 06:07:15,758 [ERROR] GLM failed for RUT: module 'zhipuai' has no attribute 'model_api'
2026-05-09 06:07:15,758 [ERROR] GLM failed for RUT: module 'zhipuai' has no attribute 'model_api'
2026-05-09 06:07:15,758 [WARNING] No categories for RUT
2026-05-09 06:07:15,758 [WARNING] No categories for RUT
2026-05-09 06:07:16,409 [INFO] Processing [SKT] from 2026-05-08
2026-05-09 06:07:16,409 [INFO] Processing [SKT] from 2026-05-08
2026-05-09 06:07:16,517 [INFO] Downloaded PDF SKT (77KB)
2026-05-09 06:07:16,517 [INFO] Downloaded PDF SKT (77KB)
2026-05-09 06:07:18,286 [ERROR] GLM failed for SKT: module 'zhipuai' has no attribute 'model_api'
2026-05-09 06:07:18,286 [ERROR] GLM failed for SKT: module 'zhipuai' has no attribute 'model_api'
2026-05-09 06:07:18,287 [WARNING] No categories for SKT
2026-05-09 06:07:18,287 [WARNING] No categories for SKT
2026-05-09 06:07:18,796 [INFO] Processing [FZP] from 2026-05-08
2026-05-09 06:07:18,796 [INFO] Processing [FZP] from 2026-05-08
2026-05-09 06:07:18,860 [WARNING] HTTP 429 for https://www.kap.org.tr/tr/api/BildirimPdf/1602946, retry 1/5 in 2s
2026-05-09 06:07:18,860 [WARNING] HTTP 429 for https://www.kap.org.tr/tr/api/BildirimPdf/1602946, retry 1/5 in 2s
2026-05-09 06:07:21,064 [WARNING] HTTP 429 for https://www.kap.org.tr/tr/api/BildirimPdf/1602946, retry 2/5 in 3s
2026-05-09 06:07:21,064 [WARNING] HTTP 429 for https://www.kap.org.tr/tr/api/BildirimPdf/1602946, retry 2/5 in 3s
2026-05-09 06:07:24,290 [WARNING] HTTP 429 for https://www.kap.org.tr/tr/api/BildirimPdf/1602946, retry 3/5 in 5s
2026-05-09 06:07:24,290 [WARNING] HTTP 429 for https://www.kap.org.tr/tr/api/BildirimPdf/1602946, retry 3/5 in 5s
2026-05-09 06:07:29,486 [WARNING] HTTP 429 for https://www.kap.org.tr/tr/api/BildirimPdf/1602946, retry 4/5 in 9s
2026-05-09 06:07:29,486 [WARNING] HTTP 429 for https://www.kap.org.tr/tr/api/BildirimPdf/1602946, retry 4/5 in 9s
2026-05-09 06:07:38,696 [WARNING] HTTP 429 for https://www.kap.org.tr/tr/api/BildirimPdf/1602946, retry 5/5 in 17s
2026-05-09 06:07:38,696 [WARNING] HTTP 429 for https://www.kap.org.tr/tr/api/BildirimPdf/1602946, retry 5/5 in 17s
2026-05-09 06:07:55,926 [WARNING] No attachment URL in disclosure 1602946
2026-05-09 06:07:55,926 [WARNING] No attachment URL in disclosure 1602946
2026-05-09 06:07:55,931 [INFO] Processing [FZJ] from 2026-05-08
2026-05-09 06:07:55,931 [INFO] Processing [FZJ] from 2026-05-08
2026-05-09 06:07:55,996 [WARNING] HTTP 429 for https://www.kap.org.tr/tr/api/BildirimPdf/1602945, retry 1/5 in 2s
2026-05-09 06:07:55,996 [WARNING] HTTP 429 for https://www.kap.org.tr/tr/api/BildirimPdf/1602945, retry 1/5 in 2s
2026-05-09 06:07:58,205 [WARNING] HTTP 429 for https://www.kap.org.tr/tr/api/BildirimPdf/1602945, retry 2/5 in 3s
2026-05-09 06:07:58,205 [WARNING] HTTP 429 for https://www.kap.org.tr/tr/api/BildirimPdf/1602945, retry 2/5 in 3s
2026-05-09 06:08:01,387 [WARNING] HTTP 429 for https://www.kap.org.tr/tr/api/BildirimPdf/1602945, retry 3/5 in 5s
2026-05-09 06:08:01,387 [WARNING] HTTP 429 for https://www.kap.org.tr/tr/api/BildirimPdf/1602945, retry 3/5 in 5s
2026-05-09 06:08:06,603 [WARNING] HTTP 429 for https://www.kap.org.tr/tr/api/BildirimPdf/1602945, retry 4/5 in 9s
2026-05-09 06:08:06,603 [WARNING] HTTP 429 for https://www.kap.org.tr/tr/api/BildirimPdf/1602945, retry 4/5 in 9s
2026-05-09 06:08:15,825 [WARNING] HTTP 429 for https://www.kap.org.tr/tr/api/BildirimPdf/1602945, retry 5/5 in 17s
2026-05-09 06:08:15,825 [WARNING] HTTP 429 for https://www.kap.org.tr/tr/api/BildirimPdf/1602945, retry 5/5 in 17s
2026-05-09 06:08:33,060 [WARNING] No attachment URL in disclosure 1602945
2026-05-09 06:08:33,060 [WARNING] No attachment URL in disclosure 1602945
2026-05-09 06:08:33,067 [INFO] Processing [FSH] from 2026-05-08
2026-05-09 06:08:33,067 [INFO] Processing [FSH] from 2026-05-08
2026-05-09 06:08:33,128 [WARNING] HTTP 429 for https://www.kap.org.tr/tr/api/BildirimPdf/1602943, retry 1/5 in 2s
2026-05-09 06:08:33,128 [WARNING] HTTP 429 for https://www.kap.org.tr/tr/api/BildirimPdf/1602943, retry 1/5 in 2s
2026-05-09 06:08:35,351 [WARNING] HTTP 429 for https://www.kap.org.tr/tr/api/BildirimPdf/1602943, retry 2/5 in 3s
2026-05-09 06:08:35,351 [WARNING] HTTP 429 for https://www.kap.org.tr/tr/api/BildirimPdf/1602943, retry 2/5 in 3s
2026-05-09 06:08:38,508 [WARNING] HTTP 429 for https://www.kap.org.tr/tr/api/BildirimPdf/1602943, retry 3/5 in 5s
2026-05-09 06:08:38,508 [WARNING] HTTP 429 for https://www.kap.org.tr/tr/api/BildirimPdf/1602943, retry 3/5 in 5s
2026-05-09 06:08:43,724 [WARNING] HTTP 429 for https://www.kap.org.tr/tr/api/BildirimPdf/1602943, retry 4/5 in 9s
2026-05-09 06:08:43,724 [WARNING] HTTP 429 for https://www.kap.org.tr/tr/api/BildirimPdf/1602943, retry 4/5 in 9s
2026-05-09 06:08:52,944 [WARNING] HTTP 429 for https://www.kap.org.tr/tr/api/BildirimPdf/1602943, retry 5/5 in 17s
2026-05-09 06:08:52,944 [WARNING] HTTP 429 for https://www.kap.org.tr/tr/api/BildirimPdf/1602943, retry 5/5 in 17s
2026-05-09 06:09:10,177 [WARNING] No attachment URL in disclosure 1602943
2026-05-09 06:09:10,177 [WARNING] No attachment URL in disclosure 1602943
2026-05-09 06:09:10,185 [INFO] Processing [FSF] from 2026-05-08
2026-05-09 06:09:10,185 [INFO] Processing [FSF] from 2026-05-08
2026-05-09 06:09:10,244 [WARNING] HTTP 429 for https://www.kap.org.tr/tr/api/BildirimPdf/1602941, retry 1/5 in 2s
2026-05-09 06:09:10,244 [WARNING] HTTP 429 for https://www.kap.org.tr/tr/api/BildirimPdf/1602941, retry 1/5 in 2s
2026-05-09 06:09:12,458 [WARNING] HTTP 429 for https://www.kap.org.tr/tr/api/BildirimPdf/1602941, retry 2/5 in 3s
2026-05-09 06:09:12,458 [WARNING] HTTP 429 for https://www.kap.org.tr/tr/api/BildirimPdf/1602941, retry 2/5 in 3s
2026-05-09 06:09:15,678 [WARNING] HTTP 429 for https://www.kap.org.tr/tr/api/BildirimPdf/1602941, retry 3/5 in 5s
2026-05-09 06:09:15,678 [WARNING] HTTP 429 for https://www.kap.org.tr/tr/api/BildirimPdf/1602941, retry 3/5 in 5s
2026-05-09 06:09:20,892 [WARNING] HTTP 429 for https://www.kap.org.tr/tr/api/BildirimPdf/1602941, retry 4/5 in 9s
2026-05-09 06:09:20,892 [WARNING] HTTP 429 for https://www.kap.org.tr/tr/api/BildirimPdf/1602941, retry 4/5 in 9s
2026-05-09 06:09:30,103 [WARNING] HTTP 429 for https://www.kap.org.tr/tr/api/BildirimPdf/1602941, retry 5/5 in 17s
2026-05-09 06:09:30,103 [WARNING] HTTP 429 for https://www.kap.org.tr/tr/api/BildirimPdf/1602941, retry 5/5 in 17s
2026-05-09 06:09:47,385 [WARNING] No attachment URL in disclosure 1602941
2026-05-09 06:09:47,385 [WARNING] No attachment URL in disclosure 1602941
2026-05-09 06:09:47,394 [INFO] Processing [AVT] from 2026-05-08
2026-05-09 06:09:47,394 [INFO] Processing [AVT] from 2026-05-08
2026-05-09 06:09:47,452 [WARNING] HTTP 429 for https://www.kap.org.tr/tr/api/BildirimPdf/1602940, retry 1/5 in 2s
2026-05-09 06:09:47,452 [WARNING] HTTP 429 for https://www.kap.org.tr/tr/api/BildirimPdf/1602940, retry 1/5 in 2s
2026-05-09 06:09:49,670 [WARNING] HTTP 429 for https://www.kap.org.tr/tr/api/BildirimPdf/1602940, retry 2/5 in 3s
2026-05-09 06:09:49,670 [WARNING] HTTP 429 for https://www.kap.org.tr/tr/api/BildirimPdf/1602940, retry 2/5 in 3s
2026-05-09 06:09:52,881 [WARNING] HTTP 429 for https://www.kap.org.tr/tr/api/BildirimPdf/1602940, retry 3/5 in 5s
2026-05-09 06:09:52,881 [WARNING] HTTP 429 for https://www.kap.org.tr/tr/api/BildirimPdf/1602940, retry 3/5 in 5s
2026-05-09 06:09:58,047 [WARNING] HTTP 429 for https://www.kap.org.tr/tr/api/BildirimPdf/1602940, retry 4/5 in 9s
2026-05-09 06:09:58,047 [WARNING] HTTP 429 for https://www.kap.org.tr/tr/api/BildirimPdf/1602940, retry 4/5 in 9s
2026-05-09 06:10:07,270 [WARNING] HTTP 429 for https://www.kap.org.tr/tr/api/BildirimPdf/1602940, retry 5/5 in 17s
2026-05-09 06:10:07,270 [WARNING] HTTP 429 for https://www.kap.org.tr/tr/api/BildirimPdf/1602940, retry 5/5 in 17s
2026-05-09 06:10:24,561 [WARNING] No attachment URL in disclosure 1602940
2026-05-09 06:10:24,561 [WARNING] No attachment URL in disclosure 1602940
2026-05-09 06:10:24,568 [INFO] Processing [IPV] from 2026-05-08
2026-05-09 06:10:24,568 [INFO] Processing [IPV] from 2026-05-08
2026-05-09 06:10:24,664 [INFO] Downloaded PDF IPV (77KB)
2026-05-09 06:10:24,664 [INFO] Downloaded PDF IPV (77KB)
2026-05-09 06:10:26,364 [ERROR] GLM failed for IPV: module 'zhipuai' has no attribute 'model_api'
2026-05-09 06:10:26,364 [ERROR] GLM failed for IPV: module 'zhipuai' has no attribute 'model_api'
2026-05-09 06:10:26,365 [WARNING] No categories for IPV
2026-05-09 06:10:26,365 [WARNING] No categories for IPV
2026-05-09 06:10:27,015 [INFO] Processing [FJZ] from 2026-05-08
2026-05-09 06:10:27,015 [INFO] Processing [FJZ] from 2026-05-08
2026-05-09 06:10:27,126 [INFO] Downloaded PDF FJZ (77KB)
2026-05-09 06:10:27,126 [INFO] Downloaded PDF FJZ (77KB)
2026-05-09 06:10:28,831 [ERROR] GLM failed for FJZ: module 'zhipuai' has no attribute 'model_api'
2026-05-09 06:10:28,831 [ERROR] GLM failed for FJZ: module 'zhipuai' has no attribute 'model_api'
2026-05-09 06:10:28,831 [WARNING] No categories for FJZ
2026-05-09 06:10:28,831 [WARNING] No categories for FJZ
2026-05-09 06:10:29,481 [INFO] Processing [FSF] from 2026-05-08
2026-05-09 06:10:29,481 [INFO] Processing [FSF] from 2026-05-08
2026-05-09 06:10:29,590 [INFO] Downloaded PDF FSF (77KB)
2026-05-09 06:10:29,590 [INFO] Downloaded PDF FSF (77KB)
2026-05-09 06:10:31,295 [ERROR] GLM failed for FSF: module 'zhipuai' has no attribute 'model_api'
2026-05-09 06:10:31,295 [ERROR] GLM failed for FSF: module 'zhipuai' has no attribute 'model_api'
2026-05-09 06:10:31,296 [WARNING] No categories for FSF
2026-05-09 06:10:31,296 [WARNING] No categories for FSF
2026-05-09 06:10:31,883 [INFO] Processing [FID] from 2026-05-08
2026-05-09 06:10:31,883 [INFO] Processing [FID] from 2026-05-08
2026-05-09 06:10:32,001 [INFO] Downloaded PDF FID (77KB)
2026-05-09 06:10:32,001 [INFO] Downloaded PDF FID (77KB)
2026-05-09 06:10:33,696 [ERROR] GLM failed for FID: module 'zhipuai' has no attribute 'model_api'
2026-05-09 06:10:33,696 [ERROR] GLM failed for FID: module 'zhipuai' has no attribute 'model_api'
2026-05-09 06:10:33,697 [WARNING] No categories for FID
2026-05-09 06:10:33,697 [WARNING] No categories for FID
2026-05-09 06:10:34,347 [INFO] Processing [TTA] from 2026-05-08
2026-05-09 06:10:34,347 [INFO] Processing [TTA] from 2026-05-08
2026-05-09 06:10:34,466 [INFO] Downloaded PDF TTA (77KB)
2026-05-09 06:10:34,466 [INFO] Downloaded PDF TTA (77KB)
2026-05-09 06:10:36,156 [ERROR] GLM failed for TTA: module 'zhipuai' has no attribute 'model_api'
2026-05-09 06:10:36,156 [ERROR] GLM failed for TTA: module 'zhipuai' has no attribute 'model_api'
2026-05-09 06:10:36,156 [WARNING] No categories for TTA
2026-05-09 06:10:36,156 [WARNING] No categories for TTA
2026-05-09 06:10:36,675 [INFO] Processing [FBI] from 2026-05-08
2026-05-09 06:10:36,675 [INFO] Processing [FBI] from 2026-05-08
2026-05-09 06:10:36,789 [INFO] Downloaded PDF FBI (77KB)
2026-05-09 06:10:36,789 [INFO] Downloaded PDF FBI (77KB)
2026-05-09 06:10:38,469 [ERROR] GLM failed for FBI: module 'zhipuai' has no attribute 'model_api'
2026-05-09 06:10:38,469 [ERROR] GLM failed for FBI: module 'zhipuai' has no attribute 'model_api'
2026-05-09 06:10:38,469 [WARNING] No categories for FBI
2026-05-09 06:10:38,469 [WARNING] No categories for FBI
2026-05-09 06:10:39,729 [ERROR] SB UPSERT system_status → 409: {"code":"23505","details":"Key (key)=(last_kap_portfolio_cron) already exists.","hint":null,"message":"duplicate key value violates unique constraint \"system_status_pkey\""}
2026-05-09 06:10:39,729 [ERROR] SB UPSERT system_status → 409: {"code":"23505","details":"Key (key)=(last_kap_portfolio_cron) already exists.","hint":null,"message":"duplicate key value violates unique constraint \"system_status_pkey\""}
2026-05-09 06:10:39,736 [INFO] Done: 0 ✓ / 116 ✗
2026-05-09 06:10:39,736 [INFO] Done: 0 ✓ / 116 ✗
2026-05-09 06:10:39,736 [INFO] ============================================================
2026-05-09 06:10:39,736 [INFO] ============================================================
2026-05-10 06:00:01,791 [INFO] ============================================================
2026-05-10 06:00:01,791 [INFO] ============================================================
2026-05-10 06:00:01,791 [INFO] KAP Daily Pipeline started
2026-05-10 06:00:01,791 [INFO] KAP Daily Pipeline started
2026-05-10 06:00:01,792 [INFO] Resuming from last run: 2026-05-09T06:00:01.490230
2026-05-10 06:00:01,792 [INFO] Resuming from last run: 2026-05-09T06:00:01.490230
2026-05-10 06:00:01,927 [INFO] KAP discovered 0 portfolio disclosures in 2026-05-09 → 2026-05-10
2026-05-10 06:00:01,927 [INFO] KAP discovered 0 portfolio disclosures in 2026-05-09 → 2026-05-10
2026-05-10 06:00:01,931 [INFO] No new disclosures — done
2026-05-10 06:00:01,931 [INFO] No new disclosures — done
2026-05-11 06:00:01,792 [INFO] ============================================================
2026-05-11 06:00:01,792 [INFO] ============================================================
2026-05-11 06:00:01,792 [INFO] KAP Daily Pipeline started
2026-05-11 06:00:01,792 [INFO] KAP Daily Pipeline started
2026-05-11 06:00:01,792 [INFO] Resuming from last run: 2026-05-10T06:00:01.792409
2026-05-11 06:00:01,792 [INFO] Resuming from last run: 2026-05-10T06:00:01.792409
2026-05-11 06:00:01,919 [INFO] KAP discovered 54 portfolio disclosures in 2026-05-10 → 2026-05-11
2026-05-11 06:00:01,919 [INFO] KAP discovered 54 portfolio disclosures in 2026-05-10 → 2026-05-11
2026-05-11 06:00:02,119 [ERROR] SB GET funds → 402: {"message":"Service for this project is restricted due to the following violations: exceed_egress_quota. Please reach out to Supabase support at https
2026-05-11 06:00:02,119 [ERROR] SB GET funds → 402: {"message":"Service for this project is restricted due to the following violations: exceed_egress_quota. Please reach out to Supabase support at https
2026-05-11 06:00:02,122 [ERROR] Could not load fund list from DB
2026-05-11 06:00:02,122 [ERROR] Could not load fund list from DB
2026-05-11 06:00:02,122 [ERROR] Cannot proceed without fund map
2026-05-11 06:00:02,122 [ERROR] Cannot proceed without fund map
2026-05-12 06:00:02,940 [INFO] ============================================================
2026-05-12 06:00:02,940 [INFO] ============================================================
2026-05-12 06:00:02,941 [INFO] KAP Daily Pipeline started
2026-05-12 06:00:02,941 [INFO] KAP Daily Pipeline started
2026-05-12 06:00:02,941 [INFO] Resuming from last run: 2026-05-10T06:00:01.792409
2026-05-12 06:00:02,941 [INFO] Resuming from last run: 2026-05-10T06:00:01.792409
2026-05-12 06:00:03,230 [INFO] KAP discovered 566 portfolio disclosures in 2026-05-10 → 2026-05-12
2026-05-12 06:00:03,230 [INFO] KAP discovered 566 portfolio disclosures in 2026-05-10 → 2026-05-12
2026-05-12 06:00:03,432 [ERROR] SB GET funds → 402: {"message":"Service for this project is restricted due to the following violations: exceed_egress_quota. Please reach out to Supabase support at https
2026-05-12 06:00:03,432 [ERROR] SB GET funds → 402: {"message":"Service for this project is restricted due to the following violations: exceed_egress_quota. Please reach out to Supabase support at https
2026-05-12 06:00:03,435 [ERROR] Could not load fund list from DB
2026-05-12 06:00:03,435 [ERROR] Could not load fund list from DB
2026-05-12 06:00:03,435 [ERROR] Cannot proceed without fund map
2026-05-12 06:00:03,435 [ERROR] Cannot proceed without fund map
2026-05-13 06:00:05,796 [INFO] ============================================================
2026-05-13 06:00:05,796 [INFO] ============================================================
2026-05-13 06:00:05,796 [INFO] KAP Daily Pipeline started
2026-05-13 06:00:05,796 [INFO] KAP Daily Pipeline started
2026-05-13 06:00:05,796 [INFO] Resuming from last run: 2026-05-10T06:00:01.792409
2026-05-13 06:00:05,796 [INFO] Resuming from last run: 2026-05-10T06:00:01.792409
2026-05-13 06:00:06,288 [INFO] KAP discovered 567 portfolio disclosures in 2026-05-10 → 2026-05-13
2026-05-13 06:00:06,288 [INFO] KAP discovered 567 portfolio disclosures in 2026-05-10 → 2026-05-13
2026-05-13 06:00:06,484 [ERROR] SB GET funds → 402: {"message":"Service for this project is restricted due to the following violations: exceed_egress_quota. Please reach out to Supabase support at https
2026-05-13 06:00:06,484 [ERROR] SB GET funds → 402: {"message":"Service for this project is restricted due to the following violations: exceed_egress_quota. Please reach out to Supabase support at https
2026-05-13 06:00:06,488 [ERROR] Could not load fund list from DB
2026-05-13 06:00:06,488 [ERROR] Could not load fund list from DB
2026-05-13 06:00:06,488 [ERROR] Cannot proceed without fund map
2026-05-13 06:00:06,488 [ERROR] Cannot proceed without fund map
2026-05-14 06:00:02,427 [INFO] ============================================================
2026-05-14 06:00:02,427 [INFO] ============================================================
2026-05-14 06:00:02,428 [INFO] KAP Daily Pipeline started
2026-05-14 06:00:02,428 [INFO] KAP Daily Pipeline started
2026-05-14 06:00:02,428 [INFO] Resuming from last run: 2026-05-10T06:00:01.792409
2026-05-14 06:00:02,428 [INFO] Resuming from last run: 2026-05-10T06:00:01.792409
2026-05-14 06:00:02,849 [INFO] KAP discovered 567 portfolio disclosures in 2026-05-10 → 2026-05-14
2026-05-14 06:00:02,849 [INFO] KAP discovered 567 portfolio disclosures in 2026-05-10 → 2026-05-14
2026-05-14 06:00:03,048 [ERROR] SB GET funds → 402: {"message":"Service for this project is restricted due to the following violations: exceed_egress_quota. Please reach out to Supabase support at https
2026-05-14 06:00:03,048 [ERROR] SB GET funds → 402: {"message":"Service for this project is restricted due to the following violations: exceed_egress_quota. Please reach out to Supabase support at https
2026-05-14 06:00:03,052 [ERROR] Could not load fund list from DB
2026-05-14 06:00:03,052 [ERROR] Could not load fund list from DB
2026-05-14 06:00:03,052 [ERROR] Cannot proceed without fund map
2026-05-14 06:00:03,052 [ERROR] Cannot proceed without fund map
2026-05-15 06:00:02,288 [INFO] ============================================================
2026-05-15 06:00:02,288 [INFO] ============================================================
2026-05-15 06:00:02,288 [INFO] KAP Daily Pipeline started
2026-05-15 06:00:02,288 [INFO] KAP Daily Pipeline started
2026-05-15 06:00:02,289 [INFO] Resuming from last run: 2026-05-10T06:00:01.792409
2026-05-15 06:00:02,289 [INFO] Resuming from last run: 2026-05-10T06:00:01.792409
2026-05-15 06:00:02,679 [INFO] KAP discovered 567 portfolio disclosures in 2026-05-10 → 2026-05-15
2026-05-15 06:00:02,679 [INFO] KAP discovered 567 portfolio disclosures in 2026-05-10 → 2026-05-15
2026-05-15 06:00:02,877 [ERROR] SB GET funds → 402: {"message":"Service for this project is restricted due to the following violations: exceed_egress_quota. Please reach out to Supabase support at https
2026-05-15 06:00:02,877 [ERROR] SB GET funds → 402: {"message":"Service for this project is restricted due to the following violations: exceed_egress_quota. Please reach out to Supabase support at https
2026-05-15 06:00:02,880 [ERROR] Could not load fund list from DB
2026-05-15 06:00:02,880 [ERROR] Could not load fund list from DB
2026-05-15 06:00:02,881 [ERROR] Cannot proceed without fund map
2026-05-15 06:00:02,881 [ERROR] Cannot proceed without fund map
2026-05-16 06:00:01,602 [INFO] ============================================================
2026-05-16 06:00:01,602 [INFO] ============================================================
2026-05-16 06:00:01,603 [INFO] KAP Daily Pipeline started
2026-05-16 06:00:01,603 [INFO] KAP Daily Pipeline started
2026-05-16 06:00:01,603 [INFO] Resuming from last run: 2026-05-10T06:00:01.792409
2026-05-16 06:00:01,603 [INFO] Resuming from last run: 2026-05-10T06:00:01.792409
2026-05-16 06:00:02,086 [INFO] KAP discovered 567 portfolio disclosures in 2026-05-10 → 2026-05-16
2026-05-16 06:00:02,086 [INFO] KAP discovered 567 portfolio disclosures in 2026-05-10 → 2026-05-16
2026-05-16 06:00:02,296 [ERROR] SB GET funds → 402: {"message":"Service for this project is restricted due to the following violations: exceed_egress_quota. Please reach out to Supabase support at https
2026-05-16 06:00:02,296 [ERROR] SB GET funds → 402: {"message":"Service for this project is restricted due to the following violations: exceed_egress_quota. Please reach out to Supabase support at https
2026-05-16 06:00:02,300 [ERROR] Could not load fund list from DB
2026-05-16 06:00:02,300 [ERROR] Could not load fund list from DB
2026-05-16 06:00:02,301 [ERROR] Cannot proceed without fund map
2026-05-16 06:00:02,301 [ERROR] Cannot proceed without fund map
2026-05-17 06:00:01,585 [INFO] ============================================================
2026-05-17 06:00:01,585 [INFO] ============================================================
2026-05-17 06:00:01,585 [INFO] KAP Daily Pipeline started
2026-05-17 06:00:01,585 [INFO] KAP Daily Pipeline started
2026-05-17 06:00:01,586 [INFO] Resuming from last run: 2026-05-10T06:00:01.792409
2026-05-17 06:00:01,586 [INFO] Resuming from last run: 2026-05-10T06:00:01.792409
2026-05-17 06:00:02,248 [INFO] KAP discovered 567 portfolio disclosures in 2026-05-10 → 2026-05-17
2026-05-17 06:00:02,248 [INFO] KAP discovered 567 portfolio disclosures in 2026-05-10 → 2026-05-17
2026-05-17 06:00:02,444 [ERROR] SB GET funds → 402: {"message":"Service for this project is restricted due to the following violations: exceed_egress_quota. Please reach out to Supabase support at https
2026-05-17 06:00:02,444 [ERROR] SB GET funds → 402: {"message":"Service for this project is restricted due to the following violations: exceed_egress_quota. Please reach out to Supabase support at https
2026-05-17 06:00:02,447 [ERROR] Could not load fund list from DB
2026-05-17 06:00:02,447 [ERROR] Could not load fund list from DB
2026-05-17 06:00:02,447 [ERROR] Cannot proceed without fund map
2026-05-17 06:00:02,447 [ERROR] Cannot proceed without fund map
2026-05-18 06:00:04,367 [INFO] ============================================================
2026-05-18 06:00:04,367 [INFO] ============================================================
2026-05-18 06:00:04,367 [INFO] KAP Daily Pipeline started
2026-05-18 06:00:04,367 [INFO] KAP Daily Pipeline started
2026-05-18 06:00:04,368 [INFO] Resuming from last run: 2026-05-10T06:00:01.792409
2026-05-18 06:00:04,368 [INFO] Resuming from last run: 2026-05-10T06:00:01.792409
2026-05-18 06:00:04,806 [INFO] KAP discovered 567 portfolio disclosures in 2026-05-10 → 2026-05-18
2026-05-18 06:00:04,806 [INFO] KAP discovered 567 portfolio disclosures in 2026-05-10 → 2026-05-18
2026-05-18 06:00:05,001 [ERROR] SB GET funds → 402: {"message":"Service for this project is restricted due to the following violations: exceed_egress_quota. Please reach out to Supabase support at https
2026-05-18 06:00:05,001 [ERROR] SB GET funds → 402: {"message":"Service for this project is restricted due to the following violations: exceed_egress_quota. Please reach out to Supabase support at https
2026-05-18 06:00:05,005 [ERROR] Could not load fund list from DB
2026-05-18 06:00:05,005 [ERROR] Could not load fund list from DB
2026-05-18 06:00:05,005 [ERROR] Cannot proceed without fund map
2026-05-18 06:00:05,005 [ERROR] Cannot proceed without fund map
2026-05-19 06:00:01,570 [INFO] ============================================================
2026-05-19 06:00:01,570 [INFO] ============================================================
2026-05-19 06:00:01,571 [INFO] KAP Daily Pipeline started
2026-05-19 06:00:01,571 [INFO] KAP Daily Pipeline started
2026-05-19 06:00:01,571 [INFO] Resuming from last run: 2026-05-10T06:00:01.792409
2026-05-19 06:00:01,571 [INFO] Resuming from last run: 2026-05-10T06:00:01.792409
2026-05-19 06:00:02,091 [INFO] KAP discovered 567 portfolio disclosures in 2026-05-10 → 2026-05-19
2026-05-19 06:00:02,091 [INFO] KAP discovered 567 portfolio disclosures in 2026-05-10 → 2026-05-19
2026-05-19 06:00:02,698 [INFO] Loaded 1591 fund name entries
2026-05-19 06:00:02,698 [INFO] Loaded 1591 fund name entries
2026-05-19 06:00:02,699 [INFO]   [ILU] Portföy Dağılım Raporu
2026-05-19 06:00:02,699 [INFO]   [ILU] Portföy Dağılım Raporu
2026-05-19 06:00:02,699 [INFO]   [NKL] Portföy Dağılım Raporu
2026-05-19 06:00:02,699 [INFO]   [NKL] Portföy Dağılım Raporu
2026-05-19 06:00:02,699 [INFO]   [LKT] Portföy Dağılım Raporu
2026-05-19 06:00:02,699 [INFO]   [LKT] Portföy Dağılım Raporu
2026-05-19 06:00:02,699 [INFO]   [GLC] Portföy Dağılım Raporu
2026-05-19 06:00:02,699 [INFO]   [GLC] Portföy Dağılım Raporu
2026-05-19 06:00:02,701 [INFO]   [TPR] Portföy Dağılım Raporu
2026-05-19 06:00:02,701 [INFO]   [TPR] Portföy Dağılım Raporu
2026-05-19 06:00:02,701 [INFO]   [MPN] Portföy Dağılım Raporu
2026-05-19 06:00:02,701 [INFO]   [MPN] Portföy Dağılım Raporu
2026-05-19 06:00:02,701 [INFO]   [NKL] Portföy Dağılım Raporu
2026-05-19 06:00:02,701 [INFO]   [NKL] Portföy Dağılım Raporu
2026-05-19 06:00:02,701 [INFO]   [CPU] Portföy Dağılım Raporu
2026-05-19 06:00:02,701 [INFO]   [CPU] Portföy Dağılım Raporu
2026-05-19 06:00:02,702 [INFO]   [CIN] Portföy Dağılım Raporu
2026-05-19 06:00:02,702 [INFO]   [CIN] Portföy Dağılım Raporu
2026-05-19 06:00:02,703 [INFO]   [ONE] Portföy Dağılım Raporu
2026-05-19 06:00:02,703 [INFO]   [ONE] Portföy Dağılım Raporu
2026-05-19 06:00:02,703 [INFO]   [TLK] Portföy Dağılım Raporu
2026-05-19 06:00:02,703 [INFO]   [TLK] Portföy Dağılım Raporu
2026-05-19 06:00:02,703 [INFO]   [SPT] Portföy Dağılım Raporu
2026-05-19 06:00:02,703 [INFO]   [SPT] Portföy Dağılım Raporu
2026-05-19 06:00:02,703 [INFO]   [ONN] Portföy Dağılım Raporu
2026-05-19 06:00:02,703 [INFO]   [ONN] Portföy Dağılım Raporu
2026-05-19 06:00:02,703 [INFO]   [ONE] Portföy Dağılım Raporu
2026-05-19 06:00:02,703 [INFO]   [ONE] Portföy Dağılım Raporu
2026-05-19 06:00:02,704 [INFO]   [MPS] Portföy Dağılım Raporu
2026-05-19 06:00:02,704 [INFO]   [MPS] Portföy Dağılım Raporu
2026-05-19 06:00:02,704 [INFO]   [MPN] Portföy Dağılım Raporu
2026-05-19 06:00:02,704 [INFO]   [MPN] Portföy Dağılım Raporu
2026-05-19 06:00:02,704 [INFO]   [TPR] Portföy Dağılım Raporu
2026-05-19 06:00:02,704 [INFO]   [TPR] Portföy Dağılım Raporu
2026-05-19 06:00:02,704 [INFO]   [NKL] Portföy Dağılım Raporu
2026-05-19 06:00:02,704 [INFO]   [NKL] Portföy Dağılım Raporu
2026-05-19 06:00:02,705 [INFO]   [MMH] Portföy Dağılım Raporu
2026-05-19 06:00:02,705 [INFO]   [MMH] Portföy Dağılım Raporu
2026-05-19 06:00:02,705 [INFO]   [ILK] Portföy Dağılım Raporu
2026-05-19 06:00:02,705 [INFO]   [ILK] Portföy Dağılım Raporu
2026-05-19 06:00:02,705 [INFO]   [MPN] Portföy Dağılım Raporu
2026-05-19 06:00:02,705 [INFO]   [MPN] Portföy Dağılım Raporu
2026-05-19 06:00:02,706 [INFO]   [MJG] Portföy Dağılım Raporu
2026-05-19 06:00:02,706 [INFO]   [MJG] Portföy Dağılım Raporu
2026-05-19 06:00:02,706 [INFO]   [GLC] Portföy Dağılım Raporu
2026-05-19 06:00:02,706 [INFO]   [GLC] Portföy Dağılım Raporu
2026-05-19 06:00:02,706 [INFO]   [LKT] Portföy Dağılım Raporu
2026-05-19 06:00:02,706 [INFO]   [LKT] Portföy Dağılım Raporu
2026-05-19 06:00:02,706 [INFO]   [IDL] Portföy Dağılım Raporu
2026-05-19 06:00:02,706 [INFO]   [IDL] Portföy Dağılım Raporu
2026-05-19 06:00:02,706 [INFO]   [MMH] Portföy Dağılım Raporu
2026-05-19 06:00:02,706 [INFO]   [MMH] Portföy Dağılım Raporu
2026-05-19 06:00:02,707 [INFO]   [GLC] Portföy Dağılım Raporu
2026-05-19 06:00:02,707 [INFO]   [GLC] Portföy Dağılım Raporu
2026-05-19 06:00:02,708 [INFO]   [GAL] Portföy Dağılım Raporu
2026-05-19 06:00:02,708 [INFO]   [GAL] Portföy Dağılım Raporu
2026-05-19 06:00:02,708 [INFO]   [GAL] Portföy Dağılım Raporu
2026-05-19 06:00:02,708 [INFO]   [GAL] Portföy Dağılım Raporu
2026-05-19 06:00:02,709 [INFO]   [GNP] Portföy Dağılım Raporu
2026-05-19 06:00:02,709 [INFO]   [GNP] Portföy Dağılım Raporu
2026-05-19 06:00:02,709 [INFO]   [TPR] Portföy Dağılım Raporu
2026-05-19 06:00:02,709 [INFO]   [TPR] Portföy Dağılım Raporu
2026-05-19 06:00:02,709 [INFO]   [GAL] Portföy Dağılım Raporu
2026-05-19 06:00:02,709 [INFO]   [GAL] Portföy Dağılım Raporu
2026-05-19 06:00:02,709 [INFO]   [GKG] Portföy Dağılım Raporu
2026-05-19 06:00:02,709 [INFO]   [GKG] Portföy Dağılım Raporu
2026-05-19 06:00:02,710 [INFO]   [IJZ] Portföy Dağılım Raporu
2026-05-19 06:00:02,710 [INFO]   [IJZ] Portföy Dağılım Raporu
2026-05-19 06:00:02,710 [INFO]   [YIT] Portföy Dağılım Raporu
2026-05-19 06:00:02,710 [INFO]   [YIT] Portföy Dağılım Raporu
2026-05-19 06:00:02,710 [INFO]   [FUA] Portföy Dağılım Raporu
2026-05-19 06:00:02,710 [INFO]   [FUA] Portföy Dağılım Raporu
2026-05-19 06:00:02,710 [INFO]   [TPR] Portföy Dağılım Raporu
2026-05-19 06:00:02,710 [INFO]   [TPR] Portföy Dağılım Raporu
2026-05-19 06:00:02,711 [INFO]   [TPR] Portföy Dağılım Raporu
2026-05-19 06:00:02,711 [INFO]   [TPR] Portföy Dağılım Raporu
2026-05-19 06:00:02,711 [INFO]   [BHI] Portföy Dağılım Raporu
2026-05-19 06:00:02,711 [INFO]   [BHI] Portföy Dağılım Raporu
2026-05-19 06:00:02,712 [INFO]   [OYT] Portföy Dağılım Raporu
2026-05-19 06:00:02,712 [INFO]   [OYT] Portföy Dağılım Raporu
2026-05-19 06:00:02,712 [INFO]   [OYL] Portföy Dağılım Raporu
2026-05-19 06:00:02,712 [INFO]   [OYL] Portföy Dağılım Raporu
2026-05-19 06:00:02,714 [INFO]   [TPR] Portföy Dağılım Raporu
2026-05-19 06:00:02,714 [INFO]   [TPR] Portföy Dağılım Raporu
2026-05-19 06:00:02,714 [INFO]   [OKT] Portföy Dağılım Raporu
2026-05-19 06:00:02,714 [INFO]   [OKT] Portföy Dağılım Raporu
2026-05-19 06:00:02,714 [INFO]   [TPR] Portföy Dağılım Raporu
2026-05-19 06:00:02,714 [INFO]   [TPR] Portföy Dağılım Raporu
2026-05-19 06:00:02,715 [INFO]   [OKF] Portföy Dağılım Raporu
2026-05-19 06:00:02,715 [INFO]   [OKF] Portföy Dağılım Raporu
2026-05-19 06:00:02,715 [INFO]   [OKD] Portföy Dağılım Raporu
2026-05-19 06:00:02,715 [INFO]   [OKD] Portföy Dağılım Raporu
2026-05-19 06:00:02,715 [INFO]   [TPR] Portföy Dağılım Raporu
2026-05-19 06:00:02,715 [INFO]   [TPR] Portföy Dağılım Raporu
2026-05-19 06:00:02,715 [INFO]   [OKF] Portföy Dağılım Raporu
2026-05-19 06:00:02,715 [INFO]   [OKF] Portföy Dağılım Raporu
2026-05-19 06:00:02,715 [INFO]   [OGF] Portföy Dağılım Raporu
2026-05-19 06:00:02,715 [INFO]   [OGF] Portföy Dağılım Raporu
2026-05-19 06:00:02,715 [INFO]   [ILK] Portföy Dağılım Raporu
2026-05-19 06:00:02,715 [INFO]   [ILK] Portföy Dağılım Raporu
2026-05-19 06:00:02,715 [INFO]   [OFI] Portföy Dağılım Raporu
2026-05-19 06:00:02,715 [INFO]   [OFI] Portföy Dağılım Raporu
2026-05-19 06:00:02,715 [INFO]   [OFI] Portföy Dağılım Raporu
2026-05-19 06:00:02,715 [INFO]   [OFI] Portföy Dağılım Raporu
2026-05-19 06:00:02,717 [INFO]   [OKT] Portföy Dağılım Raporu
2026-05-19 06:00:02,717 [INFO]   [OKT] Portföy Dağılım Raporu
2026-05-19 06:00:02,718 [INFO]   [AUV] Portföy Dağılım Raporu
2026-05-19 06:00:02,718 [INFO]   [AUV] Portföy Dağılım Raporu
2026-05-19 06:00:02,718 [INFO]   [GUB] Portföy Dağılım Raporu
2026-05-19 06:00:02,718 [INFO]   [GUB] Portföy Dağılım Raporu
2026-05-19 06:00:02,718 [INFO]   [EUZ] Portföy Dağılım Raporu
2026-05-19 06:00:02,718 [INFO]   [EUZ] Portföy Dağılım Raporu
2026-05-19 06:00:02,719 [INFO]   [GID] Portföy Dağılım Raporu
2026-05-19 06:00:02,719 [INFO]   [GID] Portföy Dağılım Raporu
2026-05-19 06:00:02,719 [INFO]   [GOL] Portföy Dağılım Raporu
2026-05-19 06:00:02,719 [INFO]   [GOL] Portföy Dağılım Raporu
2026-05-19 06:00:02,719 [INFO]   [GRO] Portföy Dağılım Raporu
2026-05-19 06:00:02,719 [INFO]   [GRO] Portföy Dağılım Raporu
2026-05-19 06:00:02,719 [INFO]   [GBH] Portföy Dağılım Raporu
2026-05-19 06:00:02,719 [INFO]   [GBH] Portföy Dağılım Raporu
2026-05-19 06:00:02,719 [INFO]   [TPR] Portföy Dağılım Raporu
2026-05-19 06:00:02,719 [INFO]   [TPR] Portföy Dağılım Raporu
2026-05-19 06:00:02,720 [INFO]   [TPR] Portföy Dağılım Raporu
2026-05-19 06:00:02,720 [INFO]   [TPR] Portföy Dağılım Raporu
2026-05-19 06:00:02,720 [INFO]   [TPR] Portföy Dağılım Raporu
2026-05-19 06:00:02,720 [INFO]   [TPR] Portföy Dağılım Raporu
2026-05-19 06:00:02,720 [INFO]   [GAL] Portföy Dağılım Raporu
2026-05-19 06:00:02,720 [INFO]   [GAL] Portföy Dağılım Raporu
2026-05-19 06:00:02,721 [INFO]   [GZJ] Portföy Dağılım Raporu
2026-05-19 06:00:02,721 [INFO]   [GZJ] Portföy Dağılım Raporu
2026-05-19 06:00:02,724 [INFO]   [GZZ] Portföy Dağılım Raporu
2026-05-19 06:00:02,724 [INFO]   [GZZ] Portföy Dağılım Raporu
2026-05-19 06:00:02,724 [INFO]   [GZG] Portföy Dağılım Raporu
2026-05-19 06:00:02,724 [INFO]   [GZG] Portföy Dağılım Raporu
2026-05-19 06:00:02,724 [INFO]   [GZE] Portföy Dağılım Raporu
2026-05-19 06:00:02,724 [INFO]   [GZE] Portföy Dağılım Raporu
2026-05-19 06:00:02,724 [INFO]   [GAL] Portföy Dağılım Raporu
2026-05-19 06:00:02,724 [INFO]   [GAL] Portföy Dağılım Raporu
2026-05-19 06:00:02,724 [INFO]   [GOH] Portföy Dağılım Raporu
2026-05-19 06:00:02,724 [INFO]   [GOH] Portföy Dağılım Raporu
2026-05-19 06:00:02,724 [INFO]   [EUZ] Portföy Dağılım Raporu
2026-05-19 06:00:02,724 [INFO]   [EUZ] Portföy Dağılım Raporu
2026-05-19 06:00:02,724 [INFO]   [GAL] Portföy Dağılım Raporu
2026-05-19 06:00:02,724 [INFO]   [GAL] Portföy Dağılım Raporu
2026-05-19 06:00:02,724 [INFO]   [GZJ] Portföy Dağılım Raporu
2026-05-19 06:00:02,724 [INFO]   [GZJ] Portföy Dağılım Raporu
2026-05-19 06:00:02,724 [INFO]   [GZJ] Portföy Dağılım Raporu
2026-05-19 06:00:02,724 [INFO]   [GZJ] Portföy Dağılım Raporu
2026-05-19 06:00:02,725 [INFO]   [GTY] Portföy Dağılım Raporu
2026-05-19 06:00:02,725 [INFO]   [GTY] Portföy Dağılım Raporu
2026-05-19 06:00:02,726 [INFO]   [TPR] Portföy Dağılım Raporu
2026-05-19 06:00:02,726 [INFO]   [TPR] Portföy Dağılım Raporu
2026-05-19 06:00:02,726 [INFO]   [GBN] Portföy Dağılım Raporu
2026-05-19 06:00:02,726 [INFO]   [GBN] Portföy Dağılım Raporu
2026-05-19 06:00:02,726 [INFO]   [GMP] Portföy Dağılım Raporu
2026-05-19 06:00:02,726 [INFO]   [GMP] Portföy Dağılım Raporu
2026-05-19 06:00:02,726 [INFO]   [BHI] Portföy Dağılım Raporu
2026-05-19 06:00:02,726 [INFO]   [BHI] Portföy Dağılım Raporu
2026-05-19 06:00:02,726 [INFO]   [INH] Portföy Dağılım Raporu
2026-05-19 06:00:02,726 [INFO]   [INH] Portföy Dağılım Raporu
2026-05-19 06:00:02,727 [INFO]   [GMP] Portföy Dağılım Raporu
2026-05-19 06:00:02,727 [INFO]   [GMP] Portföy Dağılım Raporu
2026-05-19 06:00:02,727 [INFO]   [IPV] Portföy Dağılım Raporu
2026-05-19 06:00:02,727 [INFO]   [IPV] Portföy Dağılım Raporu
2026-05-19 06:00:02,727 [INFO]   [GPF] Portföy Dağılım Raporu
2026-05-19 06:00:02,727 [INFO]   [GPF] Portföy Dağılım Raporu
2026-05-19 06:00:02,727 [INFO]   [GPU] Portföy Dağılım Raporu
2026-05-19 06:00:02,727 [INFO]   [GPU] Portföy Dağılım Raporu
2026-05-19 06:00:02,727 [INFO]   [GPI] Portföy Dağılım Raporu
2026-05-19 06:00:02,727 [INFO]   [GPI] Portföy Dağılım Raporu
2026-05-19 06:00:02,728 [INFO]   [GTL] Portföy Dağılım Raporu
2026-05-19 06:00:02,728 [INFO]   [GTL] Portföy Dağılım Raporu
2026-05-19 06:00:02,728 [INFO]   [TGT] Portföy Dağılım Raporu
2026-05-19 06:00:02,728 [INFO]   [TGT] Portföy Dağılım Raporu
2026-05-19 06:00:02,728 [INFO]   [GMP] Portföy Dağılım Raporu
2026-05-19 06:00:02,728 [INFO]   [GMP] Portföy Dağılım Raporu
2026-05-19 06:00:02,729 [INFO]   [GOL] Portföy Dağılım Raporu
2026-05-19 06:00:02,729 [INFO]   [GOL] Portföy Dağılım Raporu
2026-05-19 06:00:02,729 [INFO]   [GKG] Portföy Dağılım Raporu
2026-05-19 06:00:02,729 [INFO]   [GKG] Portföy Dağılım Raporu
2026-05-19 06:00:02,729 [INFO]   [GAE] Portföy Dağılım Raporu
2026-05-19 06:00:02,729 [INFO]   [GAE] Portföy Dağılım Raporu
2026-05-19 06:00:02,729 [INFO]   [GAL] Portföy Dağılım Raporu
2026-05-19 06:00:02,729 [INFO]   [GAL] Portföy Dağılım Raporu
2026-05-19 06:00:02,729 [INFO]   [SRL] Portföy Dağılım Raporu
2026-05-19 06:00:02,729 [INFO]   [SRL] Portföy Dağılım Raporu
2026-05-19 06:00:02,729 [INFO]   [PYR] Portföy Dağılım Raporu
2026-05-19 06:00:02,729 [INFO]   [PYR] Portföy Dağılım Raporu
2026-05-19 06:00:02,730 [INFO]   [PPH] Portföy Dağılım Raporu
2026-05-19 06:00:02,730 [INFO]   [PPH] Portföy Dağılım Raporu
2026-05-19 06:00:02,730 [INFO]   [PP1] Portföy Dağılım Raporu
2026-05-19 06:00:02,730 [INFO]   [PP1] Portföy Dağılım Raporu
2026-05-19 06:00:02,732 [INFO]   [AC1] Portföy Dağılım Raporu
2026-05-19 06:00:02,732 [INFO]   [AC1] Portföy Dağılım Raporu
2026-05-19 06:00:02,732 [INFO]   [AC1] Portföy Dağılım Raporu
2026-05-19 06:00:02,732 [INFO]   [AC1] Portföy Dağılım Raporu
2026-05-19 06:00:02,733 [INFO]   [PAO] Portföy Dağılım Raporu
2026-05-19 06:00:02,733 [INFO]   [PAO] Portföy Dağılım Raporu
2026-05-19 06:00:02,733 [INFO]   [AFO] Portföy Dağılım Raporu
2026-05-19 06:00:02,733 [INFO]   [AFO] Portföy Dağılım Raporu
2026-05-19 06:00:02,733 [INFO]   [PP1] Portföy Dağılım Raporu
2026-05-19 06:00:02,733 [INFO]   [PP1] Portföy Dağılım Raporu
2026-05-19 06:00:02,734 [INFO]   [KHA] Portföy Dağılım Raporu
2026-05-19 06:00:02,734 [INFO]   [KHA] Portföy Dağılım Raporu
2026-05-19 06:00:02,734 [INFO]   [ICH] Portföy Dağılım Raporu
2026-05-19 06:00:02,734 [INFO]   [ICH] Portföy Dağılım Raporu
2026-05-19 06:00:02,734 [INFO]   [IAU] Portföy Dağılım Raporu
2026-05-19 06:00:02,734 [INFO]   [IAU] Portföy Dağılım Raporu
2026-05-19 06:00:02,734 [INFO]   [BST] Portföy Dağılım Raporu
2026-05-19 06:00:02,734 [INFO]   [BST] Portföy Dağılım Raporu
2026-05-19 06:00:02,734 [INFO]   [BRT] Portföy Dağılım Raporu
2026-05-19 06:00:02,734 [INFO]   [BRT] Portföy Dağılım Raporu
2026-05-19 06:00:02,734 [INFO]   [BIH] Portföy Dağılım Raporu
2026-05-19 06:00:02,734 [INFO]   [BIH] Portföy Dağılım Raporu
2026-05-19 06:00:02,734 [INFO]   [BHF] Portföy Dağılım Raporu
2026-05-19 06:00:02,734 [INFO]   [BHF] Portföy Dağılım Raporu
2026-05-19 06:00:02,734 [INFO]   [BBF] Portföy Dağılım Raporu
2026-05-19 06:00:02,734 [INFO]   [BBF] Portföy Dağılım Raporu
2026-05-19 06:00:02,734 [INFO]   [AC6] Portföy Dağılım Raporu
2026-05-19 06:00:02,734 [INFO]   [AC6] Portföy Dağılım Raporu
2026-05-19 06:00:02,734 [INFO]   [PDE] Portföy Dağılım Raporu
2026-05-19 06:00:02,734 [INFO]   [PDE] Portföy Dağılım Raporu
2026-05-19 06:00:02,735 [INFO]   [IAU] Portföy Dağılım Raporu
2026-05-19 06:00:02,735 [INFO]   [IAU] Portföy Dağılım Raporu
2026-05-19 06:00:02,735 [INFO]   [PRY] Portföy Dağılım Raporu
2026-05-19 06:00:02,735 [INFO]   [PRY] Portföy Dağılım Raporu
2026-05-19 06:00:02,735 [INFO]   [PRY] Portföy Dağılım Raporu
2026-05-19 06:00:02,735 [INFO]   [PRY] Portföy Dağılım Raporu
2026-05-19 06:00:02,736 [INFO]   [AC4] Portföy Dağılım Raporu
2026-05-19 06:00:02,736 [INFO]   [AC4] Portföy Dağılım Raporu
2026-05-19 06:00:02,736 [INFO]   [AC1] Portföy Dağılım Raporu
2026-05-19 06:00:02,736 [INFO]   [AC1] Portföy Dağılım Raporu
2026-05-19 06:00:02,736 [INFO]   [BDS] Portföy Dağılım Raporu
2026-05-19 06:00:02,736 [INFO]   [BDS] Portföy Dağılım Raporu
2026-05-19 06:00:02,736 [INFO]   [NAU] Portföy Dağılım Raporu
2026-05-19 06:00:02,736 [INFO]   [NAU] Portföy Dağılım Raporu
2026-05-19 06:00:02,736 [INFO]   [EDP] Portföy Dağılım Raporu
2026-05-19 06:00:02,736 [INFO]   [EDP] Portföy Dağılım Raporu
2026-05-19 06:00:02,736 [INFO]   [NUH] Portföy Dağılım Raporu
2026-05-19 06:00:02,736 [INFO]   [NUH] Portföy Dağılım Raporu
2026-05-19 06:00:02,736 [INFO]   [NSY] Portföy Dağılım Raporu
2026-05-19 06:00:02,736 [INFO]   [NSY] Portföy Dağılım Raporu
2026-05-19 06:00:02,736 [INFO]   [NKC] Portföy Dağılım Raporu
2026-05-19 06:00:02,736 [INFO]   [NKC] Portföy Dağılım Raporu
2026-05-19 06:00:02,736 [INFO]   [NBO] Portföy Dağılım Raporu
2026-05-19 06:00:02,736 [INFO]   [NBO] Portföy Dağılım Raporu
2026-05-19 06:00:02,736 [INFO]   [NKP] Portföy Dağılım Raporu
2026-05-19 06:00:02,736 [INFO]   [NKP] Portföy Dağılım Raporu
2026-05-19 06:00:02,737 [INFO]   [NKM] Portföy Dağılım Raporu
2026-05-19 06:00:02,737 [INFO]   [NKM] Portföy Dağılım Raporu
2026-05-19 06:00:02,737 [INFO]   [NSA] Portföy Dağılım Raporu
2026-05-19 06:00:02,737 [INFO]   [NSA] Portföy Dağılım Raporu
2026-05-19 06:00:02,737 [INFO]   [BHI] Portföy Dağılım Raporu
2026-05-19 06:00:02,737 [INFO]   [BHI] Portföy Dağılım Raporu
2026-05-19 06:00:02,737 [INFO]   [NHP] Portföy Dağılım Raporu
2026-05-19 06:00:02,737 [INFO]   [NHP] Portföy Dağılım Raporu
2026-05-19 06:00:02,737 [INFO]   [NAU] Portföy Dağılım Raporu
2026-05-19 06:00:02,737 [INFO]   [NAU] Portföy Dağılım Raporu
2026-05-19 06:00:02,737 [INFO]   [NVC] Portföy Dağılım Raporu
2026-05-19 06:00:02,737 [INFO]   [NVC] Portföy Dağılım Raporu
2026-05-19 06:00:02,737 [INFO]   [NVZ] Portföy Dağılım Raporu
2026-05-19 06:00:02,737 [INFO]   [NVZ] Portföy Dağılım Raporu
2026-05-19 06:00:02,737 [INFO]   [NHY] Portföy Dağılım Raporu
2026-05-19 06:00:02,737 [INFO]   [NHY] Portföy Dağılım Raporu
2026-05-19 06:00:02,738 [INFO]   [NHY] Portföy Dağılım Raporu
2026-05-19 06:00:02,738 [INFO]   [NHY] Portföy Dağılım Raporu
2026-05-19 06:00:02,738 [INFO]   [IOO] Portföy Dağılım Raporu
2026-05-19 06:00:02,738 [INFO]   [IOO] Portföy Dağılım Raporu
2026-05-19 06:00:02,738 [INFO]   [NHP] Portföy Dağılım Raporu
2026-05-19 06:00:02,738 [INFO]   [NHP] Portföy Dağılım Raporu
2026-05-19 06:00:02,738 [INFO]   [NRC] Portföy Dağılım Raporu
2026-05-19 06:00:02,738 [INFO]   [NRC] Portföy Dağılım Raporu
2026-05-19 06:00:02,738 [INFO]   [NSA] Portföy Dağılım Raporu
2026-05-19 06:00:02,738 [INFO]   [NSA] Portföy Dağılım Raporu
2026-05-19 06:00:02,739 [INFO]   [NSA] Portföy Dağılım Raporu
2026-05-19 06:00:02,739 [INFO]   [NSA] Portföy Dağılım Raporu
2026-05-19 06:00:02,739 [INFO]   [NKM] Portföy Dağılım Raporu
2026-05-19 06:00:02,739 [INFO]   [NKM] Portföy Dağılım Raporu
2026-05-19 06:00:02,740 [INFO]   [HKJ] Portföy Dağılım Raporu
2026-05-19 06:00:02,740 [INFO]   [HKJ] Portföy Dağılım Raporu
2026-05-19 06:00:02,740 [INFO]   [SOS] Portföy Dağılım Raporu
2026-05-19 06:00:02,740 [INFO]   [SOS] Portföy Dağılım Raporu
2026-05-19 06:00:02,740 [INFO]   [HGM] Portföy Dağılım Raporu
2026-05-19 06:00:02,740 [INFO]   [HGM] Portföy Dağılım Raporu
2026-05-19 06:00:02,740 [INFO]   [HKH] Portföy Dağılım Raporu
2026-05-19 06:00:02,740 [INFO]   [HKH] Portföy Dağılım Raporu
2026-05-19 06:00:02,740 [INFO]   [AVT] Portföy Dağılım Raporu
2026-05-19 06:00:02,740 [INFO]   [AVT] Portföy Dağılım Raporu
2026-05-19 06:00:02,740 [INFO]   [HYV] Portföy Dağılım Raporu
2026-05-19 06:00:02,740 [INFO]   [HYV] Portföy Dağılım Raporu
2026-05-19 06:00:02,741 [INFO]   [TPR] Portföy Dağılım Raporu
2026-05-19 06:00:02,741 [INFO]   [TPR] Portföy Dağılım Raporu
2026-05-19 06:00:02,741 [INFO]   [HKJ] Portföy Dağılım Raporu
2026-05-19 06:00:02,741 [INFO]   [HKJ] Portföy Dağılım Raporu
2026-05-19 06:00:02,742 [INFO]   [HDK] Portföy Dağılım Raporu
2026-05-19 06:00:02,742 [INFO]   [HDK] Portföy Dağılım Raporu
2026-05-19 06:00:02,742 [INFO]   [HIS] Portföy Dağılım Raporu
2026-05-19 06:00:02,742 [INFO]   [HIS] Portföy Dağılım Raporu
2026-05-19 06:00:02,742 [INFO]   [HAT] Portföy Dağılım Raporu
2026-05-19 06:00:02,742 [INFO]   [HAT] Portföy Dağılım Raporu
2026-05-19 06:00:02,742 [INFO]   [HAM] Portföy Dağılım Raporu
2026-05-19 06:00:02,742 [INFO]   [HAM] Portföy Dağılım Raporu
2026-05-19 06:00:02,742 [INFO]   [FNT] Portföy Dağılım Raporu
2026-05-19 06:00:02,742 [INFO]   [FNT] Portföy Dağılım Raporu
2026-05-19 06:00:02,742 [INFO]   [DUH] Portföy Dağılım Raporu
2026-05-19 06:00:02,742 [INFO]   [DUH] Portföy Dağılım Raporu
2026-05-19 06:00:02,742 [INFO]   [HIA] Portföy Dağılım Raporu
2026-05-19 06:00:02,742 [INFO]   [HIA] Portföy Dağılım Raporu
2026-05-19 06:00:02,743 [INFO]   [HGR] Portföy Dağılım Raporu
2026-05-19 06:00:02,743 [INFO]   [HGR] Portföy Dağılım Raporu
2026-05-19 06:00:02,743 [INFO]   [HGM] Portföy Dağılım Raporu
2026-05-19 06:00:02,743 [INFO]   [HGM] Portföy Dağılım Raporu
2026-05-19 06:00:02,743 [INFO]   [HKH] Portföy Dağılım Raporu
2026-05-19 06:00:02,743 [INFO]   [HKH] Portföy Dağılım Raporu
2026-05-19 06:00:02,743 [INFO]   [HEH] Portföy Dağılım Raporu
2026-05-19 06:00:02,743 [INFO]   [HEH] Portföy Dağılım Raporu
2026-05-19 06:00:02,743 [INFO]   [HKH] Portföy Dağılım Raporu
2026-05-19 06:00:02,743 [INFO]   [HKH] Portföy Dağılım Raporu
2026-05-19 06:00:02,744 [INFO]   [HKJ] Portföy Dağılım Raporu
2026-05-19 06:00:02,744 [INFO]   [HKJ] Portföy Dağılım Raporu
2026-05-19 06:00:02,744 [INFO]   [HKH] Portföy Dağılım Raporu
2026-05-19 06:00:02,744 [INFO]   [HKH] Portföy Dağılım Raporu
2026-05-19 06:00:02,745 [INFO]   [BHI] Portföy Dağılım Raporu
2026-05-19 06:00:02,745 [INFO]   [BHI] Portföy Dağılım Raporu
2026-05-19 06:00:02,745 [INFO]   [IOO] Portföy Dağılım Raporu
2026-05-19 06:00:02,745 [INFO]   [IOO] Portföy Dağılım Raporu
2026-05-19 06:00:02,745 [INFO]   [TPR] Portföy Dağılım Raporu
2026-05-19 06:00:02,745 [INFO]   [TPR] Portföy Dağılım Raporu
2026-05-19 06:00:02,745 [INFO]   [TPR] Portföy Dağılım Raporu
2026-05-19 06:00:02,745 [INFO]   [TPR] Portföy Dağılım Raporu
2026-05-19 06:00:02,746 [INFO]   [ULH] Portföy Dağılım Raporu
2026-05-19 06:00:02,746 [INFO]   [ULH] Portföy Dağılım Raporu
2026-05-19 06:00:02,746 [INFO]   [OJT] Portföy Dağılım Raporu
2026-05-19 06:00:02,746 [INFO]   [OJT] Portföy Dağılım Raporu
2026-05-19 06:00:02,746 [INFO]   [AFO] Portföy Dağılım Raporu
2026-05-19 06:00:02,746 [INFO]   [AFO] Portföy Dağılım Raporu
2026-05-19 06:00:02,746 [INFO]   [FDE] Portföy Dağılım Raporu
2026-05-19 06:00:02,746 [INFO]   [FDE] Portföy Dağılım Raporu
2026-05-19 06:00:02,746 [INFO]   [TPR] Portföy Dağılım Raporu
2026-05-19 06:00:02,746 [INFO]   [TPR] Portföy Dağılım Raporu
2026-05-19 06:00:02,746 [INFO]   [AYR] Portföy Dağılım Raporu
2026-05-19 06:00:02,746 [INFO]   [AYR] Portföy Dağılım Raporu
2026-05-19 06:00:02,747 [INFO]   [FUB] Portföy Dağılım Raporu
2026-05-19 06:00:02,747 [INFO]   [FUB] Portföy Dağılım Raporu
2026-05-19 06:00:02,747 [INFO]   [FI5] Portföy Dağılım Raporu
2026-05-19 06:00:02,747 [INFO]   [FI5] Portföy Dağılım Raporu
2026-05-19 06:00:02,747 [INFO]   [ENS] Portföy Dağılım Raporu
2026-05-19 06:00:02,747 [INFO]   [ENS] Portföy Dağılım Raporu
2026-05-19 06:00:02,747 [INFO]   [EDD] Portföy Dağılım Raporu
2026-05-19 06:00:02,747 [INFO]   [EDD] Portföy Dağılım Raporu
2026-05-19 06:00:02,747 [INFO]   [ENA] Portföy Dağılım Raporu
2026-05-19 06:00:02,747 [INFO]   [ENA] Portföy Dağılım Raporu
2026-05-19 06:00:02,747 [INFO]   [EDD] Portföy Dağılım Raporu
2026-05-19 06:00:02,747 [INFO]   [EDD] Portföy Dağılım Raporu
2026-05-19 06:00:02,748 [INFO]   [IOO] Portföy Dağılım Raporu
2026-05-19 06:00:02,748 [INFO]   [IOO] Portföy Dağılım Raporu
2026-05-19 06:00:02,748 [INFO]   [SLG] Portföy Dağılım Raporu
2026-05-19 06:00:02,748 [INFO]   [SLG] Portföy Dağılım Raporu
2026-05-19 06:00:02,748 [INFO]   [PTS] Portföy Dağılım Raporu
2026-05-19 06:00:02,748 [INFO]   [PTS] Portföy Dağılım Raporu
2026-05-19 06:00:02,748 [INFO]   [FI5] Portföy Dağılım Raporu
2026-05-19 06:00:02,748 [INFO]   [FI5] Portföy Dağılım Raporu
2026-05-19 06:00:02,748 [INFO]   [OVD] Portföy Dağılım Raporu
2026-05-19 06:00:02,748 [INFO]   [OVD] Portföy Dağılım Raporu
2026-05-19 06:00:02,748 [INFO]   [OPJ] Portföy Dağılım Raporu
2026-05-19 06:00:02,748 [INFO]   [OPJ] Portföy Dağılım Raporu
2026-05-19 06:00:02,749 [INFO]   [FNO] Portföy Dağılım Raporu
2026-05-19 06:00:02,749 [INFO]   [FNO] Portföy Dağılım Raporu
2026-05-19 06:00:02,749 [INFO]   [FGS] Portföy Dağılım Raporu
2026-05-19 06:00:02,749 [INFO]   [FGS] Portföy Dağılım Raporu
2026-05-19 06:00:02,749 [INFO]   [FKE] Portföy Dağılım Raporu
2026-05-19 06:00:02,749 [INFO]   [FKE] Portföy Dağılım Raporu
2026-05-19 06:00:02,749 [INFO]   [FI5] Portföy Dağılım Raporu
2026-05-19 06:00:02,749 [INFO]   [FI5] Portföy Dağılım Raporu
2026-05-19 06:00:02,749 [INFO]   [FFP] Portföy Dağılım Raporu
2026-05-19 06:00:02,749 [INFO]   [FFP] Portföy Dağılım Raporu
2026-05-19 06:00:02,749 [INFO]   [FFP] Portföy Dağılım Raporu
2026-05-19 06:00:02,749 [INFO]   [FFP] Portföy Dağılım Raporu
2026-05-19 06:00:02,750 [INFO]   [TPR] Portföy Dağılım Raporu
2026-05-19 06:00:02,750 [INFO]   [TPR] Portföy Dağılım Raporu
2026-05-19 06:00:02,750 [INFO]   [SUB] Portföy Dağılım Raporu
2026-05-19 06:00:02,750 [INFO]   [SUB] Portföy Dağılım Raporu
2026-05-19 06:00:02,751 [INFO]   [AFO] Portföy Dağılım Raporu
2026-05-19 06:00:02,751 [INFO]   [AFO] Portföy Dağılım Raporu
2026-05-19 06:00:02,751 [INFO]   [UPP] Portföy Dağılım Raporu
2026-05-19 06:00:02,751 [INFO]   [UPP] Portföy Dağılım Raporu
2026-05-19 06:00:02,751 [INFO]   [USY] Portföy Dağılım Raporu
2026-05-19 06:00:02,751 [INFO]   [USY] Portföy Dağılım Raporu
2026-05-19 06:00:02,752 [INFO]   [TPR] Portföy Dağılım Raporu
2026-05-19 06:00:02,752 [INFO]   [TPR] Portföy Dağılım Raporu
2026-05-19 06:00:02,752 [INFO]   [IOO] Portföy Dağılım Raporu
2026-05-19 06:00:02,752 [INFO]   [IOO] Portföy Dağılım Raporu
2026-05-19 06:00:02,752 [INFO]   [OUR] Portföy Dağılım Raporu
2026-05-19 06:00:02,752 [INFO]   [OUR] Portföy Dağılım Raporu
2026-05-19 06:00:02,752 [INFO]   [OUB] Portföy Dağılım Raporu
2026-05-19 06:00:02,752 [INFO]   [OUB] Portföy Dağılım Raporu
2026-05-19 06:00:02,752 [INFO]   [OSL] Portföy Dağılım Raporu
2026-05-19 06:00:02,752 [INFO]   [OSL] Portföy Dağılım Raporu
2026-05-19 06:00:02,752 [INFO]   [AYR] Portföy Dağılım Raporu
2026-05-19 06:00:02,752 [INFO]   [AYR] Portföy Dağılım Raporu
2026-05-19 06:00:02,753 [INFO]   [BTL] Portföy Dağılım Raporu
2026-05-19 06:00:02,753 [INFO]   [BTL] Portföy Dağılım Raporu
2026-05-19 06:00:02,753 [INFO]   [BTL] Portföy Dağılım Raporu
2026-05-19 06:00:02,753 [INFO]   [BTL] Portföy Dağılım Raporu
2026-05-19 06:00:02,753 [INFO]   [BTL] Portföy Dağılım Raporu
2026-05-19 06:00:02,753 [INFO]   [BTL] Portföy Dağılım Raporu
2026-05-19 06:00:02,753 [INFO]   [BTL] Portföy Dağılım Raporu
2026-05-19 06:00:02,753 [INFO]   [BTL] Portföy Dağılım Raporu
2026-05-19 06:00:02,753 [INFO]   [OPI] Portföy Dağılım Raporu
2026-05-19 06:00:02,753 [INFO]   [OPI] Portföy Dağılım Raporu
2026-05-19 06:00:02,754 [INFO]   [OPB] Portföy Dağılım Raporu
2026-05-19 06:00:02,754 [INFO]   [OPB] Portföy Dağılım Raporu
2026-05-19 06:00:02,756 [INFO]   [ITC] Portföy Dağılım Raporu
2026-05-19 06:00:02,756 [INFO]   [ITC] Portföy Dağılım Raporu
2026-05-19 06:00:02,757 [INFO]   [IRY] Portföy Dağılım Raporu
2026-05-19 06:00:02,757 [INFO]   [IRY] Portföy Dağılım Raporu
2026-05-19 06:00:02,757 [INFO]   [NVK] Portföy Dağılım Raporu
2026-05-19 06:00:02,757 [INFO]   [NVK] Portföy Dağılım Raporu
2026-05-19 06:00:02,757 [INFO]   [IV7] Portföy Dağılım Raporu
2026-05-19 06:00:02,757 [INFO]   [IV7] Portföy Dağılım Raporu
2026-05-19 06:00:02,758 [INFO]   [IUC] Portföy Dağılım Raporu
2026-05-19 06:00:02,758 [INFO]   [IUC] Portföy Dağılım Raporu
2026-05-19 06:00:02,758 [INFO]   [IRY] Portföy Dağılım Raporu
2026-05-19 06:00:02,758 [INFO]   [IRY] Portföy Dağılım Raporu
2026-05-19 06:00:02,759 [INFO]   [INZ] Portföy Dağılım Raporu
2026-05-19 06:00:02,759 [INFO]   [INZ] Portföy Dağılım Raporu
2026-05-19 06:00:02,759 [INFO]   [INZ] Portföy Dağılım Raporu
2026-05-19 06:00:02,759 [INFO]   [INZ] Portföy Dağılım Raporu
2026-05-19 06:00:02,759 [INFO]   [IJA] Portföy Dağılım Raporu
2026-05-19 06:00:02,759 [INFO]   [IJA] Portföy Dağılım Raporu
2026-05-19 06:00:02,759 [INFO]   [IRY] Portföy Dağılım Raporu
2026-05-19 06:00:02,759 [INFO]   [IRY] Portföy Dağılım Raporu
2026-05-19 06:00:02,760 [INFO]   [IAY] Portföy Dağılım Raporu
2026-05-19 06:00:02,760 [INFO]   [IAY] Portföy Dağılım Raporu
2026-05-19 06:00:02,760 [INFO]   [TPR] Portföy Dağılım Raporu
2026-05-19 06:00:02,760 [INFO]   [TPR] Portföy Dağılım Raporu
2026-05-19 06:00:02,760 [INFO]   [TPR] Portföy Dağılım Raporu
2026-05-19 06:00:02,760 [INFO]   [TPR] Portföy Dağılım Raporu
2026-05-19 06:00:02,761 [INFO]   [GJB] Portföy Dağılım Raporu
2026-05-19 06:00:02,761 [INFO]   [GJB] Portföy Dağılım Raporu
2026-05-19 06:00:02,761 [INFO]   [GGK] Portföy Dağılım Raporu
2026-05-19 06:00:02,761 [INFO]   [GGK] Portföy Dağılım Raporu
2026-05-19 06:00:02,761 [INFO]   [GEI] Portföy Dağılım Raporu
2026-05-19 06:00:02,761 [INFO]   [GEI] Portföy Dağılım Raporu
2026-05-19 06:00:02,761 [INFO]   [GBG] Portföy Dağılım Raporu
2026-05-19 06:00:02,761 [INFO]   [GBG] Portföy Dağılım Raporu
2026-05-19 06:00:02,761 [INFO]   [GAN] Portföy Dağılım Raporu
2026-05-19 06:00:02,761 [INFO]   [GAN] Portföy Dağılım Raporu
2026-05-19 06:00:02,762 [INFO]   [VPP] Portföy Dağılım Raporu
2026-05-19 06:00:02,762 [INFO]   [VPP] Portföy Dağılım Raporu
2026-05-19 06:00:02,762 [INFO]   [YVD] Portföy Dağılım Raporu
2026-05-19 06:00:02,762 [INFO]   [YVD] Portföy Dağılım Raporu
2026-05-19 06:00:02,762 [INFO]   [VMV] Portföy Dağılım Raporu
2026-05-19 06:00:02,762 [INFO]   [VMV] Portföy Dağılım Raporu
2026-05-19 06:00:02,762 [INFO]   [YVD] Portföy Dağılım Raporu
2026-05-19 06:00:02,762 [INFO]   [YVD] Portföy Dağılım Raporu
2026-05-19 06:00:02,762 [INFO]   [YVD] Portföy Dağılım Raporu
2026-05-19 06:00:02,762 [INFO]   [YVD] Portföy Dağılım Raporu
2026-05-19 06:00:02,762 [INFO]   [SSS] Portföy Dağılım Raporu
2026-05-19 06:00:02,762 [INFO]   [SSS] Portföy Dağılım Raporu
2026-05-19 06:00:02,763 [INFO]   [FLS] Portföy Dağılım Raporu
2026-05-19 06:00:02,763 [INFO]   [FLS] Portföy Dağılım Raporu
2026-05-19 06:00:02,763 [INFO]   [YVD] Portföy Dağılım Raporu
2026-05-19 06:00:02,763 [INFO]   [YVD] Portföy Dağılım Raporu
2026-05-19 06:00:02,763 [INFO]   [YTV] Portföy Dağılım Raporu
2026-05-19 06:00:02,763 [INFO]   [YTV] Portföy Dağılım Raporu
2026-05-19 06:00:02,763 [INFO]   [YLO] Portföy Dağılım Raporu
2026-05-19 06:00:02,763 [INFO]   [YLO] Portföy Dağılım Raporu
2026-05-19 06:00:02,763 [INFO]   [YVD] Portföy Dağılım Raporu
2026-05-19 06:00:02,763 [INFO]   [YVD] Portföy Dağılım Raporu
2026-05-19 06:00:02,763 [INFO]   [YJY] Portföy Dağılım Raporu
2026-05-19 06:00:02,763 [INFO]   [YJY] Portföy Dağılım Raporu
2026-05-19 06:00:02,763 [INFO]   [YVD] Portföy Dağılım Raporu
2026-05-19 06:00:02,763 [INFO]   [YVD] Portföy Dağılım Raporu
2026-05-19 06:00:02,763 [INFO]   [YVD] Portföy Dağılım Raporu
2026-05-19 06:00:02,763 [INFO]   [YVD] Portföy Dağılım Raporu
2026-05-19 06:00:02,763 [INFO]   [YVD] Portföy Dağılım Raporu
2026-05-19 06:00:02,763 [INFO]   [YVD] Portföy Dağılım Raporu
2026-05-19 06:00:02,763 [INFO]   [YVD] Portföy Dağılım Raporu
2026-05-19 06:00:02,763 [INFO]   [YVD] Portföy Dağılım Raporu
2026-05-19 06:00:02,763 [INFO]   [YVD] Portföy Dağılım Raporu
2026-05-19 06:00:02,763 [INFO]   [YVD] Portföy Dağılım Raporu
2026-05-19 06:00:02,763 [INFO]   [YHI] Portföy Dağılım Raporu
2026-05-19 06:00:02,763 [INFO]   [YHI] Portföy Dağılım Raporu
2026-05-19 06:00:02,763 [INFO]   [YVD] Portföy Dağılım Raporu
2026-05-19 06:00:02,763 [INFO]   [YVD] Portföy Dağılım Raporu
2026-05-19 06:00:02,763 [INFO]   [YVD] Portföy Dağılım Raporu
2026-05-19 06:00:02,763 [INFO]   [YVD] Portföy Dağılım Raporu
2026-05-19 06:00:02,763 [INFO]   [YVD] Portföy Dağılım Raporu
2026-05-19 06:00:02,763 [INFO]   [YVD] Portföy Dağılım Raporu
2026-05-19 06:00:02,763 [INFO]   [YVD] Portföy Dağılım Raporu
2026-05-19 06:00:02,763 [INFO]   [YVD] Portföy Dağılım Raporu
2026-05-19 06:00:02,763 [INFO]   [YIV] Portföy Dağılım Raporu
2026-05-19 06:00:02,763 [INFO]   [YIV] Portföy Dağılım Raporu
2026-05-19 06:00:02,763 [INFO]   [YVD] Portföy Dağılım Raporu
2026-05-19 06:00:02,763 [INFO]   [YVD] Portföy Dağılım Raporu
2026-05-19 06:00:02,763 [INFO]   [YVB] Portföy Dağılım Raporu
2026-05-19 06:00:02,763 [INFO]   [YVB] Portföy Dağılım Raporu
2026-05-19 06:00:02,763 [INFO]   [YVD] Portföy Dağılım Raporu
2026-05-19 06:00:02,763 [INFO]   [YVD] Portföy Dağılım Raporu
2026-05-19 06:00:02,763 [INFO]   [YVD] Portföy Dağılım Raporu
2026-05-19 06:00:02,763 [INFO]   [YVD] Portföy Dağılım Raporu
2026-05-19 06:00:02,763 [INFO]   [YHB] Portföy Dağılım Raporu
2026-05-19 06:00:02,763 [INFO]   [YHB] Portföy Dağılım Raporu
2026-05-19 06:00:02,763 [INFO]   [YVD] Portföy Dağılım Raporu
2026-05-19 06:00:02,763 [INFO]   [YVD] Portföy Dağılım Raporu
2026-05-19 06:00:02,763 [INFO]   [YVD] Portföy Dağılım Raporu
2026-05-19 06:00:02,763 [INFO]   [YVD] Portföy Dağılım Raporu
2026-05-19 06:00:02,763 [INFO]   [YVD] Portföy Dağılım Raporu
2026-05-19 06:00:02,763 [INFO]   [YVD] Portföy Dağılım Raporu
2026-05-19 06:00:02,763 [INFO]   [ILK] Portföy Dağılım Raporu
2026-05-19 06:00:02,763 [INFO]   [ILK] Portföy Dağılım Raporu
2026-05-19 06:00:02,763 [INFO]   [FPI] Portföy Dağılım Raporu
2026-05-19 06:00:02,763 [INFO]   [FPI] Portföy Dağılım Raporu
2026-05-19 06:00:02,763 [INFO]   [FRC] Portföy Dağılım Raporu
2026-05-19 06:00:02,763 [INFO]   [FRC] Portföy Dağılım Raporu
2026-05-19 06:00:02,764 [INFO]   [YZC] Portföy Dağılım Raporu
2026-05-19 06:00:02,764 [INFO]   [YZC] Portföy Dağılım Raporu
2026-05-19 06:00:02,764 [INFO]   [YVD] Portföy Dağılım Raporu
2026-05-19 06:00:02,764 [INFO]   [YVD] Portföy Dağılım Raporu
2026-05-19 06:00:02,764 [INFO]   [YVD] Portföy Dağılım Raporu
2026-05-19 06:00:02,764 [INFO]   [YVD] Portföy Dağılım Raporu
2026-05-19 06:00:02,764 [INFO]   [YAC] Portföy Dağılım Raporu
2026-05-19 06:00:02,764 [INFO]   [YAC] Portföy Dağılım Raporu
2026-05-19 06:00:02,764 [INFO]   [YVD] Portföy Dağılım Raporu
2026-05-19 06:00:02,764 [INFO]   [YVD] Portföy Dağılım Raporu
2026-05-19 06:00:02,764 [INFO]   [YVD] Portföy Dağılım Raporu
2026-05-19 06:00:02,764 [INFO]   [YVD] Portföy Dağılım Raporu
2026-05-19 06:00:02,764 [INFO]   [YVD] Portföy Dağılım Raporu
2026-05-19 06:00:02,764 [INFO]   [YVD] Portföy Dağılım Raporu
2026-05-19 06:00:02,764 [INFO]   [YLB] Portföy Dağılım Raporu
2026-05-19 06:00:02,764 [INFO]   [YLB] Portföy Dağılım Raporu
2026-05-19 06:00:02,764 [INFO]   [YJK] Portföy Dağılım Raporu
2026-05-19 06:00:02,764 [INFO]   [YJK] Portföy Dağılım Raporu
2026-05-19 06:00:02,764 [INFO]   [YVD] Portföy Dağılım Raporu
2026-05-19 06:00:02,764 [INFO]   [YVD] Portföy Dağılım Raporu
2026-05-19 06:00:02,764 [INFO]   [YZG] Portföy Dağılım Raporu
2026-05-19 06:00:02,764 [INFO]   [YZG] Portföy Dağılım Raporu
2026-05-19 06:00:02,764 [INFO]   [YVD] Portföy Dağılım Raporu
2026-05-19 06:00:02,764 [INFO]   [YVD] Portföy Dağılım Raporu
2026-05-19 06:00:02,764 [INFO]   [YVD] Portföy Dağılım Raporu
2026-05-19 06:00:02,764 [INFO]   [YVD] Portföy Dağılım Raporu
2026-05-19 06:00:02,764 [INFO]   [YEF] Portföy Dağılım Raporu
2026-05-19 06:00:02,764 [INFO]   [YEF] Portföy Dağılım Raporu
2026-05-19 06:00:02,764 [INFO]   [YDK] Portföy Dağılım Raporu
2026-05-19 06:00:02,764 [INFO]   [YDK] Portföy Dağılım Raporu
2026-05-19 06:00:02,764 [INFO]   [YVD] Portföy Dağılım Raporu
2026-05-19 06:00:02,764 [INFO]   [YVD] Portföy Dağılım Raporu
2026-05-19 06:00:02,764 [INFO]   [YVD] Portföy Dağılım Raporu
2026-05-19 06:00:02,764 [INFO]   [YVD] Portföy Dağılım Raporu
2026-05-19 06:00:02,764 [INFO]   [TPR] Portföy Dağılım Raporu
2026-05-19 06:00:02,764 [INFO]   [TPR] Portföy Dağılım Raporu
2026-05-19 06:00:02,764 [INFO]   [BHI] Portföy Dağılım Raporu
2026-05-19 06:00:02,764 [INFO]   [BHI] Portföy Dağılım Raporu
2026-05-19 06:00:02,765 [INFO]   [IOO] Portföy Dağılım Raporu
2026-05-19 06:00:02,765 [INFO]   [IOO] Portföy Dağılım Raporu
2026-05-19 06:00:02,765 [INFO]   [TPR] Portföy Dağılım Raporu
2026-05-19 06:00:02,765 [INFO]   [TPR] Portföy Dağılım Raporu
2026-05-19 06:00:02,765 [INFO]   [AFO] Portföy Dağılım Raporu
2026-05-19 06:00:02,765 [INFO]   [AFO] Portföy Dağılım Raporu
2026-05-19 06:00:02,766 [INFO]   [BTJ] Portföy Dağılım Raporu
2026-05-19 06:00:02,766 [INFO]   [BTJ] Portföy Dağılım Raporu
2026-05-19 06:00:02,766 [INFO]   [KVR] Portföy Dağılım Raporu
2026-05-19 06:00:02,766 [INFO]   [KVR] Portföy Dağılım Raporu
2026-05-19 06:00:02,766 [INFO]   [BTZ] Portföy Dağılım Raporu
2026-05-19 06:00:02,766 [INFO]   [BTZ] Portföy Dağılım Raporu
2026-05-19 06:00:02,766 [INFO]   [ITZ] Portföy Dağılım Raporu
2026-05-19 06:00:02,766 [INFO]   [ITZ] Portföy Dağılım Raporu
2026-05-19 06:00:02,766 [INFO]   [AYR] Portföy Dağılım Raporu
2026-05-19 06:00:02,766 [INFO]   [AYR] Portföy Dağılım Raporu
2026-05-19 06:00:02,766 [INFO]   [KHD] Portföy Dağılım Raporu
2026-05-19 06:00:02,766 [INFO]   [KHD] Portföy Dağılım Raporu
2026-05-19 06:00:02,766 [INFO]   [PPT] Portföy Dağılım Raporu
2026-05-19 06:00:02,766 [INFO]   [PPT] Portföy Dağılım Raporu
2026-05-19 06:00:02,766 [INFO]   [TAL] Portföy Dağılım Raporu
2026-05-19 06:00:02,766 [INFO]   [TAL] Portföy Dağılım Raporu
2026-05-19 06:00:02,767 [INFO]   [BSH] Portföy Dağılım Raporu
2026-05-19 06:00:02,767 [INFO]   [BSH] Portföy Dağılım Raporu
2026-05-19 06:00:02,768 [INFO]   [PPT] Portföy Dağılım Raporu
2026-05-19 06:00:02,768 [INFO]   [PPT] Portföy Dağılım Raporu
2026-05-19 06:00:02,768 [INFO]   [STI] Portföy Dağılım Raporu
2026-05-19 06:00:02,768 [INFO]   [STI] Portföy Dağılım Raporu
2026-05-19 06:00:02,768 [INFO]   [KLH] Portföy Dağılım Raporu
2026-05-19 06:00:02,768 [INFO]   [KLH] Portföy Dağılım Raporu
2026-05-19 06:00:02,768 [INFO]   [PKT] Portföy Dağılım Raporu
2026-05-19 06:00:02,768 [INFO]   [PKT] Portföy Dağılım Raporu
2026-05-19 06:00:02,768 [INFO]   [YVD] Portföy Dağılım Raporu
2026-05-19 06:00:02,768 [INFO]   [YVD] Portföy Dağılım Raporu
2026-05-19 06:00:02,768 [INFO]   [YVD] Portföy Dağılım Raporu
2026-05-19 06:00:02,768 [INFO]   [YVD] Portföy Dağılım Raporu
2026-05-19 06:00:02,768 [INFO]   [YMH] Portföy Dağılım Raporu
2026-05-19 06:00:02,768 [INFO]   [YMH] Portföy Dağılım Raporu
2026-05-19 06:00:02,768 [INFO]   [YVD] Portföy Dağılım Raporu
2026-05-19 06:00:02,768 [INFO]   [YVD] Portföy Dağılım Raporu
2026-05-19 06:00:02,768 [INFO]   [YVD] Portföy Dağılım Raporu
2026-05-19 06:00:02,768 [INFO]   [YVD] Portföy Dağılım Raporu
2026-05-19 06:00:02,768 [INFO]   [YVD] Portföy Dağılım Raporu
2026-05-19 06:00:02,768 [INFO]   [YVD] Portföy Dağılım Raporu
2026-05-19 06:00:02,768 [INFO]   [YVD] Portföy Dağılım Raporu
2026-05-19 06:00:02,768 [INFO]   [YVD] Portföy Dağılım Raporu
2026-05-19 06:00:02,768 [INFO]   [YVD] Portföy Dağılım Raporu
2026-05-19 06:00:02,768 [INFO]   [YVD] Portföy Dağılım Raporu
2026-05-19 06:00:02,768 [INFO]   [YVD] Portföy Dağılım Raporu
2026-05-19 06:00:02,768 [INFO]   [YVD] Portföy Dağılım Raporu
2026-05-19 06:00:02,768 [INFO]   [YVD] Portföy Dağılım Raporu
2026-05-19 06:00:02,768 [INFO]   [YVD] Portföy Dağılım Raporu
2026-05-19 06:00:02,768 [INFO]   [YVD] Portföy Dağılım Raporu
2026-05-19 06:00:02,768 [INFO]   [YVD] Portföy Dağılım Raporu
2026-05-19 06:00:02,768 [INFO]   [YDI] Portföy Dağılım Raporu
2026-05-19 06:00:02,768 [INFO]   [YDI] Portföy Dağılım Raporu
2026-05-19 06:00:02,768 [INFO]   [YBP] Portföy Dağılım Raporu
2026-05-19 06:00:02,768 [INFO]   [YBP] Portföy Dağılım Raporu
2026-05-19 06:00:02,768 [INFO]   [MPI] Portföy Dağılım Raporu
2026-05-19 06:00:02,768 [INFO]   [MPI] Portföy Dağılım Raporu
2026-05-19 06:00:02,768 [INFO]   [MAD] Portföy Dağılım Raporu
2026-05-19 06:00:02,768 [INFO]   [MAD] Portföy Dağılım Raporu
2026-05-19 06:00:02,768 [INFO]   [CKL] Portföy Dağılım Raporu
2026-05-19 06:00:02,768 [INFO]   [CKL] Portföy Dağılım Raporu
2026-05-19 06:00:02,768 [INFO]   [YSO] Portföy Dağılım Raporu
2026-05-19 06:00:02,768 [INFO]   [YSO] Portföy Dağılım Raporu
2026-05-19 06:00:02,769 [INFO]   [YSL] Portföy Dağılım Raporu
2026-05-19 06:00:02,769 [INFO]   [YSL] Portföy Dağılım Raporu
2026-05-19 06:00:02,769 [INFO]   [YVD] Portföy Dağılım Raporu
2026-05-19 06:00:02,769 [INFO]   [YVD] Portföy Dağılım Raporu
2026-05-19 06:00:02,769 [INFO]   [YVD] Portföy Dağılım Raporu
2026-05-19 06:00:02,769 [INFO]   [YVD] Portföy Dağılım Raporu
2026-05-19 06:00:02,769 [INFO]   [YVD] Portföy Dağılım Raporu
2026-05-19 06:00:02,769 [INFO]   [YVD] Portföy Dağılım Raporu
2026-05-19 06:00:02,769 [INFO]   [YZK] Portföy Dağılım Raporu
2026-05-19 06:00:02,769 [INFO]   [YZK] Portföy Dağılım Raporu
2026-05-19 06:00:02,769 [INFO]   [ONS] Portföy Dağılım Raporu
2026-05-19 06:00:02,769 [INFO]   [ONS] Portföy Dağılım Raporu
2026-05-19 06:00:02,769 [INFO]   [FUA] Portföy Dağılım Raporu
2026-05-19 06:00:02,769 [INFO]   [FUA] Portföy Dağılım Raporu
2026-05-19 06:00:02,769 [INFO]   [IPG] Portföy Dağılım Raporu
2026-05-19 06:00:02,769 [INFO]   [IPG] Portföy Dağılım Raporu
2026-05-19 06:00:02,769 [INFO]   [IOO] Portföy Dağılım Raporu
2026-05-19 06:00:02,769 [INFO]   [IOO] Portföy Dağılım Raporu
2026-05-19 06:00:02,769 [INFO]   [IUZ] Portföy Dağılım Raporu
2026-05-19 06:00:02,769 [INFO]   [IUZ] Portföy Dağılım Raporu
2026-05-19 06:00:02,769 [INFO]   [IUF] Portföy Dağılım Raporu
2026-05-19 06:00:02,769 [INFO]   [IUF] Portföy Dağılım Raporu
2026-05-19 06:00:02,769 [INFO]   [AJL] Portföy Dağılım Raporu
2026-05-19 06:00:02,769 [INFO]   [AJL] Portföy Dağılım Raporu
2026-05-19 06:00:02,770 [INFO]   [IJZ] Portföy Dağılım Raporu
2026-05-19 06:00:02,770 [INFO]   [IJZ] Portföy Dağılım Raporu
2026-05-19 06:00:02,770 [INFO]   [YVD] Portföy Dağılım Raporu
2026-05-19 06:00:02,770 [INFO]   [YVD] Portföy Dağılım Raporu
2026-05-19 06:00:02,770 [INFO]   [YVD] Portföy Dağılım Raporu
2026-05-19 06:00:02,770 [INFO]   [YVD] Portföy Dağılım Raporu
2026-05-19 06:00:02,770 [INFO]   [YAY] Portföy Dağılım Raporu
2026-05-19 06:00:02,770 [INFO]   [YAY] Portföy Dağılım Raporu
2026-05-19 06:00:02,770 [INFO]   [YVD] Portföy Dağılım Raporu
2026-05-19 06:00:02,770 [INFO]   [YVD] Portföy Dağılım Raporu
2026-05-19 06:00:02,770 [INFO]   [YHT] Portföy Dağılım Raporu
2026-05-19 06:00:02,770 [INFO]   [YHT] Portföy Dağılım Raporu
2026-05-19 06:00:02,770 [INFO]   [YVD] Portföy Dağılım Raporu
2026-05-19 06:00:02,770 [INFO]   [YVD] Portföy Dağılım Raporu
2026-05-19 06:00:02,770 [INFO]   [TCB] Portföy Dağılım Raporu
2026-05-19 06:00:02,770 [INFO]   [TCB] Portföy Dağılım Raporu
2026-05-19 06:00:02,771 [INFO]   [TTV] Portföy Dağılım Raporu
2026-05-19 06:00:02,771 [INFO]   [TTV] Portföy Dağılım Raporu
2026-05-19 06:00:02,771 [INFO]   [TTL] Portföy Dağılım Raporu
2026-05-19 06:00:02,771 [INFO]   [TTL] Portföy Dağılım Raporu
2026-05-19 06:00:02,771 [INFO]   [TKF] Portföy Dağılım Raporu
2026-05-19 06:00:02,771 [INFO]   [TKF] Portföy Dağılım Raporu
2026-05-19 06:00:02,772 [INFO]   [ZSF] Portföy Dağılım Raporu
2026-05-19 06:00:02,772 [INFO]   [ZSF] Portföy Dağılım Raporu
2026-05-19 06:00:02,772 [INFO]   [ZR3] Portföy Dağılım Raporu
2026-05-19 06:00:02,772 [INFO]   [ZR3] Portföy Dağılım Raporu
2026-05-19 06:00:02,772 [INFO]   [IOO] Portföy Dağılım Raporu
2026-05-19 06:00:02,772 [INFO]   [IOO] Portföy Dağılım Raporu
2026-05-19 06:00:02,772 [INFO]   [TPR] Portföy Dağılım Raporu
2026-05-19 06:00:02,772 [INFO]   [TPR] Portföy Dağılım Raporu
2026-05-19 06:00:02,772 [INFO]   [ZPJ] Portföy Dağılım Raporu
2026-05-19 06:00:02,772 [INFO]   [ZPJ] Portföy Dağılım Raporu
2026-05-19 06:00:02,772 [INFO]   [ZPG] Portföy Dağılım Raporu
2026-05-19 06:00:02,772 [INFO]   [ZPG] Portföy Dağılım Raporu
2026-05-19 06:00:02,772 [INFO]   [ZPJ] Portföy Dağılım Raporu
2026-05-19 06:00:02,772 [INFO]   [ZPJ] Portföy Dağılım Raporu
2026-05-19 06:00:02,772 [INFO]   [ZPE] Portföy Dağılım Raporu
2026-05-19 06:00:02,772 [INFO]   [ZPE] Portföy Dağılım Raporu
2026-05-19 06:00:02,773 [INFO]   [IOO] Portföy Dağılım Raporu
2026-05-19 06:00:02,773 [INFO]   [IOO] Portföy Dağılım Raporu
2026-05-19 06:00:02,776 [INFO]   [HB1] Portföy Dağılım Raporu
2026-05-19 06:00:02,776 [INFO]   [HB1] Portföy Dağılım Raporu
2026-05-19 06:00:02,776 [INFO]   [ZDZ] Portföy Dağılım Raporu
2026-05-19 06:00:02,776 [INFO]   [ZDZ] Portföy Dağılım Raporu
2026-05-19 06:00:02,776 [INFO]   [ZDZ] Portföy Dağılım Raporu
2026-05-19 06:00:02,776 [INFO]   [ZDZ] Portföy Dağılım Raporu
2026-05-19 06:00:02,776 [INFO]   [ZCD] Portföy Dağılım Raporu
2026-05-19 06:00:02,776 [INFO]   [ZCD] Portföy Dağılım Raporu
2026-05-19 06:00:02,776 [INFO]   [BHI] Portföy Dağılım Raporu
2026-05-19 06:00:02,776 [INFO]   [BHI] Portföy Dağılım Raporu
2026-05-19 06:00:02,777 [INFO]   [ZAV] Portföy Dağılım Raporu
2026-05-19 06:00:02,777 [INFO]   [ZAV] Portföy Dağılım Raporu
2026-05-19 06:00:02,777 [INFO]   [TPR] Portföy Dağılım Raporu
2026-05-19 06:00:02,777 [INFO]   [TPR] Portföy Dağılım Raporu
2026-05-19 06:00:02,777 [INFO]   [IOO] Portföy Dağılım Raporu
2026-05-19 06:00:02,777 [INFO]   [IOO] Portföy Dağılım Raporu
2026-05-19 06:00:02,777 [INFO]   [TPR] Portföy Dağılım Raporu
2026-05-19 06:00:02,777 [INFO]   [TPR] Portföy Dağılım Raporu
2026-05-19 06:00:02,778 [INFO]   [TPR] Portföy Dağılım Raporu
2026-05-19 06:00:02,778 [INFO]   [TPR] Portföy Dağılım Raporu
2026-05-19 06:00:02,778 [INFO]   [TPR] Portföy Dağılım Raporu
2026-05-19 06:00:02,778 [INFO]   [TPR] Portföy Dağılım Raporu
2026-05-19 06:00:02,778 [INFO]   [IOO] Portföy Dağılım Raporu
2026-05-19 06:00:02,778 [INFO]   [IOO] Portföy Dağılım Raporu
2026-05-19 06:00:02,778 [INFO]   [ILK] Portföy Dağılım Raporu
2026-05-19 06:00:02,778 [INFO]   [ILK] Portföy Dağılım Raporu
2026-05-19 06:00:02,778 [INFO]   [HB1] Portföy Dağılım Raporu
2026-05-19 06:00:02,778 [INFO]   [HB1] Portföy Dağılım Raporu
2026-05-19 06:00:02,778 [INFO]   [HB1] Portföy Dağılım Raporu
2026-05-19 06:00:02,778 [INFO]   [HB1] Portföy Dağılım Raporu
2026-05-19 06:00:02,778 [INFO]   [HB1] Portföy Dağılım Raporu
2026-05-19 06:00:02,778 [INFO]   [HB1] Portföy Dağılım Raporu
2026-05-19 06:00:02,779 [INFO]   [AVT] Portföy Dağılım Raporu
2026-05-19 06:00:02,779 [INFO]   [AVT] Portföy Dağılım Raporu
2026-05-19 06:00:02,779 [INFO]   [HVS] Portföy Dağılım Raporu
2026-05-19 06:00:02,779 [INFO]   [HVS] Portföy Dağılım Raporu
2026-05-19 06:00:02,779 [INFO]   [HTS] Portföy Dağılım Raporu
2026-05-19 06:00:02,779 [INFO]   [HTS] Portföy Dağılım Raporu
2026-05-19 06:00:02,779 [INFO]   [HTF] Portföy Dağılım Raporu
2026-05-19 06:00:02,779 [INFO]   [HTF] Portföy Dağılım Raporu
2026-05-19 06:00:02,779 [INFO]   [TPR] Portföy Dağılım Raporu
2026-05-19 06:00:02,779 [INFO]   [TPR] Portföy Dağılım Raporu
2026-05-19 06:00:02,779 [INFO]   [HTF] Portföy Dağılım Raporu
2026-05-19 06:00:02,779 [INFO]   [HTF] Portföy Dağılım Raporu
2026-05-19 06:00:02,779 [INFO]   [HSA] Portföy Dağılım Raporu
2026-05-19 06:00:02,779 [INFO]   [HSA] Portföy Dağılım Raporu
2026-05-19 06:00:02,779 [INFO]   [TPR] Portföy Dağılım Raporu
2026-05-19 06:00:02,779 [INFO]   [TPR] Portföy Dağılım Raporu
2026-05-19 06:00:02,780 [INFO]   [HOA] Portföy Dağılım Raporu
2026-05-19 06:00:02,780 [INFO]   [HOA] Portföy Dağılım Raporu
2026-05-19 06:00:02,780 [INFO]   [HMS] Portföy Dağılım Raporu
2026-05-19 06:00:02,780 [INFO]   [HMS] Portföy Dağılım Raporu
2026-05-19 06:00:02,780 [INFO]   [HII] Portföy Dağılım Raporu
2026-05-19 06:00:02,780 [INFO]   [HII] Portföy Dağılım Raporu
2026-05-19 06:00:02,780 [INFO]   [HKR] Portföy Dağılım Raporu
2026-05-19 06:00:02,780 [INFO]   [HKR] Portföy Dağılım Raporu
2026-05-19 06:00:02,780 [INFO]   [HTF] Portföy Dağılım Raporu
2026-05-19 06:00:02,780 [INFO]   [HTF] Portföy Dağılım Raporu
2026-05-19 06:00:02,781 [INFO]   [HBF] Portföy Dağılım Raporu
2026-05-19 06:00:02,781 [INFO]   [HBF] Portföy Dağılım Raporu
2026-05-19 06:00:02,781 [INFO]   [AYR] Portföy Dağılım Raporu
2026-05-19 06:00:02,781 [INFO]   [AYR] Portföy Dağılım Raporu
2026-05-19 06:00:02,781 [INFO]   [TTA] Portföy Dağılım Raporu
2026-05-19 06:00:02,781 [INFO]   [TTA] Portföy Dağılım Raporu
2026-05-19 06:00:02,781 [INFO]   [TDG] Portföy Dağılım Raporu
2026-05-19 06:00:02,781 [INFO]   [TDG] Portföy Dağılım Raporu
2026-05-19 06:00:02,781 [INFO]   [TBV] Portföy Dağılım Raporu
2026-05-19 06:00:02,781 [INFO]   [TBV] Portföy Dağılım Raporu
2026-05-19 06:00:02,782 [INFO]   [TPR] Portföy Dağılım Raporu
2026-05-19 06:00:02,782 [INFO]   [TPR] Portföy Dağılım Raporu
2026-05-19 06:00:02,782 [INFO]   [BND] Portföy Dağılım Raporu
2026-05-19 06:00:02,782 [INFO]   [BND] Portföy Dağılım Raporu
2026-05-19 06:00:02,782 [INFO]   [AKU] Portföy Dağılım Raporu
2026-05-19 06:00:02,782 [INFO]   [AKU] Portföy Dağılım Raporu
2026-05-19 06:00:02,782 [INFO]   [KDO] Portföy Dağılım Raporu
2026-05-19 06:00:02,782 [INFO]   [KDO] Portföy Dağılım Raporu
2026-05-19 06:00:02,782 [INFO]   [TPR] Portföy Dağılım Raporu
2026-05-19 06:00:02,782 [INFO]   [TPR] Portföy Dağılım Raporu
2026-05-19 06:00:02,782 [INFO]   [TPR] Portföy Dağılım Raporu
2026-05-19 06:00:02,782 [INFO]   [TPR] Portföy Dağılım Raporu
2026-05-19 06:00:02,782 [INFO]   [IOO] Portföy Dağılım Raporu
2026-05-19 06:00:02,782 [INFO]   [IOO] Portföy Dağılım Raporu
2026-05-19 06:00:02,783 [INFO]   [AVT] Portföy Dağılım Raporu
2026-05-19 06:00:02,783 [INFO]   [AVT] Portföy Dağılım Raporu
2026-05-19 06:00:02,783 [INFO]   [TMG] Portföy Dağılım Raporu
2026-05-19 06:00:02,783 [INFO]   [TMG] Portföy Dağılım Raporu
2026-05-19 06:00:02,783 [INFO]   [TKK] Portföy Dağılım Raporu
2026-05-19 06:00:02,783 [INFO]   [TKK] Portföy Dağılım Raporu
2026-05-19 06:00:02,784 [INFO]   [TPR] Portföy Dağılım Raporu
2026-05-19 06:00:02,784 [INFO]   [TPR] Portföy Dağılım Raporu
2026-05-19 06:00:02,784 [INFO]   [TI2] Portföy Dağılım Raporu
2026-05-19 06:00:02,784 [INFO]   [TI2] Portföy Dağılım Raporu
2026-05-19 06:00:02,784 [INFO]   [TPR] Portföy Dağılım Raporu
2026-05-19 06:00:02,784 [INFO]   [TPR] Portföy Dağılım Raporu
2026-05-19 06:00:02,784 [INFO]   [TPR] Portföy Dağılım Raporu
2026-05-19 06:00:02,784 [INFO]   [TPR] Portföy Dağılım Raporu
2026-05-19 06:00:02,784 [INFO]   [AVT] Portföy Dağılım Raporu
2026-05-19 06:00:02,784 [INFO]   [AVT] Portföy Dağılım Raporu
2026-05-19 06:00:02,784 [INFO]   [TI1] Portföy Dağılım Raporu
2026-05-19 06:00:02,784 [INFO]   [TI1] Portföy Dağılım Raporu
2026-05-19 06:00:02,784 [INFO]   [IOP] Portföy Dağılım Raporu
2026-05-19 06:00:02,784 [INFO]   [IOP] Portföy Dağılım Raporu
2026-05-19 06:00:02,784 [INFO]   [IDF] Portföy Dağılım Raporu
2026-05-19 06:00:02,784 [INFO]   [IDF] Portföy Dağılım Raporu
2026-05-19 06:00:02,785 [INFO]   [IPV] Portföy Dağılım Raporu
2026-05-19 06:00:02,785 [INFO]   [IPV] Portföy Dağılım Raporu
2026-05-19 06:00:02,785 [INFO]   [IPV] Portföy Dağılım Raporu
2026-05-19 06:00:02,785 [INFO]   [IPV] Portföy Dağılım Raporu
2026-05-19 06:00:02,785 [INFO]   [TPR] Portföy Dağılım Raporu
2026-05-19 06:00:02,785 [INFO]   [TPR] Portföy Dağılım Raporu
2026-05-19 06:00:02,785 [INFO]   [TPR] Portföy Dağılım Raporu
2026-05-19 06:00:02,785 [INFO]   [TPR] Portföy Dağılım Raporu
2026-05-19 06:00:02,785 [INFO]   [IBK] Portföy Dağılım Raporu
2026-05-19 06:00:02,785 [INFO]   [IBK] Portföy Dağılım Raporu
2026-05-19 06:00:02,785 [INFO]   [GZN] Portföy Dağılım Raporu
2026-05-19 06:00:02,785 [INFO]   [GZN] Portföy Dağılım Raporu
2026-05-19 06:00:02,785 [INFO]   [GZM] Portföy Dağılım Raporu
2026-05-19 06:00:02,785 [INFO]   [GZM] Portföy Dağılım Raporu
2026-05-19 06:00:02,786 [INFO]   [ECB] Portföy Dağılım Raporu
2026-05-19 06:00:02,786 [INFO]   [ECB] Portföy Dağılım Raporu
2026-05-19 06:00:02,786 [INFO]   [GMD] Portföy Dağılım Raporu
2026-05-19 06:00:02,786 [INFO]   [GMD] Portföy Dağılım Raporu
2026-05-19 06:00:02,786 [INFO]   [ECV] Portföy Dağılım Raporu
2026-05-19 06:00:02,786 [INFO]   [ECV] Portföy Dağılım Raporu
2026-05-19 06:00:02,786 [INFO]   [ECB] Portföy Dağılım Raporu
2026-05-19 06:00:02,786 [INFO]   [ECB] Portföy Dağılım Raporu
2026-05-19 06:00:02,786 [INFO]   [EBD] Portföy Dağılım Raporu
2026-05-19 06:00:02,786 [INFO]   [EBD] Portföy Dağılım Raporu
2026-05-19 06:00:02,786 [INFO]   [BSM] Portföy Dağılım Raporu
2026-05-19 06:00:02,786 [INFO]   [BSM] Portföy Dağılım Raporu
2026-05-19 06:00:02,786 [INFO] Processing 407 new disclosures...
2026-05-19 06:00:02,786 [INFO] Processing 407 new disclosures...
2026-05-19 06:00:02,788 [INFO] Processing [ILU] from 2026-05-12
2026-05-19 06:00:02,788 [INFO] Processing [ILU] from 2026-05-12
2026-05-19 06:00:02,869 [INFO] Downloaded PDF ILU (77KB)
2026-05-19 06:00:02,869 [INFO] Downloaded PDF ILU (77KB)
2026-05-19 06:00:04,995 [ERROR] GLM failed for ILU: module 'zhipuai' has no attribute 'model_api'
2026-05-19 06:00:04,995 [ERROR] GLM failed for ILU: module 'zhipuai' has no attribute 'model_api'
2026-05-19 06:00:04,996 [WARNING] No categories for ILU
2026-05-19 06:00:04,996 [WARNING] No categories for ILU
2026-05-19 06:00:05,532 [INFO] Processing [NKL] from 2026-05-11
2026-05-19 06:00:05,532 [INFO] Processing [NKL] from 2026-05-11
2026-05-19 06:00:05,699 [INFO] Downloaded PDF NKL (77KB)
2026-05-19 06:00:05,699 [INFO] Downloaded PDF NKL (77KB)
2026-05-19 06:00:07,390 [ERROR] GLM failed for NKL: module 'zhipuai' has no attribute 'model_api'
2026-05-19 06:00:07,390 [ERROR] GLM failed for NKL: module 'zhipuai' has no attribute 'model_api'
2026-05-19 06:00:07,390 [WARNING] No categories for NKL
2026-05-19 06:00:07,390 [WARNING] No categories for NKL
2026-05-19 06:00:08,041 [INFO] Processing [LKT] from 2026-05-11
2026-05-19 06:00:08,041 [INFO] Processing [LKT] from 2026-05-11
2026-05-19 06:00:08,206 [INFO] Downloaded PDF LKT (77KB)
2026-05-19 06:00:08,206 [INFO] Downloaded PDF LKT (77KB)
2026-05-19 06:00:09,893 [ERROR] GLM failed for LKT: module 'zhipuai' has no attribute 'model_api'
2026-05-19 06:00:09,893 [ERROR] GLM failed for LKT: module 'zhipuai' has no attribute 'model_api'
2026-05-19 06:00:09,894 [WARNING] No categories for LKT
2026-05-19 06:00:09,894 [WARNING] No categories for LKT
2026-05-19 06:00:10,545 [INFO] Processing [GLC] from 2026-05-11
2026-05-19 06:00:10,545 [INFO] Processing [GLC] from 2026-05-11
2026-05-19 06:00:10,724 [INFO] Downloaded PDF GLC (77KB)
2026-05-19 06:00:10,724 [INFO] Downloaded PDF GLC (77KB)
2026-05-19 06:00:12,416 [ERROR] GLM failed for GLC: module 'zhipuai' has no attribute 'model_api'
2026-05-19 06:00:12,416 [ERROR] GLM failed for GLC: module 'zhipuai' has no attribute 'model_api'
2026-05-19 06:00:12,416 [WARNING] No categories for GLC
2026-05-19 06:00:12,416 [WARNING] No categories for GLC
2026-05-19 06:00:13,067 [INFO] Processing [TPR] from 2026-05-11
2026-05-19 06:00:13,067 [INFO] Processing [TPR] from 2026-05-11
2026-05-19 06:00:13,233 [INFO] Downloaded PDF TPR (77KB)
2026-05-19 06:00:13,233 [INFO] Downloaded PDF TPR (77KB)
2026-05-19 06:00:14,938 [ERROR] GLM failed for TPR: module 'zhipuai' has no attribute 'model_api'
2026-05-19 06:00:14,938 [ERROR] GLM failed for TPR: module 'zhipuai' has no attribute 'model_api'
2026-05-19 06:00:14,939 [WARNING] No categories for TPR
2026-05-19 06:00:14,939 [WARNING] No categories for TPR
2026-05-19 06:00:15,589 [INFO] Processing [MPN] from 2026-05-11
2026-05-19 06:00:15,589 [INFO] Processing [MPN] from 2026-05-11
2026-05-19 06:00:15,737 [INFO] Downloaded PDF MPN (77KB)
2026-05-19 06:00:15,737 [INFO] Downloaded PDF MPN (77KB)
2026-05-19 06:00:17,413 [ERROR] GLM failed for MPN: module 'zhipuai' has no attribute 'model_api'
2026-05-19 06:00:17,413 [ERROR] GLM failed for MPN: module 'zhipuai' has no attribute 'model_api'
2026-05-19 06:00:17,413 [WARNING] No categories for MPN
2026-05-19 06:00:17,413 [WARNING] No categories for MPN
2026-05-19 06:00:18,064 [INFO] Processing [NKL] from 2026-05-11
2026-05-19 06:00:18,064 [INFO] Processing [NKL] from 2026-05-11
2026-05-19 06:00:18,213 [INFO] Downloaded PDF NKL (77KB)
2026-05-19 06:00:18,213 [INFO] Downloaded PDF NKL (77KB)
2026-05-19 06:00:19,904 [ERROR] GLM failed for NKL: module 'zhipuai' has no attribute 'model_api'
2026-05-19 06:00:19,904 [ERROR] GLM failed for NKL: module 'zhipuai' has no attribute 'model_api'
2026-05-19 06:00:19,904 [WARNING] No categories for NKL
2026-05-19 06:00:19,904 [WARNING] No categories for NKL
2026-05-19 06:00:20,554 [INFO] Processing [CPU] from 2026-05-11
2026-05-19 06:00:20,554 [INFO] Processing [CPU] from 2026-05-11
2026-05-19 06:00:20,715 [INFO] Downloaded PDF CPU (77KB)
2026-05-19 06:00:20,715 [INFO] Downloaded PDF CPU (77KB)
2026-05-19 06:00:22,364 [ERROR] GLM failed for CPU: module 'zhipuai' has no attribute 'model_api'
2026-05-19 06:00:22,364 [ERROR] GLM failed for CPU: module 'zhipuai' has no attribute 'model_api'
2026-05-19 06:00:22,364 [WARNING] No categories for CPU
2026-05-19 06:00:22,364 [WARNING] No categories for CPU
2026-05-19 06:00:23,014 [INFO] Processing [CIN] from 2026-05-11
2026-05-19 06:00:23,014 [INFO] Processing [CIN] from 2026-05-11
2026-05-19 06:00:23,162 [INFO] Downloaded PDF CIN (77KB)
2026-05-19 06:00:23,162 [INFO] Downloaded PDF CIN (77KB)
2026-05-19 06:00:24,800 [ERROR] GLM failed for CIN: module 'zhipuai' has no attribute 'model_api'
2026-05-19 06:00:24,800 [ERROR] GLM failed for CIN: module 'zhipuai' has no attribute 'model_api'
2026-05-19 06:00:24,801 [WARNING] No categories for CIN
2026-05-19 06:00:24,801 [WARNING] No categories for CIN
2026-05-19 06:00:25,451 [INFO] Processing [ONE] from 2026-05-11
2026-05-19 06:00:25,451 [INFO] Processing [ONE] from 2026-05-11
2026-05-19 06:00:25,602 [INFO] Downloaded PDF ONE (77KB)
2026-05-19 06:00:25,602 [INFO] Downloaded PDF ONE (77KB)
2026-05-19 06:00:27,291 [ERROR] GLM failed for ONE: module 'zhipuai' has no attribute 'model_api'
2026-05-19 06:00:27,291 [ERROR] GLM failed for ONE: module 'zhipuai' has no attribute 'model_api'
2026-05-19 06:00:27,291 [WARNING] No categories for ONE
2026-05-19 06:00:27,291 [WARNING] No categories for ONE
2026-05-19 06:00:27,941 [INFO] Processing [TLK] from 2026-05-11
2026-05-19 06:00:27,941 [INFO] Processing [TLK] from 2026-05-11
2026-05-19 06:00:28,103 [INFO] Downloaded PDF TLK (77KB)
2026-05-19 06:00:28,103 [INFO] Downloaded PDF TLK (77KB)
2026-05-19 06:00:29,794 [ERROR] GLM failed for TLK: module 'zhipuai' has no attribute 'model_api'
2026-05-19 06:00:29,794 [ERROR] GLM failed for TLK: module 'zhipuai' has no attribute 'model_api'
2026-05-19 06:00:29,794 [WARNING] No categories for TLK
2026-05-19 06:00:29,794 [WARNING] No categories for TLK
2026-05-19 06:00:30,444 [INFO] Processing [SPT] from 2026-05-11
2026-05-19 06:00:30,444 [INFO] Processing [SPT] from 2026-05-11
2026-05-19 06:00:30,609 [INFO] Downloaded PDF SPT (77KB)
2026-05-19 06:00:30,609 [INFO] Downloaded PDF SPT (77KB)
2026-05-19 06:00:32,287 [ERROR] GLM failed for SPT: module 'zhipuai' has no attribute 'model_api'
2026-05-19 06:00:32,287 [ERROR] GLM failed for SPT: module 'zhipuai' has no attribute 'model_api'
2026-05-19 06:00:32,287 [WARNING] No categories for SPT
2026-05-19 06:00:32,287 [WARNING] No categories for SPT
2026-05-19 06:00:32,937 [INFO] Processing [ONN] from 2026-05-11
2026-05-19 06:00:32,937 [INFO] Processing [ONN] from 2026-05-11
2026-05-19 06:00:33,092 [INFO] Downloaded PDF ONN (77KB)
2026-05-19 06:00:33,092 [INFO] Downloaded PDF ONN (77KB)
2026-05-19 06:00:34,795 [ERROR] GLM failed for ONN: module 'zhipuai' has no attribute 'model_api'
2026-05-19 06:00:34,795 [ERROR] GLM failed for ONN: module 'zhipuai' has no attribute 'model_api'
2026-05-19 06:00:34,796 [WARNING] No categories for ONN
2026-05-19 06:00:34,796 [WARNING] No categories for ONN
2026-05-19 06:00:35,446 [INFO] Processing [ONE] from 2026-05-11
2026-05-19 06:00:35,446 [INFO] Processing [ONE] from 2026-05-11
2026-05-19 06:00:35,614 [INFO] Downloaded PDF ONE (77KB)
2026-05-19 06:00:35,614 [INFO] Downloaded PDF ONE (77KB)
2026-05-19 06:00:37,255 [ERROR] GLM failed for ONE: module 'zhipuai' has no attribute 'model_api'
2026-05-19 06:00:37,255 [ERROR] GLM failed for ONE: module 'zhipuai' has no attribute 'model_api'
2026-05-19 06:00:37,255 [WARNING] No categories for ONE
2026-05-19 06:00:37,255 [WARNING] No categories for ONE
2026-05-19 06:00:37,759 [INFO] Processing [MPS] from 2026-05-11
2026-05-19 06:00:37,759 [INFO] Processing [MPS] from 2026-05-11
2026-05-19 06:00:37,907 [INFO] Downloaded PDF MPS (77KB)
2026-05-19 06:00:37,907 [INFO] Downloaded PDF MPS (77KB)
2026-05-19 06:00:39,560 [ERROR] GLM failed for MPS: module 'zhipuai' has no attribute 'model_api'
2026-05-19 06:00:39,560 [ERROR] GLM failed for MPS: module 'zhipuai' has no attribute 'model_api'
2026-05-19 06:00:39,560 [WARNING] No categories for MPS
2026-05-19 06:00:39,560 [WARNING] No categories for MPS
2026-05-19 06:00:40,210 [INFO] Processing [MPN] from 2026-05-11
2026-05-19 06:00:40,210 [INFO] Processing [MPN] from 2026-05-11
2026-05-19 06:00:40,376 [INFO] Downloaded PDF MPN (77KB)
2026-05-19 06:00:40,376 [INFO] Downloaded PDF MPN (77KB)
2026-05-19 06:00:42,079 [ERROR] GLM failed for MPN: module 'zhipuai' has no attribute 'model_api'
2026-05-19 06:00:42,079 [ERROR] GLM failed for MPN: module 'zhipuai' has no attribute 'model_api'
2026-05-19 06:00:42,079 [WARNING] No categories for MPN
2026-05-19 06:00:42,079 [WARNING] No categories for MPN
2026-05-19 06:00:42,729 [INFO] Processing [TPR] from 2026-05-11
2026-05-19 06:00:42,729 [INFO] Processing [TPR] from 2026-05-11
2026-05-19 06:00:42,880 [INFO] Downloaded PDF TPR (77KB)
2026-05-19 06:00:42,880 [INFO] Downloaded PDF TPR (77KB)
2026-05-19 06:00:44,583 [ERROR] GLM failed for TPR: module 'zhipuai' has no attribute 'model_api'
2026-05-19 06:00:44,583 [ERROR] GLM failed for TPR: module 'zhipuai' has no attribute 'model_api'
2026-05-19 06:00:44,583 [WARNING] No categories for TPR
2026-05-19 06:00:44,583 [WARNING] No categories for TPR
2026-05-19 06:00:45,233 [INFO] Processing [NKL] from 2026-05-11
2026-05-19 06:00:45,233 [INFO] Processing [NKL] from 2026-05-11
2026-05-19 06:00:45,379 [INFO] Downloaded PDF NKL (77KB)
2026-05-19 06:00:45,379 [INFO] Downloaded PDF NKL (77KB)
2026-05-19 06:00:47,075 [ERROR] GLM failed for NKL: module 'zhipuai' has no attribute 'model_api'
2026-05-19 06:00:47,075 [ERROR] GLM failed for NKL: module 'zhipuai' has no attribute 'model_api'
2026-05-19 06:00:47,076 [WARNING] No categories for NKL
2026-05-19 06:00:47,076 [WARNING] No categories for NKL
2026-05-19 06:00:47,698 [INFO] Processing [MMH] from 2026-05-11
2026-05-19 06:00:47,698 [INFO] Processing [MMH] from 2026-05-11
2026-05-19 06:00:47,880 [INFO] Downloaded PDF MMH (77KB)
2026-05-19 06:00:47,880 [INFO] Downloaded PDF MMH (77KB)
2026-05-19 06:00:49,582 [ERROR] GLM failed for MMH: module 'zhipuai' has no attribute 'model_api'
2026-05-19 06:00:49,582 [ERROR] GLM failed for MMH: module 'zhipuai' has no attribute 'model_api'
2026-05-19 06:00:49,582 [WARNING] No categories for MMH
2026-05-19 06:00:49,582 [WARNING] No categories for MMH
2026-05-19 06:00:50,233 [INFO] Processing [ILK] from 2026-05-11
2026-05-19 06:00:50,233 [INFO] Processing [ILK] from 2026-05-11
2026-05-19 06:00:50,405 [INFO] Downloaded PDF ILK (77KB)
2026-05-19 06:00:50,405 [INFO] Downloaded PDF ILK (77KB)
2026-05-19 06:00:52,078 [ERROR] GLM failed for ILK: module 'zhipuai' has no attribute 'model_api'
2026-05-19 06:00:52,078 [ERROR] GLM failed for ILK: module 'zhipuai' has no attribute 'model_api'
2026-05-19 06:00:52,078 [WARNING] No categories for ILK
2026-05-19 06:00:52,078 [WARNING] No categories for ILK
2026-05-19 06:00:52,728 [INFO] Processing [MPN] from 2026-05-11
2026-05-19 06:00:52,728 [INFO] Processing [MPN] from 2026-05-11
2026-05-19 06:00:52,887 [INFO] Downloaded PDF MPN (77KB)
2026-05-19 06:00:52,887 [INFO] Downloaded PDF MPN (77KB)
2026-05-19 06:00:54,591 [ERROR] GLM failed for MPN: module 'zhipuai' has no attribute 'model_api'
2026-05-19 06:00:54,591 [ERROR] GLM failed for MPN: module 'zhipuai' has no attribute 'model_api'
2026-05-19 06:00:54,591 [WARNING] No categories for MPN
2026-05-19 06:00:54,591 [WARNING] No categories for MPN
2026-05-19 06:00:55,241 [INFO] Processing [MJG] from 2026-05-11
2026-05-19 06:00:55,241 [INFO] Processing [MJG] from 2026-05-11
2026-05-19 06:00:55,482 [INFO] Downloaded PDF MJG (77KB)
2026-05-19 06:00:55,482 [INFO] Downloaded PDF MJG (77KB)
2026-05-19 06:00:57,178 [ERROR] GLM failed for MJG: module 'zhipuai' has no attribute 'model_api'
2026-05-19 06:00:57,178 [ERROR] GLM failed for MJG: module 'zhipuai' has no attribute 'model_api'
2026-05-19 06:00:57,178 [WARNING] No categories for MJG
2026-05-19 06:00:57,178 [WARNING] No categories for MJG
2026-05-19 06:00:57,828 [INFO] Processing [GLC] from 2026-05-11
2026-05-19 06:00:57,828 [INFO] Processing [GLC] from 2026-05-11
2026-05-19 06:00:57,993 [INFO] Downloaded PDF GLC (77KB)
2026-05-19 06:00:57,993 [INFO] Downloaded PDF GLC (77KB)
2026-05-19 06:00:59,678 [ERROR] GLM failed for GLC: module 'zhipuai' has no attribute 'model_api'
2026-05-19 06:00:59,678 [ERROR] GLM failed for GLC: module 'zhipuai' has no attribute 'model_api'
2026-05-19 06:00:59,679 [WARNING] No categories for GLC
2026-05-19 06:00:59,679 [WARNING] No categories for GLC
2026-05-19 06:01:00,218 [INFO] Processing [LKT] from 2026-05-11
2026-05-19 06:01:00,218 [INFO] Processing [LKT] from 2026-05-11
2026-05-19 06:01:00,425 [INFO] Downloaded PDF LKT (77KB)
2026-05-19 06:01:00,425 [INFO] Downloaded PDF LKT (77KB)
2026-05-19 06:01:02,145 [ERROR] GLM failed for LKT: module 'zhipuai' has no attribute 'model_api'
2026-05-19 06:01:02,145 [ERROR] GLM failed for LKT: module 'zhipuai' has no attribute 'model_api'
2026-05-19 06:01:02,146 [WARNING] No categories for LKT
2026-05-19 06:01:02,146 [WARNING] No categories for LKT
2026-05-19 06:01:02,797 [INFO] Processing [IDL] from 2026-05-11
2026-05-19 06:01:02,797 [INFO] Processing [IDL] from 2026-05-11
2026-05-19 06:01:02,958 [INFO] Downloaded PDF IDL (77KB)
2026-05-19 06:01:02,958 [INFO] Downloaded PDF IDL (77KB)
2026-05-19 06:01:04,654 [ERROR] GLM failed for IDL: module 'zhipuai' has no attribute 'model_api'
2026-05-19 06:01:04,654 [ERROR] GLM failed for IDL: module 'zhipuai' has no attribute 'model_api'
2026-05-19 06:01:04,654 [WARNING] No categories for IDL
2026-05-19 06:01:04,654 [WARNING] No categories for IDL
2026-05-19 06:01:05,231 [INFO] Processing [MMH] from 2026-05-11
2026-05-19 06:01:05,231 [INFO] Processing [MMH] from 2026-05-11
2026-05-19 06:01:05,384 [INFO] Downloaded PDF MMH (77KB)
2026-05-19 06:01:05,384 [INFO] Downloaded PDF MMH (77KB)
2026-05-19 06:01:07,078 [ERROR] GLM failed for MMH: module 'zhipuai' has no attribute 'model_api'
2026-05-19 06:01:07,078 [ERROR] GLM failed for MMH: module 'zhipuai' has no attribute 'model_api'
2026-05-19 06:01:07,078 [WARNING] No categories for MMH
2026-05-19 06:01:07,078 [WARNING] No categories for MMH
2026-05-19 06:01:07,729 [INFO] Processing [GLC] from 2026-05-11
2026-05-19 06:01:07,729 [INFO] Processing [GLC] from 2026-05-11
2026-05-19 06:01:07,880 [INFO] Downloaded PDF GLC (77KB)
2026-05-19 06:01:07,880 [INFO] Downloaded PDF GLC (77KB)
2026-05-19 06:01:09,583 [ERROR] GLM failed for GLC: module 'zhipuai' has no attribute 'model_api'
2026-05-19 06:01:09,583 [ERROR] GLM failed for GLC: module 'zhipuai' has no attribute 'model_api'
2026-05-19 06:01:09,584 [WARNING] No categories for GLC
2026-05-19 06:01:09,584 [WARNING] No categories for GLC
2026-05-19 06:01:10,234 [INFO] Processing [GAL] from 2026-05-11
2026-05-19 06:01:10,234 [INFO] Processing [GAL] from 2026-05-11
2026-05-19 06:01:10,382 [INFO] Downloaded PDF GAL (78KB)
2026-05-19 06:01:10,382 [INFO] Downloaded PDF GAL (78KB)
2026-05-19 06:01:12,081 [ERROR] GLM failed for GAL: module 'zhipuai' has no attribute 'model_api'
2026-05-19 06:01:12,081 [ERROR] GLM failed for GAL: module 'zhipuai' has no attribute 'model_api'
2026-05-19 06:01:12,081 [WARNING] No categories for GAL
2026-05-19 06:01:12,081 [WARNING] No categories for GAL
2026-05-19 06:01:12,702 [INFO] Processing [GAL] from 2026-05-11
2026-05-19 06:01:12,702 [INFO] Processing [GAL] from 2026-05-11
2026-05-19 06:01:12,904 [INFO] Downloaded PDF GAL (78KB)
2026-05-19 06:01:12,904 [INFO] Downloaded PDF GAL (78KB)
2026-05-19 06:01:14,594 [ERROR] GLM failed for GAL: module 'zhipuai' has no attribute 'model_api'
2026-05-19 06:01:14,594 [ERROR] GLM failed for GAL: module 'zhipuai' has no attribute 'model_api'
2026-05-19 06:01:14,594 [WARNING] No categories for GAL
2026-05-19 06:01:14,594 [WARNING] No categories for GAL
2026-05-19 06:01:15,245 [INFO] Processing [GNP] from 2026-05-11
2026-05-19 06:01:15,245 [INFO] Processing [GNP] from 2026-05-11
2026-05-19 06:01:15,392 [INFO] Downloaded PDF GNP (78KB)
2026-05-19 06:01:15,392 [INFO] Downloaded PDF GNP (78KB)
2026-05-19 06:01:17,097 [ERROR] GLM failed for GNP: module 'zhipuai' has no attribute 'model_api'
2026-05-19 06:01:17,097 [ERROR] GLM failed for GNP: module 'zhipuai' has no attribute 'model_api'
2026-05-19 06:01:17,098 [WARNING] No categories for GNP
2026-05-19 06:01:17,098 [WARNING] No categories for GNP
2026-05-19 06:01:17,691 [INFO] Processing [TPR] from 2026-05-11
2026-05-19 06:01:17,691 [INFO] Processing [TPR] from 2026-05-11
2026-05-19 06:01:17,841 [INFO] Downloaded PDF TPR (78KB)
2026-05-19 06:01:17,841 [INFO] Downloaded PDF TPR (78KB)
2026-05-19 06:01:19,523 [ERROR] GLM failed for TPR: module 'zhipuai' has no attribute 'model_api'
2026-05-19 06:01:19,523 [ERROR] GLM failed for TPR: module 'zhipuai' has no attribute 'model_api'
2026-05-19 06:01:19,523 [WARNING] No categories for TPR
2026-05-19 06:01:19,523 [WARNING] No categories for TPR
2026-05-19 06:01:20,174 [INFO] Processing [GAL] from 2026-05-11
2026-05-19 06:01:20,174 [INFO] Processing [GAL] from 2026-05-11
2026-05-19 06:01:20,332 [INFO] Downloaded PDF GAL (78KB)
2026-05-19 06:01:20,332 [INFO] Downloaded PDF GAL (78KB)
2026-05-19 06:01:22,009 [ERROR] GLM failed for GAL: module 'zhipuai' has no attribute 'model_api'
2026-05-19 06:01:22,009 [ERROR] GLM failed for GAL: module 'zhipuai' has no attribute 'model_api'
2026-05-19 06:01:22,010 [WARNING] No categories for GAL
2026-05-19 06:01:22,010 [WARNING] No categories for GAL
2026-05-19 06:01:22,660 [INFO] Processing [GKG] from 2026-05-11
2026-05-19 06:01:22,660 [INFO] Processing [GKG] from 2026-05-11
2026-05-19 06:01:22,812 [INFO] Downloaded PDF GKG (78KB)
2026-05-19 06:01:22,812 [INFO] Downloaded PDF GKG (78KB)
2026-05-19 06:01:24,515 [ERROR] GLM failed for GKG: module 'zhipuai' has no attribute 'model_api'
2026-05-19 06:01:24,515 [ERROR] GLM failed for GKG: module 'zhipuai' has no attribute 'model_api'
2026-05-19 06:01:24,515 [WARNING] No categories for GKG
2026-05-19 06:01:24,515 [WARNING] No categories for GKG
2026-05-19 06:01:25,121 [INFO] Processing [IJZ] from 2026-05-11
2026-05-19 06:01:25,121 [INFO] Processing [IJZ] from 2026-05-11
2026-05-19 06:01:25,271 [INFO] Downloaded PDF IJZ (78KB)
2026-05-19 06:01:25,271 [INFO] Downloaded PDF IJZ (78KB)
2026-05-19 06:01:26,973 [ERROR] GLM failed for IJZ: module 'zhipuai' has no attribute 'model_api'
2026-05-19 06:01:26,973 [ERROR] GLM failed for IJZ: module 'zhipuai' has no attribute 'model_api'
2026-05-19 06:01:26,973 [WARNING] No categories for IJZ
2026-05-19 06:01:26,973 [WARNING] No categories for IJZ
2026-05-19 06:01:27,623 [INFO] Processing [YIT] from 2026-05-11
2026-05-19 06:01:27,623 [INFO] Processing [YIT] from 2026-05-11
2026-05-19 06:01:27,786 [INFO] Downloaded PDF YIT (78KB)
2026-05-19 06:01:27,786 [INFO] Downloaded PDF YIT (78KB)
2026-05-19 06:01:29,487 [ERROR] GLM failed for YIT: module 'zhipuai' has no attribute 'model_api'
2026-05-19 06:01:29,487 [ERROR] GLM failed for YIT: module 'zhipuai' has no attribute 'model_api'
2026-05-19 06:01:29,487 [WARNING] No categories for YIT
2026-05-19 06:01:29,487 [WARNING] No categories for YIT
2026-05-19 06:01:30,039 [INFO] Processing [FUA] from 2026-05-11
2026-05-19 06:01:30,039 [INFO] Processing [FUA] from 2026-05-11
2026-05-19 06:01:30,193 [INFO] Downloaded PDF FUA (78KB)
2026-05-19 06:01:30,193 [INFO] Downloaded PDF FUA (78KB)
2026-05-19 06:01:31,895 [ERROR] GLM failed for FUA: module 'zhipuai' has no attribute 'model_api'
2026-05-19 06:01:31,895 [ERROR] GLM failed for FUA: module 'zhipuai' has no attribute 'model_api'
2026-05-19 06:01:31,895 [WARNING] No categories for FUA
2026-05-19 06:01:31,895 [WARNING] No categories for FUA
2026-05-19 06:01:32,546 [INFO] Processing [TPR] from 2026-05-11
2026-05-19 06:01:32,546 [INFO] Processing [TPR] from 2026-05-11
2026-05-19 06:01:32,698 [INFO] Downloaded PDF TPR (78KB)
2026-05-19 06:01:32,698 [INFO] Downloaded PDF TPR (78KB)
2026-05-19 06:01:34,396 [ERROR] GLM failed for TPR: module 'zhipuai' has no attribute 'model_api'
2026-05-19 06:01:34,396 [ERROR] GLM failed for TPR: module 'zhipuai' has no attribute 'model_api'
2026-05-19 06:01:34,396 [WARNING] No categories for TPR
2026-05-19 06:01:34,396 [WARNING] No categories for TPR
2026-05-19 06:01:35,047 [INFO] Processing [TPR] from 2026-05-11
2026-05-19 06:01:35,047 [INFO] Processing [TPR] from 2026-05-11
2026-05-19 06:01:35,201 [INFO] Downloaded PDF TPR (78KB)
2026-05-19 06:01:35,201 [INFO] Downloaded PDF TPR (78KB)
2026-05-19 06:01:36,899 [ERROR] GLM failed for TPR: module 'zhipuai' has no attribute 'model_api'
2026-05-19 06:01:36,899 [ERROR] GLM failed for TPR: module 'zhipuai' has no attribute 'model_api'
2026-05-19 06:01:36,899 [WARNING] No categories for TPR
2026-05-19 06:01:36,899 [WARNING] No categories for TPR
2026-05-19 06:01:37,550 [INFO] Processing [BHI] from 2026-05-11
2026-05-19 06:01:37,550 [INFO] Processing [BHI] from 2026-05-11
2026-05-19 06:01:37,760 [INFO] Downloaded PDF BHI (78KB)
2026-05-19 06:01:37,760 [INFO] Downloaded PDF BHI (78KB)
2026-05-19 06:01:39,457 [ERROR] GLM failed for BHI: module 'zhipuai' has no attribute 'model_api'
2026-05-19 06:01:39,457 [ERROR] GLM failed for BHI: module 'zhipuai' has no attribute 'model_api'
2026-05-19 06:01:39,457 [WARNING] No categories for BHI
2026-05-19 06:01:39,457 [WARNING] No categories for BHI
2026-05-19 06:01:40,108 [INFO] Processing [OYT] from 2026-05-11
2026-05-19 06:01:40,108 [INFO] Processing [OYT] from 2026-05-11
2026-05-19 06:01:40,270 [INFO] Downloaded PDF OYT (77KB)
2026-05-19 06:01:40,270 [INFO] Downloaded PDF OYT (77KB)
2026-05-19 06:01:41,950 [ERROR] GLM failed for OYT: module 'zhipuai' has no attribute 'model_api'
2026-05-19 06:01:41,950 [ERROR] GLM failed for OYT: module 'zhipuai' has no attribute 'model_api'
2026-05-19 06:01:41,951 [WARNING] No categories for OYT
2026-05-19 06:01:41,951 [WARNING] No categories for OYT
2026-05-19 06:01:42,601 [INFO] Processing [OYL] from 2026-05-11
2026-05-19 06:01:42,601 [INFO] Processing [OYL] from 2026-05-11
2026-05-19 06:01:42,780 [INFO] Downloaded PDF OYL (77KB)
2026-05-19 06:01:42,780 [INFO] Downloaded PDF OYL (77KB)
2026-05-19 06:01:44,478 [ERROR] GLM failed for OYL: module 'zhipuai' has no attribute 'model_api'
2026-05-19 06:01:44,478 [ERROR] GLM failed for OYL: module 'zhipuai' has no attribute 'model_api'
2026-05-19 06:01:44,478 [WARNING] No categories for OYL
2026-05-19 06:01:44,478 [WARNING] No categories for OYL
2026-05-19 06:01:45,129 [INFO] Processing [TPR] from 2026-05-11
2026-05-19 06:01:45,129 [INFO] Processing [TPR] from 2026-05-11
2026-05-19 06:01:45,300 [INFO] Downloaded PDF TPR (78KB)
2026-05-19 06:01:45,300 [INFO] Downloaded PDF TPR (78KB)
2026-05-19 06:01:47,005 [ERROR] GLM failed for TPR: module 'zhipuai' has no attribute 'model_api'
2026-05-19 06:01:47,005 [ERROR] GLM failed for TPR: module 'zhipuai' has no attribute 'model_api'
2026-05-19 06:01:47,006 [WARNING] No categories for TPR
2026-05-19 06:01:47,006 [WARNING] No categories for TPR
2026-05-19 06:01:47,656 [INFO] Processing [OKT] from 2026-05-11
2026-05-19 06:01:47,656 [INFO] Processing [OKT] from 2026-05-11
2026-05-19 06:01:47,813 [INFO] Downloaded PDF OKT (78KB)
2026-05-19 06:01:47,813 [INFO] Downloaded PDF OKT (78KB)
2026-05-19 06:01:49,444 [ERROR] GLM failed for OKT: module 'zhipuai' has no attribute 'model_api'
2026-05-19 06:01:49,444 [ERROR] GLM failed for OKT: module 'zhipuai' has no attribute 'model_api'
2026-05-19 06:01:49,444 [WARNING] No categories for OKT
2026-05-19 06:01:49,444 [WARNING] No categories for OKT
2026-05-19 06:01:50,094 [INFO] Processing [TPR] from 2026-05-11
2026-05-19 06:01:50,094 [INFO] Processing [TPR] from 2026-05-11
2026-05-19 06:01:50,248 [INFO] Downloaded PDF TPR (78KB)
2026-05-19 06:01:50,248 [INFO] Downloaded PDF TPR (78KB)
2026-05-19 06:01:51,954 [ERROR] GLM failed for TPR: module 'zhipuai' has no attribute 'model_api'
2026-05-19 06:01:51,954 [ERROR] GLM failed for TPR: module 'zhipuai' has no attribute 'model_api'
2026-05-19 06:01:51,954 [WARNING] No categories for TPR
2026-05-19 06:01:51,954 [WARNING] No categories for TPR
2026-05-19 06:01:52,604 [INFO] Processing [OKF] from 2026-05-11
2026-05-19 06:01:52,604 [INFO] Processing [OKF] from 2026-05-11
2026-05-19 06:01:52,762 [INFO] Downloaded PDF OKF (78KB)
2026-05-19 06:01:52,762 [INFO] Downloaded PDF OKF (78KB)
2026-05-19 06:01:54,452 [ERROR] GLM failed for OKF: module 'zhipuai' has no attribute 'model_api'
2026-05-19 06:01:54,452 [ERROR] GLM failed for OKF: module 'zhipuai' has no attribute 'model_api'
2026-05-19 06:01:54,453 [WARNING] No categories for OKF
2026-05-19 06:01:54,453 [WARNING] No categories for OKF
2026-05-19 06:01:55,103 [INFO] Processing [OKD] from 2026-05-11
2026-05-19 06:01:55,103 [INFO] Processing [OKD] from 2026-05-11
2026-05-19 06:01:55,250 [INFO] Downloaded PDF OKD (78KB)
2026-05-19 06:01:55,250 [INFO] Downloaded PDF OKD (78KB)
2026-05-19 06:01:56,942 [ERROR] GLM failed for OKD: module 'zhipuai' has no attribute 'model_api'
2026-05-19 06:01:56,942 [ERROR] GLM failed for OKD: module 'zhipuai' has no attribute 'model_api'
2026-05-19 06:01:56,942 [WARNING] No categories for OKD
2026-05-19 06:01:56,942 [WARNING] No categories for OKD
2026-05-19 06:01:57,592 [INFO] Processing [TPR] from 2026-05-11
2026-05-19 06:01:57,592 [INFO] Processing [TPR] from 2026-05-11
2026-05-19 06:01:57,742 [INFO] Downloaded PDF TPR (78KB)
2026-05-19 06:01:57,742 [INFO] Downloaded PDF TPR (78KB)
2026-05-19 06:01:59,439 [ERROR] GLM failed for TPR: module 'zhipuai' has no attribute 'model_api'
2026-05-19 06:01:59,439 [ERROR] GLM failed for TPR: module 'zhipuai' has no attribute 'model_api'
2026-05-19 06:01:59,439 [WARNING] No categories for TPR
2026-05-19 06:01:59,439 [WARNING] No categories for TPR
2026-05-19 06:02:00,039 [INFO] Processing [OKF] from 2026-05-11
2026-05-19 06:02:00,039 [INFO] Processing [OKF] from 2026-05-11
2026-05-19 06:02:00,204 [INFO] Downloaded PDF OKF (78KB)
2026-05-19 06:02:00,204 [INFO] Downloaded PDF OKF (78KB)
2026-05-19 06:02:01,910 [ERROR] GLM failed for OKF: module 'zhipuai' has no attribute 'model_api'
2026-05-19 06:02:01,910 [ERROR] GLM failed for OKF: module 'zhipuai' has no attribute 'model_api'
2026-05-19 06:02:01,910 [WARNING] No categories for OKF
2026-05-19 06:02:01,910 [WARNING] No categories for OKF
2026-05-19 06:02:02,560 [INFO] Processing [OGF] from 2026-05-11
2026-05-19 06:02:02,560 [INFO] Processing [OGF] from 2026-05-11
2026-05-19 06:02:02,739 [INFO] Downloaded PDF OGF (78KB)
2026-05-19 06:02:02,739 [INFO] Downloaded PDF OGF (78KB)
2026-05-19 06:02:04,439 [ERROR] GLM failed for OGF: module 'zhipuai' has no attribute 'model_api'
2026-05-19 06:02:04,439 [ERROR] GLM failed for OGF: module 'zhipuai' has no attribute 'model_api'
2026-05-19 06:02:04,439 [WARNING] No categories for OGF
2026-05-19 06:02:04,439 [WARNING] No categories for OGF
2026-05-19 06:02:05,090 [INFO] Processing [ILK] from 2026-05-11
2026-05-19 06:02:05,090 [INFO] Processing [ILK] from 2026-05-11
2026-05-19 06:02:05,679 [INFO] Downloaded PDF ILK (77KB)
2026-05-19 06:02:05,679 [INFO] Downloaded PDF ILK (77KB)
2026-05-19 06:02:07,378 [ERROR] GLM failed for ILK: module 'zhipuai' has no attribute 'model_api'
2026-05-19 06:02:07,378 [ERROR] GLM failed for ILK: module 'zhipuai' has no attribute 'model_api'
2026-05-19 06:02:07,378 [WARNING] No categories for ILK
2026-05-19 06:02:07,378 [WARNING] No categories for ILK
2026-05-19 06:02:08,028 [INFO] Processing [OFI] from 2026-05-11
2026-05-19 06:02:08,028 [INFO] Processing [OFI] from 2026-05-11
2026-05-19 06:02:08,130 [WARNING] HTTP 429 for https://www.kap.org.tr/tr/api/BildirimPdf/1605499, retry 1/5 in 2s
2026-05-19 06:02:08,130 [WARNING] HTTP 429 for https://www.kap.org.tr/tr/api/BildirimPdf/1605499, retry 1/5 in 2s
2026-05-19 06:02:10,382 [WARNING] HTTP 429 for https://www.kap.org.tr/tr/api/BildirimPdf/1605499, retry 2/5 in 3s
2026-05-19 06:02:10,382 [WARNING] HTTP 429 for https://www.kap.org.tr/tr/api/BildirimPdf/1605499, retry 2/5 in 3s
2026-05-19 06:02:13,630 [WARNING] HTTP 429 for https://www.kap.org.tr/tr/api/BildirimPdf/1605499, retry 3/5 in 5s
2026-05-19 06:02:13,630 [WARNING] HTTP 429 for https://www.kap.org.tr/tr/api/BildirimPdf/1605499, retry 3/5 in 5s
2026-05-19 06:02:18,872 [WARNING] HTTP 429 for https://www.kap.org.tr/tr/api/BildirimPdf/1605499, retry 4/5 in 9s
2026-05-19 06:02:18,872 [WARNING] HTTP 429 for https://www.kap.org.tr/tr/api/BildirimPdf/1605499, retry 4/5 in 9s
2026-05-19 06:02:28,110 [WARNING] HTTP 429 for https://www.kap.org.tr/tr/api/BildirimPdf/1605499, retry 5/5 in 17s
2026-05-19 06:02:28,110 [WARNING] HTTP 429 for https://www.kap.org.tr/tr/api/BildirimPdf/1605499, retry 5/5 in 17s
2026-05-19 06:02:45,432 [WARNING] No attachment URL in disclosure 1605499
2026-05-19 06:02:45,432 [WARNING] No attachment URL in disclosure 1605499
2026-05-19 06:02:45,438 [INFO] Processing [OFI] from 2026-05-11
2026-05-19 06:02:45,438 [INFO] Processing [OFI] from 2026-05-11
2026-05-19 06:02:45,537 [WARNING] HTTP 429 for https://www.kap.org.tr/tr/api/BildirimPdf/1605498, retry 1/5 in 2s
2026-05-19 06:02:45,537 [WARNING] HTTP 429 for https://www.kap.org.tr/tr/api/BildirimPdf/1605498, retry 1/5 in 2s
2026-05-19 06:02:47,789 [WARNING] HTTP 429 for https://www.kap.org.tr/tr/api/BildirimPdf/1605498, retry 2/5 in 3s
2026-05-19 06:02:47,789 [WARNING] HTTP 429 for https://www.kap.org.tr/tr/api/BildirimPdf/1605498, retry 2/5 in 3s
2026-05-19 06:02:51,045 [WARNING] HTTP 429 for https://www.kap.org.tr/tr/api/BildirimPdf/1605498, retry 3/5 in 5s
2026-05-19 06:02:51,045 [WARNING] HTTP 429 for https://www.kap.org.tr/tr/api/BildirimPdf/1605498, retry 3/5 in 5s
2026-05-19 06:02:56,285 [WARNING] HTTP 429 for https://www.kap.org.tr/tr/api/BildirimPdf/1605498, retry 4/5 in 9s
2026-05-19 06:02:56,285 [WARNING] HTTP 429 for https://www.kap.org.tr/tr/api/BildirimPdf/1605498, retry 4/5 in 9s
2026-05-19 06:03:05,538 [WARNING] HTTP 429 for https://www.kap.org.tr/tr/api/BildirimPdf/1605498, retry 5/5 in 17s
2026-05-19 06:03:05,538 [WARNING] HTTP 429 for https://www.kap.org.tr/tr/api/BildirimPdf/1605498, retry 5/5 in 17s
2026-05-19 06:03:22,875 [WARNING] No attachment URL in disclosure 1605498
2026-05-19 06:03:22,875 [WARNING] No attachment URL in disclosure 1605498
2026-05-19 06:03:22,882 [INFO] Processing [OKT] from 2026-05-11
2026-05-19 06:03:22,882 [INFO] Processing [OKT] from 2026-05-11
2026-05-19 06:03:22,969 [WARNING] HTTP 429 for https://www.kap.org.tr/tr/api/BildirimPdf/1605494, retry 1/5 in 2s
2026-05-19 06:03:22,969 [WARNING] HTTP 429 for https://www.kap.org.tr/tr/api/BildirimPdf/1605494, retry 1/5 in 2s
2026-05-19 06:03:25,199 [WARNING] HTTP 429 for https://www.kap.org.tr/tr/api/BildirimPdf/1605494, retry 2/5 in 3s
2026-05-19 06:03:25,199 [WARNING] HTTP 429 for https://www.kap.org.tr/tr/api/BildirimPdf/1605494, retry 2/5 in 3s
2026-05-19 06:03:28,419 [WARNING] HTTP 429 for https://www.kap.org.tr/tr/api/BildirimPdf/1605494, retry 3/5 in 5s
2026-05-19 06:03:28,419 [WARNING] HTTP 429 for https://www.kap.org.tr/tr/api/BildirimPdf/1605494, retry 3/5 in 5s
2026-05-19 06:03:33,649 [WARNING] HTTP 429 for https://www.kap.org.tr/tr/api/BildirimPdf/1605494, retry 4/5 in 9s
2026-05-19 06:03:33,649 [WARNING] HTTP 429 for https://www.kap.org.tr/tr/api/BildirimPdf/1605494, retry 4/5 in 9s
2026-05-19 06:03:42,894 [WARNING] HTTP 429 for https://www.kap.org.tr/tr/api/BildirimPdf/1605494, retry 5/5 in 17s
2026-05-19 06:03:42,894 [WARNING] HTTP 429 for https://www.kap.org.tr/tr/api/BildirimPdf/1605494, retry 5/5 in 17s
2026-05-19 06:04:00,215 [WARNING] No attachment URL in disclosure 1605494
2026-05-19 06:04:00,215 [WARNING] No attachment URL in disclosure 1605494
2026-05-19 06:04:00,219 [INFO] Processing [AUV] from 2026-05-11
2026-05-19 06:04:00,219 [INFO] Processing [AUV] from 2026-05-11
2026-05-19 06:04:00,322 [WARNING] HTTP 429 for https://www.kap.org.tr/tr/api/BildirimPdf/1605472, retry 1/5 in 2s
2026-05-19 06:04:00,322 [WARNING] HTTP 429 for https://www.kap.org.tr/tr/api/BildirimPdf/1605472, retry 1/5 in 2s
2026-05-19 06:04:02,583 [WARNING] HTTP 429 for https://www.kap.org.tr/tr/api/BildirimPdf/1605472, retry 2/5 in 3s
2026-05-19 06:04:02,583 [WARNING] HTTP 429 for https://www.kap.org.tr/tr/api/BildirimPdf/1605472, retry 2/5 in 3s
2026-05-19 06:04:05,779 [WARNING] HTTP 429 for https://www.kap.org.tr/tr/api/BildirimPdf/1605472, retry 3/5 in 5s
2026-05-19 06:04:05,779 [WARNING] HTTP 429 for https://www.kap.org.tr/tr/api/BildirimPdf/1605472, retry 3/5 in 5s
2026-05-19 06:04:11,031 [WARNING] HTTP 429 for https://www.kap.org.tr/tr/api/BildirimPdf/1605472, retry 4/5 in 9s
2026-05-19 06:04:11,031 [WARNING] HTTP 429 for https://www.kap.org.tr/tr/api/BildirimPdf/1605472, retry 4/5 in 9s
2026-05-19 06:04:20,278 [WARNING] HTTP 429 for https://www.kap.org.tr/tr/api/BildirimPdf/1605472, retry 5/5 in 17s
2026-05-19 06:04:20,278 [WARNING] HTTP 429 for https://www.kap.org.tr/tr/api/BildirimPdf/1605472, retry 5/5 in 17s
2026-05-19 06:04:37,602 [WARNING] No attachment URL in disclosure 1605472
2026-05-19 06:04:37,602 [WARNING] No attachment URL in disclosure 1605472
2026-05-19 06:04:37,607 [INFO] Processing [GUB] from 2026-05-11
2026-05-19 06:04:37,607 [INFO] Processing [GUB] from 2026-05-11
2026-05-19 06:04:37,707 [WARNING] HTTP 429 for https://www.kap.org.tr/tr/api/BildirimPdf/1605471, retry 1/5 in 2s
2026-05-19 06:04:37,707 [WARNING] HTTP 429 for https://www.kap.org.tr/tr/api/BildirimPdf/1605471, retry 1/5 in 2s
2026-05-19 06:04:39,944 [WARNING] HTTP 429 for https://www.kap.org.tr/tr/api/BildirimPdf/1605471, retry 2/5 in 3s
2026-05-19 06:04:39,944 [WARNING] HTTP 429 for https://www.kap.org.tr/tr/api/BildirimPdf/1605471, retry 2/5 in 3s
2026-05-19 06:04:43,200 [WARNING] HTTP 429 for https://www.kap.org.tr/tr/api/BildirimPdf/1605471, retry 3/5 in 5s
2026-05-19 06:04:43,200 [WARNING] HTTP 429 for https://www.kap.org.tr/tr/api/BildirimPdf/1605471, retry 3/5 in 5s
2026-05-19 06:04:48,447 [WARNING] HTTP 429 for https://www.kap.org.tr/tr/api/BildirimPdf/1605471, retry 4/5 in 9s
2026-05-19 06:04:48,447 [WARNING] HTTP 429 for https://www.kap.org.tr/tr/api/BildirimPdf/1605471, retry 4/5 in 9s
2026-05-19 06:04:57,696 [WARNING] HTTP 429 for https://www.kap.org.tr/tr/api/BildirimPdf/1605471, retry 5/5 in 17s
2026-05-19 06:04:57,696 [WARNING] HTTP 429 for https://www.kap.org.tr/tr/api/BildirimPdf/1605471, retry 5/5 in 17s
2026-05-19 06:05:15,018 [WARNING] No attachment URL in disclosure 1605471
2026-05-19 06:05:15,018 [WARNING] No attachment URL in disclosure 1605471
2026-05-19 06:05:15,024 [INFO] Processing [EUZ] from 2026-05-11
2026-05-19 06:05:15,024 [INFO] Processing [EUZ] from 2026-05-11
2026-05-19 06:05:15,174 [INFO] Downloaded PDF EUZ (78KB)
2026-05-19 06:05:15,174 [INFO] Downloaded PDF EUZ (78KB)
2026-05-19 06:05:16,878 [ERROR] GLM failed for EUZ: module 'zhipuai' has no attribute 'model_api'
2026-05-19 06:05:16,878 [ERROR] GLM failed for EUZ: module 'zhipuai' has no attribute 'model_api'
2026-05-19 06:05:16,878 [WARNING] No categories for EUZ
2026-05-19 06:05:16,878 [WARNING] No categories for EUZ
2026-05-19 06:05:17,529 [INFO] Processing [GID] from 2026-05-11
2026-05-19 06:05:17,529 [INFO] Processing [GID] from 2026-05-11
2026-05-19 06:05:17,696 [INFO] Downloaded PDF GID (78KB)
2026-05-19 06:05:17,696 [INFO] Downloaded PDF GID (78KB)
2026-05-19 06:05:19,350 [ERROR] GLM failed for GID: module 'zhipuai' has no attribute 'model_api'
2026-05-19 06:05:19,350 [ERROR] GLM failed for GID: module 'zhipuai' has no attribute 'model_api'
2026-05-19 06:05:19,350 [WARNING] No categories for GID
2026-05-19 06:05:19,350 [WARNING] No categories for GID
2026-05-19 06:05:20,000 [INFO] Processing [GOL] from 2026-05-11
2026-05-19 06:05:20,000 [INFO] Processing [GOL] from 2026-05-11
2026-05-19 06:05:20,161 [INFO] Downloaded PDF GOL (77KB)
2026-05-19 06:05:20,161 [INFO] Downloaded PDF GOL (77KB)
2026-05-19 06:05:21,863 [ERROR] GLM failed for GOL: module 'zhipuai' has no attribute 'model_api'
2026-05-19 06:05:21,863 [ERROR] GLM failed for GOL: module 'zhipuai' has no attribute 'model_api'
2026-05-19 06:05:21,863 [WARNING] No categories for GOL
2026-05-19 06:05:21,863 [WARNING] No categories for GOL
2026-05-19 06:05:22,513 [INFO] Processing [GRO] from 2026-05-11
2026-05-19 06:05:22,513 [INFO] Processing [GRO] from 2026-05-11
2026-05-19 06:05:22,671 [INFO] Downloaded PDF GRO (78KB)
2026-05-19 06:05:22,671 [INFO] Downloaded PDF GRO (78KB)
2026-05-19 06:05:24,313 [ERROR] GLM failed for GRO: module 'zhipuai' has no attribute 'model_api'
2026-05-19 06:05:24,313 [ERROR] GLM failed for GRO: module 'zhipuai' has no attribute 'model_api'
2026-05-19 06:05:24,314 [WARNING] No categories for GRO
2026-05-19 06:05:24,314 [WARNING] No categories for GRO
2026-05-19 06:05:24,964 [INFO] Processing [GBH] from 2026-05-11
2026-05-19 06:05:24,964 [INFO] Processing [GBH] from 2026-05-11
2026-05-19 06:05:25,127 [INFO] Downloaded PDF GBH (78KB)
2026-05-19 06:05:25,127 [INFO] Downloaded PDF GBH (78KB)
2026-05-19 06:05:26,826 [ERROR] GLM failed for GBH: module 'zhipuai' has no attribute 'model_api'
2026-05-19 06:05:26,826 [ERROR] GLM failed for GBH: module 'zhipuai' has no attribute 'model_api'
2026-05-19 06:05:26,826 [WARNING] No categories for GBH
2026-05-19 06:05:26,826 [WARNING] No categories for GBH
2026-05-19 06:05:27,477 [INFO] Processing [TPR] from 2026-05-11
2026-05-19 06:05:27,477 [INFO] Processing [TPR] from 2026-05-11
2026-05-19 06:05:27,630 [INFO] Downloaded PDF TPR (78KB)
2026-05-19 06:05:27,630 [INFO] Downloaded PDF TPR (78KB)
2026-05-19 06:05:29,335 [ERROR] GLM failed for TPR: module 'zhipuai' has no attribute 'model_api'
2026-05-19 06:05:29,335 [ERROR] GLM failed for TPR: module 'zhipuai' has no attribute 'model_api'
2026-05-19 06:05:29,335 [WARNING] No categories for TPR
2026-05-19 06:05:29,335 [WARNING] No categories for TPR
2026-05-19 06:05:29,986 [INFO] Processing [TPR] from 2026-05-11
2026-05-19 06:05:29,986 [INFO] Processing [TPR] from 2026-05-11
2026-05-19 06:05:30,150 [INFO] Downloaded PDF TPR (78KB)
2026-05-19 06:05:30,150 [INFO] Downloaded PDF TPR (78KB)
2026-05-19 06:05:31,853 [ERROR] GLM failed for TPR: module 'zhipuai' has no attribute 'model_api'
2026-05-19 06:05:31,853 [ERROR] GLM failed for TPR: module 'zhipuai' has no attribute 'model_api'
2026-05-19 06:05:31,853 [WARNING] No categories for TPR
2026-05-19 06:05:31,853 [WARNING] No categories for TPR
2026-05-19 06:05:32,503 [INFO] Processing [TPR] from 2026-05-11
2026-05-19 06:05:32,503 [INFO] Processing [TPR] from 2026-05-11
2026-05-19 06:05:32,668 [INFO] Downloaded PDF TPR (78KB)
2026-05-19 06:05:32,668 [INFO] Downloaded PDF TPR (78KB)
2026-05-19 06:05:34,362 [ERROR] GLM failed for TPR: module 'zhipuai' has no attribute 'model_api'
2026-05-19 06:05:34,362 [ERROR] GLM failed for TPR: module 'zhipuai' has no attribute 'model_api'
2026-05-19 06:05:34,362 [WARNING] No categories for TPR
2026-05-19 06:05:34,362 [WARNING] No categories for TPR
2026-05-19 06:05:35,013 [INFO] Processing [GAL] from 2026-05-11
2026-05-19 06:05:35,013 [INFO] Processing [GAL] from 2026-05-11
2026-05-19 06:05:35,172 [INFO] Downloaded PDF GAL (78KB)
2026-05-19 06:05:35,172 [INFO] Downloaded PDF GAL (78KB)
2026-05-19 06:05:36,813 [ERROR] GLM failed for GAL: module 'zhipuai' has no attribute 'model_api'
2026-05-19 06:05:36,813 [ERROR] GLM failed for GAL: module 'zhipuai' has no attribute 'model_api'
2026-05-19 06:05:36,813 [WARNING] No categories for GAL
2026-05-19 06:05:36,813 [WARNING] No categories for GAL
2026-05-19 06:05:37,463 [INFO] Processing [GZJ] from 2026-05-11
2026-05-19 06:05:37,463 [INFO] Processing [GZJ] from 2026-05-11
2026-05-19 06:05:37,629 [INFO] Downloaded PDF GZJ (78KB)
2026-05-19 06:05:37,629 [INFO] Downloaded PDF GZJ (78KB)
2026-05-19 06:05:39,326 [ERROR] GLM failed for GZJ: module 'zhipuai' has no attribute 'model_api'
2026-05-19 06:05:39,326 [ERROR] GLM failed for GZJ: module 'zhipuai' has no attribute 'model_api'
2026-05-19 06:05:39,326 [WARNING] No categories for GZJ
2026-05-19 06:05:39,326 [WARNING] No categories for GZJ
2026-05-19 06:05:39,976 [INFO] Processing [GZZ] from 2026-05-11
2026-05-19 06:05:39,976 [INFO] Processing [GZZ] from 2026-05-11
2026-05-19 06:05:40,127 [INFO] Downloaded PDF GZZ (78KB)
2026-05-19 06:05:40,127 [INFO] Downloaded PDF GZZ (78KB)
2026-05-19 06:05:41,820 [ERROR] GLM failed for GZZ: module 'zhipuai' has no attribute 'model_api'
2026-05-19 06:05:41,820 [ERROR] GLM failed for GZZ: module 'zhipuai' has no attribute 'model_api'
2026-05-19 06:05:41,820 [WARNING] No categories for GZZ
2026-05-19 06:05:41,820 [WARNING] No categories for GZZ
2026-05-19 06:05:42,471 [INFO] Processing [GZG] from 2026-05-11
2026-05-19 06:05:42,471 [INFO] Processing [GZG] from 2026-05-11
2026-05-19 06:05:42,631 [INFO] Downloaded PDF GZG (78KB)
2026-05-19 06:05:42,631 [INFO] Downloaded PDF GZG (78KB)
2026-05-19 06:05:44,321 [ERROR] GLM failed for GZG: module 'zhipuai' has no attribute 'model_api'
2026-05-19 06:05:44,321 [ERROR] GLM failed for GZG: module 'zhipuai' has no attribute 'model_api'
2026-05-19 06:05:44,322 [WARNING] No categories for GZG
2026-05-19 06:05:44,322 [WARNING] No categories for GZG
2026-05-19 06:05:44,830 [INFO] Processing [GZE] from 2026-05-11
2026-05-19 06:05:44,830 [INFO] Processing [GZE] from 2026-05-11
2026-05-19 06:05:44,987 [INFO] Downloaded PDF GZE (77KB)
2026-05-19 06:05:44,987 [INFO] Downloaded PDF GZE (77KB)
2026-05-19 06:05:46,690 [ERROR] GLM failed for GZE: module 'zhipuai' has no attribute 'model_api'
2026-05-19 06:05:46,690 [ERROR] GLM failed for GZE: module 'zhipuai' has no attribute 'model_api'
2026-05-19 06:05:46,690 [WARNING] No categories for GZE
2026-05-19 06:05:46,690 [WARNING] No categories for GZE
2026-05-19 06:05:47,340 [INFO] Processing [GAL] from 2026-05-11
2026-05-19 06:05:47,340 [INFO] Processing [GAL] from 2026-05-11
2026-05-19 06:05:47,514 [INFO] Downloaded PDF GAL (78KB)
2026-05-19 06:05:47,514 [INFO] Downloaded PDF GAL (78KB)
2026-05-19 06:05:49,212 [ERROR] GLM failed for GAL: module 'zhipuai' has no attribute 'model_api'
2026-05-19 06:05:49,212 [ERROR] GLM failed for GAL: module 'zhipuai' has no attribute 'model_api'
2026-05-19 06:05:49,212 [WARNING] No categories for GAL
2026-05-19 06:05:49,212 [WARNING] No categories for GAL
2026-05-19 06:05:49,862 [INFO] Processing [GOH] from 2026-05-11
2026-05-19 06:05:49,862 [INFO] Processing [GOH] from 2026-05-11
2026-05-19 06:05:50,019 [INFO] Downloaded PDF GOH (78KB)
2026-05-19 06:05:50,019 [INFO] Downloaded PDF GOH (78KB)
2026-05-19 06:05:51,715 [ERROR] GLM failed for GOH: module 'zhipuai' has no attribute 'model_api'
2026-05-19 06:05:51,715 [ERROR] GLM failed for GOH: module 'zhipuai' has no attribute 'model_api'
2026-05-19 06:05:51,715 [WARNING] No categories for GOH
2026-05-19 06:05:51,715 [WARNING] No categories for GOH
2026-05-19 06:05:52,366 [INFO] Processing [EUZ] from 2026-05-11
2026-05-19 06:05:52,366 [INFO] Processing [EUZ] from 2026-05-11
2026-05-19 06:05:52,525 [INFO] Downloaded PDF EUZ (78KB)
2026-05-19 06:05:52,525 [INFO] Downloaded PDF EUZ (78KB)
2026-05-19 06:05:54,096 [ERROR] GLM failed for EUZ: module 'zhipuai' has no attribute 'model_api'
2026-05-19 06:05:54,096 [ERROR] GLM failed for EUZ: module 'zhipuai' has no attribute 'model_api'
2026-05-19 06:05:54,096 [WARNING] No categories for EUZ
2026-05-19 06:05:54,096 [WARNING] No categories for EUZ
2026-05-19 06:05:54,747 [INFO] Processing [GAL] from 2026-05-11
2026-05-19 06:05:54,747 [INFO] Processing [GAL] from 2026-05-11
2026-05-19 06:05:54,910 [INFO] Downloaded PDF GAL (78KB)
2026-05-19 06:05:54,910 [INFO] Downloaded PDF GAL (78KB)
2026-05-19 06:05:56,563 [ERROR] GLM failed for GAL: module 'zhipuai' has no attribute 'model_api'
2026-05-19 06:05:56,563 [ERROR] GLM failed for GAL: module 'zhipuai' has no attribute 'model_api'
2026-05-19 06:05:56,563 [WARNING] No categories for GAL
2026-05-19 06:05:56,563 [WARNING] No categories for GAL
2026-05-19 06:05:57,214 [INFO] Processing [GZJ] from 2026-05-11
2026-05-19 06:05:57,214 [INFO] Processing [GZJ] from 2026-05-11
2026-05-19 06:05:57,365 [INFO] Downloaded PDF GZJ (77KB)
2026-05-19 06:05:57,365 [INFO] Downloaded PDF GZJ (77KB)
2026-05-19 06:05:59,060 [ERROR] GLM failed for GZJ: module 'zhipuai' has no attribute 'model_api'
2026-05-19 06:05:59,060 [ERROR] GLM failed for GZJ: module 'zhipuai' has no attribute 'model_api'
2026-05-19 06:05:59,060 [WARNING] No categories for GZJ
2026-05-19 06:05:59,060 [WARNING] No categories for GZJ
2026-05-19 06:05:59,711 [INFO] Processing [GZJ] from 2026-05-11
2026-05-19 06:05:59,711 [INFO] Processing [GZJ] from 2026-05-11
2026-05-19 06:05:59,862 [INFO] Downloaded PDF GZJ (77KB)
2026-05-19 06:05:59,862 [INFO] Downloaded PDF GZJ (77KB)
2026-05-19 06:06:01,565 [ERROR] GLM failed for GZJ: module 'zhipuai' has no attribute 'model_api'
2026-05-19 06:06:01,565 [ERROR] GLM failed for GZJ: module 'zhipuai' has no attribute 'model_api'
2026-05-19 06:06:01,565 [WARNING] No categories for GZJ
2026-05-19 06:06:01,565 [WARNING] No categories for GZJ
2026-05-19 06:06:02,216 [INFO] Processing [GTY] from 2026-05-11
2026-05-19 06:06:02,216 [INFO] Processing [GTY] from 2026-05-11
2026-05-19 06:06:02,368 [INFO] Downloaded PDF GTY (78KB)
2026-05-19 06:06:02,368 [INFO] Downloaded PDF GTY (78KB)
2026-05-19 06:06:04,058 [ERROR] GLM failed for GTY: module 'zhipuai' has no attribute 'model_api'
2026-05-19 06:06:04,058 [ERROR] GLM failed for GTY: module 'zhipuai' has no attribute 'model_api'
2026-05-19 06:06:04,058 [WARNING] No categories for GTY
2026-05-19 06:06:04,058 [WARNING] No categories for GTY
2026-05-19 06:06:04,708 [INFO] Processing [TPR] from 2026-05-11
2026-05-19 06:06:04,708 [INFO] Processing [TPR] from 2026-05-11
2026-05-19 06:06:04,874 [INFO] Downloaded PDF TPR (78KB)
2026-05-19 06:06:04,874 [INFO] Downloaded PDF TPR (78KB)
2026-05-19 06:06:06,478 [ERROR] GLM failed for TPR: module 'zhipuai' has no attribute 'model_api'
2026-05-19 06:06:06,478 [ERROR] GLM failed for TPR: module 'zhipuai' has no attribute 'model_api'
2026-05-19 06:06:06,478 [WARNING] No categories for TPR
2026-05-19 06:06:06,478 [WARNING] No categories for TPR
2026-05-19 06:06:07,129 [INFO] Processing [GBN] from 2026-05-11
2026-05-19 06:06:07,129 [INFO] Processing [GBN] from 2026-05-11
2026-05-19 06:06:07,288 [INFO] Downloaded PDF GBN (78KB)
2026-05-19 06:06:07,288 [INFO] Downloaded PDF GBN (78KB)
2026-05-19 06:06:08,856 [ERROR] GLM failed for GBN: module 'zhipuai' has no attribute 'model_api'
2026-05-19 06:06:08,856 [ERROR] GLM failed for GBN: module 'zhipuai' has no attribute 'model_api'
2026-05-19 06:06:08,856 [WARNING] No categories for GBN
2026-05-19 06:06:08,856 [WARNING] No categories for GBN
2026-05-19 06:06:09,507 [INFO] Processing [GMP] from 2026-05-11
2026-05-19 06:06:09,507 [INFO] Processing [GMP] from 2026-05-11
2026-05-19 06:06:09,667 [INFO] Downloaded PDF GMP (78KB)
2026-05-19 06:06:09,667 [INFO] Downloaded PDF GMP (78KB)
2026-05-19 06:06:11,371 [ERROR] GLM failed for GMP: module 'zhipuai' has no attribute 'model_api'
2026-05-19 06:06:11,371 [ERROR] GLM failed for GMP: module 'zhipuai' has no attribute 'model_api'
2026-05-19 06:06:11,371 [WARNING] No categories for GMP
2026-05-19 06:06:11,371 [WARNING] No categories for GMP
2026-05-19 06:06:12,022 [INFO] Processing [BHI] from 2026-05-11
2026-05-19 06:06:12,022 [INFO] Processing [BHI] from 2026-05-11
2026-05-19 06:06:12,241 [INFO] Downloaded PDF BHI (78KB)
2026-05-19 06:06:12,241 [INFO] Downloaded PDF BHI (78KB)
2026-05-19 06:06:13,946 [ERROR] GLM failed for BHI: module 'zhipuai' has no attribute 'model_api'
2026-05-19 06:06:13,946 [ERROR] GLM failed for BHI: module 'zhipuai' has no attribute 'model_api'
2026-05-19 06:06:13,946 [WARNING] No categories for BHI
2026-05-19 06:06:13,946 [WARNING] No categories for BHI
2026-05-19 06:06:14,597 [INFO] Processing [INH] from 2026-05-11
2026-05-19 06:06:14,597 [INFO] Processing [INH] from 2026-05-11
2026-05-19 06:06:14,756 [INFO] Downloaded PDF INH (78KB)
2026-05-19 06:06:14,756 [INFO] Downloaded PDF INH (78KB)
2026-05-19 06:06:16,422 [ERROR] GLM failed for INH: module 'zhipuai' has no attribute 'model_api'
2026-05-19 06:06:16,422 [ERROR] GLM failed for INH: module 'zhipuai' has no attribute 'model_api'
2026-05-19 06:06:16,422 [WARNING] No categories for INH
2026-05-19 06:06:16,422 [WARNING] No categories for INH
2026-05-19 06:06:17,073 [INFO] Processing [GMP] from 2026-05-11
2026-05-19 06:06:17,073 [INFO] Processing [GMP] from 2026-05-11
2026-05-19 06:06:17,267 [INFO] Downloaded PDF GMP (78KB)
2026-05-19 06:06:17,267 [INFO] Downloaded PDF GMP (78KB)
2026-05-19 06:06:18,928 [ERROR] GLM failed for GMP: module 'zhipuai' has no attribute 'model_api'
2026-05-19 06:06:18,928 [ERROR] GLM failed for GMP: module 'zhipuai' has no attribute 'model_api'
2026-05-19 06:06:18,928 [WARNING] No categories for GMP
2026-05-19 06:06:18,928 [WARNING] No categories for GMP
2026-05-19 06:06:19,579 [INFO] Processing [IPV] from 2026-05-11
2026-05-19 06:06:19,579 [INFO] Processing [IPV] from 2026-05-11
2026-05-19 06:06:19,746 [INFO] Downloaded PDF IPV (78KB)
2026-05-19 06:06:19,746 [INFO] Downloaded PDF IPV (78KB)
2026-05-19 06:06:21,458 [ERROR] GLM failed for IPV: module 'zhipuai' has no attribute 'model_api'
2026-05-19 06:06:21,458 [ERROR] GLM failed for IPV: module 'zhipuai' has no attribute 'model_api'
2026-05-19 06:06:21,458 [WARNING] No categories for IPV
2026-05-19 06:06:21,458 [WARNING] No categories for IPV
2026-05-19 06:06:22,109 [INFO] Processing [GPF] from 2026-05-11
2026-05-19 06:06:22,109 [INFO] Processing [GPF] from 2026-05-11
2026-05-19 06:06:22,262 [INFO] Downloaded PDF GPF (78KB)
2026-05-19 06:06:22,262 [INFO] Downloaded PDF GPF (78KB)
2026-05-19 06:06:23,960 [ERROR] GLM failed for GPF: module 'zhipuai' has no attribute 'model_api'
2026-05-19 06:06:23,960 [ERROR] GLM failed for GPF: module 'zhipuai' has no attribute 'model_api'
2026-05-19 06:06:23,960 [WARNING] No categories for GPF
2026-05-19 06:06:23,960 [WARNING] No categories for GPF
2026-05-19 06:06:24,611 [INFO] Processing [GPU] from 2026-05-11
2026-05-19 06:06:24,611 [INFO] Processing [GPU] from 2026-05-11
2026-05-19 06:06:24,770 [INFO] Downloaded PDF GPU (78KB)
2026-05-19 06:06:24,770 [INFO] Downloaded PDF GPU (78KB)
2026-05-19 06:06:26,387 [ERROR] GLM failed for GPU: module 'zhipuai' has no attribute 'model_api'
2026-05-19 06:06:26,387 [ERROR] GLM failed for GPU: module 'zhipuai' has no attribute 'model_api'
2026-05-19 06:06:26,388 [WARNING] No categories for GPU
2026-05-19 06:06:26,388 [WARNING] No categories for GPU
2026-05-19 06:06:26,924 [INFO] Processing [GPI] from 2026-05-11
2026-05-19 06:06:26,924 [INFO] Processing [GPI] from 2026-05-11
2026-05-19 06:06:27,089 [INFO] Downloaded PDF GPI (78KB)
2026-05-19 06:06:27,089 [INFO] Downloaded PDF GPI (78KB)
2026-05-19 06:06:28,793 [ERROR] GLM failed for GPI: module 'zhipuai' has no attribute 'model_api'
2026-05-19 06:06:28,793 [ERROR] GLM failed for GPI: module 'zhipuai' has no attribute 'model_api'
2026-05-19 06:06:28,793 [WARNING] No categories for GPI
2026-05-19 06:06:28,793 [WARNING] No categories for GPI
2026-05-19 06:06:29,443 [INFO] Processing [GTL] from 2026-05-11
2026-05-19 06:06:29,443 [INFO] Processing [GTL] from 2026-05-11
2026-05-19 06:06:29,593 [INFO] Downloaded PDF GTL (78KB)
2026-05-19 06:06:29,593 [INFO] Downloaded PDF GTL (78KB)
2026-05-19 06:06:31,220 [ERROR] GLM failed for GTL: module 'zhipuai' has no attribute 'model_api'
2026-05-19 06:06:31,220 [ERROR] GLM failed for GTL: module 'zhipuai' has no attribute 'model_api'
2026-05-19 06:06:31,220 [WARNING] No categories for GTL
2026-05-19 06:06:31,220 [WARNING] No categories for GTL
2026-05-19 06:06:31,871 [INFO] Processing [TGT] from 2026-05-11
2026-05-19 06:06:31,871 [INFO] Processing [TGT] from 2026-05-11
2026-05-19 06:06:32,033 [INFO] Downloaded PDF TGT (78KB)
2026-05-19 06:06:32,033 [INFO] Downloaded PDF TGT (78KB)
2026-05-19 06:06:33,734 [ERROR] GLM failed for TGT: module 'zhipuai' has no attribute 'model_api'
2026-05-19 06:06:33,734 [ERROR] GLM failed for TGT: module 'zhipuai' has no attribute 'model_api'
2026-05-19 06:06:33,734 [WARNING] No categories for TGT
2026-05-19 06:06:33,734 [WARNING] No categories for TGT
2026-05-19 06:06:34,385 [INFO] Processing [GMP] from 2026-05-11
2026-05-19 06:06:34,385 [INFO] Processing [GMP] from 2026-05-11
2026-05-19 06:06:34,555 [INFO] Downloaded PDF GMP (78KB)
2026-05-19 06:06:34,555 [INFO] Downloaded PDF GMP (78KB)
2026-05-19 06:06:36,261 [ERROR] GLM failed for GMP: module 'zhipuai' has no attribute 'model_api'
2026-05-19 06:06:36,261 [ERROR] GLM failed for GMP: module 'zhipuai' has no attribute 'model_api'
2026-05-19 06:06:36,261 [WARNING] No categories for GMP
2026-05-19 06:06:36,261 [WARNING] No categories for GMP
2026-05-19 06:06:36,912 [INFO] Processing [GOL] from 2026-05-11
2026-05-19 06:06:36,912 [INFO] Processing [GOL] from 2026-05-11
2026-05-19 06:06:37,063 [INFO] Downloaded PDF GOL (77KB)
2026-05-19 06:06:37,063 [INFO] Downloaded PDF GOL (77KB)
2026-05-19 06:06:38,623 [ERROR] GLM failed for GOL: module 'zhipuai' has no attribute 'model_api'
2026-05-19 06:06:38,623 [ERROR] GLM failed for GOL: module 'zhipuai' has no attribute 'model_api'
2026-05-19 06:06:38,623 [WARNING] No categories for GOL
2026-05-19 06:06:38,623 [WARNING] No categories for GOL
2026-05-19 06:06:39,273 [INFO] Processing [GKG] from 2026-05-11
2026-05-19 06:06:39,273 [INFO] Processing [GKG] from 2026-05-11
2026-05-19 06:06:39,437 [INFO] Downloaded PDF GKG (78KB)
2026-05-19 06:06:39,437 [INFO] Downloaded PDF GKG (78KB)
2026-05-19 06:06:41,143 [ERROR] GLM failed for GKG: module 'zhipuai' has no attribute 'model_api'
2026-05-19 06:06:41,143 [ERROR] GLM failed for GKG: module 'zhipuai' has no attribute 'model_api'
2026-05-19 06:06:41,144 [WARNING] No categories for GKG
2026-05-19 06:06:41,144 [WARNING] No categories for GKG
2026-05-19 06:06:41,794 [INFO] Processing [GAE] from 2026-05-11
2026-05-19 06:06:41,794 [INFO] Processing [GAE] from 2026-05-11
2026-05-19 06:06:42,075 [INFO] Downloaded PDF GAE (78KB)
2026-05-19 06:06:42,075 [INFO] Downloaded PDF GAE (78KB)
2026-05-19 06:06:43,775 [ERROR] GLM failed for GAE: module 'zhipuai' has no attribute 'model_api'
2026-05-19 06:06:43,775 [ERROR] GLM failed for GAE: module 'zhipuai' has no attribute 'model_api'
2026-05-19 06:06:43,775 [WARNING] No categories for GAE
2026-05-19 06:06:43,775 [WARNING] No categories for GAE
2026-05-19 06:06:44,425 [INFO] Processing [GAL] from 2026-05-11
2026-05-19 06:06:44,425 [INFO] Processing [GAL] from 2026-05-11
2026-05-19 06:06:44,577 [INFO] Downloaded PDF GAL (78KB)
2026-05-19 06:06:44,577 [INFO] Downloaded PDF GAL (78KB)
2026-05-19 06:06:46,233 [ERROR] GLM failed for GAL: module 'zhipuai' has no attribute 'model_api'
2026-05-19 06:06:46,233 [ERROR] GLM failed for GAL: module 'zhipuai' has no attribute 'model_api'
2026-05-19 06:06:46,233 [WARNING] No categories for GAL
2026-05-19 06:06:46,233 [WARNING] No categories for GAL
2026-05-19 06:06:46,884 [INFO] Processing [SRL] from 2026-05-11
2026-05-19 06:06:46,884 [INFO] Processing [SRL] from 2026-05-11
2026-05-19 06:06:47,034 [INFO] Downloaded PDF SRL (77KB)
2026-05-19 06:06:47,034 [INFO] Downloaded PDF SRL (77KB)
2026-05-19 06:06:48,753 [ERROR] GLM failed for SRL: module 'zhipuai' has no attribute 'model_api'
2026-05-19 06:06:48,753 [ERROR] GLM failed for SRL: module 'zhipuai' has no attribute 'model_api'
2026-05-19 06:06:48,753 [WARNING] No categories for SRL
2026-05-19 06:06:48,753 [WARNING] No categories for SRL
2026-05-19 06:06:49,404 [INFO] Processing [PYR] from 2026-05-11
2026-05-19 06:06:49,404 [INFO] Processing [PYR] from 2026-05-11
2026-05-19 06:06:49,564 [INFO] Downloaded PDF PYR (77KB)
2026-05-19 06:06:49,564 [INFO] Downloaded PDF PYR (77KB)
2026-05-19 06:06:51,263 [ERROR] GLM failed for PYR: module 'zhipuai' has no attribute 'model_api'
2026-05-19 06:06:51,263 [ERROR] GLM failed for PYR: module 'zhipuai' has no attribute 'model_api'
2026-05-19 06:06:51,263 [WARNING] No categories for PYR
2026-05-19 06:06:51,263 [WARNING] No categories for PYR
2026-05-19 06:06:51,914 [INFO] Processing [PPH] from 2026-05-11
2026-05-19 06:06:51,914 [INFO] Processing [PPH] from 2026-05-11
2026-05-19 06:06:52,070 [INFO] Downloaded PDF PPH (78KB)
2026-05-19 06:06:52,070 [INFO] Downloaded PDF PPH (78KB)
2026-05-19 06:06:53,675 [ERROR] GLM failed for PPH: module 'zhipuai' has no attribute 'model_api'
2026-05-19 06:06:53,675 [ERROR] GLM failed for PPH: module 'zhipuai' has no attribute 'model_api'
2026-05-19 06:06:53,675 [WARNING] No categories for PPH
2026-05-19 06:06:53,675 [WARNING] No categories for PPH
2026-05-19 06:06:54,326 [INFO] Processing [PP1] from 2026-05-11
2026-05-19 06:06:54,326 [INFO] Processing [PP1] from 2026-05-11
2026-05-19 06:06:54,501 [INFO] Downloaded PDF PP1 (77KB)
2026-05-19 06:06:54,501 [INFO] Downloaded PDF PP1 (77KB)
2026-05-19 06:06:56,189 [ERROR] GLM failed for PP1: module 'zhipuai' has no attribute 'model_api'
2026-05-19 06:06:56,189 [ERROR] GLM failed for PP1: module 'zhipuai' has no attribute 'model_api'
2026-05-19 06:06:56,189 [WARNING] No categories for PP1
2026-05-19 06:06:56,189 [WARNING] No categories for PP1
2026-05-19 06:06:56,839 [INFO] Processing [AC1] from 2026-05-11
2026-05-19 06:06:56,839 [INFO] Processing [AC1] from 2026-05-11
2026-05-19 06:06:56,987 [INFO] Downloaded PDF AC1 (77KB)
2026-05-19 06:06:56,987 [INFO] Downloaded PDF AC1 (77KB)
2026-05-19 06:06:58,629 [ERROR] GLM failed for AC1: module 'zhipuai' has no attribute 'model_api'
2026-05-19 06:06:58,629 [ERROR] GLM failed for AC1: module 'zhipuai' has no attribute 'model_api'
2026-05-19 06:06:58,629 [WARNING] No categories for AC1
2026-05-19 06:06:58,629 [WARNING] No categories for AC1
2026-05-19 06:06:59,250 [INFO] Processing [AC1] from 2026-05-11
2026-05-19 06:06:59,250 [INFO] Processing [AC1] from 2026-05-11
2026-05-19 06:06:59,478 [INFO] Downloaded PDF AC1 (77KB)
2026-05-19 06:06:59,478 [INFO] Downloaded PDF AC1 (77KB)
2026-05-19 06:07:01,181 [ERROR] GLM failed for AC1: module 'zhipuai' has no attribute 'model_api'
2026-05-19 06:07:01,181 [ERROR] GLM failed for AC1: module 'zhipuai' has no attribute 'model_api'
2026-05-19 06:07:01,181 [WARNING] No categories for AC1
2026-05-19 06:07:01,181 [WARNING] No categories for AC1
2026-05-19 06:07:01,831 [INFO] Processing [PAO] from 2026-05-11
2026-05-19 06:07:01,831 [INFO] Processing [PAO] from 2026-05-11
2026-05-19 06:07:02,005 [INFO] Downloaded PDF PAO (77KB)
2026-05-19 06:07:02,005 [INFO] Downloaded PDF PAO (77KB)
2026-05-19 06:07:03,711 [ERROR] GLM failed for PAO: module 'zhipuai' has no attribute 'model_api'
2026-05-19 06:07:03,711 [ERROR] GLM failed for PAO: module 'zhipuai' has no attribute 'model_api'
2026-05-19 06:07:03,711 [WARNING] No categories for PAO
2026-05-19 06:07:03,711 [WARNING] No categories for PAO
2026-05-19 06:07:04,362 [INFO] Processing [AFO] from 2026-05-11
2026-05-19 06:07:04,362 [INFO] Processing [AFO] from 2026-05-11
2026-05-19 06:07:04,514 [INFO] Downloaded PDF AFO (77KB)
2026-05-19 06:07:04,514 [INFO] Downloaded PDF AFO (77KB)
2026-05-19 06:07:06,123 [ERROR] GLM failed for AFO: module 'zhipuai' has no attribute 'model_api'
2026-05-19 06:07:06,123 [ERROR] GLM failed for AFO: module 'zhipuai' has no attribute 'model_api'
2026-05-19 06:07:06,123 [WARNING] No categories for AFO
2026-05-19 06:07:06,123 [WARNING] No categories for AFO
2026-05-19 06:07:06,774 [INFO] Processing [PP1] from 2026-05-11
2026-05-19 06:07:06,774 [INFO] Processing [PP1] from 2026-05-11
2026-05-19 06:07:06,941 [INFO] Downloaded PDF PP1 (77KB)
2026-05-19 06:07:06,941 [INFO] Downloaded PDF PP1 (77KB)
2026-05-19 06:07:08,640 [ERROR] GLM failed for PP1: module 'zhipuai' has no attribute 'model_api'
2026-05-19 06:07:08,640 [ERROR] GLM failed for PP1: module 'zhipuai' has no attribute 'model_api'
2026-05-19 06:07:08,640 [WARNING] No categories for PP1
2026-05-19 06:07:08,640 [WARNING] No categories for PP1
2026-05-19 06:07:09,291 [INFO] Processing [KHA] from 2026-05-11
2026-05-19 06:07:09,291 [INFO] Processing [KHA] from 2026-05-11
2026-05-19 06:07:09,453 [INFO] Downloaded PDF KHA (78KB)
2026-05-19 06:07:09,453 [INFO] Downloaded PDF KHA (78KB)
2026-05-19 06:07:11,140 [ERROR] GLM failed for KHA: module 'zhipuai' has no attribute 'model_api'
2026-05-19 06:07:11,140 [ERROR] GLM failed for KHA: module 'zhipuai' has no attribute 'model_api'
2026-05-19 06:07:11,140 [WARNING] No categories for KHA
2026-05-19 06:07:11,140 [WARNING] No categories for KHA
2026-05-19 06:07:11,790 [INFO] Processing [ICH] from 2026-05-11
2026-05-19 06:07:11,790 [INFO] Processing [ICH] from 2026-05-11
2026-05-19 06:07:11,943 [INFO] Downloaded PDF ICH (78KB)
2026-05-19 06:07:11,943 [INFO] Downloaded PDF ICH (78KB)
2026-05-19 06:07:13,642 [ERROR] GLM failed for ICH: module 'zhipuai' has no attribute 'model_api'
2026-05-19 06:07:13,642 [ERROR] GLM failed for ICH: module 'zhipuai' has no attribute 'model_api'
2026-05-19 06:07:13,642 [WARNING] No categories for ICH
2026-05-19 06:07:13,642 [WARNING] No categories for ICH
2026-05-19 06:07:14,293 [INFO] Processing [IAU] from 2026-05-11
2026-05-19 06:07:14,293 [INFO] Processing [IAU] from 2026-05-11
2026-05-19 06:07:14,437 [INFO] Downloaded PDF IAU (78KB)
2026-05-19 06:07:14,437 [INFO] Downloaded PDF IAU (78KB)
2026-05-19 06:07:16,135 [ERROR] GLM failed for IAU: module 'zhipuai' has no attribute 'model_api'
2026-05-19 06:07:16,135 [ERROR] GLM failed for IAU: module 'zhipuai' has no attribute 'model_api'
2026-05-19 06:07:16,135 [WARNING] No categories for IAU
2026-05-19 06:07:16,135 [WARNING] No categories for IAU
2026-05-19 06:07:16,786 [INFO] Processing [BST] from 2026-05-11
2026-05-19 06:07:16,786 [INFO] Processing [BST] from 2026-05-11
2026-05-19 06:07:16,938 [INFO] Downloaded PDF BST (78KB)
2026-05-19 06:07:16,938 [INFO] Downloaded PDF BST (78KB)
2026-05-19 06:07:18,586 [ERROR] GLM failed for BST: module 'zhipuai' has no attribute 'model_api'
2026-05-19 06:07:18,586 [ERROR] GLM failed for BST: module 'zhipuai' has no attribute 'model_api'
2026-05-19 06:07:18,586 [WARNING] No categories for BST
2026-05-19 06:07:18,586 [WARNING] No categories for BST
2026-05-19 06:07:19,237 [INFO] Processing [BRT] from 2026-05-11
2026-05-19 06:07:19,237 [INFO] Processing [BRT] from 2026-05-11
2026-05-19 06:07:19,339 [WARNING] HTTP 429 for https://www.kap.org.tr/tr/api/BildirimPdf/1604984, retry 1/5 in 2s
2026-05-19 06:07:19,339 [WARNING] HTTP 429 for https://www.kap.org.tr/tr/api/BildirimPdf/1604984, retry 1/5 in 2s
2026-05-19 06:07:21,626 [WARNING] HTTP 429 for https://www.kap.org.tr/tr/api/BildirimPdf/1604984, retry 2/5 in 3s
2026-05-19 06:07:21,626 [WARNING] HTTP 429 for https://www.kap.org.tr/tr/api/BildirimPdf/1604984, retry 2/5 in 3s
2026-05-19 06:07:24,859 [WARNING] HTTP 429 for https://www.kap.org.tr/tr/api/BildirimPdf/1604984, retry 3/5 in 5s
2026-05-19 06:07:24,859 [WARNING] HTTP 429 for https://www.kap.org.tr/tr/api/BildirimPdf/1604984, retry 3/5 in 5s
2026-05-19 06:07:30,107 [WARNING] HTTP 429 for https://www.kap.org.tr/tr/api/BildirimPdf/1604984, retry 4/5 in 9s
2026-05-19 06:07:30,107 [WARNING] HTTP 429 for https://www.kap.org.tr/tr/api/BildirimPdf/1604984, retry 4/5 in 9s
2026-05-19 06:07:39,329 [WARNING] HTTP 429 for https://www.kap.org.tr/tr/api/BildirimPdf/1604984, retry 5/5 in 17s
2026-05-19 06:07:39,329 [WARNING] HTTP 429 for https://www.kap.org.tr/tr/api/BildirimPdf/1604984, retry 5/5 in 17s
2026-05-19 06:07:56,648 [WARNING] No attachment URL in disclosure 1604984
2026-05-19 06:07:56,648 [WARNING] No attachment URL in disclosure 1604984
2026-05-19 06:07:56,655 [INFO] Processing [BIH] from 2026-05-11
2026-05-19 06:07:56,655 [INFO] Processing [BIH] from 2026-05-11
2026-05-19 06:07:56,748 [WARNING] HTTP 429 for https://www.kap.org.tr/tr/api/BildirimPdf/1604983, retry 1/5 in 2s
2026-05-19 06:07:56,748 [WARNING] HTTP 429 for https://www.kap.org.tr/tr/api/BildirimPdf/1604983, retry 1/5 in 2s
2026-05-19 06:07:58,996 [WARNING] HTTP 429 for https://www.kap.org.tr/tr/api/BildirimPdf/1604983, retry 2/5 in 3s
2026-05-19 06:07:58,996 [WARNING] HTTP 429 for https://www.kap.org.tr/tr/api/BildirimPdf/1604983, retry 2/5 in 3s
2026-05-19 06:08:02,234 [WARNING] HTTP 429 for https://www.kap.org.tr/tr/api/BildirimPdf/1604983, retry 3/5 in 5s
2026-05-19 06:08:02,234 [WARNING] HTTP 429 for https://www.kap.org.tr/tr/api/BildirimPdf/1604983, retry 3/5 in 5s
2026-05-19 06:08:07,474 [WARNING] HTTP 429 for https://www.kap.org.tr/tr/api/BildirimPdf/1604983, retry 4/5 in 9s
2026-05-19 06:08:07,474 [WARNING] HTTP 429 for https://www.kap.org.tr/tr/api/BildirimPdf/1604983, retry 4/5 in 9s
2026-05-19 06:08:16,731 [WARNING] HTTP 429 for https://www.kap.org.tr/tr/api/BildirimPdf/1604983, retry 5/5 in 17s
2026-05-19 06:08:16,731 [WARNING] HTTP 429 for https://www.kap.org.tr/tr/api/BildirimPdf/1604983, retry 5/5 in 17s
2026-05-19 06:08:34,097 [WARNING] No attachment URL in disclosure 1604983
2026-05-19 06:08:34,097 [WARNING] No attachment URL in disclosure 1604983
2026-05-19 06:08:34,103 [INFO] Processing [BHF] from 2026-05-11
2026-05-19 06:08:34,103 [INFO] Processing [BHF] from 2026-05-11
2026-05-19 06:08:34,193 [WARNING] HTTP 429 for https://www.kap.org.tr/tr/api/BildirimPdf/1604982, retry 1/5 in 2s
2026-05-19 06:08:34,193 [WARNING] HTTP 429 for https://www.kap.org.tr/tr/api/BildirimPdf/1604982, retry 1/5 in 2s
2026-05-19 06:08:36,403 [WARNING] HTTP 429 for https://www.kap.org.tr/tr/api/BildirimPdf/1604982, retry 2/5 in 3s
2026-05-19 06:08:36,403 [WARNING] HTTP 429 for https://www.kap.org.tr/tr/api/BildirimPdf/1604982, retry 2/5 in 3s
2026-05-19 06:08:39,654 [WARNING] HTTP 429 for https://www.kap.org.tr/tr/api/BildirimPdf/1604982, retry 3/5 in 5s
2026-05-19 06:08:39,654 [WARNING] HTTP 429 for https://www.kap.org.tr/tr/api/BildirimPdf/1604982, retry 3/5 in 5s
2026-05-19 06:08:44,913 [WARNING] HTTP 429 for https://www.kap.org.tr/tr/api/BildirimPdf/1604982, retry 4/5 in 9s
2026-05-19 06:08:44,913 [WARNING] HTTP 429 for https://www.kap.org.tr/tr/api/BildirimPdf/1604982, retry 4/5 in 9s
2026-05-19 06:08:54,167 [WARNING] HTTP 429 for https://www.kap.org.tr/tr/api/BildirimPdf/1604982, retry 5/5 in 17s
2026-05-19 06:08:54,167 [WARNING] HTTP 429 for https://www.kap.org.tr/tr/api/BildirimPdf/1604982, retry 5/5 in 17s
2026-05-19 06:09:11,446 [WARNING] No attachment URL in disclosure 1604982
2026-05-19 06:09:11,446 [WARNING] No attachment URL in disclosure 1604982
2026-05-19 06:09:11,452 [INFO] Processing [BBF] from 2026-05-11
2026-05-19 06:09:11,452 [INFO] Processing [BBF] from 2026-05-11
2026-05-19 06:09:11,547 [WARNING] HTTP 429 for https://www.kap.org.tr/tr/api/BildirimPdf/1604981, retry 1/5 in 2s
2026-05-19 06:09:11,547 [WARNING] HTTP 429 for https://www.kap.org.tr/tr/api/BildirimPdf/1604981, retry 1/5 in 2s
2026-05-19 06:09:13,799 [WARNING] HTTP 429 for https://www.kap.org.tr/tr/api/BildirimPdf/1604981, retry 2/5 in 3s
2026-05-19 06:09:13,799 [WARNING] HTTP 429 for https://www.kap.org.tr/tr/api/BildirimPdf/1604981, retry 2/5 in 3s
2026-05-19 06:09:17,057 [WARNING] HTTP 429 for https://www.kap.org.tr/tr/api/BildirimPdf/1604981, retry 3/5 in 5s
2026-05-19 06:09:17,057 [WARNING] HTTP 429 for https://www.kap.org.tr/tr/api/BildirimPdf/1604981, retry 3/5 in 5s
2026-05-19 06:09:22,276 [WARNING] HTTP 429 for https://www.kap.org.tr/tr/api/BildirimPdf/1604981, retry 4/5 in 9s
2026-05-19 06:09:22,276 [WARNING] HTTP 429 for https://www.kap.org.tr/tr/api/BildirimPdf/1604981, retry 4/5 in 9s
2026-05-19 06:09:31,528 [WARNING] HTTP 429 for https://www.kap.org.tr/tr/api/BildirimPdf/1604981, retry 5/5 in 17s
2026-05-19 06:09:31,528 [WARNING] HTTP 429 for https://www.kap.org.tr/tr/api/BildirimPdf/1604981, retry 5/5 in 17s
2026-05-19 06:09:48,857 [WARNING] No attachment URL in disclosure 1604981
2026-05-19 06:09:48,857 [WARNING] No attachment URL in disclosure 1604981
2026-05-19 06:09:48,861 [INFO] Processing [AC6] from 2026-05-11
2026-05-19 06:09:48,861 [INFO] Processing [AC6] from 2026-05-11
2026-05-19 06:09:48,958 [WARNING] HTTP 429 for https://www.kap.org.tr/tr/api/BildirimPdf/1604979, retry 1/5 in 2s
2026-05-19 06:09:48,958 [WARNING] HTTP 429 for https://www.kap.org.tr/tr/api/BildirimPdf/1604979, retry 1/5 in 2s
2026-05-19 06:09:51,221 [WARNING] HTTP 429 for https://www.kap.org.tr/tr/api/BildirimPdf/1604979, retry 2/5 in 3s
2026-05-19 06:09:51,221 [WARNING] HTTP 429 for https://www.kap.org.tr/tr/api/BildirimPdf/1604979, retry 2/5 in 3s
2026-05-19 06:09:54,469 [WARNING] HTTP 429 for https://www.kap.org.tr/tr/api/BildirimPdf/1604979, retry 3/5 in 5s
2026-05-19 06:09:54,469 [WARNING] HTTP 429 for https://www.kap.org.tr/tr/api/BildirimPdf/1604979, retry 3/5 in 5s
2026-05-19 06:09:59,708 [WARNING] HTTP 429 for https://www.kap.org.tr/tr/api/BildirimPdf/1604979, retry 4/5 in 9s
2026-05-19 06:09:59,708 [WARNING] HTTP 429 for https://www.kap.org.tr/tr/api/BildirimPdf/1604979, retry 4/5 in 9s
2026-05-19 06:10:08,966 [WARNING] HTTP 429 for https://www.kap.org.tr/tr/api/BildirimPdf/1604979, retry 5/5 in 17s
2026-05-19 06:10:08,966 [WARNING] HTTP 429 for https://www.kap.org.tr/tr/api/BildirimPdf/1604979, retry 5/5 in 17s
2026-05-19 06:10:26,309 [WARNING] No attachment URL in disclosure 1604979
2026-05-19 06:10:26,309 [WARNING] No attachment URL in disclosure 1604979
2026-05-19 06:10:26,316 [INFO] Processing [PDE] from 2026-05-11
2026-05-19 06:10:26,316 [INFO] Processing [PDE] from 2026-05-11
2026-05-19 06:10:26,456 [INFO] Downloaded PDF PDE (78KB)
2026-05-19 06:10:26,456 [INFO] Downloaded PDF PDE (78KB)
2026-05-19 06:10:28,163 [ERROR] GLM failed for PDE: module 'zhipuai' has no attribute 'model_api'
2026-05-19 06:10:28,163 [ERROR] GLM failed for PDE: module 'zhipuai' has no attribute 'model_api'
2026-05-19 06:10:28,163 [WARNING] No categories for PDE
2026-05-19 06:10:28,163 [WARNING] No categories for PDE
2026-05-19 06:10:28,813 [INFO] Processing [IAU] from 2026-05-11
2026-05-19 06:10:28,813 [INFO] Processing [IAU] from 2026-05-11
2026-05-19 06:10:28,981 [INFO] Downloaded PDF IAU (78KB)
2026-05-19 06:10:28,981 [INFO] Downloaded PDF IAU (78KB)
2026-05-19 06:10:30,676 [ERROR] GLM failed for IAU: module 'zhipuai' has no attribute 'model_api'
2026-05-19 06:10:30,676 [ERROR] GLM failed for IAU: module 'zhipuai' has no attribute 'model_api'
2026-05-19 06:10:30,676 [WARNING] No categories for IAU
2026-05-19 06:10:30,676 [WARNING] No categories for IAU
2026-05-19 06:10:31,327 [INFO] Processing [PRY] from 2026-05-11
2026-05-19 06:10:31,327 [INFO] Processing [PRY] from 2026-05-11
2026-05-19 06:10:31,498 [INFO] Downloaded PDF PRY (78KB)
2026-05-19 06:10:31,498 [INFO] Downloaded PDF PRY (78KB)
2026-05-19 06:10:33,173 [ERROR] GLM failed for PRY: module 'zhipuai' has no attribute 'model_api'
2026-05-19 06:10:33,173 [ERROR] GLM failed for PRY: module 'zhipuai' has no attribute 'model_api'
2026-05-19 06:10:33,174 [WARNING] No categories for PRY
2026-05-19 06:10:33,174 [WARNING] No categories for PRY
2026-05-19 06:10:33,824 [INFO] Processing [PRY] from 2026-05-11
2026-05-19 06:10:33,824 [INFO] Processing [PRY] from 2026-05-11
2026-05-19 06:10:33,974 [INFO] Downloaded PDF PRY (78KB)
2026-05-19 06:10:33,974 [INFO] Downloaded PDF PRY (78KB)
2026-05-19 06:10:35,634 [ERROR] GLM failed for PRY: module 'zhipuai' has no attribute 'model_api'
2026-05-19 06:10:35,634 [ERROR] GLM failed for PRY: module 'zhipuai' has no attribute 'model_api'
2026-05-19 06:10:35,634 [WARNING] No categories for PRY
2026-05-19 06:10:35,634 [WARNING] No categories for PRY
2026-05-19 06:10:36,217 [INFO] Processing [AC4] from 2026-05-11
2026-05-19 06:10:36,217 [INFO] Processing [AC4] from 2026-05-11
2026-05-19 06:10:36,375 [INFO] Downloaded PDF AC4 (77KB)
2026-05-19 06:10:36,375 [INFO] Downloaded PDF AC4 (77KB)
2026-05-19 06:10:38,072 [ERROR] GLM failed for AC4: module 'zhipuai' has no attribute 'model_api'
2026-05-19 06:10:38,072 [ERROR] GLM failed for AC4: module 'zhipuai' has no attribute 'model_api'
2026-05-19 06:10:38,073 [WARNING] No categories for AC4
2026-05-19 06:10:38,073 [WARNING] No categories for AC4
2026-05-19 06:10:38,723 [INFO] Processing [AC1] from 2026-05-11
2026-05-19 06:10:38,723 [INFO] Processing [AC1] from 2026-05-11
2026-05-19 06:10:38,879 [INFO] Downloaded PDF AC1 (77KB)
2026-05-19 06:10:38,879 [INFO] Downloaded PDF AC1 (77KB)
2026-05-19 06:10:40,561 [ERROR] GLM failed for AC1: module 'zhipuai' has no attribute 'model_api'
2026-05-19 06:10:40,561 [ERROR] GLM failed for AC1: module 'zhipuai' has no attribute 'model_api'
2026-05-19 06:10:40,561 [WARNING] No categories for AC1
2026-05-19 06:10:40,561 [WARNING] No categories for AC1
2026-05-19 06:10:41,211 [INFO] Processing [BDS] from 2026-05-11
2026-05-19 06:10:41,211 [INFO] Processing [BDS] from 2026-05-11
2026-05-19 06:10:41,367 [INFO] Downloaded PDF BDS (78KB)
2026-05-19 06:10:41,367 [INFO] Downloaded PDF BDS (78KB)
2026-05-19 06:10:43,070 [ERROR] GLM failed for BDS: module 'zhipuai' has no attribute 'model_api'
2026-05-19 06:10:43,070 [ERROR] GLM failed for BDS: module 'zhipuai' has no attribute 'model_api'
2026-05-19 06:10:43,070 [WARNING] No categories for BDS
2026-05-19 06:10:43,070 [WARNING] No categories for BDS
2026-05-19 06:10:43,720 [INFO] Processing [NAU] from 2026-05-11
2026-05-19 06:10:43,720 [INFO] Processing [NAU] from 2026-05-11
2026-05-19 06:10:43,883 [INFO] Downloaded PDF NAU (77KB)
2026-05-19 06:10:43,883 [INFO] Downloaded PDF NAU (77KB)
2026-05-19 06:10:45,573 [ERROR] GLM failed for NAU: module 'zhipuai' has no attribute 'model_api'
2026-05-19 06:10:45,573 [ERROR] GLM failed for NAU: module 'zhipuai' has no attribute 'model_api'
2026-05-19 06:10:45,573 [WARNING] No categories for NAU
2026-05-19 06:10:45,573 [WARNING] No categories for NAU
2026-05-19 06:10:46,224 [INFO] Processing [EDP] from 2026-05-11
2026-05-19 06:10:46,224 [INFO] Processing [EDP] from 2026-05-11
2026-05-19 06:10:46,379 [INFO] Downloaded PDF EDP (78KB)
2026-05-19 06:10:46,379 [INFO] Downloaded PDF EDP (78KB)
2026-05-19 06:10:48,081 [ERROR] GLM failed for EDP: module 'zhipuai' has no attribute 'model_api'
2026-05-19 06:10:48,081 [ERROR] GLM failed for EDP: module 'zhipuai' has no attribute 'model_api'
2026-05-19 06:10:48,082 [WARNING] No categories for EDP
2026-05-19 06:10:48,082 [WARNING] No categories for EDP
2026-05-19 06:10:48,732 [INFO] Processing [NUH] from 2026-05-11
2026-05-19 06:10:48,732 [INFO] Processing [NUH] from 2026-05-11
2026-05-19 06:10:48,900 [INFO] Downloaded PDF NUH (78KB)
2026-05-19 06:10:48,900 [INFO] Downloaded PDF NUH (78KB)
2026-05-19 06:10:50,584 [ERROR] GLM failed for NUH: module 'zhipuai' has no attribute 'model_api'
2026-05-19 06:10:50,584 [ERROR] GLM failed for NUH: module 'zhipuai' has no attribute 'model_api'
2026-05-19 06:10:50,584 [WARNING] No categories for NUH
2026-05-19 06:10:50,584 [WARNING] No categories for NUH
2026-05-19 06:10:51,225 [INFO] Processing [NSY] from 2026-05-11
2026-05-19 06:10:51,225 [INFO] Processing [NSY] from 2026-05-11
2026-05-19 06:10:51,484 [INFO] Downloaded PDF NSY (78KB)
2026-05-19 06:10:51,484 [INFO] Downloaded PDF NSY (78KB)
2026-05-19 06:10:53,191 [ERROR] GLM failed for NSY: module 'zhipuai' has no attribute 'model_api'
2026-05-19 06:10:53,191 [ERROR] GLM failed for NSY: module 'zhipuai' has no attribute 'model_api'
2026-05-19 06:10:53,191 [WARNING] No categories for NSY
2026-05-19 06:10:53,191 [WARNING] No categories for NSY
2026-05-19 06:10:53,841 [INFO] Processing [NKC] from 2026-05-11
2026-05-19 06:10:53,841 [INFO] Processing [NKC] from 2026-05-11
2026-05-19 06:10:53,973 [INFO] Downloaded PDF NKC (78KB)
2026-05-19 06:10:53,973 [INFO] Downloaded PDF NKC (78KB)
2026-05-19 06:10:55,629 [ERROR] GLM failed for NKC: module 'zhipuai' has no attribute 'model_api'
2026-05-19 06:10:55,629 [ERROR] GLM failed for NKC: module 'zhipuai' has no attribute 'model_api'
2026-05-19 06:10:55,629 [WARNING] No categories for NKC
2026-05-19 06:10:55,629 [WARNING] No categories for NKC
2026-05-19 06:10:56,225 [INFO] Processing [NBO] from 2026-05-11
2026-05-19 06:10:56,225 [INFO] Processing [NBO] from 2026-05-11
2026-05-19 06:10:56,378 [INFO] Downloaded PDF NBO (78KB)
2026-05-19 06:10:56,378 [INFO] Downloaded PDF NBO (78KB)
2026-05-19 06:10:58,081 [ERROR] GLM failed for NBO: module 'zhipuai' has no attribute 'model_api'
2026-05-19 06:10:58,081 [ERROR] GLM failed for NBO: module 'zhipuai' has no attribute 'model_api'
2026-05-19 06:10:58,081 [WARNING] No categories for NBO
2026-05-19 06:10:58,081 [WARNING] No categories for NBO
2026-05-19 06:10:58,731 [INFO] Processing [NKP] from 2026-05-11
2026-05-19 06:10:58,731 [INFO] Processing [NKP] from 2026-05-11
2026-05-19 06:10:58,884 [INFO] Downloaded PDF NKP (78KB)
2026-05-19 06:10:58,884 [INFO] Downloaded PDF NKP (78KB)
2026-05-19 06:11:00,586 [ERROR] GLM failed for NKP: module 'zhipuai' has no attribute 'model_api'
2026-05-19 06:11:00,586 [ERROR] GLM failed for NKP: module 'zhipuai' has no attribute 'model_api'
2026-05-19 06:11:00,586 [WARNING] No categories for NKP
2026-05-19 06:11:00,586 [WARNING] No categories for NKP
2026-05-19 06:11:01,224 [INFO] Processing [NKM] from 2026-05-11
2026-05-19 06:11:01,224 [INFO] Processing [NKM] from 2026-05-11
2026-05-19 06:11:01,395 [INFO] Downloaded PDF NKM (78KB)
2026-05-19 06:11:01,395 [INFO] Downloaded PDF NKM (78KB)
2026-05-19 06:11:03,103 [ERROR] GLM failed for NKM: module 'zhipuai' has no attribute 'model_api'
2026-05-19 06:11:03,103 [ERROR] GLM failed for NKM: module 'zhipuai' has no attribute 'model_api'
2026-05-19 06:11:03,103 [WARNING] No categories for NKM
2026-05-19 06:11:03,103 [WARNING] No categories for NKM
2026-05-19 06:11:03,753 [INFO] Processing [NSA] from 2026-05-11
2026-05-19 06:11:03,753 [INFO] Processing [NSA] from 2026-05-11
2026-05-19 06:11:03,915 [INFO] Downloaded PDF NSA (77KB)
2026-05-19 06:11:03,915 [INFO] Downloaded PDF NSA (77KB)
2026-05-19 06:11:05,619 [ERROR] GLM failed for NSA: module 'zhipuai' has no attribute 'model_api'
2026-05-19 06:11:05,619 [ERROR] GLM failed for NSA: module 'zhipuai' has no attribute 'model_api'
2026-05-19 06:11:05,619 [WARNING] No categories for NSA
2026-05-19 06:11:05,619 [WARNING] No categories for NSA
2026-05-19 06:11:06,224 [INFO] Processing [BHI] from 2026-05-11
2026-05-19 06:11:06,224 [INFO] Processing [BHI] from 2026-05-11
2026-05-19 06:11:06,379 [INFO] Downloaded PDF BHI (78KB)
2026-05-19 06:11:06,379 [INFO] Downloaded PDF BHI (78KB)
2026-05-19 06:11:08,081 [ERROR] GLM failed for BHI: module 'zhipuai' has no attribute 'model_api'
2026-05-19 06:11:08,081 [ERROR] GLM failed for BHI: module 'zhipuai' has no attribute 'model_api'
2026-05-19 06:11:08,081 [WARNING] No categories for BHI
2026-05-19 06:11:08,081 [WARNING] No categories for BHI
2026-05-19 06:11:08,732 [INFO] Processing [NHP] from 2026-05-11
2026-05-19 06:11:08,732 [INFO] Processing [NHP] from 2026-05-11
2026-05-19 06:11:08,893 [INFO] Downloaded PDF NHP (77KB)
2026-05-19 06:11:08,893 [INFO] Downloaded PDF NHP (77KB)
2026-05-19 06:11:10,594 [ERROR] GLM failed for NHP: module 'zhipuai' has no attribute 'model_api'
2026-05-19 06:11:10,594 [ERROR] GLM failed for NHP: module 'zhipuai' has no attribute 'model_api'
2026-05-19 06:11:10,594 [WARNING] No categories for NHP
2026-05-19 06:11:10,594 [WARNING] No categories for NHP
2026-05-19 06:11:11,224 [INFO] Processing [NAU] from 2026-05-11
2026-05-19 06:11:11,224 [INFO] Processing [NAU] from 2026-05-11
2026-05-19 06:11:11,376 [INFO] Downloaded PDF NAU (77KB)
2026-05-19 06:11:11,376 [INFO] Downloaded PDF NAU (77KB)
2026-05-19 06:11:13,075 [ERROR] GLM failed for NAU: module 'zhipuai' has no attribute 'model_api'
2026-05-19 06:11:13,075 [ERROR] GLM failed for NAU: module 'zhipuai' has no attribute 'model_api'
2026-05-19 06:11:13,075 [WARNING] No categories for NAU
2026-05-19 06:11:13,075 [WARNING] No categories for NAU
2026-05-19 06:11:13,726 [INFO] Processing [NVC] from 2026-05-11
2026-05-19 06:11:13,726 [INFO] Processing [NVC] from 2026-05-11
2026-05-19 06:11:13,891 [INFO] Downloaded PDF NVC (78KB)
2026-05-19 06:11:13,891 [INFO] Downloaded PDF NVC (78KB)
2026-05-19 06:11:15,589 [ERROR] GLM failed for NVC: module 'zhipuai' has no attribute 'model_api'
2026-05-19 06:11:15,589 [ERROR] GLM failed for NVC: module 'zhipuai' has no attribute 'model_api'
2026-05-19 06:11:15,590 [WARNING] No categories for NVC
2026-05-19 06:11:15,590 [WARNING] No categories for NVC
2026-05-19 06:11:16,217 [INFO] Processing [NVZ] from 2026-05-11
2026-05-19 06:11:16,217 [INFO] Processing [NVZ] from 2026-05-11
2026-05-19 06:11:16,362 [INFO] Downloaded PDF NVZ (78KB)
2026-05-19 06:11:16,362 [INFO] Downloaded PDF NVZ (78KB)
2026-05-19 06:11:18,051 [ERROR] GLM failed for NVZ: module 'zhipuai' has no attribute 'model_api'
2026-05-19 06:11:18,051 [ERROR] GLM failed for NVZ: module 'zhipuai' has no attribute 'model_api'
2026-05-19 06:11:18,052 [WARNING] No categories for NVZ
2026-05-19 06:11:18,052 [WARNING] No categories for NVZ
2026-05-19 06:11:18,702 [INFO] Processing [NHY] from 2026-05-11
2026-05-19 06:11:18,702 [INFO] Processing [NHY] from 2026-05-11
2026-05-19 06:11:18,867 [INFO] Downloaded PDF NHY (78KB)
2026-05-19 06:11:18,867 [INFO] Downloaded PDF NHY (78KB)
2026-05-19 06:11:20,574 [ERROR] GLM failed for NHY: module 'zhipuai' has no attribute 'model_api'
2026-05-19 06:11:20,574 [ERROR] GLM failed for NHY: module 'zhipuai' has no attribute 'model_api'
2026-05-19 06:11:20,574 [WARNING] No categories for NHY
2026-05-19 06:11:20,574 [WARNING] No categories for NHY
2026-05-19 06:11:21,225 [INFO] Processing [NHY] from 2026-05-11
2026-05-19 06:11:21,225 [INFO] Processing [NHY] from 2026-05-11
2026-05-19 06:11:21,409 [INFO] Downloaded PDF NHY (78KB)
2026-05-19 06:11:21,409 [INFO] Downloaded PDF NHY (78KB)
2026-05-19 06:11:23,129 [ERROR] GLM failed for NHY: module 'zhipuai' has no attribute 'model_api'
2026-05-19 06:11:23,129 [ERROR] GLM failed for NHY: module 'zhipuai' has no attribute 'model_api'
2026-05-19 06:11:23,129 [WARNING] No categories for NHY
2026-05-19 06:11:23,129 [WARNING] No categories for NHY
2026-05-19 06:11:23,780 [INFO] Processing [IOO] from 2026-05-11
2026-05-19 06:11:23,780 [INFO] Processing [IOO] from 2026-05-11
2026-05-19 06:11:23,936 [INFO] Downloaded PDF IOO (78KB)
2026-05-19 06:11:23,936 [INFO] Downloaded PDF IOO (78KB)
2026-05-19 06:11:25,619 [ERROR] GLM failed for IOO: module 'zhipuai' has no attribute 'model_api'
2026-05-19 06:11:25,619 [ERROR] GLM failed for IOO: module 'zhipuai' has no attribute 'model_api'
2026-05-19 06:11:25,620 [WARNING] No categories for IOO
2026-05-19 06:11:25,620 [WARNING] No categories for IOO
2026-05-19 06:11:26,217 [INFO] Processing [NHP] from 2026-05-11
2026-05-19 06:11:26,217 [INFO] Processing [NHP] from 2026-05-11
2026-05-19 06:11:26,378 [INFO] Downloaded PDF NHP (78KB)
2026-05-19 06:11:26,378 [INFO] Downloaded PDF NHP (78KB)
2026-05-19 06:11:28,017 [ERROR] GLM failed for NHP: module 'zhipuai' has no attribute 'model_api'
2026-05-19 06:11:28,017 [ERROR] GLM failed for NHP: module 'zhipuai' has no attribute 'model_api'
2026-05-19 06:11:28,017 [WARNING] No categories for NHP
2026-05-19 06:11:28,017 [WARNING] No categories for NHP
2026-05-19 06:11:28,667 [INFO] Processing [NRC] from 2026-05-11
2026-05-19 06:11:28,667 [INFO] Processing [NRC] from 2026-05-11
2026-05-19 06:11:28,825 [INFO] Downloaded PDF NRC (78KB)
2026-05-19 06:11:28,825 [INFO] Downloaded PDF NRC (78KB)
2026-05-19 06:11:30,527 [ERROR] GLM failed for NRC: module 'zhipuai' has no attribute 'model_api'
2026-05-19 06:11:30,527 [ERROR] GLM failed for NRC: module 'zhipuai' has no attribute 'model_api'
2026-05-19 06:11:30,527 [WARNING] No categories for NRC
2026-05-19 06:11:30,527 [WARNING] No categories for NRC
2026-05-19 06:11:31,178 [INFO] Processing [NSA] from 2026-05-11
2026-05-19 06:11:31,178 [INFO] Processing [NSA] from 2026-05-11
2026-05-19 06:11:31,346 [INFO] Downloaded PDF NSA (78KB)
2026-05-19 06:11:31,346 [INFO] Downloaded PDF NSA (78KB)
2026-05-19 06:11:33,040 [ERROR] GLM failed for NSA: module 'zhipuai' has no attribute 'model_api'
2026-05-19 06:11:33,040 [ERROR] GLM failed for NSA: module 'zhipuai' has no attribute 'model_api'
2026-05-19 06:11:33,040 [WARNING] No categories for NSA
2026-05-19 06:11:33,040 [WARNING] No categories for NSA
2026-05-19 06:11:33,691 [INFO] Processing [NSA] from 2026-05-11
2026-05-19 06:11:33,691 [INFO] Processing [NSA] from 2026-05-11
2026-05-19 06:11:33,845 [INFO] Downloaded PDF NSA (78KB)
2026-05-19 06:11:33,845 [INFO] Downloaded PDF NSA (78KB)
2026-05-19 06:11:35,550 [ERROR] GLM failed for NSA: module 'zhipuai' has no attribute 'model_api'
2026-05-19 06:11:35,550 [ERROR] GLM failed for NSA: module 'zhipuai' has no attribute 'model_api'
2026-05-19 06:11:35,550 [WARNING] No categories for NSA
2026-05-19 06:11:35,550 [WARNING] No categories for NSA
2026-05-19 06:11:36,200 [INFO] Processing [NKM] from 2026-05-11
2026-05-19 06:11:36,200 [INFO] Processing [NKM] from 2026-05-11
2026-05-19 06:11:36,360 [INFO] Downloaded PDF NKM (78KB)
2026-05-19 06:11:36,360 [INFO] Downloaded PDF NKM (78KB)
2026-05-19 06:11:38,066 [ERROR] GLM failed for NKM: module 'zhipuai' has no attribute 'model_api'
2026-05-19 06:11:38,066 [ERROR] GLM failed for NKM: module 'zhipuai' has no attribute 'model_api'
2026-05-19 06:11:38,066 [WARNING] No categories for NKM
2026-05-19 06:11:38,066 [WARNING] No categories for NKM
2026-05-19 06:11:38,717 [INFO] Processing [HKJ] from 2026-05-11
2026-05-19 06:11:38,717 [INFO] Processing [HKJ] from 2026-05-11
2026-05-19 06:11:38,876 [INFO] Downloaded PDF HKJ (77KB)
2026-05-19 06:11:38,876 [INFO] Downloaded PDF HKJ (77KB)
2026-05-19 06:11:40,583 [ERROR] GLM failed for HKJ: module 'zhipuai' has no attribute 'model_api'
2026-05-19 06:11:40,583 [ERROR] GLM failed for HKJ: module 'zhipuai' has no attribute 'model_api'
2026-05-19 06:11:40,583 [WARNING] No categories for HKJ
2026-05-19 06:11:40,583 [WARNING] No categories for HKJ
2026-05-19 06:11:41,224 [INFO] Processing [SOS] from 2026-05-11
2026-05-19 06:11:41,224 [INFO] Processing [SOS] from 2026-05-11
2026-05-19 06:11:41,376 [INFO] Downloaded PDF SOS (77KB)
2026-05-19 06:11:41,376 [INFO] Downloaded PDF SOS (77KB)
2026-05-19 06:11:43,069 [ERROR] GLM failed for SOS: module 'zhipuai' has no attribute 'model_api'
2026-05-19 06:11:43,069 [ERROR] GLM failed for SOS: module 'zhipuai' has no attribute 'model_api'
2026-05-19 06:11:43,070 [WARNING] No categories for SOS
2026-05-19 06:11:43,070 [WARNING] No categories for SOS
2026-05-19 06:11:43,720 [INFO] Processing [HGM] from 2026-05-11
2026-05-19 06:11:43,720 [INFO] Processing [HGM] from 2026-05-11
2026-05-19 06:11:43,879 [INFO] Downloaded PDF HGM (77KB)
2026-05-19 06:11:43,879 [INFO] Downloaded PDF HGM (77KB)
2026-05-19 06:11:45,550 [ERROR] GLM failed for HGM: module 'zhipuai' has no attribute 'model_api'
2026-05-19 06:11:45,550 [ERROR] GLM failed for HGM: module 'zhipuai' has no attribute 'model_api'
2026-05-19 06:11:45,550 [WARNING] No categories for HGM
2026-05-19 06:11:45,550 [WARNING] No categories for HGM
2026-05-19 06:11:46,201 [INFO] Processing [HKH] from 2026-05-11
2026-05-19 06:11:46,201 [INFO] Processing [HKH] from 2026-05-11
2026-05-19 06:11:46,353 [INFO] Downloaded PDF HKH (77KB)
2026-05-19 06:11:46,353 [INFO] Downloaded PDF HKH (77KB)
2026-05-19 06:11:48,035 [ERROR] GLM failed for HKH: module 'zhipuai' has no attribute 'model_api'
2026-05-19 06:11:48,035 [ERROR] GLM failed for HKH: module 'zhipuai' has no attribute 'model_api'
2026-05-19 06:11:48,036 [WARNING] No categories for HKH
2026-05-19 06:11:48,036 [WARNING] No categories for HKH
2026-05-19 06:11:48,686 [INFO] Processing [AVT] from 2026-05-11
2026-05-19 06:11:48,686 [INFO] Processing [AVT] from 2026-05-11
2026-05-19 06:11:48,835 [INFO] Downloaded PDF AVT (77KB)
2026-05-19 06:11:48,835 [INFO] Downloaded PDF AVT (77KB)
2026-05-19 06:11:50,528 [ERROR] GLM failed for AVT: module 'zhipuai' has no attribute 'model_api'
2026-05-19 06:11:50,528 [ERROR] GLM failed for AVT: module 'zhipuai' has no attribute 'model_api'
2026-05-19 06:11:50,528 [WARNING] No categories for AVT
2026-05-19 06:11:50,528 [WARNING] No categories for AVT
2026-05-19 06:11:51,178 [INFO] Processing [HYV] from 2026-05-11
2026-05-19 06:11:51,178 [INFO] Processing [HYV] from 2026-05-11
2026-05-19 06:11:51,331 [INFO] Downloaded PDF HYV (77KB)
2026-05-19 06:11:51,331 [INFO] Downloaded PDF HYV (77KB)
2026-05-19 06:11:53,029 [ERROR] GLM failed for HYV: module 'zhipuai' has no attribute 'model_api'
2026-05-19 06:11:53,029 [ERROR] GLM failed for HYV: module 'zhipuai' has no attribute 'model_api'
2026-05-19 06:11:53,029 [WARNING] No categories for HYV
2026-05-19 06:11:53,029 [WARNING] No categories for HYV
2026-05-19 06:11:53,679 [INFO] Processing [TPR] from 2026-05-11
2026-05-19 06:11:53,679 [INFO] Processing [TPR] from 2026-05-11
2026-05-19 06:11:53,844 [INFO] Downloaded PDF TPR (77KB)
2026-05-19 06:11:53,844 [INFO] Downloaded PDF TPR (77KB)
2026-05-19 06:11:55,546 [ERROR] GLM failed for TPR: module 'zhipuai' has no attribute 'model_api'
2026-05-19 06:11:55,546 [ERROR] GLM failed for TPR: module 'zhipuai' has no attribute 'model_api'
2026-05-19 06:11:55,546 [WARNING] No categories for TPR
2026-05-19 06:11:55,546 [WARNING] No categories for TPR
2026-05-19 06:11:56,197 [INFO] Processing [HKJ] from 2026-05-11
2026-05-19 06:11:56,197 [INFO] Processing [HKJ] from 2026-05-11
2026-05-19 06:11:56,400 [INFO] Downloaded PDF HKJ (77KB)
2026-05-19 06:11:56,400 [INFO] Downloaded PDF HKJ (77KB)
2026-05-19 06:11:58,085 [ERROR] GLM failed for HKJ: module 'zhipuai' has no attribute 'model_api'
2026-05-19 06:11:58,085 [ERROR] GLM failed for HKJ: module 'zhipuai' has no attribute 'model_api'
2026-05-19 06:11:58,086 [WARNING] No categories for HKJ
2026-05-19 06:11:58,086 [WARNING] No categories for HKJ
2026-05-19 06:11:58,736 [INFO] Processing [HDK] from 2026-05-11
2026-05-19 06:11:58,736 [INFO] Processing [HDK] from 2026-05-11
2026-05-19 06:11:58,886 [INFO] Downloaded PDF HDK (77KB)
2026-05-19 06:11:58,886 [INFO] Downloaded PDF HDK (77KB)
2026-05-19 06:12:00,589 [ERROR] GLM failed for HDK: module 'zhipuai' has no attribute 'model_api'
2026-05-19 06:12:00,589 [ERROR] GLM failed for HDK: module 'zhipuai' has no attribute 'model_api'
2026-05-19 06:12:00,589 [WARNING] No categories for HDK
2026-05-19 06:12:00,589 [WARNING] No categories for HDK
2026-05-19 06:12:01,224 [INFO] Processing [HIS] from 2026-05-11
2026-05-19 06:12:01,224 [INFO] Processing [HIS] from 2026-05-11
2026-05-19 06:12:01,391 [INFO] Downloaded PDF HIS (78KB)
2026-05-19 06:12:01,391 [INFO] Downloaded PDF HIS (78KB)
2026-05-19 06:12:03,080 [ERROR] GLM failed for HIS: module 'zhipuai' has no attribute 'model_api'
2026-05-19 06:12:03,080 [ERROR] GLM failed for HIS: module 'zhipuai' has no attribute 'model_api'
2026-05-19 06:12:03,080 [WARNING] No categories for HIS
2026-05-19 06:12:03,080 [WARNING] No categories for HIS
2026-05-19 06:12:03,731 [INFO] Processing [HAT] from 2026-05-11
2026-05-19 06:12:03,731 [INFO] Processing [HAT] from 2026-05-11
2026-05-19 06:12:03,890 [INFO] Downloaded PDF HAT (77KB)
2026-05-19 06:12:03,890 [INFO] Downloaded PDF HAT (77KB)
2026-05-19 06:12:05,586 [ERROR] GLM failed for HAT: module 'zhipuai' has no attribute 'model_api'
2026-05-19 06:12:05,586 [ERROR] GLM failed for HAT: module 'zhipuai' has no attribute 'model_api'
2026-05-19 06:12:05,586 [WARNING] No categories for HAT
2026-05-19 06:12:05,586 [WARNING] No categories for HAT
2026-05-19 06:12:06,224 [INFO] Processing [HAM] from 2026-05-11
2026-05-19 06:12:06,224 [INFO] Processing [HAM] from 2026-05-11
2026-05-19 06:12:06,384 [INFO] Downloaded PDF HAM (77KB)
2026-05-19 06:12:06,384 [INFO] Downloaded PDF HAM (77KB)
2026-05-19 06:12:08,088 [ERROR] GLM failed for HAM: module 'zhipuai' has no attribute 'model_api'
2026-05-19 06:12:08,088 [ERROR] GLM failed for HAM: module 'zhipuai' has no attribute 'model_api'
2026-05-19 06:12:08,088 [WARNING] No categories for HAM
2026-05-19 06:12:08,088 [WARNING] No categories for HAM
2026-05-19 06:12:08,739 [INFO] Processing [FNT] from 2026-05-11
2026-05-19 06:12:08,739 [INFO] Processing [FNT] from 2026-05-11
2026-05-19 06:12:08,898 [INFO] Downloaded PDF FNT (77KB)
2026-05-19 06:12:08,898 [INFO] Downloaded PDF FNT (77KB)
2026-05-19 06:12:10,591 [ERROR] GLM failed for FNT: module 'zhipuai' has no attribute 'model_api'
2026-05-19 06:12:10,591 [ERROR] GLM failed for FNT: module 'zhipuai' has no attribute 'model_api'
2026-05-19 06:12:10,591 [WARNING] No categories for FNT
2026-05-19 06:12:10,591 [WARNING] No categories for FNT
2026-05-19 06:12:11,223 [INFO] Processing [DUH] from 2026-05-11
2026-05-19 06:12:11,223 [INFO] Processing [DUH] from 2026-05-11
2026-05-19 06:12:11,385 [INFO] Downloaded PDF DUH (77KB)
2026-05-19 06:12:11,385 [INFO] Downloaded PDF DUH (77KB)
2026-05-19 06:12:13,086 [ERROR] GLM failed for DUH: module 'zhipuai' has no attribute 'model_api'
2026-05-19 06:12:13,086 [ERROR] GLM failed for DUH: module 'zhipuai' has no attribute 'model_api'
2026-05-19 06:12:13,086 [WARNING] No categories for DUH
2026-05-19 06:12:13,086 [WARNING] No categories for DUH
2026-05-19 06:12:13,736 [INFO] Processing [HIA] from 2026-05-11
2026-05-19 06:12:13,736 [INFO] Processing [HIA] from 2026-05-11
2026-05-19 06:12:13,890 [INFO] Downloaded PDF HIA (77KB)
2026-05-19 06:12:13,890 [INFO] Downloaded PDF HIA (77KB)
2026-05-19 06:12:15,591 [ERROR] GLM failed for HIA: module 'zhipuai' has no attribute 'model_api'
2026-05-19 06:12:15,591 [ERROR] GLM failed for HIA: module 'zhipuai' has no attribute 'model_api'
2026-05-19 06:12:15,592 [WARNING] No categories for HIA
2026-05-19 06:12:15,592 [WARNING] No categories for HIA
2026-05-19 06:12:16,215 [INFO] Processing [HGR] from 2026-05-11
2026-05-19 06:12:16,215 [INFO] Processing [HGR] from 2026-05-11
2026-05-19 06:12:16,371 [INFO] Downloaded PDF HGR (77KB)
2026-05-19 06:12:16,371 [INFO] Downloaded PDF HGR (77KB)
2026-05-19 06:12:18,069 [ERROR] GLM failed for HGR: module 'zhipuai' has no attribute 'model_api'
2026-05-19 06:12:18,069 [ERROR] GLM failed for HGR: module 'zhipuai' has no attribute 'model_api'
2026-05-19 06:12:18,069 [WARNING] No categories for HGR
2026-05-19 06:12:18,069 [WARNING] No categories for HGR
2026-05-19 06:12:18,719 [INFO] Processing [HGM] from 2026-05-11
2026-05-19 06:12:18,719 [INFO] Processing [HGM] from 2026-05-11
2026-05-19 06:12:18,873 [INFO] Downloaded PDF HGM (77KB)
2026-05-19 06:12:18,873 [INFO] Downloaded PDF HGM (77KB)
2026-05-19 06:12:20,575 [ERROR] GLM failed for HGM: module 'zhipuai' has no attribute 'model_api'
2026-05-19 06:12:20,575 [ERROR] GLM failed for HGM: module 'zhipuai' has no attribute 'model_api'
2026-05-19 06:12:20,576 [WARNING] No categories for HGM
2026-05-19 06:12:20,576 [WARNING] No categories for HGM
2026-05-19 06:12:21,216 [INFO] Processing [HKH] from 2026-05-11
2026-05-19 06:12:21,216 [INFO] Processing [HKH] from 2026-05-11
2026-05-19 06:12:21,388 [INFO] Downloaded PDF HKH (77KB)
2026-05-19 06:12:21,388 [INFO] Downloaded PDF HKH (77KB)
2026-05-19 06:12:23,081 [ERROR] GLM failed for HKH: module 'zhipuai' has no attribute 'model_api'
2026-05-19 06:12:23,081 [ERROR] GLM failed for HKH: module 'zhipuai' has no attribute 'model_api'
2026-05-19 06:12:23,082 [WARNING] No categories for HKH
2026-05-19 06:12:23,082 [WARNING] No categories for HKH
2026-05-19 06:12:23,732 [INFO] Processing [HEH] from 2026-05-11
2026-05-19 06:12:23,732 [INFO] Processing [HEH] from 2026-05-11
2026-05-19 06:12:23,920 [INFO] Downloaded PDF HEH (77KB)
2026-05-19 06:12:23,920 [INFO] Downloaded PDF HEH (77KB)
2026-05-19 06:12:25,621 [ERROR] GLM failed for HEH: module 'zhipuai' has no attribute 'model_api'
2026-05-19 06:12:25,621 [ERROR] GLM failed for HEH: module 'zhipuai' has no attribute 'model_api'
2026-05-19 06:12:25,621 [WARNING] No categories for HEH
2026-05-19 06:12:25,621 [WARNING] No categories for HEH
2026-05-19 06:12:26,216 [INFO] Processing [HKH] from 2026-05-11
2026-05-19 06:12:26,216 [INFO] Processing [HKH] from 2026-05-11
2026-05-19 06:12:26,382 [INFO] Downloaded PDF HKH (77KB)
2026-05-19 06:12:26,382 [INFO] Downloaded PDF HKH (77KB)
2026-05-19 06:12:28,085 [ERROR] GLM failed for HKH: module 'zhipuai' has no attribute 'model_api'
2026-05-19 06:12:28,085 [ERROR] GLM failed for HKH: module 'zhipuai' has no attribute 'model_api'
2026-05-19 06:12:28,085 [WARNING] No categories for HKH
2026-05-19 06:12:28,085 [WARNING] No categories for HKH
2026-05-19 06:12:28,735 [INFO] Processing [HKJ] from 2026-05-11
2026-05-19 06:12:28,735 [INFO] Processing [HKJ] from 2026-05-11
2026-05-19 06:12:28,893 [INFO] Downloaded PDF HKJ (77KB)
2026-05-19 06:12:28,893 [INFO] Downloaded PDF HKJ (77KB)
2026-05-19 06:12:30,580 [ERROR] GLM failed for HKJ: module 'zhipuai' has no attribute 'model_api'
2026-05-19 06:12:30,580 [ERROR] GLM failed for HKJ: module 'zhipuai' has no attribute 'model_api'
2026-05-19 06:12:30,580 [WARNING] No categories for HKJ
2026-05-19 06:12:30,580 [WARNING] No categories for HKJ
2026-05-19 06:12:31,224 [INFO] Processing [HKH] from 2026-05-11
2026-05-19 06:12:31,224 [INFO] Processing [HKH] from 2026-05-11
2026-05-19 06:12:31,321 [WARNING] HTTP 429 for https://www.kap.org.tr/tr/api/BildirimPdf/1604729, retry 1/5 in 2s
2026-05-19 06:12:31,321 [WARNING] HTTP 429 for https://www.kap.org.tr/tr/api/BildirimPdf/1604729, retry 1/5 in 2s
2026-05-19 06:12:33,551 [WARNING] HTTP 429 for https://www.kap.org.tr/tr/api/BildirimPdf/1604729, retry 2/5 in 3s
2026-05-19 06:12:33,551 [WARNING] HTTP 429 for https://www.kap.org.tr/tr/api/BildirimPdf/1604729, retry 2/5 in 3s
2026-05-19 06:12:36,793 [WARNING] HTTP 429 for https://www.kap.org.tr/tr/api/BildirimPdf/1604729, retry 3/5 in 5s
2026-05-19 06:12:36,793 [WARNING] HTTP 429 for https://www.kap.org.tr/tr/api/BildirimPdf/1604729, retry 3/5 in 5s
2026-05-19 06:12:41,971 [WARNING] HTTP 429 for https://www.kap.org.tr/tr/api/BildirimPdf/1604729, retry 4/5 in 9s
2026-05-19 06:12:41,971 [WARNING] HTTP 429 for https://www.kap.org.tr/tr/api/BildirimPdf/1604729, retry 4/5 in 9s
2026-05-19 06:12:51,229 [WARNING] HTTP 429 for https://www.kap.org.tr/tr/api/BildirimPdf/1604729, retry 5/5 in 17s
2026-05-19 06:12:51,229 [WARNING] HTTP 429 for https://www.kap.org.tr/tr/api/BildirimPdf/1604729, retry 5/5 in 17s
2026-05-19 06:13:08,620 [WARNING] No attachment URL in disclosure 1604729
2026-05-19 06:13:08,620 [WARNING] No attachment URL in disclosure 1604729
2026-05-19 06:13:08,626 [INFO] Processing [BHI] from 2026-05-11
2026-05-19 06:13:08,626 [INFO] Processing [BHI] from 2026-05-11
2026-05-19 06:13:08,724 [WARNING] HTTP 429 for https://www.kap.org.tr/tr/api/BildirimPdf/1604727, retry 1/5 in 2s
2026-05-19 06:13:08,724 [WARNING] HTTP 429 for https://www.kap.org.tr/tr/api/BildirimPdf/1604727, retry 1/5 in 2s
2026-05-19 06:13:10,975 [WARNING] HTTP 429 for https://www.kap.org.tr/tr/api/BildirimPdf/1604727, retry 2/5 in 3s
2026-05-19 06:13:10,975 [WARNING] HTTP 429 for https://www.kap.org.tr/tr/api/BildirimPdf/1604727, retry 2/5 in 3s
2026-05-19 06:13:14,179 [WARNING] HTTP 429 for https://www.kap.org.tr/tr/api/BildirimPdf/1604727, retry 3/5 in 5s
2026-05-19 06:13:14,179 [WARNING] HTTP 429 for https://www.kap.org.tr/tr/api/BildirimPdf/1604727, retry 3/5 in 5s
2026-05-19 06:13:19,433 [WARNING] HTTP 429 for https://www.kap.org.tr/tr/api/BildirimPdf/1604727, retry 4/5 in 9s
2026-05-19 06:13:19,433 [WARNING] HTTP 429 for https://www.kap.org.tr/tr/api/BildirimPdf/1604727, retry 4/5 in 9s
2026-05-19 06:13:28,673 [WARNING] HTTP 429 for https://www.kap.org.tr/tr/api/BildirimPdf/1604727, retry 5/5 in 17s
2026-05-19 06:13:28,673 [WARNING] HTTP 429 for https://www.kap.org.tr/tr/api/BildirimPdf/1604727, retry 5/5 in 17s
2026-05-19 06:13:46,008 [WARNING] No attachment URL in disclosure 1604727
2026-05-19 06:13:46,008 [WARNING] No attachment URL in disclosure 1604727
2026-05-19 06:13:46,017 [INFO] Processing [IOO] from 2026-05-11
2026-05-19 06:13:46,017 [INFO] Processing [IOO] from 2026-05-11
2026-05-19 06:13:46,104 [WARNING] HTTP 429 for https://www.kap.org.tr/tr/api/BildirimPdf/1604725, retry 1/5 in 2s
2026-05-19 06:13:46,104 [WARNING] HTTP 429 for https://www.kap.org.tr/tr/api/BildirimPdf/1604725, retry 1/5 in 2s
2026-05-19 06:13:48,362 [WARNING] HTTP 429 for https://www.kap.org.tr/tr/api/BildirimPdf/1604725, retry 2/5 in 3s
2026-05-19 06:13:48,362 [WARNING] HTTP 429 for https://www.kap.org.tr/tr/api/BildirimPdf/1604725, retry 2/5 in 3s
2026-05-19 06:13:51,598 [WARNING] HTTP 429 for https://www.kap.org.tr/tr/api/BildirimPdf/1604725, retry 3/5 in 5s
2026-05-19 06:13:51,598 [WARNING] HTTP 429 for https://www.kap.org.tr/tr/api/BildirimPdf/1604725, retry 3/5 in 5s
2026-05-19 06:13:56,829 [WARNING] HTTP 429 for https://www.kap.org.tr/tr/api/BildirimPdf/1604725, retry 4/5 in 9s
2026-05-19 06:13:56,829 [WARNING] HTTP 429 for https://www.kap.org.tr/tr/api/BildirimPdf/1604725, retry 4/5 in 9s
2026-05-19 06:14:06,160 [WARNING] HTTP 429 for https://www.kap.org.tr/tr/api/BildirimPdf/1604725, retry 5/5 in 17s
2026-05-19 06:14:06,160 [WARNING] HTTP 429 for https://www.kap.org.tr/tr/api/BildirimPdf/1604725, retry 5/5 in 17s
2026-05-19 06:14:23,489 [WARNING] No attachment URL in disclosure 1604725
2026-05-19 06:14:23,489 [WARNING] No attachment URL in disclosure 1604725
2026-05-19 06:14:23,495 [INFO] Processing [TPR] from 2026-05-11
2026-05-19 06:14:23,495 [INFO] Processing [TPR] from 2026-05-11
2026-05-19 06:14:23,591 [WARNING] HTTP 429 for https://www.kap.org.tr/tr/api/BildirimPdf/1604681, retry 1/5 in 2s
2026-05-19 06:14:23,591 [WARNING] HTTP 429 for https://www.kap.org.tr/tr/api/BildirimPdf/1604681, retry 1/5 in 2s
2026-05-19 06:14:25,819 [WARNING] HTTP 429 for https://www.kap.org.tr/tr/api/BildirimPdf/1604681, retry 2/5 in 3s
2026-05-19 06:14:25,819 [WARNING] HTTP 429 for https://www.kap.org.tr/tr/api/BildirimPdf/1604681, retry 2/5 in 3s
2026-05-19 06:14:29,071 [WARNING] HTTP 429 for https://www.kap.org.tr/tr/api/BildirimPdf/1604681, retry 3/5 in 5s
2026-05-19 06:14:29,071 [WARNING] HTTP 429 for https://www.kap.org.tr/tr/api/BildirimPdf/1604681, retry 3/5 in 5s
2026-05-19 06:14:34,322 [WARNING] HTTP 429 for https://www.kap.org.tr/tr/api/BildirimPdf/1604681, retry 4/5 in 9s
2026-05-19 06:14:34,322 [WARNING] HTTP 429 for https://www.kap.org.tr/tr/api/BildirimPdf/1604681, retry 4/5 in 9s
2026-05-19 06:14:43,571 [WARNING] HTTP 429 for https://www.kap.org.tr/tr/api/BildirimPdf/1604681, retry 5/5 in 17s
2026-05-19 06:14:43,571 [WARNING] HTTP 429 for https://www.kap.org.tr/tr/api/BildirimPdf/1604681, retry 5/5 in 17s
2026-05-19 06:15:00,966 [WARNING] No attachment URL in disclosure 1604681
2026-05-19 06:15:00,966 [WARNING] No attachment URL in disclosure 1604681
2026-05-19 06:15:00,975 [INFO] Processing [TPR] from 2026-05-11
2026-05-19 06:15:00,975 [INFO] Processing [TPR] from 2026-05-11
2026-05-19 06:15:01,078 [WARNING] HTTP 429 for https://www.kap.org.tr/tr/api/BildirimPdf/1604680, retry 1/5 in 2s
2026-05-19 06:15:01,078 [WARNING] HTTP 429 for https://www.kap.org.tr/tr/api/BildirimPdf/1604680, retry 1/5 in 2s
2026-05-19 06:15:03,319 [WARNING] HTTP 429 for https://www.kap.org.tr/tr/api/BildirimPdf/1604680, retry 2/5 in 3s
2026-05-19 06:15:03,319 [WARNING] HTTP 429 for https://www.kap.org.tr/tr/api/BildirimPdf/1604680, retry 2/5 in 3s
2026-05-19 06:15:06,561 [WARNING] HTTP 429 for https://www.kap.org.tr/tr/api/BildirimPdf/1604680, retry 3/5 in 5s
2026-05-19 06:15:06,561 [WARNING] HTTP 429 for https://www.kap.org.tr/tr/api/BildirimPdf/1604680, retry 3/5 in 5s
2026-05-19 06:15:11,766 [WARNING] HTTP 429 for https://www.kap.org.tr/tr/api/BildirimPdf/1604680, retry 4/5 in 9s
2026-05-19 06:15:11,766 [WARNING] HTTP 429 for https://www.kap.org.tr/tr/api/BildirimPdf/1604680, retry 4/5 in 9s
2026-05-19 06:15:21,022 [WARNING] HTTP 429 for https://www.kap.org.tr/tr/api/BildirimPdf/1604680, retry 5/5 in 17s
2026-05-19 06:15:21,022 [WARNING] HTTP 429 for https://www.kap.org.tr/tr/api/BildirimPdf/1604680, retry 5/5 in 17s
2026-05-19 06:15:38,471 [WARNING] No attachment URL in disclosure 1604680
2026-05-19 06:15:38,471 [WARNING] No attachment URL in disclosure 1604680
2026-05-19 06:15:38,477 [INFO] Processing [ULH] from 2026-05-11
2026-05-19 06:15:38,477 [INFO] Processing [ULH] from 2026-05-11
2026-05-19 06:15:38,619 [INFO] Downloaded PDF ULH (77KB)
2026-05-19 06:15:38,619 [INFO] Downloaded PDF ULH (77KB)
2026-05-19 06:15:40,318 [ERROR] GLM failed for ULH: module 'zhipuai' has no attribute 'model_api'
2026-05-19 06:15:40,318 [ERROR] GLM failed for ULH: module 'zhipuai' has no attribute 'model_api'
2026-05-19 06:15:40,319 [WARNING] No categories for ULH
2026-05-19 06:15:40,319 [WARNING] No categories for ULH
2026-05-19 06:15:40,969 [INFO] Processing [OJT] from 2026-05-11
2026-05-19 06:15:40,969 [INFO] Processing [OJT] from 2026-05-11
2026-05-19 06:15:41,139 [INFO] Downloaded PDF OJT (77KB)
2026-05-19 06:15:41,139 [INFO] Downloaded PDF OJT (77KB)
2026-05-19 06:15:42,844 [ERROR] GLM failed for OJT: module 'zhipuai' has no attribute 'model_api'
2026-05-19 06:15:42,844 [ERROR] GLM failed for OJT: module 'zhipuai' has no attribute 'model_api'
2026-05-19 06:15:42,844 [WARNING] No categories for OJT
2026-05-19 06:15:42,844 [WARNING] No categories for OJT
2026-05-19 06:15:43,495 [INFO] Processing [AFO] from 2026-05-11
2026-05-19 06:15:43,495 [INFO] Processing [AFO] from 2026-05-11
2026-05-19 06:15:43,649 [INFO] Downloaded PDF AFO (77KB)
2026-05-19 06:15:43,649 [INFO] Downloaded PDF AFO (77KB)
2026-05-19 06:15:45,353 [ERROR] GLM failed for AFO: module 'zhipuai' has no attribute 'model_api'
2026-05-19 06:15:45,353 [ERROR] GLM failed for AFO: module 'zhipuai' has no attribute 'model_api'
2026-05-19 06:15:45,354 [WARNING] No categories for AFO
2026-05-19 06:15:45,354 [WARNING] No categories for AFO
2026-05-19 06:15:46,004 [INFO] Processing [FDE] from 2026-05-11
2026-05-19 06:15:46,004 [INFO] Processing [FDE] from 2026-05-11
2026-05-19 06:15:46,166 [INFO] Downloaded PDF FDE (78KB)
2026-05-19 06:15:46,166 [INFO] Downloaded PDF FDE (78KB)
2026-05-19 06:15:47,862 [ERROR] GLM failed for FDE: module 'zhipuai' has no attribute 'model_api'
2026-05-19 06:15:47,862 [ERROR] GLM failed for FDE: module 'zhipuai' has no attribute 'model_api'
2026-05-19 06:15:47,863 [WARNING] No categories for FDE
2026-05-19 06:15:47,863 [WARNING] No categories for FDE
2026-05-19 06:15:48,513 [INFO] Processing [TPR] from 2026-05-11
2026-05-19 06:15:48,513 [INFO] Processing [TPR] from 2026-05-11
2026-05-19 06:15:48,674 [INFO] Downloaded PDF TPR (78KB)
2026-05-19 06:15:48,674 [INFO] Downloaded PDF TPR (78KB)
2026-05-19 06:15:50,363 [ERROR] GLM failed for TPR: module 'zhipuai' has no attribute 'model_api'
2026-05-19 06:15:50,363 [ERROR] GLM failed for TPR: module 'zhipuai' has no attribute 'model_api'
2026-05-19 06:15:50,363 [WARNING] No categories for TPR
2026-05-19 06:15:50,363 [WARNING] No categories for TPR
2026-05-19 06:15:51,014 [INFO] Processing [AYR] from 2026-05-11
2026-05-19 06:15:51,014 [INFO] Processing [AYR] from 2026-05-11
2026-05-19 06:15:51,173 [INFO] Downloaded PDF AYR (78KB)
2026-05-19 06:15:51,173 [INFO] Downloaded PDF AYR (78KB)
2026-05-19 06:15:52,878 [ERROR] GLM failed for AYR: module 'zhipuai' has no attribute 'model_api'
2026-05-19 06:15:52,878 [ERROR] GLM failed for AYR: module 'zhipuai' has no attribute 'model_api'
2026-05-19 06:15:52,878 [WARNING] No categories for AYR
2026-05-19 06:15:52,878 [WARNING] No categories for AYR
2026-05-19 06:15:53,528 [INFO] Processing [FUB] from 2026-05-11
2026-05-19 06:15:53,528 [INFO] Processing [FUB] from 2026-05-11
2026-05-19 06:15:53,692 [INFO] Downloaded PDF FUB (78KB)
2026-05-19 06:15:53,692 [INFO] Downloaded PDF FUB (78KB)
2026-05-19 06:15:55,405 [ERROR] GLM failed for FUB: module 'zhipuai' has no attribute 'model_api'
2026-05-19 06:15:55,405 [ERROR] GLM failed for FUB: module 'zhipuai' has no attribute 'model_api'
2026-05-19 06:15:55,405 [WARNING] No categories for FUB
2026-05-19 06:15:55,405 [WARNING] No categories for FUB
2026-05-19 06:15:56,056 [INFO] Processing [FI5] from 2026-05-11
2026-05-19 06:15:56,056 [INFO] Processing [FI5] from 2026-05-11
2026-05-19 06:15:56,201 [INFO] Downloaded PDF FI5 (78KB)
2026-05-19 06:15:56,201 [INFO] Downloaded PDF FI5 (78KB)
2026-05-19 06:15:57,879 [ERROR] GLM failed for FI5: module 'zhipuai' has no attribute 'model_api'
2026-05-19 06:15:57,879 [ERROR] GLM failed for FI5: module 'zhipuai' has no attribute 'model_api'
2026-05-19 06:15:57,879 [WARNING] No categories for FI5
2026-05-19 06:15:57,879 [WARNING] No categories for FI5
2026-05-19 06:15:58,530 [INFO] Processing [ENS] from 2026-05-11
2026-05-19 06:15:58,530 [INFO] Processing [ENS] from 2026-05-11
2026-05-19 06:15:58,682 [INFO] Downloaded PDF ENS (78KB)
2026-05-19 06:15:58,682 [INFO] Downloaded PDF ENS (78KB)
2026-05-19 06:16:00,384 [ERROR] GLM failed for ENS: module 'zhipuai' has no attribute 'model_api'
2026-05-19 06:16:00,384 [ERROR] GLM failed for ENS: module 'zhipuai' has no attribute 'model_api'
2026-05-19 06:16:00,385 [WARNING] No categories for ENS
2026-05-19 06:16:00,385 [WARNING] No categories for ENS
2026-05-19 06:16:00,910 [INFO] Processing [EDD] from 2026-05-11
2026-05-19 06:16:00,910 [INFO] Processing [EDD] from 2026-05-11
2026-05-19 06:16:01,360 [INFO] Downloaded PDF EDD (78KB)
2026-05-19 06:16:01,360 [INFO] Downloaded PDF EDD (78KB)
2026-05-19 06:16:03,065 [ERROR] GLM failed for EDD: module 'zhipuai' has no attribute 'model_api'
2026-05-19 06:16:03,065 [ERROR] GLM failed for EDD: module 'zhipuai' has no attribute 'model_api'
2026-05-19 06:16:03,065 [WARNING] No categories for EDD
2026-05-19 06:16:03,065 [WARNING] No categories for EDD
2026-05-19 06:16:03,716 [INFO] Processing [ENA] from 2026-05-11
2026-05-19 06:16:03,716 [INFO] Processing [ENA] from 2026-05-11
2026-05-19 06:16:03,885 [INFO] Downloaded PDF ENA (78KB)
2026-05-19 06:16:03,885 [INFO] Downloaded PDF ENA (78KB)
2026-05-19 06:16:05,587 [ERROR] GLM failed for ENA: module 'zhipuai' has no attribute 'model_api'
2026-05-19 06:16:05,587 [ERROR] GLM failed for ENA: module 'zhipuai' has no attribute 'model_api'
2026-05-19 06:16:05,587 [WARNING] No categories for ENA
2026-05-19 06:16:05,587 [WARNING] No categories for ENA
2026-05-19 06:16:06,237 [INFO] Processing [EDD] from 2026-05-11
2026-05-19 06:16:06,237 [INFO] Processing [EDD] from 2026-05-11
2026-05-19 06:16:06,386 [INFO] Downloaded PDF EDD (78KB)
2026-05-19 06:16:06,386 [INFO] Downloaded PDF EDD (78KB)
2026-05-19 06:16:08,090 [ERROR] GLM failed for EDD: module 'zhipuai' has no attribute 'model_api'
2026-05-19 06:16:08,090 [ERROR] GLM failed for EDD: module 'zhipuai' has no attribute 'model_api'
2026-05-19 06:16:08,090 [WARNING] No categories for EDD
2026-05-19 06:16:08,090 [WARNING] No categories for EDD
2026-05-19 06:16:08,741 [INFO] Processing [IOO] from 2026-05-11
2026-05-19 06:16:08,741 [INFO] Processing [IOO] from 2026-05-11
2026-05-19 06:16:08,915 [INFO] Downloaded PDF IOO (78KB)
2026-05-19 06:16:08,915 [INFO] Downloaded PDF IOO (78KB)
2026-05-19 06:16:10,610 [ERROR] GLM failed for IOO: module 'zhipuai' has no attribute 'model_api'
2026-05-19 06:16:10,610 [ERROR] GLM failed for IOO: module 'zhipuai' has no attribute 'model_api'
2026-05-19 06:16:10,610 [WARNING] No categories for IOO
2026-05-19 06:16:10,610 [WARNING] No categories for IOO
2026-05-19 06:16:11,233 [INFO] Processing [SLG] from 2026-05-11
2026-05-19 06:16:11,233 [INFO] Processing [SLG] from 2026-05-11
2026-05-19 06:16:11,385 [INFO] Downloaded PDF SLG (78KB)
2026-05-19 06:16:11,385 [INFO] Downloaded PDF SLG (78KB)
2026-05-19 06:16:13,071 [ERROR] GLM failed for SLG: module 'zhipuai' has no attribute 'model_api'
2026-05-19 06:16:13,071 [ERROR] GLM failed for SLG: module 'zhipuai' has no attribute 'model_api'
2026-05-19 06:16:13,071 [WARNING] No categories for SLG
2026-05-19 06:16:13,071 [WARNING] No categories for SLG
2026-05-19 06:16:13,721 [INFO] Processing [PTS] from 2026-05-11
2026-05-19 06:16:13,721 [INFO] Processing [PTS] from 2026-05-11
2026-05-19 06:16:13,891 [INFO] Downloaded PDF PTS (78KB)
2026-05-19 06:16:13,891 [INFO] Downloaded PDF PTS (78KB)
2026-05-19 06:16:15,596 [ERROR] GLM failed for PTS: module 'zhipuai' has no attribute 'model_api'
2026-05-19 06:16:15,596 [ERROR] GLM failed for PTS: module 'zhipuai' has no attribute 'model_api'
2026-05-19 06:16:15,596 [WARNING] No categories for PTS
2026-05-19 06:16:15,596 [WARNING] No categories for PTS
2026-05-19 06:16:16,247 [INFO] Processing [FI5] from 2026-05-11
2026-05-19 06:16:16,247 [INFO] Processing [FI5] from 2026-05-11
2026-05-19 06:16:16,407 [INFO] Downloaded PDF FI5 (77KB)
2026-05-19 06:16:16,407 [INFO] Downloaded PDF FI5 (77KB)
2026-05-19 06:16:18,014 [ERROR] GLM failed for FI5: module 'zhipuai' has no attribute 'model_api'
2026-05-19 06:16:18,014 [ERROR] GLM failed for FI5: module 'zhipuai' has no attribute 'model_api'
2026-05-19 06:16:18,014 [WARNING] No categories for FI5
2026-05-19 06:16:18,014 [WARNING] No categories for FI5
2026-05-19 06:16:18,664 [INFO] Processing [OVD] from 2026-05-11
2026-05-19 06:16:18,664 [INFO] Processing [OVD] from 2026-05-11
2026-05-19 06:16:18,808 [INFO] Downloaded PDF OVD (77KB)
2026-05-19 06:16:18,808 [INFO] Downloaded PDF OVD (77KB)
2026-05-19 06:16:20,491 [ERROR] GLM failed for OVD: module 'zhipuai' has no attribute 'model_api'
2026-05-19 06:16:20,491 [ERROR] GLM failed for OVD: module 'zhipuai' has no attribute 'model_api'
2026-05-19 06:16:20,491 [WARNING] No categories for OVD
2026-05-19 06:16:20,491 [WARNING] No categories for OVD
2026-05-19 06:16:21,142 [INFO] Processing [OPJ] from 2026-05-11
2026-05-19 06:16:21,142 [INFO] Processing [OPJ] from 2026-05-11
2026-05-19 06:16:21,296 [INFO] Downloaded PDF OPJ (77KB)
2026-05-19 06:16:21,296 [INFO] Downloaded PDF OPJ (77KB)
2026-05-19 06:16:22,970 [ERROR] GLM failed for OPJ: module 'zhipuai' has no attribute 'model_api'
2026-05-19 06:16:22,970 [ERROR] GLM failed for OPJ: module 'zhipuai' has no attribute 'model_api'
2026-05-19 06:16:22,971 [WARNING] No categories for OPJ
2026-05-19 06:16:22,971 [WARNING] No categories for OPJ
2026-05-19 06:16:23,621 [INFO] Processing [FNO] from 2026-05-11
2026-05-19 06:16:23,621 [INFO] Processing [FNO] from 2026-05-11
2026-05-19 06:16:23,772 [INFO] Downloaded PDF FNO (78KB)
2026-05-19 06:16:23,772 [INFO] Downloaded PDF FNO (78KB)
2026-05-19 06:16:25,470 [ERROR] GLM failed for FNO: module 'zhipuai' has no attribute 'model_api'
2026-05-19 06:16:25,470 [ERROR] GLM failed for FNO: module 'zhipuai' has no attribute 'model_api'
2026-05-19 06:16:25,471 [WARNING] No categories for FNO
2026-05-19 06:16:25,471 [WARNING] No categories for FNO
2026-05-19 06:16:26,121 [INFO] Processing [FGS] from 2026-05-11
2026-05-19 06:16:26,121 [INFO] Processing [FGS] from 2026-05-11
2026-05-19 06:16:26,292 [INFO] Downloaded PDF FGS (78KB)
2026-05-19 06:16:26,292 [INFO] Downloaded PDF FGS (78KB)
2026-05-19 06:16:27,994 [ERROR] GLM failed for FGS: module 'zhipuai' has no attribute 'model_api'
2026-05-19 06:16:27,994 [ERROR] GLM failed for FGS: module 'zhipuai' has no attribute 'model_api'
2026-05-19 06:16:27,994 [WARNING] No categories for FGS
2026-05-19 06:16:27,994 [WARNING] No categories for FGS
2026-05-19 06:16:28,607 [INFO] Processing [FKE] from 2026-05-11
2026-05-19 06:16:28,607 [INFO] Processing [FKE] from 2026-05-11
2026-05-19 06:16:28,752 [INFO] Downloaded PDF FKE (78KB)
2026-05-19 06:16:28,752 [INFO] Downloaded PDF FKE (78KB)
2026-05-19 06:16:30,451 [ERROR] GLM failed for FKE: module 'zhipuai' has no attribute 'model_api'
2026-05-19 06:16:30,451 [ERROR] GLM failed for FKE: module 'zhipuai' has no attribute 'model_api'
2026-05-19 06:16:30,452 [WARNING] No categories for FKE
2026-05-19 06:16:30,452 [WARNING] No categories for FKE
2026-05-19 06:16:31,102 [INFO] Processing [FI5] from 2026-05-11
2026-05-19 06:16:31,102 [INFO] Processing [FI5] from 2026-05-11
2026-05-19 06:16:31,264 [INFO] Downloaded PDF FI5 (77KB)
2026-05-19 06:16:31,264 [INFO] Downloaded PDF FI5 (77KB)
2026-05-19 06:16:32,960 [ERROR] GLM failed for FI5: module 'zhipuai' has no attribute 'model_api'
2026-05-19 06:16:32,960 [ERROR] GLM failed for FI5: module 'zhipuai' has no attribute 'model_api'
2026-05-19 06:16:32,960 [WARNING] No categories for FI5
2026-05-19 06:16:32,960 [WARNING] No categories for FI5
2026-05-19 06:16:33,611 [INFO] Processing [FFP] from 2026-05-11
2026-05-19 06:16:33,611 [INFO] Processing [FFP] from 2026-05-11
2026-05-19 06:16:33,774 [INFO] Downloaded PDF FFP (77KB)
2026-05-19 06:16:33,774 [INFO] Downloaded PDF FFP (77KB)
2026-05-19 06:16:35,468 [ERROR] GLM failed for FFP: module 'zhipuai' has no attribute 'model_api'
2026-05-19 06:16:35,468 [ERROR] GLM failed for FFP: module 'zhipuai' has no attribute 'model_api'
2026-05-19 06:16:35,468 [WARNING] No categories for FFP
2026-05-19 06:16:35,468 [WARNING] No categories for FFP
2026-05-19 06:16:36,118 [INFO] Processing [FFP] from 2026-05-11
2026-05-19 06:16:36,118 [INFO] Processing [FFP] from 2026-05-11
2026-05-19 06:16:36,277 [INFO] Downloaded PDF FFP (77KB)
2026-05-19 06:16:36,277 [INFO] Downloaded PDF FFP (77KB)
2026-05-19 06:16:37,963 [ERROR] GLM failed for FFP: module 'zhipuai' has no attribute 'model_api'
2026-05-19 06:16:37,963 [ERROR] GLM failed for FFP: module 'zhipuai' has no attribute 'model_api'
2026-05-19 06:16:37,963 [WARNING] No categories for FFP
2026-05-19 06:16:37,963 [WARNING] No categories for FFP
2026-05-19 06:16:38,614 [INFO] Processing [TPR] from 2026-05-11
2026-05-19 06:16:38,614 [INFO] Processing [TPR] from 2026-05-11
2026-05-19 06:16:38,767 [INFO] Downloaded PDF TPR (78KB)
2026-05-19 06:16:38,767 [INFO] Downloaded PDF TPR (78KB)
2026-05-19 06:16:40,464 [ERROR] GLM failed for TPR: module 'zhipuai' has no attribute 'model_api'
2026-05-19 06:16:40,464 [ERROR] GLM failed for TPR: module 'zhipuai' has no attribute 'model_api'
2026-05-19 06:16:40,464 [WARNING] No categories for TPR
2026-05-19 06:16:40,464 [WARNING] No categories for TPR
2026-05-19 06:16:41,115 [INFO] Processing [SUB] from 2026-05-11
2026-05-19 06:16:41,115 [INFO] Processing [SUB] from 2026-05-11
2026-05-19 06:16:41,273 [INFO] Downloaded PDF SUB (78KB)
2026-05-19 06:16:41,273 [INFO] Downloaded PDF SUB (78KB)
2026-05-19 06:16:42,970 [ERROR] GLM failed for SUB: module 'zhipuai' has no attribute 'model_api'
2026-05-19 06:16:42,970 [ERROR] GLM failed for SUB: module 'zhipuai' has no attribute 'model_api'
2026-05-19 06:16:42,970 [WARNING] No categories for SUB
2026-05-19 06:16:42,970 [WARNING] No categories for SUB
2026-05-19 06:16:43,621 [INFO] Processing [AFO] from 2026-05-11
2026-05-19 06:16:43,621 [INFO] Processing [AFO] from 2026-05-11
2026-05-19 06:16:43,782 [INFO] Downloaded PDF AFO (78KB)
2026-05-19 06:16:43,782 [INFO] Downloaded PDF AFO (78KB)
2026-05-19 06:16:45,461 [ERROR] GLM failed for AFO: module 'zhipuai' has no attribute 'model_api'
2026-05-19 06:16:45,461 [ERROR] GLM failed for AFO: module 'zhipuai' has no attribute 'model_api'
2026-05-19 06:16:45,462 [WARNING] No categories for AFO
2026-05-19 06:16:45,462 [WARNING] No categories for AFO
2026-05-19 06:16:46,112 [INFO] Processing [UPP] from 2026-05-11
2026-05-19 06:16:46,112 [INFO] Processing [UPP] from 2026-05-11
2026-05-19 06:16:46,287 [INFO] Downloaded PDF UPP (78KB)
2026-05-19 06:16:46,287 [INFO] Downloaded PDF UPP (78KB)
2026-05-19 06:16:47,994 [ERROR] GLM failed for UPP: module 'zhipuai' has no attribute 'model_api'
2026-05-19 06:16:47,994 [ERROR] GLM failed for UPP: module 'zhipuai' has no attribute 'model_api'
2026-05-19 06:16:47,995 [WARNING] No categories for UPP
2026-05-19 06:16:47,995 [WARNING] No categories for UPP
2026-05-19 06:16:48,645 [INFO] Processing [USY] from 2026-05-11
2026-05-19 06:16:48,645 [INFO] Processing [USY] from 2026-05-11
2026-05-19 06:16:48,794 [INFO] Downloaded PDF USY (78KB)
2026-05-19 06:16:48,794 [INFO] Downloaded PDF USY (78KB)
2026-05-19 06:16:50,481 [ERROR] GLM failed for USY: module 'zhipuai' has no attribute 'model_api'
2026-05-19 06:16:50,481 [ERROR] GLM failed for USY: module 'zhipuai' has no attribute 'model_api'
2026-05-19 06:16:50,481 [WARNING] No categories for USY
2026-05-19 06:16:50,481 [WARNING] No categories for USY
2026-05-19 06:16:51,132 [INFO] Processing [TPR] from 2026-05-11
2026-05-19 06:16:51,132 [INFO] Processing [TPR] from 2026-05-11
2026-05-19 06:16:51,287 [INFO] Downloaded PDF TPR (78KB)
2026-05-19 06:16:51,287 [INFO] Downloaded PDF TPR (78KB)
2026-05-19 06:16:52,865 [ERROR] GLM failed for TPR: module 'zhipuai' has no attribute 'model_api'
2026-05-19 06:16:52,865 [ERROR] GLM failed for TPR: module 'zhipuai' has no attribute 'model_api'
2026-05-19 06:16:52,865 [WARNING] No categories for TPR
2026-05-19 06:16:52,865 [WARNING] No categories for TPR
2026-05-19 06:16:53,516 [INFO] Processing [IOO] from 2026-05-11
2026-05-19 06:16:53,516 [INFO] Processing [IOO] from 2026-05-11
2026-05-19 06:16:53,685 [INFO] Downloaded PDF IOO (77KB)
2026-05-19 06:16:53,685 [INFO] Downloaded PDF IOO (77KB)
2026-05-19 06:16:55,387 [ERROR] GLM failed for IOO: module 'zhipuai' has no attribute 'model_api'
2026-05-19 06:16:55,387 [ERROR] GLM failed for IOO: module 'zhipuai' has no attribute 'model_api'
2026-05-19 06:16:55,387 [WARNING] No categories for IOO
2026-05-19 06:16:55,387 [WARNING] No categories for IOO
2026-05-19 06:16:56,037 [INFO] Processing [OUR] from 2026-05-11
2026-05-19 06:16:56,037 [INFO] Processing [OUR] from 2026-05-11
2026-05-19 06:16:56,193 [INFO] Downloaded PDF OUR (77KB)
2026-05-19 06:16:56,193 [INFO] Downloaded PDF OUR (77KB)
2026-05-19 06:16:57,847 [ERROR] GLM failed for OUR: module 'zhipuai' has no attribute 'model_api'
2026-05-19 06:16:57,847 [ERROR] GLM failed for OUR: module 'zhipuai' has no attribute 'model_api'
2026-05-19 06:16:57,848 [WARNING] No categories for OUR
2026-05-19 06:16:57,848 [WARNING] No categories for OUR
2026-05-19 06:16:58,498 [INFO] Processing [OUB] from 2026-05-11
2026-05-19 06:16:58,498 [INFO] Processing [OUB] from 2026-05-11
2026-05-19 06:16:58,659 [INFO] Downloaded PDF OUB (77KB)
2026-05-19 06:16:58,659 [INFO] Downloaded PDF OUB (77KB)
2026-05-19 06:17:00,315 [ERROR] GLM failed for OUB: module 'zhipuai' has no attribute 'model_api'
2026-05-19 06:17:00,315 [ERROR] GLM failed for OUB: module 'zhipuai' has no attribute 'model_api'
2026-05-19 06:17:00,315 [WARNING] No categories for OUB
2026-05-19 06:17:00,315 [WARNING] No categories for OUB
2026-05-19 06:17:00,966 [INFO] Processing [OSL] from 2026-05-11
2026-05-19 06:17:00,966 [INFO] Processing [OSL] from 2026-05-11
2026-05-19 06:17:01,128 [INFO] Downloaded PDF OSL (78KB)
2026-05-19 06:17:01,128 [INFO] Downloaded PDF OSL (78KB)
2026-05-19 06:17:02,833 [ERROR] GLM failed for OSL: module 'zhipuai' has no attribute 'model_api'
2026-05-19 06:17:02,833 [ERROR] GLM failed for OSL: module 'zhipuai' has no attribute 'model_api'
2026-05-19 06:17:02,833 [WARNING] No categories for OSL
2026-05-19 06:17:02,833 [WARNING] No categories for OSL
2026-05-19 06:17:03,425 [INFO] Processing [AYR] from 2026-05-11
2026-05-19 06:17:03,425 [INFO] Processing [AYR] from 2026-05-11
2026-05-19 06:17:03,627 [INFO] Downloaded PDF AYR (77KB)
2026-05-19 06:17:03,627 [INFO] Downloaded PDF AYR (77KB)
2026-05-19 06:17:05,328 [ERROR] GLM failed for AYR: module 'zhipuai' has no attribute 'model_api'
2026-05-19 06:17:05,328 [ERROR] GLM failed for AYR: module 'zhipuai' has no attribute 'model_api'
2026-05-19 06:17:05,329 [WARNING] No categories for AYR
2026-05-19 06:17:05,329 [WARNING] No categories for AYR
2026-05-19 06:17:05,979 [INFO] Processing [BTL] from 2026-05-11
2026-05-19 06:17:05,979 [INFO] Processing [BTL] from 2026-05-11
2026-05-19 06:17:06,128 [INFO] Downloaded PDF BTL (77KB)
2026-05-19 06:17:06,128 [INFO] Downloaded PDF BTL (77KB)
2026-05-19 06:17:07,820 [ERROR] GLM failed for BTL: module 'zhipuai' has no attribute 'model_api'
2026-05-19 06:17:07,820 [ERROR] GLM failed for BTL: module 'zhipuai' has no attribute 'model_api'
2026-05-19 06:17:07,820 [WARNING] No categories for BTL
2026-05-19 06:17:07,820 [WARNING] No categories for BTL
2026-05-19 06:17:08,353 [INFO] Processing [BTL] from 2026-05-11
2026-05-19 06:17:08,353 [INFO] Processing [BTL] from 2026-05-11
2026-05-19 06:17:08,533 [INFO] Downloaded PDF BTL (77KB)
2026-05-19 06:17:08,533 [INFO] Downloaded PDF BTL (77KB)
2026-05-19 06:17:10,091 [ERROR] GLM failed for BTL: module 'zhipuai' has no attribute 'model_api'
2026-05-19 06:17:10,091 [ERROR] GLM failed for BTL: module 'zhipuai' has no attribute 'model_api'
2026-05-19 06:17:10,091 [WARNING] No categories for BTL
2026-05-19 06:17:10,091 [WARNING] No categories for BTL
2026-05-19 06:17:10,742 [INFO] Processing [BTL] from 2026-05-11
2026-05-19 06:17:10,742 [INFO] Processing [BTL] from 2026-05-11
2026-05-19 06:17:10,892 [INFO] Downloaded PDF BTL (78KB)
2026-05-19 06:17:10,892 [INFO] Downloaded PDF BTL (78KB)
2026-05-19 06:17:12,587 [ERROR] GLM failed for BTL: module 'zhipuai' has no attribute 'model_api'
2026-05-19 06:17:12,587 [ERROR] GLM failed for BTL: module 'zhipuai' has no attribute 'model_api'
2026-05-19 06:17:12,587 [WARNING] No categories for BTL
2026-05-19 06:17:12,587 [WARNING] No categories for BTL
2026-05-19 06:17:13,238 [INFO] Processing [BTL] from 2026-05-11
2026-05-19 06:17:13,238 [INFO] Processing [BTL] from 2026-05-11
2026-05-19 06:17:13,397 [INFO] Downloaded PDF BTL (78KB)
2026-05-19 06:17:13,397 [INFO] Downloaded PDF BTL (78KB)
2026-05-19 06:17:15,104 [ERROR] GLM failed for BTL: module 'zhipuai' has no attribute 'model_api'
2026-05-19 06:17:15,104 [ERROR] GLM failed for BTL: module 'zhipuai' has no attribute 'model_api'
2026-05-19 06:17:15,104 [WARNING] No categories for BTL
2026-05-19 06:17:15,104 [WARNING] No categories for BTL
2026-05-19 06:17:15,754 [INFO] Processing [OPI] from 2026-05-11
2026-05-19 06:17:15,754 [INFO] Processing [OPI] from 2026-05-11
2026-05-19 06:17:15,900 [INFO] Downloaded PDF OPI (77KB)
2026-05-19 06:17:15,900 [INFO] Downloaded PDF OPI (77KB)
2026-05-19 06:17:17,597 [ERROR] GLM failed for OPI: module 'zhipuai' has no attribute 'model_api'
2026-05-19 06:17:17,597 [ERROR] GLM failed for OPI: module 'zhipuai' has no attribute 'model_api'
2026-05-19 06:17:17,597 [WARNING] No categories for OPI
2026-05-19 06:17:17,597 [WARNING] No categories for OPI
2026-05-19 06:17:18,248 [INFO] Processing [OPB] from 2026-05-11
2026-05-19 06:17:18,248 [INFO] Processing [OPB] from 2026-05-11
2026-05-19 06:17:18,408 [INFO] Downloaded PDF OPB (77KB)
2026-05-19 06:17:18,408 [INFO] Downloaded PDF OPB (77KB)
2026-05-19 06:17:20,102 [ERROR] GLM failed for OPB: module 'zhipuai' has no attribute 'model_api'
2026-05-19 06:17:20,102 [ERROR] GLM failed for OPB: module 'zhipuai' has no attribute 'model_api'
2026-05-19 06:17:20,103 [WARNING] No categories for OPB
2026-05-19 06:17:20,103 [WARNING] No categories for OPB
2026-05-19 06:17:20,753 [INFO] Processing [ITC] from 2026-05-11
2026-05-19 06:17:20,753 [INFO] Processing [ITC] from 2026-05-11
2026-05-19 06:17:20,918 [INFO] Downloaded PDF ITC (78KB)
2026-05-19 06:17:20,918 [INFO] Downloaded PDF ITC (78KB)
2026-05-19 06:17:22,621 [ERROR] GLM failed for ITC: module 'zhipuai' has no attribute 'model_api'
2026-05-19 06:17:22,621 [ERROR] GLM failed for ITC: module 'zhipuai' has no attribute 'model_api'
2026-05-19 06:17:22,621 [WARNING] No categories for ITC
2026-05-19 06:17:22,621 [WARNING] No categories for ITC
2026-05-19 06:17:23,272 [INFO] Processing [IRY] from 2026-05-11
2026-05-19 06:17:23,272 [INFO] Processing [IRY] from 2026-05-11
2026-05-19 06:17:23,425 [INFO] Downloaded PDF IRY (78KB)
2026-05-19 06:17:23,425 [INFO] Downloaded PDF IRY (78KB)
2026-05-19 06:17:25,029 [ERROR] GLM failed for IRY: module 'zhipuai' has no attribute 'model_api'
2026-05-19 06:17:25,029 [ERROR] GLM failed for IRY: module 'zhipuai' has no attribute 'model_api'
2026-05-19 06:17:25,029 [WARNING] No categories for IRY
2026-05-19 06:17:25,029 [WARNING] No categories for IRY
2026-05-19 06:17:25,680 [INFO] Processing [NVK] from 2026-05-11
2026-05-19 06:17:25,680 [INFO] Processing [NVK] from 2026-05-11
2026-05-19 06:17:25,837 [INFO] Downloaded PDF NVK (78KB)
2026-05-19 06:17:25,837 [INFO] Downloaded PDF NVK (78KB)
2026-05-19 06:17:27,446 [ERROR] GLM failed for NVK: module 'zhipuai' has no attribute 'model_api'
2026-05-19 06:17:27,446 [ERROR] GLM failed for NVK: module 'zhipuai' has no attribute 'model_api'
2026-05-19 06:17:27,446 [WARNING] No categories for NVK
2026-05-19 06:17:27,446 [WARNING] No categories for NVK
2026-05-19 06:17:28,096 [INFO] Processing [IV7] from 2026-05-11
2026-05-19 06:17:28,096 [INFO] Processing [IV7] from 2026-05-11
2026-05-19 06:17:28,250 [INFO] Downloaded PDF IV7 (78KB)
2026-05-19 06:17:28,250 [INFO] Downloaded PDF IV7 (78KB)
2026-05-19 06:17:29,954 [ERROR] GLM failed for IV7: module 'zhipuai' has no attribute 'model_api'
2026-05-19 06:17:29,954 [ERROR] GLM failed for IV7: module 'zhipuai' has no attribute 'model_api'
2026-05-19 06:17:29,954 [WARNING] No categories for IV7
2026-05-19 06:17:29,954 [WARNING] No categories for IV7
2026-05-19 06:17:30,604 [INFO] Processing [IUC] from 2026-05-11
2026-05-19 06:17:30,604 [INFO] Processing [IUC] from 2026-05-11
2026-05-19 06:17:30,773 [INFO] Downloaded PDF IUC (78KB)
2026-05-19 06:17:30,773 [INFO] Downloaded PDF IUC (78KB)
2026-05-19 06:17:32,479 [ERROR] GLM failed for IUC: module 'zhipuai' has no attribute 'model_api'
2026-05-19 06:17:32,479 [ERROR] GLM failed for IUC: module 'zhipuai' has no attribute 'model_api'
2026-05-19 06:17:32,480 [WARNING] No categories for IUC
2026-05-19 06:17:32,480 [WARNING] No categories for IUC
2026-05-19 06:17:33,130 [INFO] Processing [IRY] from 2026-05-11
2026-05-19 06:17:33,130 [INFO] Processing [IRY] from 2026-05-11
2026-05-19 06:17:33,280 [INFO] Downloaded PDF IRY (78KB)
2026-05-19 06:17:33,280 [INFO] Downloaded PDF IRY (78KB)
2026-05-19 06:17:34,983 [ERROR] GLM failed for IRY: module 'zhipuai' has no attribute 'model_api'
2026-05-19 06:17:34,983 [ERROR] GLM failed for IRY: module 'zhipuai' has no attribute 'model_api'
2026-05-19 06:17:34,983 [WARNING] No categories for IRY
2026-05-19 06:17:34,983 [WARNING] No categories for IRY
2026-05-19 06:17:35,633 [INFO] Processing [INZ] from 2026-05-11
2026-05-19 06:17:35,633 [INFO] Processing [INZ] from 2026-05-11
2026-05-19 06:17:35,803 [INFO] Downloaded PDF INZ (78KB)
2026-05-19 06:17:35,803 [INFO] Downloaded PDF INZ (78KB)
2026-05-19 06:17:37,473 [ERROR] GLM failed for INZ: module 'zhipuai' has no attribute 'model_api'
2026-05-19 06:17:37,473 [ERROR] GLM failed for INZ: module 'zhipuai' has no attribute 'model_api'
2026-05-19 06:17:37,473 [WARNING] No categories for INZ
2026-05-19 06:17:37,473 [WARNING] No categories for INZ
2026-05-19 06:17:38,124 [INFO] Processing [INZ] from 2026-05-11
2026-05-19 06:17:38,124 [INFO] Processing [INZ] from 2026-05-11
2026-05-19 06:17:38,289 [INFO] Downloaded PDF INZ (78KB)
2026-05-19 06:17:38,289 [INFO] Downloaded PDF INZ (78KB)
2026-05-19 06:17:39,982 [ERROR] GLM failed for INZ: module 'zhipuai' has no attribute 'model_api'
2026-05-19 06:17:39,982 [ERROR] GLM failed for INZ: module 'zhipuai' has no attribute 'model_api'
2026-05-19 06:17:39,982 [WARNING] No categories for INZ
2026-05-19 06:17:39,982 [WARNING] No categories for INZ
2026-05-19 06:17:40,633 [INFO] Processing [IJA] from 2026-05-11
2026-05-19 06:17:40,633 [INFO] Processing [IJA] from 2026-05-11
2026-05-19 06:17:40,788 [INFO] Downloaded PDF IJA (78KB)
2026-05-19 06:17:40,788 [INFO] Downloaded PDF IJA (78KB)
2026-05-19 06:17:42,426 [ERROR] GLM failed for IJA: module 'zhipuai' has no attribute 'model_api'
2026-05-19 06:17:42,426 [ERROR] GLM failed for IJA: module 'zhipuai' has no attribute 'model_api'
2026-05-19 06:17:42,426 [WARNING] No categories for IJA
2026-05-19 06:17:42,426 [WARNING] No categories for IJA
2026-05-19 06:17:43,077 [INFO] Processing [IRY] from 2026-05-11
2026-05-19 06:17:43,077 [INFO] Processing [IRY] from 2026-05-11
2026-05-19 06:17:43,179 [WARNING] HTTP 429 for https://www.kap.org.tr/tr/api/BildirimPdf/1604518, retry 1/5 in 2s
2026-05-19 06:17:43,179 [WARNING] HTTP 429 for https://www.kap.org.tr/tr/api/BildirimPdf/1604518, retry 1/5 in 2s
2026-05-19 06:17:45,418 [WARNING] HTTP 429 for https://www.kap.org.tr/tr/api/BildirimPdf/1604518, retry 2/5 in 3s
2026-05-19 06:17:45,418 [WARNING] HTTP 429 for https://www.kap.org.tr/tr/api/BildirimPdf/1604518, retry 2/5 in 3s
2026-05-19 06:17:48,528 [WARNING] HTTP 429 for https://www.kap.org.tr/tr/api/BildirimPdf/1604518, retry 3/5 in 5s
2026-05-19 06:17:48,528 [WARNING] HTTP 429 for https://www.kap.org.tr/tr/api/BildirimPdf/1604518, retry 3/5 in 5s
2026-05-19 06:17:53,655 [WARNING] HTTP 429 for https://www.kap.org.tr/tr/api/BildirimPdf/1604518, retry 4/5 in 9s
2026-05-19 06:17:53,655 [WARNING] HTTP 429 for https://www.kap.org.tr/tr/api/BildirimPdf/1604518, retry 4/5 in 9s
2026-05-19 06:18:02,912 [WARNING] HTTP 429 for https://www.kap.org.tr/tr/api/BildirimPdf/1604518, retry 5/5 in 17s
2026-05-19 06:18:02,912 [WARNING] HTTP 429 for https://www.kap.org.tr/tr/api/BildirimPdf/1604518, retry 5/5 in 17s
2026-05-19 06:18:20,243 [WARNING] No attachment URL in disclosure 1604518
2026-05-19 06:18:20,243 [WARNING] No attachment URL in disclosure 1604518
2026-05-19 06:18:20,248 [INFO] Processing [IAY] from 2026-05-11
2026-05-19 06:18:20,248 [INFO] Processing [IAY] from 2026-05-11
2026-05-19 06:18:20,342 [WARNING] HTTP 429 for https://www.kap.org.tr/tr/api/BildirimPdf/1604514, retry 1/5 in 2s
2026-05-19 06:18:20,342 [WARNING] HTTP 429 for https://www.kap.org.tr/tr/api/BildirimPdf/1604514, retry 1/5 in 2s
2026-05-19 06:18:22,569 [WARNING] HTTP 429 for https://www.kap.org.tr/tr/api/BildirimPdf/1604514, retry 2/5 in 3s
2026-05-19 06:18:22,569 [WARNING] HTTP 429 for https://www.kap.org.tr/tr/api/BildirimPdf/1604514, retry 2/5 in 3s
2026-05-19 06:18:25,826 [WARNING] HTTP 429 for https://www.kap.org.tr/tr/api/BildirimPdf/1604514, retry 3/5 in 5s
2026-05-19 06:18:25,826 [WARNING] HTTP 429 for https://www.kap.org.tr/tr/api/BildirimPdf/1604514, retry 3/5 in 5s
2026-05-19 06:18:31,076 [WARNING] HTTP 429 for https://www.kap.org.tr/tr/api/BildirimPdf/1604514, retry 4/5 in 9s
2026-05-19 06:18:31,076 [WARNING] HTTP 429 for https://www.kap.org.tr/tr/api/BildirimPdf/1604514, retry 4/5 in 9s
2026-05-19 06:18:40,318 [WARNING] HTTP 429 for https://www.kap.org.tr/tr/api/BildirimPdf/1604514, retry 5/5 in 17s
2026-05-19 06:18:40,318 [WARNING] HTTP 429 for https://www.kap.org.tr/tr/api/BildirimPdf/1604514, retry 5/5 in 17s
2026-05-19 06:18:57,709 [WARNING] No attachment URL in disclosure 1604514
2026-05-19 06:18:57,709 [WARNING] No attachment URL in disclosure 1604514
2026-05-19 06:18:57,715 [INFO] Processing [TPR] from 2026-05-11
2026-05-19 06:18:57,715 [INFO] Processing [TPR] from 2026-05-11
2026-05-19 06:18:57,810 [WARNING] HTTP 429 for https://www.kap.org.tr/tr/api/BildirimPdf/1604513, retry 1/5 in 2s
2026-05-19 06:18:57,810 [WARNING] HTTP 429 for https://www.kap.org.tr/tr/api/BildirimPdf/1604513, retry 1/5 in 2s
2026-05-19 06:19:00,066 [WARNING] HTTP 429 for https://www.kap.org.tr/tr/api/BildirimPdf/1604513, retry 2/5 in 3s
2026-05-19 06:19:00,066 [WARNING] HTTP 429 for https://www.kap.org.tr/tr/api/BildirimPdf/1604513, retry 2/5 in 3s
2026-05-19 06:19:03,317 [WARNING] HTTP 429 for https://www.kap.org.tr/tr/api/BildirimPdf/1604513, retry 3/5 in 5s
2026-05-19 06:19:03,317 [WARNING] HTTP 429 for https://www.kap.org.tr/tr/api/BildirimPdf/1604513, retry 3/5 in 5s
2026-05-19 06:19:08,562 [WARNING] HTTP 429 for https://www.kap.org.tr/tr/api/BildirimPdf/1604513, retry 4/5 in 9s
2026-05-19 06:19:08,562 [WARNING] HTTP 429 for https://www.kap.org.tr/tr/api/BildirimPdf/1604513, retry 4/5 in 9s
2026-05-19 06:19:17,819 [WARNING] HTTP 429 for https://www.kap.org.tr/tr/api/BildirimPdf/1604513, retry 5/5 in 17s
2026-05-19 06:19:17,819 [WARNING] HTTP 429 for https://www.kap.org.tr/tr/api/BildirimPdf/1604513, retry 5/5 in 17s
2026-05-19 06:19:35,241 [WARNING] No attachment URL in disclosure 1604513
2026-05-19 06:19:35,241 [WARNING] No attachment URL in disclosure 1604513
2026-05-19 06:19:35,247 [INFO] Processing [TPR] from 2026-05-11
2026-05-19 06:19:35,247 [INFO] Processing [TPR] from 2026-05-11
2026-05-19 06:19:35,344 [WARNING] HTTP 429 for https://www.kap.org.tr/tr/api/BildirimPdf/1604512, retry 1/5 in 2s
2026-05-19 06:19:35,344 [WARNING] HTTP 429 for https://www.kap.org.tr/tr/api/BildirimPdf/1604512, retry 1/5 in 2s
2026-05-19 06:19:37,604 [WARNING] HTTP 429 for https://www.kap.org.tr/tr/api/BildirimPdf/1604512, retry 2/5 in 3s
2026-05-19 06:19:37,604 [WARNING] HTTP 429 for https://www.kap.org.tr/tr/api/BildirimPdf/1604512, retry 2/5 in 3s
2026-05-19 06:19:40,831 [WARNING] HTTP 429 for https://www.kap.org.tr/tr/api/BildirimPdf/1604512, retry 3/5 in 5s
2026-05-19 06:19:40,831 [WARNING] HTTP 429 for https://www.kap.org.tr/tr/api/BildirimPdf/1604512, retry 3/5 in 5s
2026-05-19 06:19:46,046 [WARNING] HTTP 429 for https://www.kap.org.tr/tr/api/BildirimPdf/1604512, retry 4/5 in 9s
2026-05-19 06:19:46,046 [WARNING] HTTP 429 for https://www.kap.org.tr/tr/api/BildirimPdf/1604512, retry 4/5 in 9s
2026-05-19 06:19:55,238 [WARNING] HTTP 429 for https://www.kap.org.tr/tr/api/BildirimPdf/1604512, retry 5/5 in 17s
2026-05-19 06:19:55,238 [WARNING] HTTP 429 for https://www.kap.org.tr/tr/api/BildirimPdf/1604512, retry 5/5 in 17s
2026-05-19 06:20:12,564 [WARNING] No attachment URL in disclosure 1604512
2026-05-19 06:20:12,564 [WARNING] No attachment URL in disclosure 1604512
2026-05-19 06:20:12,570 [INFO] Processing [GJB] from 2026-05-11
2026-05-19 06:20:12,570 [INFO] Processing [GJB] from 2026-05-11
2026-05-19 06:20:12,668 [WARNING] HTTP 429 for https://www.kap.org.tr/tr/api/BildirimPdf/1604509, retry 1/5 in 2s
2026-05-19 06:20:12,668 [WARNING] HTTP 429 for https://www.kap.org.tr/tr/api/BildirimPdf/1604509, retry 1/5 in 2s
2026-05-19 06:20:14,922 [WARNING] HTTP 429 for https://www.kap.org.tr/tr/api/BildirimPdf/1604509, retry 2/5 in 3s
2026-05-19 06:20:14,922 [WARNING] HTTP 429 for https://www.kap.org.tr/tr/api/BildirimPdf/1604509, retry 2/5 in 3s
2026-05-19 06:20:18,173 [WARNING] HTTP 429 for https://www.kap.org.tr/tr/api/BildirimPdf/1604509, retry 3/5 in 5s
2026-05-19 06:20:18,173 [WARNING] HTTP 429 for https://www.kap.org.tr/tr/api/BildirimPdf/1604509, retry 3/5 in 5s
2026-05-19 06:20:23,428 [WARNING] HTTP 429 for https://www.kap.org.tr/tr/api/BildirimPdf/1604509, retry 4/5 in 9s
2026-05-19 06:20:23,428 [WARNING] HTTP 429 for https://www.kap.org.tr/tr/api/BildirimPdf/1604509, retry 4/5 in 9s
2026-05-19 06:20:32,683 [WARNING] HTTP 429 for https://www.kap.org.tr/tr/api/BildirimPdf/1604509, retry 5/5 in 17s
2026-05-19 06:20:32,683 [WARNING] HTTP 429 for https://www.kap.org.tr/tr/api/BildirimPdf/1604509, retry 5/5 in 17s
2026-05-19 06:20:50,622 [WARNING] No attachment URL in disclosure 1604509
2026-05-19 06:20:50,622 [WARNING] No attachment URL in disclosure 1604509
2026-05-19 06:20:50,630 [INFO] Processing [GGK] from 2026-05-11
2026-05-19 06:20:50,630 [INFO] Processing [GGK] from 2026-05-11
2026-05-19 06:20:50,783 [INFO] Downloaded PDF GGK (77KB)
2026-05-19 06:20:50,783 [INFO] Downloaded PDF GGK (77KB)
2026-05-19 06:20:52,467 [ERROR] GLM failed for GGK: module 'zhipuai' has no attribute 'model_api'
2026-05-19 06:20:52,467 [ERROR] GLM failed for GGK: module 'zhipuai' has no attribute 'model_api'
2026-05-19 06:20:52,467 [WARNING] No categories for GGK
2026-05-19 06:20:52,467 [WARNING] No categories for GGK
2026-05-19 06:20:53,117 [INFO] Processing [GEI] from 2026-05-11
2026-05-19 06:20:53,117 [INFO] Processing [GEI] from 2026-05-11
2026-05-19 06:20:53,277 [INFO] Downloaded PDF GEI (78KB)
2026-05-19 06:20:53,277 [INFO] Downloaded PDF GEI (78KB)
2026-05-19 06:20:54,981 [ERROR] GLM failed for GEI: module 'zhipuai' has no attribute 'model_api'
2026-05-19 06:20:54,981 [ERROR] GLM failed for GEI: module 'zhipuai' has no attribute 'model_api'
2026-05-19 06:20:54,982 [WARNING] No categories for GEI
2026-05-19 06:20:54,982 [WARNING] No categories for GEI
2026-05-19 06:20:55,632 [INFO] Processing [GBG] from 2026-05-11
2026-05-19 06:20:55,632 [INFO] Processing [GBG] from 2026-05-11
2026-05-19 06:20:55,793 [INFO] Downloaded PDF GBG (78KB)
2026-05-19 06:20:55,793 [INFO] Downloaded PDF GBG (78KB)
2026-05-19 06:20:57,477 [ERROR] GLM failed for GBG: module 'zhipuai' has no attribute 'model_api'
2026-05-19 06:20:57,477 [ERROR] GLM failed for GBG: module 'zhipuai' has no attribute 'model_api'
2026-05-19 06:20:57,477 [WARNING] No categories for GBG
2026-05-19 06:20:57,477 [WARNING] No categories for GBG
2026-05-19 06:20:58,128 [INFO] Processing [GAN] from 2026-05-11
2026-05-19 06:20:58,128 [INFO] Processing [GAN] from 2026-05-11
2026-05-19 06:20:58,287 [INFO] Downloaded PDF GAN (78KB)
2026-05-19 06:20:58,287 [INFO] Downloaded PDF GAN (78KB)
2026-05-19 06:20:59,947 [ERROR] GLM failed for GAN: module 'zhipuai' has no attribute 'model_api'
2026-05-19 06:20:59,947 [ERROR] GLM failed for GAN: module 'zhipuai' has no attribute 'model_api'
2026-05-19 06:20:59,947 [WARNING] No categories for GAN
2026-05-19 06:20:59,947 [WARNING] No categories for GAN
2026-05-19 06:21:00,555 [INFO] Processing [VPP] from 2026-05-11
2026-05-19 06:21:00,555 [INFO] Processing [VPP] from 2026-05-11
2026-05-19 06:21:00,740 [INFO] Downloaded PDF VPP (78KB)
2026-05-19 06:21:00,740 [INFO] Downloaded PDF VPP (78KB)
2026-05-19 06:21:02,419 [ERROR] GLM failed for VPP: module 'zhipuai' has no attribute 'model_api'
2026-05-19 06:21:02,419 [ERROR] GLM failed for VPP: module 'zhipuai' has no attribute 'model_api'
2026-05-19 06:21:02,419 [WARNING] No categories for VPP
2026-05-19 06:21:02,419 [WARNING] No categories for VPP
2026-05-19 06:21:03,070 [INFO] Processing [YVD] from 2026-05-11
2026-05-19 06:21:03,070 [INFO] Processing [YVD] from 2026-05-11
2026-05-19 06:21:03,226 [INFO] Downloaded PDF YVD (77KB)
2026-05-19 06:21:03,226 [INFO] Downloaded PDF YVD (77KB)
2026-05-19 06:21:04,915 [ERROR] GLM failed for YVD: module 'zhipuai' has no attribute 'model_api'
2026-05-19 06:21:04,915 [ERROR] GLM failed for YVD: module 'zhipuai' has no attribute 'model_api'
2026-05-19 06:21:04,915 [WARNING] No categories for YVD
2026-05-19 06:21:04,915 [WARNING] No categories for YVD
2026-05-19 06:21:05,566 [INFO] Processing [VMV] from 2026-05-11
2026-05-19 06:21:05,566 [INFO] Processing [VMV] from 2026-05-11
2026-05-19 06:21:05,732 [INFO] Downloaded PDF VMV (78KB)
2026-05-19 06:21:05,732 [INFO] Downloaded PDF VMV (78KB)
2026-05-19 06:21:07,436 [ERROR] GLM failed for VMV: module 'zhipuai' has no attribute 'model_api'
2026-05-19 06:21:07,436 [ERROR] GLM failed for VMV: module 'zhipuai' has no attribute 'model_api'
2026-05-19 06:21:07,436 [WARNING] No categories for VMV
2026-05-19 06:21:07,436 [WARNING] No categories for VMV
2026-05-19 06:21:08,086 [INFO] Processing [YVD] from 2026-05-11
2026-05-19 06:21:08,086 [INFO] Processing [YVD] from 2026-05-11
2026-05-19 06:21:08,246 [INFO] Downloaded PDF YVD (78KB)
2026-05-19 06:21:08,246 [INFO] Downloaded PDF YVD (78KB)
2026-05-19 06:21:09,949 [ERROR] GLM failed for YVD: module 'zhipuai' has no attribute 'model_api'
2026-05-19 06:21:09,949 [ERROR] GLM failed for YVD: module 'zhipuai' has no attribute 'model_api'
2026-05-19 06:21:09,949 [WARNING] No categories for YVD
2026-05-19 06:21:09,949 [WARNING] No categories for YVD
2026-05-19 06:21:10,599 [INFO] Processing [YVD] from 2026-05-11
2026-05-19 06:21:10,599 [INFO] Processing [YVD] from 2026-05-11
2026-05-19 06:21:10,764 [INFO] Downloaded PDF YVD (78KB)
2026-05-19 06:21:10,764 [INFO] Downloaded PDF YVD (78KB)
2026-05-19 06:21:12,393 [ERROR] GLM failed for YVD: module 'zhipuai' has no attribute 'model_api'
2026-05-19 06:21:12,393 [ERROR] GLM failed for YVD: module 'zhipuai' has no attribute 'model_api'
2026-05-19 06:21:12,394 [WARNING] No categories for YVD
2026-05-19 06:21:12,394 [WARNING] No categories for YVD
2026-05-19 06:21:13,044 [INFO] Processing [SSS] from 2026-05-11
2026-05-19 06:21:13,044 [INFO] Processing [SSS] from 2026-05-11
2026-05-19 06:21:13,195 [INFO] Downloaded PDF SSS (78KB)
2026-05-19 06:21:13,195 [INFO] Downloaded PDF SSS (78KB)
2026-05-19 06:21:14,878 [ERROR] GLM failed for SSS: module 'zhipuai' has no attribute 'model_api'
2026-05-19 06:21:14,878 [ERROR] GLM failed for SSS: module 'zhipuai' has no attribute 'model_api'
2026-05-19 06:21:14,879 [WARNING] No categories for SSS
2026-05-19 06:21:14,879 [WARNING] No categories for SSS
2026-05-19 06:21:15,529 [INFO] Processing [FLS] from 2026-05-11
2026-05-19 06:21:15,529 [INFO] Processing [FLS] from 2026-05-11
2026-05-19 06:21:15,682 [INFO] Downloaded PDF FLS (78KB)
2026-05-19 06:21:15,682 [INFO] Downloaded PDF FLS (78KB)
2026-05-19 06:21:17,387 [ERROR] GLM failed for FLS: module 'zhipuai' has no attribute 'model_api'
2026-05-19 06:21:17,387 [ERROR] GLM failed for FLS: module 'zhipuai' has no attribute 'model_api'
2026-05-19 06:21:17,387 [WARNING] No categories for FLS
2026-05-19 06:21:17,387 [WARNING] No categories for FLS
2026-05-19 06:21:17,905 [INFO] Processing [YVD] from 2026-05-11
2026-05-19 06:21:17,905 [INFO] Processing [YVD] from 2026-05-11
2026-05-19 06:21:18,059 [INFO] Downloaded PDF YVD (78KB)
2026-05-19 06:21:18,059 [INFO] Downloaded PDF YVD (78KB)
2026-05-19 06:21:19,763 [ERROR] GLM failed for YVD: module 'zhipuai' has no attribute 'model_api'
2026-05-19 06:21:19,763 [ERROR] GLM failed for YVD: module 'zhipuai' has no attribute 'model_api'
2026-05-19 06:21:19,763 [WARNING] No categories for YVD
2026-05-19 06:21:19,763 [WARNING] No categories for YVD
2026-05-19 06:21:20,414 [INFO] Processing [YTV] from 2026-05-11
2026-05-19 06:21:20,414 [INFO] Processing [YTV] from 2026-05-11
2026-05-19 06:21:20,569 [INFO] Downloaded PDF YTV (78KB)
2026-05-19 06:21:20,569 [INFO] Downloaded PDF YTV (78KB)
2026-05-19 06:21:22,262 [ERROR] GLM failed for YTV: module 'zhipuai' has no attribute 'model_api'
2026-05-19 06:21:22,262 [ERROR] GLM failed for YTV: module 'zhipuai' has no attribute 'model_api'
2026-05-19 06:21:22,262 [WARNING] No categories for YTV
2026-05-19 06:21:22,262 [WARNING] No categories for YTV
2026-05-19 06:21:22,913 [INFO] Processing [YLO] from 2026-05-11
2026-05-19 06:21:22,913 [INFO] Processing [YLO] from 2026-05-11
2026-05-19 06:21:23,077 [INFO] Downloaded PDF YLO (78KB)
2026-05-19 06:21:23,077 [INFO] Downloaded PDF YLO (78KB)
2026-05-19 06:21:24,736 [ERROR] GLM failed for YLO: module 'zhipuai' has no attribute 'model_api'
2026-05-19 06:21:24,736 [ERROR] GLM failed for YLO: module 'zhipuai' has no attribute 'model_api'
2026-05-19 06:21:24,736 [WARNING] No categories for YLO
2026-05-19 06:21:24,736 [WARNING] No categories for YLO
2026-05-19 06:21:25,387 [INFO] Processing [YVD] from 2026-05-11
2026-05-19 06:21:25,387 [INFO] Processing [YVD] from 2026-05-11
2026-05-19 06:21:25,549 [INFO] Downloaded PDF YVD (78KB)
2026-05-19 06:21:25,549 [INFO] Downloaded PDF YVD (78KB)
2026-05-19 06:21:27,249 [ERROR] GLM failed for YVD: module 'zhipuai' has no attribute 'model_api'
2026-05-19 06:21:27,249 [ERROR] GLM failed for YVD: module 'zhipuai' has no attribute 'model_api'
2026-05-19 06:21:27,249 [WARNING] No categories for YVD
2026-05-19 06:21:27,249 [WARNING] No categories for YVD
2026-05-19 06:21:27,900 [INFO] Processing [YJY] from 2026-05-11
2026-05-19 06:21:27,900 [INFO] Processing [YJY] from 2026-05-11
2026-05-19 06:21:28,052 [INFO] Downloaded PDF YJY (78KB)
2026-05-19 06:21:28,052 [INFO] Downloaded PDF YJY (78KB)
2026-05-19 06:21:29,750 [ERROR] GLM failed for YJY: module 'zhipuai' has no attribute 'model_api'
2026-05-19 06:21:29,750 [ERROR] GLM failed for YJY: module 'zhipuai' has no attribute 'model_api'
2026-05-19 06:21:29,750 [WARNING] No categories for YJY
2026-05-19 06:21:29,750 [WARNING] No categories for YJY
2026-05-19 06:21:30,401 [INFO] Processing [YVD] from 2026-05-11
2026-05-19 06:21:30,401 [INFO] Processing [YVD] from 2026-05-11
2026-05-19 06:21:30,551 [INFO] Downloaded PDF YVD (78KB)
2026-05-19 06:21:30,551 [INFO] Downloaded PDF YVD (78KB)
2026-05-19 06:21:32,248 [ERROR] GLM failed for YVD: module 'zhipuai' has no attribute 'model_api'
2026-05-19 06:21:32,248 [ERROR] GLM failed for YVD: module 'zhipuai' has no attribute 'model_api'
2026-05-19 06:21:32,249 [WARNING] No categories for YVD
2026-05-19 06:21:32,249 [WARNING] No categories for YVD
2026-05-19 06:21:32,899 [INFO] Processing [YVD] from 2026-05-11
2026-05-19 06:21:32,899 [INFO] Processing [YVD] from 2026-05-11
2026-05-19 06:21:33,046 [INFO] Downloaded PDF YVD (77KB)
2026-05-19 06:21:33,046 [INFO] Downloaded PDF YVD (77KB)
2026-05-19 06:21:34,735 [ERROR] GLM failed for YVD: module 'zhipuai' has no attribute 'model_api'
2026-05-19 06:21:34,735 [ERROR] GLM failed for YVD: module 'zhipuai' has no attribute 'model_api'
2026-05-19 06:21:34,736 [WARNING] No categories for YVD
2026-05-19 06:21:34,736 [WARNING] No categories for YVD
2026-05-19 06:21:35,386 [INFO] Processing [YVD] from 2026-05-11
2026-05-19 06:21:35,386 [INFO] Processing [YVD] from 2026-05-11
2026-05-19 06:21:35,545 [INFO] Downloaded PDF YVD (77KB)
2026-05-19 06:21:35,545 [INFO] Downloaded PDF YVD (77KB)
2026-05-19 06:21:37,162 [ERROR] GLM failed for YVD: module 'zhipuai' has no attribute 'model_api'
2026-05-19 06:21:37,162 [ERROR] GLM failed for YVD: module 'zhipuai' has no attribute 'model_api'
2026-05-19 06:21:37,162 [WARNING] No categories for YVD
2026-05-19 06:21:37,162 [WARNING] No categories for YVD
2026-05-19 06:21:37,812 [INFO] Processing [YVD] from 2026-05-11
2026-05-19 06:21:37,812 [INFO] Processing [YVD] from 2026-05-11
2026-05-19 06:21:37,971 [INFO] Downloaded PDF YVD (78KB)
2026-05-19 06:21:37,971 [INFO] Downloaded PDF YVD (78KB)
2026-05-19 06:21:39,675 [ERROR] GLM failed for YVD: module 'zhipuai' has no attribute 'model_api'
2026-05-19 06:21:39,675 [ERROR] GLM failed for YVD: module 'zhipuai' has no attribute 'model_api'
2026-05-19 06:21:39,675 [WARNING] No categories for YVD
2026-05-19 06:21:39,675 [WARNING] No categories for YVD
2026-05-19 06:21:40,308 [INFO] Processing [YVD] from 2026-05-11
2026-05-19 06:21:40,308 [INFO] Processing [YVD] from 2026-05-11
2026-05-19 06:21:40,461 [INFO] Downloaded PDF YVD (78KB)
2026-05-19 06:21:40,461 [INFO] Downloaded PDF YVD (78KB)
2026-05-19 06:21:42,167 [ERROR] GLM failed for YVD: module 'zhipuai' has no attribute 'model_api'
2026-05-19 06:21:42,167 [ERROR] GLM failed for YVD: module 'zhipuai' has no attribute 'model_api'
2026-05-19 06:21:42,167 [WARNING] No categories for YVD
2026-05-19 06:21:42,167 [WARNING] No categories for YVD
2026-05-19 06:21:42,818 [INFO] Processing [YHI] from 2026-05-11
2026-05-19 06:21:42,818 [INFO] Processing [YHI] from 2026-05-11
2026-05-19 06:21:42,970 [INFO] Downloaded PDF YHI (78KB)
2026-05-19 06:21:42,970 [INFO] Downloaded PDF YHI (78KB)
2026-05-19 06:21:44,632 [ERROR] GLM failed for YHI: module 'zhipuai' has no attribute 'model_api'
2026-05-19 06:21:44,632 [ERROR] GLM failed for YHI: module 'zhipuai' has no attribute 'model_api'
2026-05-19 06:21:44,632 [WARNING] No categories for YHI
2026-05-19 06:21:44,632 [WARNING] No categories for YHI
2026-05-19 06:21:45,283 [INFO] Processing [YVD] from 2026-05-11
2026-05-19 06:21:45,283 [INFO] Processing [YVD] from 2026-05-11
2026-05-19 06:21:45,435 [INFO] Downloaded PDF YVD (78KB)
2026-05-19 06:21:45,435 [INFO] Downloaded PDF YVD (78KB)
2026-05-19 06:21:47,142 [ERROR] GLM failed for YVD: module 'zhipuai' has no attribute 'model_api'
2026-05-19 06:21:47,142 [ERROR] GLM failed for YVD: module 'zhipuai' has no attribute 'model_api'
2026-05-19 06:21:47,142 [WARNING] No categories for YVD
2026-05-19 06:21:47,142 [WARNING] No categories for YVD
2026-05-19 06:21:47,793 [INFO] Processing [YVD] from 2026-05-11
2026-05-19 06:21:47,793 [INFO] Processing [YVD] from 2026-05-11
2026-05-19 06:21:47,964 [INFO] Downloaded PDF YVD (78KB)
2026-05-19 06:21:47,964 [INFO] Downloaded PDF YVD (78KB)
2026-05-19 06:21:49,657 [ERROR] GLM failed for YVD: module 'zhipuai' has no attribute 'model_api'
2026-05-19 06:21:49,657 [ERROR] GLM failed for YVD: module 'zhipuai' has no attribute 'model_api'
2026-05-19 06:21:49,657 [WARNING] No categories for YVD
2026-05-19 06:21:49,657 [WARNING] No categories for YVD
2026-05-19 06:21:50,308 [INFO] Processing [YVD] from 2026-05-11
2026-05-19 06:21:50,308 [INFO] Processing [YVD] from 2026-05-11
2026-05-19 06:21:50,468 [INFO] Downloaded PDF YVD (78KB)
2026-05-19 06:21:50,468 [INFO] Downloaded PDF YVD (78KB)
2026-05-19 06:21:52,164 [ERROR] GLM failed for YVD: module 'zhipuai' has no attribute 'model_api'
2026-05-19 06:21:52,164 [ERROR] GLM failed for YVD: module 'zhipuai' has no attribute 'model_api'
2026-05-19 06:21:52,164 [WARNING] No categories for YVD
2026-05-19 06:21:52,164 [WARNING] No categories for YVD
2026-05-19 06:21:52,814 [INFO] Processing [YVD] from 2026-05-11
2026-05-19 06:21:52,814 [INFO] Processing [YVD] from 2026-05-11
2026-05-19 06:21:52,998 [INFO] Downloaded PDF YVD (78KB)
2026-05-19 06:21:52,998 [INFO] Downloaded PDF YVD (78KB)
2026-05-19 06:21:54,703 [ERROR] GLM failed for YVD: module 'zhipuai' has no attribute 'model_api'
2026-05-19 06:21:54,703 [ERROR] GLM failed for YVD: module 'zhipuai' has no attribute 'model_api'
2026-05-19 06:21:54,703 [WARNING] No categories for YVD
2026-05-19 06:21:54,703 [WARNING] No categories for YVD
2026-05-19 06:21:55,353 [INFO] Processing [YIV] from 2026-05-11
2026-05-19 06:21:55,353 [INFO] Processing [YIV] from 2026-05-11
2026-05-19 06:21:55,504 [INFO] Downloaded PDF YIV (78KB)
2026-05-19 06:21:55,504 [INFO] Downloaded PDF YIV (78KB)
2026-05-19 06:21:57,196 [ERROR] GLM failed for YIV: module 'zhipuai' has no attribute 'model_api'
2026-05-19 06:21:57,196 [ERROR] GLM failed for YIV: module 'zhipuai' has no attribute 'model_api'
2026-05-19 06:21:57,196 [WARNING] No categories for YIV
2026-05-19 06:21:57,196 [WARNING] No categories for YIV
2026-05-19 06:21:57,847 [INFO] Processing [YVD] from 2026-05-11
2026-05-19 06:21:57,847 [INFO] Processing [YVD] from 2026-05-11
2026-05-19 06:21:58,002 [INFO] Downloaded PDF YVD (78KB)
2026-05-19 06:21:58,002 [INFO] Downloaded PDF YVD (78KB)
2026-05-19 06:21:59,707 [ERROR] GLM failed for YVD: module 'zhipuai' has no attribute 'model_api'
2026-05-19 06:21:59,707 [ERROR] GLM failed for YVD: module 'zhipuai' has no attribute 'model_api'
2026-05-19 06:21:59,707 [WARNING] No categories for YVD
2026-05-19 06:21:59,707 [WARNING] No categories for YVD
2026-05-19 06:22:00,358 [INFO] Processing [YVB] from 2026-05-11
2026-05-19 06:22:00,358 [INFO] Processing [YVB] from 2026-05-11
2026-05-19 06:22:00,670 [INFO] Downloaded PDF YVB (78KB)
2026-05-19 06:22:00,670 [INFO] Downloaded PDF YVB (78KB)
2026-05-19 06:22:02,372 [ERROR] GLM failed for YVB: module 'zhipuai' has no attribute 'model_api'
2026-05-19 06:22:02,372 [ERROR] GLM failed for YVB: module 'zhipuai' has no attribute 'model_api'
2026-05-19 06:22:02,372 [WARNING] No categories for YVB
2026-05-19 06:22:02,372 [WARNING] No categories for YVB
2026-05-19 06:22:03,023 [INFO] Processing [YVD] from 2026-05-11
2026-05-19 06:22:03,023 [INFO] Processing [YVD] from 2026-05-11
2026-05-19 06:22:03,183 [INFO] Downloaded PDF YVD (78KB)
2026-05-19 06:22:03,183 [INFO] Downloaded PDF YVD (78KB)
2026-05-19 06:22:04,861 [ERROR] GLM failed for YVD: module 'zhipuai' has no attribute 'model_api'
2026-05-19 06:22:04,861 [ERROR] GLM failed for YVD: module 'zhipuai' has no attribute 'model_api'
2026-05-19 06:22:04,861 [WARNING] No categories for YVD
2026-05-19 06:22:04,861 [WARNING] No categories for YVD
2026-05-19 06:22:05,511 [INFO] Processing [YVD] from 2026-05-11
2026-05-19 06:22:05,511 [INFO] Processing [YVD] from 2026-05-11
2026-05-19 06:22:05,686 [INFO] Downloaded PDF YVD (78KB)
2026-05-19 06:22:05,686 [INFO] Downloaded PDF YVD (78KB)
2026-05-19 06:22:07,378 [ERROR] GLM failed for YVD: module 'zhipuai' has no attribute 'model_api'
2026-05-19 06:22:07,378 [ERROR] GLM failed for YVD: module 'zhipuai' has no attribute 'model_api'
2026-05-19 06:22:07,378 [WARNING] No categories for YVD
2026-05-19 06:22:07,378 [WARNING] No categories for YVD
2026-05-19 06:22:08,029 [INFO] Processing [YHB] from 2026-05-11
2026-05-19 06:22:08,029 [INFO] Processing [YHB] from 2026-05-11
2026-05-19 06:22:08,205 [INFO] Downloaded PDF YHB (78KB)
2026-05-19 06:22:08,205 [INFO] Downloaded PDF YHB (78KB)
2026-05-19 06:22:09,907 [ERROR] GLM failed for YHB: module 'zhipuai' has no attribute 'model_api'
2026-05-19 06:22:09,907 [ERROR] GLM failed for YHB: module 'zhipuai' has no attribute 'model_api'
2026-05-19 06:22:09,907 [WARNING] No categories for YHB
2026-05-19 06:22:09,907 [WARNING] No categories for YHB
2026-05-19 06:22:10,558 [INFO] Processing [YVD] from 2026-05-11
2026-05-19 06:22:10,558 [INFO] Processing [YVD] from 2026-05-11
2026-05-19 06:22:10,848 [INFO] Downloaded PDF YVD (78KB)
2026-05-19 06:22:10,848 [INFO] Downloaded PDF YVD (78KB)
2026-05-19 06:22:12,551 [ERROR] GLM failed for YVD: module 'zhipuai' has no attribute 'model_api'
2026-05-19 06:22:12,551 [ERROR] GLM failed for YVD: module 'zhipuai' has no attribute 'model_api'
2026-05-19 06:22:12,551 [WARNING] No categories for YVD
2026-05-19 06:22:12,551 [WARNING] No categories for YVD
2026-05-19 06:22:13,201 [INFO] Processing [YVD] from 2026-05-11
2026-05-19 06:22:13,201 [INFO] Processing [YVD] from 2026-05-11
2026-05-19 06:22:13,406 [INFO] Downloaded PDF YVD (78KB)
2026-05-19 06:22:13,406 [INFO] Downloaded PDF YVD (78KB)
2026-05-19 06:22:15,073 [ERROR] GLM failed for YVD: module 'zhipuai' has no attribute 'model_api'
2026-05-19 06:22:15,073 [ERROR] GLM failed for YVD: module 'zhipuai' has no attribute 'model_api'
2026-05-19 06:22:15,073 [WARNING] No categories for YVD
2026-05-19 06:22:15,073 [WARNING] No categories for YVD
2026-05-19 06:22:15,724 [INFO] Processing [YVD] from 2026-05-11
2026-05-19 06:22:15,724 [INFO] Processing [YVD] from 2026-05-11
2026-05-19 06:22:15,878 [INFO] Downloaded PDF YVD (78KB)
2026-05-19 06:22:15,878 [INFO] Downloaded PDF YVD (78KB)
2026-05-19 06:22:17,577 [ERROR] GLM failed for YVD: module 'zhipuai' has no attribute 'model_api'
2026-05-19 06:22:17,577 [ERROR] GLM failed for YVD: module 'zhipuai' has no attribute 'model_api'
2026-05-19 06:22:17,577 [WARNING] No categories for YVD
2026-05-19 06:22:17,577 [WARNING] No categories for YVD
2026-05-19 06:22:18,227 [INFO] Processing [ILK] from 2026-05-11
2026-05-19 06:22:18,227 [INFO] Processing [ILK] from 2026-05-11
2026-05-19 06:22:18,384 [INFO] Downloaded PDF ILK (77KB)
2026-05-19 06:22:18,384 [INFO] Downloaded PDF ILK (77KB)
2026-05-19 06:22:20,077 [ERROR] GLM failed for ILK: module 'zhipuai' has no attribute 'model_api'
2026-05-19 06:22:20,077 [ERROR] GLM failed for ILK: module 'zhipuai' has no attribute 'model_api'
2026-05-19 06:22:20,077 [WARNING] No categories for ILK
2026-05-19 06:22:20,077 [WARNING] No categories for ILK
2026-05-19 06:22:20,728 [INFO] Processing [FPI] from 2026-05-11
2026-05-19 06:22:20,728 [INFO] Processing [FPI] from 2026-05-11
2026-05-19 06:22:20,906 [INFO] Downloaded PDF FPI (77KB)
2026-05-19 06:22:20,906 [INFO] Downloaded PDF FPI (77KB)
2026-05-19 06:22:22,587 [ERROR] GLM failed for FPI: module 'zhipuai' has no attribute 'model_api'
2026-05-19 06:22:22,587 [ERROR] GLM failed for FPI: module 'zhipuai' has no attribute 'model_api'
2026-05-19 06:22:22,587 [WARNING] No categories for FPI
2026-05-19 06:22:22,587 [WARNING] No categories for FPI
2026-05-19 06:22:23,238 [INFO] Processing [FRC] from 2026-05-11
2026-05-19 06:22:23,238 [INFO] Processing [FRC] from 2026-05-11
2026-05-19 06:22:23,392 [INFO] Downloaded PDF FRC (78KB)
2026-05-19 06:22:23,392 [INFO] Downloaded PDF FRC (78KB)
2026-05-19 06:22:25,072 [ERROR] GLM failed for FRC: module 'zhipuai' has no attribute 'model_api'
2026-05-19 06:22:25,072 [ERROR] GLM failed for FRC: module 'zhipuai' has no attribute 'model_api'
2026-05-19 06:22:25,073 [WARNING] No categories for FRC
2026-05-19 06:22:25,073 [WARNING] No categories for FRC
2026-05-19 06:22:25,723 [INFO] Processing [YZC] from 2026-05-11
2026-05-19 06:22:25,723 [INFO] Processing [YZC] from 2026-05-11
2026-05-19 06:22:25,875 [INFO] Downloaded PDF YZC (78KB)
2026-05-19 06:22:25,875 [INFO] Downloaded PDF YZC (78KB)
2026-05-19 06:22:27,572 [ERROR] GLM failed for YZC: module 'zhipuai' has no attribute 'model_api'
2026-05-19 06:22:27,572 [ERROR] GLM failed for YZC: module 'zhipuai' has no attribute 'model_api'
2026-05-19 06:22:27,572 [WARNING] No categories for YZC
2026-05-19 06:22:27,572 [WARNING] No categories for YZC
2026-05-19 06:22:28,223 [INFO] Processing [YVD] from 2026-05-11
2026-05-19 06:22:28,223 [INFO] Processing [YVD] from 2026-05-11
2026-05-19 06:22:28,383 [INFO] Downloaded PDF YVD (78KB)
2026-05-19 06:22:28,383 [INFO] Downloaded PDF YVD (78KB)
2026-05-19 06:22:30,070 [ERROR] GLM failed for YVD: module 'zhipuai' has no attribute 'model_api'
2026-05-19 06:22:30,070 [ERROR] GLM failed for YVD: module 'zhipuai' has no attribute 'model_api'
2026-05-19 06:22:30,070 [WARNING] No categories for YVD
2026-05-19 06:22:30,070 [WARNING] No categories for YVD
2026-05-19 06:22:30,720 [INFO] Processing [YVD] from 2026-05-11
2026-05-19 06:22:30,720 [INFO] Processing [YVD] from 2026-05-11
2026-05-19 06:22:30,868 [INFO] Downloaded PDF YVD (77KB)
2026-05-19 06:22:30,868 [INFO] Downloaded PDF YVD (77KB)
2026-05-19 06:22:32,570 [ERROR] GLM failed for YVD: module 'zhipuai' has no attribute 'model_api'
2026-05-19 06:22:32,570 [ERROR] GLM failed for YVD: module 'zhipuai' has no attribute 'model_api'
2026-05-19 06:22:32,570 [WARNING] No categories for YVD
2026-05-19 06:22:32,570 [WARNING] No categories for YVD
2026-05-19 06:22:33,221 [INFO] Processing [YAC] from 2026-05-11
2026-05-19 06:22:33,221 [INFO] Processing [YAC] from 2026-05-11
2026-05-19 06:22:33,375 [INFO] Downloaded PDF YAC (77KB)
2026-05-19 06:22:33,375 [INFO] Downloaded PDF YAC (77KB)
2026-05-19 06:22:35,073 [ERROR] GLM failed for YAC: module 'zhipuai' has no attribute 'model_api'
2026-05-19 06:22:35,073 [ERROR] GLM failed for YAC: module 'zhipuai' has no attribute 'model_api'
2026-05-19 06:22:35,074 [WARNING] No categories for YAC
2026-05-19 06:22:35,074 [WARNING] No categories for YAC
2026-05-19 06:22:35,724 [INFO] Processing [YVD] from 2026-05-11
2026-05-19 06:22:35,724 [INFO] Processing [YVD] from 2026-05-11
2026-05-19 06:22:35,879 [INFO] Downloaded PDF YVD (77KB)
2026-05-19 06:22:35,879 [INFO] Downloaded PDF YVD (77KB)
2026-05-19 06:22:37,579 [ERROR] GLM failed for YVD: module 'zhipuai' has no attribute 'model_api'
2026-05-19 06:22:37,579 [ERROR] GLM failed for YVD: module 'zhipuai' has no attribute 'model_api'
2026-05-19 06:22:37,579 [WARNING] No categories for YVD
2026-05-19 06:22:37,579 [WARNING] No categories for YVD
2026-05-19 06:22:38,229 [INFO] Processing [YVD] from 2026-05-11
2026-05-19 06:22:38,229 [INFO] Processing [YVD] from 2026-05-11
2026-05-19 06:22:38,407 [INFO] Downloaded PDF YVD (77KB)
2026-05-19 06:22:38,407 [INFO] Downloaded PDF YVD (77KB)
2026-05-19 06:22:40,112 [ERROR] GLM failed for YVD: module 'zhipuai' has no attribute 'model_api'
2026-05-19 06:22:40,112 [ERROR] GLM failed for YVD: module 'zhipuai' has no attribute 'model_api'
2026-05-19 06:22:40,112 [WARNING] No categories for YVD
2026-05-19 06:22:40,112 [WARNING] No categories for YVD
2026-05-19 06:22:40,763 [INFO] Processing [YVD] from 2026-05-11
2026-05-19 06:22:40,763 [INFO] Processing [YVD] from 2026-05-11
2026-05-19 06:22:40,925 [INFO] Downloaded PDF YVD (78KB)
2026-05-19 06:22:40,925 [INFO] Downloaded PDF YVD (78KB)
2026-05-19 06:22:42,621 [ERROR] GLM failed for YVD: module 'zhipuai' has no attribute 'model_api'
2026-05-19 06:22:42,621 [ERROR] GLM failed for YVD: module 'zhipuai' has no attribute 'model_api'
2026-05-19 06:22:42,621 [WARNING] No categories for YVD
2026-05-19 06:22:42,621 [WARNING] No categories for YVD
2026-05-19 06:22:43,271 [INFO] Processing [YLB] from 2026-05-11
2026-05-19 06:22:43,271 [INFO] Processing [YLB] from 2026-05-11
2026-05-19 06:22:43,433 [INFO] Downloaded PDF YLB (77KB)
2026-05-19 06:22:43,433 [INFO] Downloaded PDF YLB (77KB)
2026-05-19 06:22:45,132 [ERROR] GLM failed for YLB: module 'zhipuai' has no attribute 'model_api'
2026-05-19 06:22:45,132 [ERROR] GLM failed for YLB: module 'zhipuai' has no attribute 'model_api'
2026-05-19 06:22:45,132 [WARNING] No categories for YLB
2026-05-19 06:22:45,132 [WARNING] No categories for YLB
2026-05-19 06:22:45,783 [INFO] Processing [YJK] from 2026-05-11
2026-05-19 06:22:45,783 [INFO] Processing [YJK] from 2026-05-11
2026-05-19 06:22:45,936 [INFO] Downloaded PDF YJK (77KB)
2026-05-19 06:22:45,936 [INFO] Downloaded PDF YJK (77KB)
2026-05-19 06:22:47,618 [ERROR] GLM failed for YJK: module 'zhipuai' has no attribute 'model_api'
2026-05-19 06:22:47,618 [ERROR] GLM failed for YJK: module 'zhipuai' has no attribute 'model_api'
2026-05-19 06:22:47,618 [WARNING] No categories for YJK
2026-05-19 06:22:47,618 [WARNING] No categories for YJK
2026-05-19 06:22:48,268 [INFO] Processing [YVD] from 2026-05-11
2026-05-19 06:22:48,268 [INFO] Processing [YVD] from 2026-05-11
2026-05-19 06:22:48,417 [INFO] Downloaded PDF YVD (78KB)
2026-05-19 06:22:48,417 [INFO] Downloaded PDF YVD (78KB)
2026-05-19 06:22:50,087 [ERROR] GLM failed for YVD: module 'zhipuai' has no attribute 'model_api'
2026-05-19 06:22:50,087 [ERROR] GLM failed for YVD: module 'zhipuai' has no attribute 'model_api'
2026-05-19 06:22:50,088 [WARNING] No categories for YVD
2026-05-19 06:22:50,088 [WARNING] No categories for YVD
2026-05-19 06:22:50,738 [INFO] Processing [YZG] from 2026-05-11
2026-05-19 06:22:50,738 [INFO] Processing [YZG] from 2026-05-11
2026-05-19 06:22:50,903 [INFO] Downloaded PDF YZG (78KB)
2026-05-19 06:22:50,903 [INFO] Downloaded PDF YZG (78KB)
2026-05-19 06:22:52,597 [ERROR] GLM failed for YZG: module 'zhipuai' has no attribute 'model_api'
2026-05-19 06:22:52,597 [ERROR] GLM failed for YZG: module 'zhipuai' has no attribute 'model_api'
2026-05-19 06:22:52,597 [WARNING] No categories for YZG
2026-05-19 06:22:52,597 [WARNING] No categories for YZG
2026-05-19 06:22:53,248 [INFO] Processing [YVD] from 2026-05-11
2026-05-19 06:22:53,248 [INFO] Processing [YVD] from 2026-05-11
2026-05-19 06:22:53,402 [INFO] Downloaded PDF YVD (78KB)
2026-05-19 06:22:53,402 [INFO] Downloaded PDF YVD (78KB)
2026-05-19 06:22:55,109 [ERROR] GLM failed for YVD: module 'zhipuai' has no attribute 'model_api'
2026-05-19 06:22:55,109 [ERROR] GLM failed for YVD: module 'zhipuai' has no attribute 'model_api'
2026-05-19 06:22:55,110 [WARNING] No categories for YVD
2026-05-19 06:22:55,110 [WARNING] No categories for YVD
2026-05-19 06:22:55,760 [INFO] Processing [YVD] from 2026-05-11
2026-05-19 06:22:55,760 [INFO] Processing [YVD] from 2026-05-11
2026-05-19 06:22:55,860 [WARNING] HTTP 429 for https://www.kap.org.tr/tr/api/BildirimPdf/1604299, retry 1/5 in 2s
2026-05-19 06:22:55,860 [WARNING] HTTP 429 for https://www.kap.org.tr/tr/api/BildirimPdf/1604299, retry 1/5 in 2s
2026-05-19 06:22:58,112 [WARNING] HTTP 429 for https://www.kap.org.tr/tr/api/BildirimPdf/1604299, retry 2/5 in 3s
2026-05-19 06:22:58,112 [WARNING] HTTP 429 for https://www.kap.org.tr/tr/api/BildirimPdf/1604299, retry 2/5 in 3s
2026-05-19 06:23:01,371 [WARNING] HTTP 429 for https://www.kap.org.tr/tr/api/BildirimPdf/1604299, retry 3/5 in 5s
2026-05-19 06:23:01,371 [WARNING] HTTP 429 for https://www.kap.org.tr/tr/api/BildirimPdf/1604299, retry 3/5 in 5s
2026-05-19 06:23:06,626 [WARNING] HTTP 429 for https://www.kap.org.tr/tr/api/BildirimPdf/1604299, retry 4/5 in 9s
2026-05-19 06:23:06,626 [WARNING] HTTP 429 for https://www.kap.org.tr/tr/api/BildirimPdf/1604299, retry 4/5 in 9s
2026-05-19 06:23:15,898 [WARNING] HTTP 429 for https://www.kap.org.tr/tr/api/BildirimPdf/1604299, retry 5/5 in 17s
2026-05-19 06:23:15,898 [WARNING] HTTP 429 for https://www.kap.org.tr/tr/api/BildirimPdf/1604299, retry 5/5 in 17s
2026-05-19 06:23:33,199 [WARNING] No attachment URL in disclosure 1604299
2026-05-19 06:23:33,199 [WARNING] No attachment URL in disclosure 1604299
2026-05-19 06:23:33,207 [INFO] Processing [YEF] from 2026-05-11
2026-05-19 06:23:33,207 [INFO] Processing [YEF] from 2026-05-11
2026-05-19 06:23:33,298 [WARNING] HTTP 429 for https://www.kap.org.tr/tr/api/BildirimPdf/1604298, retry 1/5 in 2s
2026-05-19 06:23:33,298 [WARNING] HTTP 429 for https://www.kap.org.tr/tr/api/BildirimPdf/1604298, retry 1/5 in 2s
2026-05-19 06:23:35,399 [WARNING] HTTP 429 for https://www.kap.org.tr/tr/api/BildirimPdf/1604298, retry 2/5 in 3s
2026-05-19 06:23:35,399 [WARNING] HTTP 429 for https://www.kap.org.tr/tr/api/BildirimPdf/1604298, retry 2/5 in 3s
2026-05-19 06:23:38,623 [WARNING] HTTP 429 for https://www.kap.org.tr/tr/api/BildirimPdf/1604298, retry 3/5 in 5s
2026-05-19 06:23:38,623 [WARNING] HTTP 429 for https://www.kap.org.tr/tr/api/BildirimPdf/1604298, retry 3/5 in 5s
2026-05-19 06:23:43,879 [WARNING] HTTP 429 for https://www.kap.org.tr/tr/api/BildirimPdf/1604298, retry 4/5 in 9s
2026-05-19 06:23:43,879 [WARNING] HTTP 429 for https://www.kap.org.tr/tr/api/BildirimPdf/1604298, retry 4/5 in 9s
2026-05-19 06:23:53,126 [WARNING] HTTP 429 for https://www.kap.org.tr/tr/api/BildirimPdf/1604298, retry 5/5 in 17s
2026-05-19 06:23:53,126 [WARNING] HTTP 429 for https://www.kap.org.tr/tr/api/BildirimPdf/1604298, retry 5/5 in 17s
2026-05-19 06:24:10,444 [WARNING] No attachment URL in disclosure 1604298
2026-05-19 06:24:10,444 [WARNING] No attachment URL in disclosure 1604298
2026-05-19 06:24:10,450 [INFO] Processing [YDK] from 2026-05-11
2026-05-19 06:24:10,450 [INFO] Processing [YDK] from 2026-05-11
2026-05-19 06:24:10,543 [WARNING] HTTP 429 for https://www.kap.org.tr/tr/api/BildirimPdf/1604297, retry 1/5 in 2s
2026-05-19 06:24:10,543 [WARNING] HTTP 429 for https://www.kap.org.tr/tr/api/BildirimPdf/1604297, retry 1/5 in 2s
2026-05-19 06:24:12,788 [WARNING] HTTP 429 for https://www.kap.org.tr/tr/api/BildirimPdf/1604297, retry 2/5 in 3s
2026-05-19 06:24:12,788 [WARNING] HTTP 429 for https://www.kap.org.tr/tr/api/BildirimPdf/1604297, retry 2/5 in 3s
2026-05-19 06:24:16,031 [WARNING] HTTP 429 for https://www.kap.org.tr/tr/api/BildirimPdf/1604297, retry 3/5 in 5s
2026-05-19 06:24:16,031 [WARNING] HTTP 429 for https://www.kap.org.tr/tr/api/BildirimPdf/1604297, retry 3/5 in 5s
2026-05-19 06:24:21,272 [WARNING] HTTP 429 for https://www.kap.org.tr/tr/api/BildirimPdf/1604297, retry 4/5 in 9s
2026-05-19 06:24:21,272 [WARNING] HTTP 429 for https://www.kap.org.tr/tr/api/BildirimPdf/1604297, retry 4/5 in 9s
2026-05-19 06:24:30,524 [WARNING] HTTP 429 for https://www.kap.org.tr/tr/api/BildirimPdf/1604297, retry 5/5 in 17s
2026-05-19 06:24:30,524 [WARNING] HTTP 429 for https://www.kap.org.tr/tr/api/BildirimPdf/1604297, retry 5/5 in 17s
2026-05-19 06:24:47,853 [WARNING] No attachment URL in disclosure 1604297
2026-05-19 06:24:47,853 [WARNING] No attachment URL in disclosure 1604297
2026-05-19 06:24:47,859 [INFO] Processing [YVD] from 2026-05-11
2026-05-19 06:24:47,859 [INFO] Processing [YVD] from 2026-05-11
2026-05-19 06:24:47,953 [WARNING] HTTP 429 for https://www.kap.org.tr/tr/api/BildirimPdf/1604296, retry 1/5 in 2s
2026-05-19 06:24:47,953 [WARNING] HTTP 429 for https://www.kap.org.tr/tr/api/BildirimPdf/1604296, retry 1/5 in 2s
2026-05-19 06:24:50,198 [WARNING] HTTP 429 for https://www.kap.org.tr/tr/api/BildirimPdf/1604296, retry 2/5 in 3s
2026-05-19 06:24:50,198 [WARNING] HTTP 429 for https://www.kap.org.tr/tr/api/BildirimPdf/1604296, retry 2/5 in 3s
2026-05-19 06:24:53,447 [WARNING] HTTP 429 for https://www.kap.org.tr/tr/api/BildirimPdf/1604296, retry 3/5 in 5s
2026-05-19 06:24:53,447 [WARNING] HTTP 429 for https://www.kap.org.tr/tr/api/BildirimPdf/1604296, retry 3/5 in 5s
2026-05-19 06:24:58,687 [WARNING] HTTP 429 for https://www.kap.org.tr/tr/api/BildirimPdf/1604296, retry 4/5 in 9s
2026-05-19 06:24:58,687 [WARNING] HTTP 429 for https://www.kap.org.tr/tr/api/BildirimPdf/1604296, retry 4/5 in 9s
2026-05-19 06:25:07,942 [WARNING] HTTP 429 for https://www.kap.org.tr/tr/api/BildirimPdf/1604296, retry 5/5 in 17s
2026-05-19 06:25:07,942 [WARNING] HTTP 429 for https://www.kap.org.tr/tr/api/BildirimPdf/1604296, retry 5/5 in 17s
2026-05-19 06:25:25,282 [WARNING] No attachment URL in disclosure 1604296
2026-05-19 06:25:25,282 [WARNING] No attachment URL in disclosure 1604296
2026-05-19 06:25:25,288 [INFO] Processing [YVD] from 2026-05-11
2026-05-19 06:25:25,288 [INFO] Processing [YVD] from 2026-05-11
2026-05-19 06:25:25,380 [WARNING] HTTP 429 for https://www.kap.org.tr/tr/api/BildirimPdf/1604295, retry 1/5 in 2s
2026-05-19 06:25:25,380 [WARNING] HTTP 429 for https://www.kap.org.tr/tr/api/BildirimPdf/1604295, retry 1/5 in 2s
2026-05-19 06:25:27,619 [WARNING] HTTP 429 for https://www.kap.org.tr/tr/api/BildirimPdf/1604295, retry 2/5 in 3s
2026-05-19 06:25:27,619 [WARNING] HTTP 429 for https://www.kap.org.tr/tr/api/BildirimPdf/1604295, retry 2/5 in 3s
2026-05-19 06:25:30,871 [WARNING] HTTP 429 for https://www.kap.org.tr/tr/api/BildirimPdf/1604295, retry 3/5 in 5s
2026-05-19 06:25:30,871 [WARNING] HTTP 429 for https://www.kap.org.tr/tr/api/BildirimPdf/1604295, retry 3/5 in 5s
2026-05-19 06:25:36,128 [WARNING] HTTP 429 for https://www.kap.org.tr/tr/api/BildirimPdf/1604295, retry 4/5 in 9s
2026-05-19 06:25:36,128 [WARNING] HTTP 429 for https://www.kap.org.tr/tr/api/BildirimPdf/1604295, retry 4/5 in 9s
2026-05-19 06:25:45,373 [WARNING] HTTP 429 for https://www.kap.org.tr/tr/api/BildirimPdf/1604295, retry 5/5 in 17s
2026-05-19 06:25:45,373 [WARNING] HTTP 429 for https://www.kap.org.tr/tr/api/BildirimPdf/1604295, retry 5/5 in 17s
2026-05-19 06:26:02,700 [WARNING] No attachment URL in disclosure 1604295
2026-05-19 06:26:02,700 [WARNING] No attachment URL in disclosure 1604295
2026-05-19 06:26:02,707 [INFO] Processing [TPR] from 2026-05-11
2026-05-19 06:26:02,707 [INFO] Processing [TPR] from 2026-05-11
2026-05-19 06:26:02,854 [INFO] Downloaded PDF TPR (77KB)
2026-05-19 06:26:02,854 [INFO] Downloaded PDF TPR (77KB)
2026-05-19 06:26:04,562 [ERROR] GLM failed for TPR: module 'zhipuai' has no attribute 'model_api'
2026-05-19 06:26:04,562 [ERROR] GLM failed for TPR: module 'zhipuai' has no attribute 'model_api'
2026-05-19 06:26:04,563 [WARNING] No categories for TPR
2026-05-19 06:26:04,563 [WARNING] No categories for TPR
2026-05-19 06:26:05,213 [INFO] Processing [BHI] from 2026-05-11
2026-05-19 06:26:05,213 [INFO] Processing [BHI] from 2026-05-11
2026-05-19 06:26:05,395 [INFO] Downloaded PDF BHI (77KB)
2026-05-19 06:26:05,395 [INFO] Downloaded PDF BHI (77KB)
2026-05-19 06:26:07,090 [ERROR] GLM failed for BHI: module 'zhipuai' has no attribute 'model_api'
2026-05-19 06:26:07,090 [ERROR] GLM failed for BHI: module 'zhipuai' has no attribute 'model_api'
2026-05-19 06:26:07,090 [WARNING] No categories for BHI
2026-05-19 06:26:07,090 [WARNING] No categories for BHI
2026-05-19 06:26:07,740 [INFO] Processing [IOO] from 2026-05-11
2026-05-19 06:26:07,740 [INFO] Processing [IOO] from 2026-05-11
2026-05-19 06:26:07,899 [INFO] Downloaded PDF IOO (77KB)
2026-05-19 06:26:07,899 [INFO] Downloaded PDF IOO (77KB)
2026-05-19 06:26:09,584 [ERROR] GLM failed for IOO: module 'zhipuai' has no attribute 'model_api'
2026-05-19 06:26:09,584 [ERROR] GLM failed for IOO: module 'zhipuai' has no attribute 'model_api'
2026-05-19 06:26:09,584 [WARNING] No categories for IOO
2026-05-19 06:26:09,584 [WARNING] No categories for IOO
2026-05-19 06:26:10,234 [INFO] Processing [TPR] from 2026-05-11
2026-05-19 06:26:10,234 [INFO] Processing [TPR] from 2026-05-11
2026-05-19 06:26:10,388 [INFO] Downloaded PDF TPR (77KB)
2026-05-19 06:26:10,388 [INFO] Downloaded PDF TPR (77KB)
2026-05-19 06:26:12,082 [ERROR] GLM failed for TPR: module 'zhipuai' has no attribute 'model_api'
2026-05-19 06:26:12,082 [ERROR] GLM failed for TPR: module 'zhipuai' has no attribute 'model_api'
2026-05-19 06:26:12,082 [WARNING] No categories for TPR
2026-05-19 06:26:12,082 [WARNING] No categories for TPR
2026-05-19 06:26:12,607 [INFO] Processing [AFO] from 2026-05-11
2026-05-19 06:26:12,607 [INFO] Processing [AFO] from 2026-05-11
2026-05-19 06:26:13,442 [INFO] Downloaded PDF AFO (77KB)
2026-05-19 06:26:13,442 [INFO] Downloaded PDF AFO (77KB)
2026-05-19 06:26:15,148 [ERROR] GLM failed for AFO: module 'zhipuai' has no attribute 'model_api'
2026-05-19 06:26:15,148 [ERROR] GLM failed for AFO: module 'zhipuai' has no attribute 'model_api'
2026-05-19 06:26:15,148 [WARNING] No categories for AFO
2026-05-19 06:26:15,148 [WARNING] No categories for AFO
2026-05-19 06:26:15,799 [INFO] Processing [BTJ] from 2026-05-11
2026-05-19 06:26:15,799 [INFO] Processing [BTJ] from 2026-05-11
2026-05-19 06:26:16,577 [INFO] Downloaded PDF BTJ (78KB)
2026-05-19 06:26:16,577 [INFO] Downloaded PDF BTJ (78KB)
2026-05-19 06:26:18,278 [ERROR] GLM failed for BTJ: module 'zhipuai' has no attribute 'model_api'
2026-05-19 06:26:18,278 [ERROR] GLM failed for BTJ: module 'zhipuai' has no attribute 'model_api'
2026-05-19 06:26:18,278 [WARNING] No categories for BTJ
2026-05-19 06:26:18,278 [WARNING] No categories for BTJ
2026-05-19 06:26:18,929 [INFO] Processing [KVR] from 2026-05-11
2026-05-19 06:26:18,929 [INFO] Processing [KVR] from 2026-05-11
2026-05-19 06:26:19,087 [INFO] Downloaded PDF KVR (78KB)
2026-05-19 06:26:19,087 [INFO] Downloaded PDF KVR (78KB)
2026-05-19 06:26:20,761 [ERROR] GLM failed for KVR: module 'zhipuai' has no attribute 'model_api'
2026-05-19 06:26:20,761 [ERROR] GLM failed for KVR: module 'zhipuai' has no attribute 'model_api'
2026-05-19 06:26:20,762 [WARNING] No categories for KVR
2026-05-19 06:26:20,762 [WARNING] No categories for KVR
2026-05-19 06:26:21,314 [INFO] Processing [BTZ] from 2026-05-11
2026-05-19 06:26:21,314 [INFO] Processing [BTZ] from 2026-05-11
2026-05-19 06:26:21,485 [INFO] Downloaded PDF BTZ (78KB)
2026-05-19 06:26:21,485 [INFO] Downloaded PDF BTZ (78KB)
2026-05-19 06:26:23,168 [ERROR] GLM failed for BTZ: module 'zhipuai' has no attribute 'model_api'
2026-05-19 06:26:23,168 [ERROR] GLM failed for BTZ: module 'zhipuai' has no attribute 'model_api'
2026-05-19 06:26:23,169 [WARNING] No categories for BTZ
2026-05-19 06:26:23,169 [WARNING] No categories for BTZ
2026-05-19 06:26:23,819 [INFO] Processing [ITZ] from 2026-05-11
2026-05-19 06:26:23,819 [INFO] Processing [ITZ] from 2026-05-11
2026-05-19 06:26:23,982 [INFO] Downloaded PDF ITZ (78KB)
2026-05-19 06:26:23,982 [INFO] Downloaded PDF ITZ (78KB)
2026-05-19 06:26:25,687 [ERROR] GLM failed for ITZ: module 'zhipuai' has no attribute 'model_api'
2026-05-19 06:26:25,687 [ERROR] GLM failed for ITZ: module 'zhipuai' has no attribute 'model_api'
2026-05-19 06:26:25,687 [WARNING] No categories for ITZ
2026-05-19 06:26:25,687 [WARNING] No categories for ITZ
2026-05-19 06:26:26,338 [INFO] Processing [AYR] from 2026-05-11
2026-05-19 06:26:26,338 [INFO] Processing [AYR] from 2026-05-11
2026-05-19 06:26:26,490 [INFO] Downloaded PDF AYR (78KB)
2026-05-19 06:26:26,490 [INFO] Downloaded PDF AYR (78KB)
2026-05-19 06:26:28,197 [ERROR] GLM failed for AYR: module 'zhipuai' has no attribute 'model_api'
2026-05-19 06:26:28,197 [ERROR] GLM failed for AYR: module 'zhipuai' has no attribute 'model_api'
2026-05-19 06:26:28,197 [WARNING] No categories for AYR
2026-05-19 06:26:28,197 [WARNING] No categories for AYR
2026-05-19 06:26:28,848 [INFO] Processing [KHD] from 2026-05-11
2026-05-19 06:26:28,848 [INFO] Processing [KHD] from 2026-05-11
2026-05-19 06:26:29,002 [INFO] Downloaded PDF KHD (78KB)
2026-05-19 06:26:29,002 [INFO] Downloaded PDF KHD (78KB)
2026-05-19 06:26:30,697 [ERROR] GLM failed for KHD: module 'zhipuai' has no attribute 'model_api'
2026-05-19 06:26:30,697 [ERROR] GLM failed for KHD: module 'zhipuai' has no attribute 'model_api'
2026-05-19 06:26:30,697 [WARNING] No categories for KHD
2026-05-19 06:26:30,697 [WARNING] No categories for KHD
2026-05-19 06:26:31,347 [INFO] Processing [PPT] from 2026-05-11
2026-05-19 06:26:31,347 [INFO] Processing [PPT] from 2026-05-11
2026-05-19 06:26:31,506 [INFO] Downloaded PDF PPT (78KB)
2026-05-19 06:26:31,506 [INFO] Downloaded PDF PPT (78KB)
2026-05-19 06:26:33,207 [ERROR] GLM failed for PPT: module 'zhipuai' has no attribute 'model_api'
2026-05-19 06:26:33,207 [ERROR] GLM failed for PPT: module 'zhipuai' has no attribute 'model_api'
2026-05-19 06:26:33,208 [WARNING] No categories for PPT
2026-05-19 06:26:33,208 [WARNING] No categories for PPT
2026-05-19 06:26:33,858 [INFO] Processing [TAL] from 2026-05-11
2026-05-19 06:26:33,858 [INFO] Processing [TAL] from 2026-05-11
2026-05-19 06:26:34,019 [INFO] Downloaded PDF TAL (78KB)
2026-05-19 06:26:34,019 [INFO] Downloaded PDF TAL (78KB)
2026-05-19 06:26:35,716 [ERROR] GLM failed for TAL: module 'zhipuai' has no attribute 'model_api'
2026-05-19 06:26:35,716 [ERROR] GLM failed for TAL: module 'zhipuai' has no attribute 'model_api'
2026-05-19 06:26:35,716 [WARNING] No categories for TAL
2026-05-19 06:26:35,716 [WARNING] No categories for TAL
2026-05-19 06:26:36,307 [INFO] Processing [BSH] from 2026-05-11
2026-05-19 06:26:36,307 [INFO] Processing [BSH] from 2026-05-11
2026-05-19 06:26:36,468 [INFO] Downloaded PDF BSH (78KB)
2026-05-19 06:26:36,468 [INFO] Downloaded PDF BSH (78KB)
2026-05-19 06:26:38,124 [ERROR] GLM failed for BSH: module 'zhipuai' has no attribute 'model_api'
2026-05-19 06:26:38,124 [ERROR] GLM failed for BSH: module 'zhipuai' has no attribute 'model_api'
2026-05-19 06:26:38,124 [WARNING] No categories for BSH
2026-05-19 06:26:38,124 [WARNING] No categories for BSH
2026-05-19 06:26:38,775 [INFO] Processing [PPT] from 2026-05-11
2026-05-19 06:26:38,775 [INFO] Processing [PPT] from 2026-05-11
2026-05-19 06:26:38,930 [INFO] Downloaded PDF PPT (78KB)
2026-05-19 06:26:38,930 [INFO] Downloaded PDF PPT (78KB)
2026-05-19 06:26:40,621 [ERROR] GLM failed for PPT: module 'zhipuai' has no attribute 'model_api'
2026-05-19 06:26:40,621 [ERROR] GLM failed for PPT: module 'zhipuai' has no attribute 'model_api'
2026-05-19 06:26:40,621 [WARNING] No categories for PPT
2026-05-19 06:26:40,621 [WARNING] No categories for PPT
2026-05-19 06:26:41,272 [INFO] Processing [STI] from 2026-05-11
2026-05-19 06:26:41,272 [INFO] Processing [STI] from 2026-05-11
2026-05-19 06:26:41,436 [INFO] Downloaded PDF STI (78KB)
2026-05-19 06:26:41,436 [INFO] Downloaded PDF STI (78KB)
2026-05-19 06:26:43,130 [ERROR] GLM failed for STI: module 'zhipuai' has no attribute 'model_api'
2026-05-19 06:26:43,130 [ERROR] GLM failed for STI: module 'zhipuai' has no attribute 'model_api'
2026-05-19 06:26:43,130 [WARNING] No categories for STI
2026-05-19 06:26:43,130 [WARNING] No categories for STI
2026-05-19 06:26:43,780 [INFO] Processing [KLH] from 2026-05-11
2026-05-19 06:26:43,780 [INFO] Processing [KLH] from 2026-05-11
2026-05-19 06:26:43,942 [INFO] Downloaded PDF KLH (78KB)
2026-05-19 06:26:43,942 [INFO] Downloaded PDF KLH (78KB)
2026-05-19 06:26:45,634 [ERROR] GLM failed for KLH: module 'zhipuai' has no attribute 'model_api'
2026-05-19 06:26:45,634 [ERROR] GLM failed for KLH: module 'zhipuai' has no attribute 'model_api'
2026-05-19 06:26:45,635 [WARNING] No categories for KLH
2026-05-19 06:26:45,635 [WARNING] No categories for KLH
2026-05-19 06:26:46,285 [INFO] Processing [PKT] from 2026-05-11
2026-05-19 06:26:46,285 [INFO] Processing [PKT] from 2026-05-11
2026-05-19 06:26:46,446 [INFO] Downloaded PDF PKT (77KB)
2026-05-19 06:26:46,446 [INFO] Downloaded PDF PKT (77KB)
2026-05-19 06:26:48,121 [ERROR] GLM failed for PKT: module 'zhipuai' has no attribute 'model_api'
2026-05-19 06:26:48,121 [ERROR] GLM failed for PKT: module 'zhipuai' has no attribute 'model_api'
2026-05-19 06:26:48,121 [WARNING] No categories for PKT
2026-05-19 06:26:48,121 [WARNING] No categories for PKT
2026-05-19 06:26:48,771 [INFO] Processing [YVD] from 2026-05-11
2026-05-19 06:26:48,771 [INFO] Processing [YVD] from 2026-05-11
2026-05-19 06:26:48,949 [INFO] Downloaded PDF YVD (78KB)
2026-05-19 06:26:48,949 [INFO] Downloaded PDF YVD (78KB)
2026-05-19 06:26:50,601 [ERROR] GLM failed for YVD: module 'zhipuai' has no attribute 'model_api'
2026-05-19 06:26:50,601 [ERROR] GLM failed for YVD: module 'zhipuai' has no attribute 'model_api'
2026-05-19 06:26:50,602 [WARNING] No categories for YVD
2026-05-19 06:26:50,602 [WARNING] No categories for YVD
2026-05-19 06:26:51,252 [INFO] Processing [YVD] from 2026-05-11
2026-05-19 06:26:51,252 [INFO] Processing [YVD] from 2026-05-11
2026-05-19 06:26:51,410 [INFO] Downloaded PDF YVD (78KB)
2026-05-19 06:26:51,410 [INFO] Downloaded PDF YVD (78KB)
2026-05-19 06:26:53,115 [ERROR] GLM failed for YVD: module 'zhipuai' has no attribute 'model_api'
2026-05-19 06:26:53,115 [ERROR] GLM failed for YVD: module 'zhipuai' has no attribute 'model_api'
2026-05-19 06:26:53,115 [WARNING] No categories for YVD
2026-05-19 06:26:53,115 [WARNING] No categories for YVD
2026-05-19 06:26:53,766 [INFO] Processing [YMH] from 2026-05-11
2026-05-19 06:26:53,766 [INFO] Processing [YMH] from 2026-05-11
2026-05-19 06:26:53,930 [INFO] Downloaded PDF YMH (78KB)
2026-05-19 06:26:53,930 [INFO] Downloaded PDF YMH (78KB)
2026-05-19 06:26:55,585 [ERROR] GLM failed for YMH: module 'zhipuai' has no attribute 'model_api'
2026-05-19 06:26:55,585 [ERROR] GLM failed for YMH: module 'zhipuai' has no attribute 'model_api'
2026-05-19 06:26:55,585 [WARNING] No categories for YMH
2026-05-19 06:26:55,585 [WARNING] No categories for YMH
2026-05-19 06:26:56,235 [INFO] Processing [YVD] from 2026-05-11
2026-05-19 06:26:56,235 [INFO] Processing [YVD] from 2026-05-11
2026-05-19 06:26:56,391 [INFO] Downloaded PDF YVD (78KB)
2026-05-19 06:26:56,391 [INFO] Downloaded PDF YVD (78KB)
2026-05-19 06:26:58,091 [ERROR] GLM failed for YVD: module 'zhipuai' has no attribute 'model_api'
2026-05-19 06:26:58,091 [ERROR] GLM failed for YVD: module 'zhipuai' has no attribute 'model_api'
2026-05-19 06:26:58,091 [WARNING] No categories for YVD
2026-05-19 06:26:58,091 [WARNING] No categories for YVD
2026-05-19 06:26:58,742 [INFO] Processing [YVD] from 2026-05-11
2026-05-19 06:26:58,742 [INFO] Processing [YVD] from 2026-05-11
2026-05-19 06:26:58,894 [INFO] Downloaded PDF YVD (77KB)
2026-05-19 06:26:58,894 [INFO] Downloaded PDF YVD (77KB)
2026-05-19 06:27:00,602 [ERROR] GLM failed for YVD: module 'zhipuai' has no attribute 'model_api'
2026-05-19 06:27:00,602 [ERROR] GLM failed for YVD: module 'zhipuai' has no attribute 'model_api'
2026-05-19 06:27:00,602 [WARNING] No categories for YVD
2026-05-19 06:27:00,602 [WARNING] No categories for YVD
2026-05-19 06:27:01,144 [INFO] Processing [YVD] from 2026-05-11
2026-05-19 06:27:01,144 [INFO] Processing [YVD] from 2026-05-11
2026-05-19 06:27:01,365 [INFO] Downloaded PDF YVD (77KB)
2026-05-19 06:27:01,365 [INFO] Downloaded PDF YVD (77KB)
2026-05-19 06:27:03,070 [ERROR] GLM failed for YVD: module 'zhipuai' has no attribute 'model_api'
2026-05-19 06:27:03,070 [ERROR] GLM failed for YVD: module 'zhipuai' has no attribute 'model_api'
2026-05-19 06:27:03,070 [WARNING] No categories for YVD
2026-05-19 06:27:03,070 [WARNING] No categories for YVD
2026-05-19 06:27:03,721 [INFO] Processing [YVD] from 2026-05-11
2026-05-19 06:27:03,721 [INFO] Processing [YVD] from 2026-05-11
2026-05-19 06:27:03,883 [INFO] Downloaded PDF YVD (78KB)
2026-05-19 06:27:03,883 [INFO] Downloaded PDF YVD (78KB)
2026-05-19 06:27:05,586 [ERROR] GLM failed for YVD: module 'zhipuai' has no attribute 'model_api'
2026-05-19 06:27:05,586 [ERROR] GLM failed for YVD: module 'zhipuai' has no attribute 'model_api'
2026-05-19 06:27:05,587 [WARNING] No categories for YVD
2026-05-19 06:27:05,587 [WARNING] No categories for YVD
2026-05-19 06:27:06,237 [INFO] Processing [YVD] from 2026-05-11
2026-05-19 06:27:06,237 [INFO] Processing [YVD] from 2026-05-11
2026-05-19 06:27:06,397 [INFO] Downloaded PDF YVD (77KB)
2026-05-19 06:27:06,397 [INFO] Downloaded PDF YVD (77KB)
2026-05-19 06:27:08,096 [ERROR] GLM failed for YVD: module 'zhipuai' has no attribute 'model_api'
2026-05-19 06:27:08,096 [ERROR] GLM failed for YVD: module 'zhipuai' has no attribute 'model_api'
2026-05-19 06:27:08,096 [WARNING] No categories for YVD
2026-05-19 06:27:08,096 [WARNING] No categories for YVD
2026-05-19 06:27:08,746 [INFO] Processing [YVD] from 2026-05-11
2026-05-19 06:27:08,746 [INFO] Processing [YVD] from 2026-05-11
2026-05-19 06:27:08,896 [INFO] Downloaded PDF YVD (77KB)
2026-05-19 06:27:08,896 [INFO] Downloaded PDF YVD (77KB)
2026-05-19 06:27:10,577 [ERROR] GLM failed for YVD: module 'zhipuai' has no attribute 'model_api'
2026-05-19 06:27:10,577 [ERROR] GLM failed for YVD: module 'zhipuai' has no attribute 'model_api'
2026-05-19 06:27:10,577 [WARNING] No categories for YVD
2026-05-19 06:27:10,577 [WARNING] No categories for YVD
2026-05-19 06:27:11,227 [INFO] Processing [YVD] from 2026-05-11
2026-05-19 06:27:11,227 [INFO] Processing [YVD] from 2026-05-11
2026-05-19 06:27:11,383 [INFO] Downloaded PDF YVD (77KB)
2026-05-19 06:27:11,383 [INFO] Downloaded PDF YVD (77KB)
2026-05-19 06:27:13,074 [ERROR] GLM failed for YVD: module 'zhipuai' has no attribute 'model_api'
2026-05-19 06:27:13,074 [ERROR] GLM failed for YVD: module 'zhipuai' has no attribute 'model_api'
2026-05-19 06:27:13,074 [WARNING] No categories for YVD
2026-05-19 06:27:13,074 [WARNING] No categories for YVD
2026-05-19 06:27:13,725 [INFO] Processing [YVD] from 2026-05-11
2026-05-19 06:27:13,725 [INFO] Processing [YVD] from 2026-05-11
2026-05-19 06:27:13,888 [INFO] Downloaded PDF YVD (77KB)
2026-05-19 06:27:13,888 [INFO] Downloaded PDF YVD (77KB)
2026-05-19 06:27:15,580 [ERROR] GLM failed for YVD: module 'zhipuai' has no attribute 'model_api'
2026-05-19 06:27:15,580 [ERROR] GLM failed for YVD: module 'zhipuai' has no attribute 'model_api'
2026-05-19 06:27:15,580 [WARNING] No categories for YVD
2026-05-19 06:27:15,580 [WARNING] No categories for YVD
2026-05-19 06:27:16,230 [INFO] Processing [YDI] from 2026-05-11
2026-05-19 06:27:16,230 [INFO] Processing [YDI] from 2026-05-11
2026-05-19 06:27:16,395 [INFO] Downloaded PDF YDI (78KB)
2026-05-19 06:27:16,395 [INFO] Downloaded PDF YDI (78KB)
2026-05-19 06:27:18,079 [ERROR] GLM failed for YDI: module 'zhipuai' has no attribute 'model_api'
2026-05-19 06:27:18,079 [ERROR] GLM failed for YDI: module 'zhipuai' has no attribute 'model_api'
2026-05-19 06:27:18,079 [WARNING] No categories for YDI
2026-05-19 06:27:18,079 [WARNING] No categories for YDI
2026-05-19 06:27:18,729 [INFO] Processing [YBP] from 2026-05-11
2026-05-19 06:27:18,729 [INFO] Processing [YBP] from 2026-05-11
2026-05-19 06:27:18,876 [INFO] Downloaded PDF YBP (78KB)
2026-05-19 06:27:18,876 [INFO] Downloaded PDF YBP (78KB)
2026-05-19 06:27:20,579 [ERROR] GLM failed for YBP: module 'zhipuai' has no attribute 'model_api'
2026-05-19 06:27:20,579 [ERROR] GLM failed for YBP: module 'zhipuai' has no attribute 'model_api'
2026-05-19 06:27:20,579 [WARNING] No categories for YBP
2026-05-19 06:27:20,579 [WARNING] No categories for YBP
2026-05-19 06:27:21,229 [INFO] Processing [MPI] from 2026-05-11
2026-05-19 06:27:21,229 [INFO] Processing [MPI] from 2026-05-11
2026-05-19 06:27:21,413 [INFO] Downloaded PDF MPI (78KB)
2026-05-19 06:27:21,413 [INFO] Downloaded PDF MPI (78KB)
2026-05-19 06:27:23,118 [ERROR] GLM failed for MPI: module 'zhipuai' has no attribute 'model_api'
2026-05-19 06:27:23,118 [ERROR] GLM failed for MPI: module 'zhipuai' has no attribute 'model_api'
2026-05-19 06:27:23,119 [WARNING] No categories for MPI
2026-05-19 06:27:23,119 [WARNING] No categories for MPI
2026-05-19 06:27:23,769 [INFO] Processing [MAD] from 2026-05-11
2026-05-19 06:27:23,769 [INFO] Processing [MAD] from 2026-05-11
2026-05-19 06:27:23,939 [INFO] Downloaded PDF MAD (78KB)
2026-05-19 06:27:23,939 [INFO] Downloaded PDF MAD (78KB)
2026-05-19 06:27:25,559 [ERROR] GLM failed for MAD: module 'zhipuai' has no attribute 'model_api'
2026-05-19 06:27:25,559 [ERROR] GLM failed for MAD: module 'zhipuai' has no attribute 'model_api'
2026-05-19 06:27:25,560 [WARNING] No categories for MAD
2026-05-19 06:27:25,560 [WARNING] No categories for MAD
2026-05-19 06:27:26,210 [INFO] Processing [CKL] from 2026-05-11
2026-05-19 06:27:26,210 [INFO] Processing [CKL] from 2026-05-11
2026-05-19 06:27:26,365 [INFO] Downloaded PDF CKL (78KB)
2026-05-19 06:27:26,365 [INFO] Downloaded PDF CKL (78KB)
2026-05-19 06:27:28,068 [ERROR] GLM failed for CKL: module 'zhipuai' has no attribute 'model_api'
2026-05-19 06:27:28,068 [ERROR] GLM failed for CKL: module 'zhipuai' has no attribute 'model_api'
2026-05-19 06:27:28,068 [WARNING] No categories for CKL
2026-05-19 06:27:28,068 [WARNING] No categories for CKL
2026-05-19 06:27:28,718 [INFO] Processing [YSO] from 2026-05-11
2026-05-19 06:27:28,718 [INFO] Processing [YSO] from 2026-05-11
2026-05-19 06:27:28,874 [INFO] Downloaded PDF YSO (77KB)
2026-05-19 06:27:28,874 [INFO] Downloaded PDF YSO (77KB)
2026-05-19 06:27:30,564 [ERROR] GLM failed for YSO: module 'zhipuai' has no attribute 'model_api'
2026-05-19 06:27:30,564 [ERROR] GLM failed for YSO: module 'zhipuai' has no attribute 'model_api'
2026-05-19 06:27:30,564 [WARNING] No categories for YSO
2026-05-19 06:27:30,564 [WARNING] No categories for YSO
2026-05-19 06:27:31,215 [INFO] Processing [YSL] from 2026-05-11
2026-05-19 06:27:31,215 [INFO] Processing [YSL] from 2026-05-11
2026-05-19 06:27:31,358 [INFO] Downloaded PDF YSL (78KB)
2026-05-19 06:27:31,358 [INFO] Downloaded PDF YSL (78KB)
2026-05-19 06:27:33,016 [ERROR] GLM failed for YSL: module 'zhipuai' has no attribute 'model_api'
2026-05-19 06:27:33,016 [ERROR] GLM failed for YSL: module 'zhipuai' has no attribute 'model_api'
2026-05-19 06:27:33,016 [WARNING] No categories for YSL
2026-05-19 06:27:33,016 [WARNING] No categories for YSL
2026-05-19 06:27:33,666 [INFO] Processing [YVD] from 2026-05-11
2026-05-19 06:27:33,666 [INFO] Processing [YVD] from 2026-05-11
2026-05-19 06:27:33,819 [INFO] Downloaded PDF YVD (78KB)
2026-05-19 06:27:33,819 [INFO] Downloaded PDF YVD (78KB)
2026-05-19 06:27:35,512 [ERROR] GLM failed for YVD: module 'zhipuai' has no attribute 'model_api'
2026-05-19 06:27:35,512 [ERROR] GLM failed for YVD: module 'zhipuai' has no attribute 'model_api'
2026-05-19 06:27:35,512 [WARNING] No categories for YVD
2026-05-19 06:27:35,512 [WARNING] No categories for YVD
2026-05-19 06:27:36,162 [INFO] Processing [YVD] from 2026-05-11
2026-05-19 06:27:36,162 [INFO] Processing [YVD] from 2026-05-11
2026-05-19 06:27:36,319 [INFO] Downloaded PDF YVD (78KB)
2026-05-19 06:27:36,319 [INFO] Downloaded PDF YVD (78KB)
2026-05-19 06:27:38,024 [ERROR] GLM failed for YVD: module 'zhipuai' has no attribute 'model_api'
2026-05-19 06:27:38,024 [ERROR] GLM failed for YVD: module 'zhipuai' has no attribute 'model_api'
2026-05-19 06:27:38,024 [WARNING] No categories for YVD
2026-05-19 06:27:38,024 [WARNING] No categories for YVD
2026-05-19 06:27:38,674 [INFO] Processing [YVD] from 2026-05-11
2026-05-19 06:27:38,674 [INFO] Processing [YVD] from 2026-05-11
2026-05-19 06:27:38,815 [INFO] Downloaded PDF YVD (77KB)
2026-05-19 06:27:38,815 [INFO] Downloaded PDF YVD (77KB)
2026-05-19 06:27:40,507 [ERROR] GLM failed for YVD: module 'zhipuai' has no attribute 'model_api'
2026-05-19 06:27:40,507 [ERROR] GLM failed for YVD: module 'zhipuai' has no attribute 'model_api'
2026-05-19 06:27:40,507 [WARNING] No categories for YVD
2026-05-19 06:27:40,507 [WARNING] No categories for YVD
2026-05-19 06:27:41,158 [INFO] Processing [YZK] from 2026-05-11
2026-05-19 06:27:41,158 [INFO] Processing [YZK] from 2026-05-11
2026-05-19 06:27:41,313 [INFO] Downloaded PDF YZK (77KB)
2026-05-19 06:27:41,313 [INFO] Downloaded PDF YZK (77KB)
2026-05-19 06:27:43,018 [ERROR] GLM failed for YZK: module 'zhipuai' has no attribute 'model_api'
2026-05-19 06:27:43,018 [ERROR] GLM failed for YZK: module 'zhipuai' has no attribute 'model_api'
2026-05-19 06:27:43,018 [WARNING] No categories for YZK
2026-05-19 06:27:43,018 [WARNING] No categories for YZK
2026-05-19 06:27:43,669 [INFO] Processing [ONS] from 2026-05-11
2026-05-19 06:27:43,669 [INFO] Processing [ONS] from 2026-05-11
2026-05-19 06:27:43,871 [INFO] Downloaded PDF ONS (77KB)
2026-05-19 06:27:43,871 [INFO] Downloaded PDF ONS (77KB)
2026-05-19 06:27:45,577 [ERROR] GLM failed for ONS: module 'zhipuai' has no attribute 'model_api'
2026-05-19 06:27:45,577 [ERROR] GLM failed for ONS: module 'zhipuai' has no attribute 'model_api'
2026-05-19 06:27:45,578 [WARNING] No categories for ONS
2026-05-19 06:27:45,578 [WARNING] No categories for ONS
2026-05-19 06:27:46,228 [INFO] Processing [FUA] from 2026-05-11
2026-05-19 06:27:46,228 [INFO] Processing [FUA] from 2026-05-11
2026-05-19 06:27:46,378 [INFO] Downloaded PDF FUA (77KB)
2026-05-19 06:27:46,378 [INFO] Downloaded PDF FUA (77KB)
2026-05-19 06:27:48,081 [ERROR] GLM failed for FUA: module 'zhipuai' has no attribute 'model_api'
2026-05-19 06:27:48,081 [ERROR] GLM failed for FUA: module 'zhipuai' has no attribute 'model_api'
2026-05-19 06:27:48,081 [WARNING] No categories for FUA
2026-05-19 06:27:48,081 [WARNING] No categories for FUA
2026-05-19 06:27:48,732 [INFO] Processing [IPG] from 2026-05-11
2026-05-19 06:27:48,732 [INFO] Processing [IPG] from 2026-05-11
2026-05-19 06:27:48,893 [INFO] Downloaded PDF IPG (77KB)
2026-05-19 06:27:48,893 [INFO] Downloaded PDF IPG (77KB)
2026-05-19 06:27:50,584 [ERROR] GLM failed for IPG: module 'zhipuai' has no attribute 'model_api'
2026-05-19 06:27:50,584 [ERROR] GLM failed for IPG: module 'zhipuai' has no attribute 'model_api'
2026-05-19 06:27:50,585 [WARNING] No categories for IPG
2026-05-19 06:27:50,585 [WARNING] No categories for IPG
2026-05-19 06:27:51,235 [INFO] Processing [IOO] from 2026-05-11
2026-05-19 06:27:51,235 [INFO] Processing [IOO] from 2026-05-11
2026-05-19 06:27:51,395 [INFO] Downloaded PDF IOO (77KB)
2026-05-19 06:27:51,395 [INFO] Downloaded PDF IOO (77KB)
2026-05-19 06:27:53,106 [ERROR] GLM failed for IOO: module 'zhipuai' has no attribute 'model_api'
2026-05-19 06:27:53,106 [ERROR] GLM failed for IOO: module 'zhipuai' has no attribute 'model_api'
2026-05-19 06:27:53,106 [WARNING] No categories for IOO
2026-05-19 06:27:53,106 [WARNING] No categories for IOO
2026-05-19 06:27:53,757 [INFO] Processing [IUZ] from 2026-05-11
2026-05-19 06:27:53,757 [INFO] Processing [IUZ] from 2026-05-11
2026-05-19 06:27:53,918 [INFO] Downloaded PDF IUZ (77KB)
2026-05-19 06:27:53,918 [INFO] Downloaded PDF IUZ (77KB)
2026-05-19 06:27:55,615 [ERROR] GLM failed for IUZ: module 'zhipuai' has no attribute 'model_api'
2026-05-19 06:27:55,615 [ERROR] GLM failed for IUZ: module 'zhipuai' has no attribute 'model_api'
2026-05-19 06:27:55,615 [WARNING] No categories for IUZ
2026-05-19 06:27:55,615 [WARNING] No categories for IUZ
2026-05-19 06:27:56,265 [INFO] Processing [IUF] from 2026-05-11
2026-05-19 06:27:56,265 [INFO] Processing [IUF] from 2026-05-11
2026-05-19 06:27:56,407 [INFO] Downloaded PDF IUF (77KB)
2026-05-19 06:27:56,407 [INFO] Downloaded PDF IUF (77KB)
2026-05-19 06:27:58,106 [ERROR] GLM failed for IUF: module 'zhipuai' has no attribute 'model_api'
2026-05-19 06:27:58,106 [ERROR] GLM failed for IUF: module 'zhipuai' has no attribute 'model_api'
2026-05-19 06:27:58,106 [WARNING] No categories for IUF
2026-05-19 06:27:58,106 [WARNING] No categories for IUF
2026-05-19 06:27:58,756 [INFO] Processing [AJL] from 2026-05-11
2026-05-19 06:27:58,756 [INFO] Processing [AJL] from 2026-05-11
2026-05-19 06:27:58,901 [INFO] Downloaded PDF AJL (77KB)
2026-05-19 06:27:58,901 [INFO] Downloaded PDF AJL (77KB)
2026-05-19 06:28:00,605 [ERROR] GLM failed for AJL: module 'zhipuai' has no attribute 'model_api'
2026-05-19 06:28:00,605 [ERROR] GLM failed for AJL: module 'zhipuai' has no attribute 'model_api'
2026-05-19 06:28:00,605 [WARNING] No categories for AJL
2026-05-19 06:28:00,605 [WARNING] No categories for AJL
2026-05-19 06:28:01,256 [INFO] Processing [IJZ] from 2026-05-11
2026-05-19 06:28:01,256 [INFO] Processing [IJZ] from 2026-05-11
2026-05-19 06:28:01,412 [INFO] Downloaded PDF IJZ (77KB)
2026-05-19 06:28:01,412 [INFO] Downloaded PDF IJZ (77KB)
2026-05-19 06:28:03,016 [ERROR] GLM failed for IJZ: module 'zhipuai' has no attribute 'model_api'
2026-05-19 06:28:03,016 [ERROR] GLM failed for IJZ: module 'zhipuai' has no attribute 'model_api'
2026-05-19 06:28:03,016 [WARNING] No categories for IJZ
2026-05-19 06:28:03,016 [WARNING] No categories for IJZ
2026-05-19 06:28:03,666 [INFO] Processing [YVD] from 2026-05-11
2026-05-19 06:28:03,666 [INFO] Processing [YVD] from 2026-05-11
2026-05-19 06:28:03,822 [INFO] Downloaded PDF YVD (78KB)
2026-05-19 06:28:03,822 [INFO] Downloaded PDF YVD (78KB)
2026-05-19 06:28:05,524 [ERROR] GLM failed for YVD: module 'zhipuai' has no attribute 'model_api'
2026-05-19 06:28:05,524 [ERROR] GLM failed for YVD: module 'zhipuai' has no attribute 'model_api'
2026-05-19 06:28:05,525 [WARNING] No categories for YVD
2026-05-19 06:28:05,525 [WARNING] No categories for YVD
2026-05-19 06:28:06,175 [INFO] Processing [YVD] from 2026-05-11
2026-05-19 06:28:06,175 [INFO] Processing [YVD] from 2026-05-11
2026-05-19 06:28:06,334 [INFO] Downloaded PDF YVD (78KB)
2026-05-19 06:28:06,334 [INFO] Downloaded PDF YVD (78KB)
2026-05-19 06:28:08,039 [ERROR] GLM failed for YVD: module 'zhipuai' has no attribute 'model_api'
2026-05-19 06:28:08,039 [ERROR] GLM failed for YVD: module 'zhipuai' has no attribute 'model_api'
2026-05-19 06:28:08,039 [WARNING] No categories for YVD
2026-05-19 06:28:08,039 [WARNING] No categories for YVD
2026-05-19 06:28:08,690 [INFO] Processing [YAY] from 2026-05-11
2026-05-19 06:28:08,690 [INFO] Processing [YAY] from 2026-05-11
2026-05-19 06:28:08,787 [WARNING] HTTP 429 for https://www.kap.org.tr/tr/api/BildirimPdf/1604182, retry 1/5 in 2s
2026-05-19 06:28:08,787 [WARNING] HTTP 429 for https://www.kap.org.tr/tr/api/BildirimPdf/1604182, retry 1/5 in 2s
2026-05-19 06:28:11,044 [WARNING] HTTP 429 for https://www.kap.org.tr/tr/api/BildirimPdf/1604182, retry 2/5 in 3s
2026-05-19 06:28:11,044 [WARNING] HTTP 429 for https://www.kap.org.tr/tr/api/BildirimPdf/1604182, retry 2/5 in 3s
2026-05-19 06:28:14,281 [WARNING] HTTP 429 for https://www.kap.org.tr/tr/api/BildirimPdf/1604182, retry 3/5 in 5s
2026-05-19 06:28:14,281 [WARNING] HTTP 429 for https://www.kap.org.tr/tr/api/BildirimPdf/1604182, retry 3/5 in 5s
2026-05-19 06:28:19,528 [WARNING] HTTP 429 for https://www.kap.org.tr/tr/api/BildirimPdf/1604182, retry 4/5 in 9s
2026-05-19 06:28:19,528 [WARNING] HTTP 429 for https://www.kap.org.tr/tr/api/BildirimPdf/1604182, retry 4/5 in 9s
2026-05-19 06:28:28,777 [WARNING] HTTP 429 for https://www.kap.org.tr/tr/api/BildirimPdf/1604182, retry 5/5 in 17s
2026-05-19 06:28:28,777 [WARNING] HTTP 429 for https://www.kap.org.tr/tr/api/BildirimPdf/1604182, retry 5/5 in 17s
2026-05-19 06:28:46,785 [WARNING] No attachment URL in disclosure 1604182
2026-05-19 06:28:46,785 [WARNING] No attachment URL in disclosure 1604182
2026-05-19 06:28:46,793 [INFO] Processing [YVD] from 2026-05-11
2026-05-19 06:28:46,793 [INFO] Processing [YVD] from 2026-05-11
2026-05-19 06:28:46,886 [WARNING] HTTP 429 for https://www.kap.org.tr/tr/api/BildirimPdf/1604181, retry 1/5 in 2s
2026-05-19 06:28:46,886 [WARNING] HTTP 429 for https://www.kap.org.tr/tr/api/BildirimPdf/1604181, retry 1/5 in 2s
2026-05-19 06:28:49,130 [WARNING] HTTP 429 for https://www.kap.org.tr/tr/api/BildirimPdf/1604181, retry 2/5 in 3s
2026-05-19 06:28:49,130 [WARNING] HTTP 429 for https://www.kap.org.tr/tr/api/BildirimPdf/1604181, retry 2/5 in 3s
2026-05-19 06:28:52,383 [WARNING] HTTP 429 for https://www.kap.org.tr/tr/api/BildirimPdf/1604181, retry 3/5 in 5s
2026-05-19 06:28:52,383 [WARNING] HTTP 429 for https://www.kap.org.tr/tr/api/BildirimPdf/1604181, retry 3/5 in 5s
2026-05-19 06:28:57,626 [WARNING] HTTP 429 for https://www.kap.org.tr/tr/api/BildirimPdf/1604181, retry 4/5 in 9s
2026-05-19 06:28:57,626 [WARNING] HTTP 429 for https://www.kap.org.tr/tr/api/BildirimPdf/1604181, retry 4/5 in 9s
2026-05-19 06:29:06,810 [WARNING] HTTP 429 for https://www.kap.org.tr/tr/api/BildirimPdf/1604181, retry 5/5 in 17s
2026-05-19 06:29:06,810 [WARNING] HTTP 429 for https://www.kap.org.tr/tr/api/BildirimPdf/1604181, retry 5/5 in 17s
2026-05-19 06:29:24,126 [WARNING] No attachment URL in disclosure 1604181
2026-05-19 06:29:24,126 [WARNING] No attachment URL in disclosure 1604181
2026-05-19 06:29:24,132 [INFO] Processing [YHT] from 2026-05-11
2026-05-19 06:29:24,132 [INFO] Processing [YHT] from 2026-05-11
2026-05-19 06:29:24,223 [WARNING] HTTP 429 for https://www.kap.org.tr/tr/api/BildirimPdf/1604180, retry 1/5 in 2s
2026-05-19 06:29:24,223 [WARNING] HTTP 429 for https://www.kap.org.tr/tr/api/BildirimPdf/1604180, retry 1/5 in 2s
2026-05-19 06:29:26,465 [WARNING] HTTP 429 for https://www.kap.org.tr/tr/api/BildirimPdf/1604180, retry 2/5 in 3s
2026-05-19 06:29:26,465 [WARNING] HTTP 429 for https://www.kap.org.tr/tr/api/BildirimPdf/1604180, retry 2/5 in 3s
2026-05-19 06:29:29,707 [WARNING] HTTP 429 for https://www.kap.org.tr/tr/api/BildirimPdf/1604180, retry 3/5 in 5s
2026-05-19 06:29:29,707 [WARNING] HTTP 429 for https://www.kap.org.tr/tr/api/BildirimPdf/1604180, retry 3/5 in 5s
2026-05-19 06:29:34,953 [WARNING] HTTP 429 for https://www.kap.org.tr/tr/api/BildirimPdf/1604180, retry 4/5 in 9s
2026-05-19 06:29:34,953 [WARNING] HTTP 429 for https://www.kap.org.tr/tr/api/BildirimPdf/1604180, retry 4/5 in 9s
2026-05-19 06:29:44,187 [WARNING] HTTP 429 for https://www.kap.org.tr/tr/api/BildirimPdf/1604180, retry 5/5 in 17s
2026-05-19 06:29:44,187 [WARNING] HTTP 429 for https://www.kap.org.tr/tr/api/BildirimPdf/1604180, retry 5/5 in 17s
2026-05-19 06:30:01,570 [WARNING] No attachment URL in disclosure 1604180
2026-05-19 06:30:01,570 [WARNING] No attachment URL in disclosure 1604180
2026-05-19 06:30:01,577 [INFO] Processing [YVD] from 2026-05-11
2026-05-19 06:30:01,577 [INFO] Processing [YVD] from 2026-05-11
2026-05-19 06:30:01,675 [WARNING] HTTP 429 for https://www.kap.org.tr/tr/api/BildirimPdf/1604179, retry 1/5 in 2s
2026-05-19 06:30:01,675 [WARNING] HTTP 429 for https://www.kap.org.tr/tr/api/BildirimPdf/1604179, retry 1/5 in 2s
2026-05-19 06:30:03,984 [WARNING] HTTP 429 for https://www.kap.org.tr/tr/api/BildirimPdf/1604179, retry 2/5 in 3s
2026-05-19 06:30:03,984 [WARNING] HTTP 429 for https://www.kap.org.tr/tr/api/BildirimPdf/1604179, retry 2/5 in 3s
2026-05-19 06:30:07,238 [WARNING] HTTP 429 for https://www.kap.org.tr/tr/api/BildirimPdf/1604179, retry 3/5 in 5s
2026-05-19 06:30:07,238 [WARNING] HTTP 429 for https://www.kap.org.tr/tr/api/BildirimPdf/1604179, retry 3/5 in 5s
2026-05-19 06:30:12,481 [WARNING] HTTP 429 for https://www.kap.org.tr/tr/api/BildirimPdf/1604179, retry 4/5 in 9s
2026-05-19 06:30:12,481 [WARNING] HTTP 429 for https://www.kap.org.tr/tr/api/BildirimPdf/1604179, retry 4/5 in 9s
2026-05-19 06:30:21,623 [WARNING] HTTP 429 for https://www.kap.org.tr/tr/api/BildirimPdf/1604179, retry 5/5 in 17s
2026-05-19 06:30:21,623 [WARNING] HTTP 429 for https://www.kap.org.tr/tr/api/BildirimPdf/1604179, retry 5/5 in 17s
2026-05-19 06:30:38,947 [WARNING] No attachment URL in disclosure 1604179
2026-05-19 06:30:38,947 [WARNING] No attachment URL in disclosure 1604179
2026-05-19 06:30:38,954 [INFO] Processing [TCB] from 2026-05-11
2026-05-19 06:30:38,954 [INFO] Processing [TCB] from 2026-05-11
2026-05-19 06:30:39,045 [WARNING] HTTP 429 for https://www.kap.org.tr/tr/api/BildirimPdf/1604113, retry 1/5 in 2s
2026-05-19 06:30:39,045 [WARNING] HTTP 429 for https://www.kap.org.tr/tr/api/BildirimPdf/1604113, retry 1/5 in 2s
2026-05-19 06:30:41,274 [WARNING] HTTP 429 for https://www.kap.org.tr/tr/api/BildirimPdf/1604113, retry 2/5 in 3s
2026-05-19 06:30:41,274 [WARNING] HTTP 429 for https://www.kap.org.tr/tr/api/BildirimPdf/1604113, retry 2/5 in 3s
2026-05-19 06:30:44,524 [WARNING] HTTP 429 for https://www.kap.org.tr/tr/api/BildirimPdf/1604113, retry 3/5 in 5s
2026-05-19 06:30:44,524 [WARNING] HTTP 429 for https://www.kap.org.tr/tr/api/BildirimPdf/1604113, retry 3/5 in 5s
2026-05-19 06:30:49,771 [WARNING] HTTP 429 for https://www.kap.org.tr/tr/api/BildirimPdf/1604113, retry 4/5 in 9s
2026-05-19 06:30:49,771 [WARNING] HTTP 429 for https://www.kap.org.tr/tr/api/BildirimPdf/1604113, retry 4/5 in 9s
2026-05-19 06:30:59,027 [WARNING] HTTP 429 for https://www.kap.org.tr/tr/api/BildirimPdf/1604113, retry 5/5 in 17s
2026-05-19 06:30:59,027 [WARNING] HTTP 429 for https://www.kap.org.tr/tr/api/BildirimPdf/1604113, retry 5/5 in 17s
2026-05-19 06:31:16,348 [WARNING] No attachment URL in disclosure 1604113
2026-05-19 06:31:16,348 [WARNING] No attachment URL in disclosure 1604113
2026-05-19 06:31:16,355 [INFO] Processing [TTV] from 2026-05-11
2026-05-19 06:31:16,355 [INFO] Processing [TTV] from 2026-05-11
2026-05-19 06:31:16,506 [INFO] Downloaded PDF TTV (78KB)
2026-05-19 06:31:16,506 [INFO] Downloaded PDF TTV (78KB)
2026-05-19 06:31:18,194 [ERROR] GLM failed for TTV: module 'zhipuai' has no attribute 'model_api'
2026-05-19 06:31:18,194 [ERROR] GLM failed for TTV: module 'zhipuai' has no attribute 'model_api'
2026-05-19 06:31:18,194 [WARNING] No categories for TTV
2026-05-19 06:31:18,194 [WARNING] No categories for TTV
2026-05-19 06:31:18,844 [INFO] Processing [TTL] from 2026-05-11
2026-05-19 06:31:18,844 [INFO] Processing [TTL] from 2026-05-11
2026-05-19 06:31:19,334 [INFO] Downloaded PDF TTL (78KB)
2026-05-19 06:31:19,334 [INFO] Downloaded PDF TTL (78KB)
2026-05-19 06:31:21,032 [ERROR] GLM failed for TTL: module 'zhipuai' has no attribute 'model_api'
2026-05-19 06:31:21,032 [ERROR] GLM failed for TTL: module 'zhipuai' has no attribute 'model_api'
2026-05-19 06:31:21,032 [WARNING] No categories for TTL
2026-05-19 06:31:21,032 [WARNING] No categories for TTL
2026-05-19 06:31:21,547 [INFO] Processing [TKF] from 2026-05-11
2026-05-19 06:31:21,547 [INFO] Processing [TKF] from 2026-05-11
2026-05-19 06:31:21,784 [INFO] Downloaded PDF TKF (78KB)
2026-05-19 06:31:21,784 [INFO] Downloaded PDF TKF (78KB)
2026-05-19 06:31:23,481 [ERROR] GLM failed for TKF: module 'zhipuai' has no attribute 'model_api'
2026-05-19 06:31:23,481 [ERROR] GLM failed for TKF: module 'zhipuai' has no attribute 'model_api'
2026-05-19 06:31:23,481 [WARNING] No categories for TKF
2026-05-19 06:31:23,481 [WARNING] No categories for TKF
2026-05-19 06:31:24,132 [INFO] Processing [ZSF] from 2026-05-11
2026-05-19 06:31:24,132 [INFO] Processing [ZSF] from 2026-05-11
2026-05-19 06:31:24,275 [INFO] Downloaded PDF ZSF (78KB)
2026-05-19 06:31:24,275 [INFO] Downloaded PDF ZSF (78KB)
2026-05-19 06:31:25,978 [ERROR] GLM failed for ZSF: module 'zhipuai' has no attribute 'model_api'
2026-05-19 06:31:25,978 [ERROR] GLM failed for ZSF: module 'zhipuai' has no attribute 'model_api'
2026-05-19 06:31:25,978 [WARNING] No categories for ZSF
2026-05-19 06:31:25,978 [WARNING] No categories for ZSF
2026-05-19 06:31:26,628 [INFO] Processing [ZR3] from 2026-05-11
2026-05-19 06:31:26,628 [INFO] Processing [ZR3] from 2026-05-11
2026-05-19 06:31:26,778 [INFO] Downloaded PDF ZR3 (77KB)
2026-05-19 06:31:26,778 [INFO] Downloaded PDF ZR3 (77KB)
2026-05-19 06:31:28,470 [ERROR] GLM failed for ZR3: module 'zhipuai' has no attribute 'model_api'
2026-05-19 06:31:28,470 [ERROR] GLM failed for ZR3: module 'zhipuai' has no attribute 'model_api'
2026-05-19 06:31:28,471 [WARNING] No categories for ZR3
2026-05-19 06:31:28,471 [WARNING] No categories for ZR3
2026-05-19 06:31:29,121 [INFO] Processing [IOO] from 2026-05-11
2026-05-19 06:31:29,121 [INFO] Processing [IOO] from 2026-05-11
2026-05-19 06:31:29,324 [INFO] Downloaded PDF IOO (77KB)
2026-05-19 06:31:29,324 [INFO] Downloaded PDF IOO (77KB)
2026-05-19 06:31:31,011 [ERROR] GLM failed for IOO: module 'zhipuai' has no attribute 'model_api'
2026-05-19 06:31:31,011 [ERROR] GLM failed for IOO: module 'zhipuai' has no attribute 'model_api'
2026-05-19 06:31:31,011 [WARNING] No categories for IOO
2026-05-19 06:31:31,011 [WARNING] No categories for IOO
2026-05-19 06:31:31,662 [INFO] Processing [TPR] from 2026-05-11
2026-05-19 06:31:31,662 [INFO] Processing [TPR] from 2026-05-11
2026-05-19 06:31:31,819 [INFO] Downloaded PDF TPR (77KB)
2026-05-19 06:31:31,819 [INFO] Downloaded PDF TPR (77KB)
2026-05-19 06:31:33,502 [ERROR] GLM failed for TPR: module 'zhipuai' has no attribute 'model_api'
2026-05-19 06:31:33,502 [ERROR] GLM failed for TPR: module 'zhipuai' has no attribute 'model_api'
2026-05-19 06:31:33,502 [WARNING] No categories for TPR
2026-05-19 06:31:33,502 [WARNING] No categories for TPR
2026-05-19 06:31:34,153 [INFO] Processing [ZPJ] from 2026-05-11
2026-05-19 06:31:34,153 [INFO] Processing [ZPJ] from 2026-05-11
2026-05-19 06:31:34,594 [INFO] Downloaded PDF ZPJ (77KB)
2026-05-19 06:31:34,594 [INFO] Downloaded PDF ZPJ (77KB)
2026-05-19 06:31:36,297 [ERROR] GLM failed for ZPJ: module 'zhipuai' has no attribute 'model_api'
2026-05-19 06:31:36,297 [ERROR] GLM failed for ZPJ: module 'zhipuai' has no attribute 'model_api'
2026-05-19 06:31:36,298 [WARNING] No categories for ZPJ
2026-05-19 06:31:36,298 [WARNING] No categories for ZPJ
2026-05-19 06:31:36,948 [INFO] Processing [ZPG] from 2026-05-11
2026-05-19 06:31:36,948 [INFO] Processing [ZPG] from 2026-05-11
2026-05-19 06:31:37,106 [INFO] Downloaded PDF ZPG (77KB)
2026-05-19 06:31:37,106 [INFO] Downloaded PDF ZPG (77KB)
2026-05-19 06:31:38,795 [ERROR] GLM failed for ZPG: module 'zhipuai' has no attribute 'model_api'
2026-05-19 06:31:38,795 [ERROR] GLM failed for ZPG: module 'zhipuai' has no attribute 'model_api'
2026-05-19 06:31:38,795 [WARNING] No categories for ZPG
2026-05-19 06:31:38,795 [WARNING] No categories for ZPG
2026-05-19 06:31:39,445 [INFO] Processing [ZPJ] from 2026-05-11
2026-05-19 06:31:39,445 [INFO] Processing [ZPJ] from 2026-05-11
2026-05-19 06:31:39,608 [INFO] Downloaded PDF ZPJ (77KB)
2026-05-19 06:31:39,608 [INFO] Downloaded PDF ZPJ (77KB)
2026-05-19 06:31:41,307 [ERROR] GLM failed for ZPJ: module 'zhipuai' has no attribute 'model_api'
2026-05-19 06:31:41,307 [ERROR] GLM failed for ZPJ: module 'zhipuai' has no attribute 'model_api'
2026-05-19 06:31:41,307 [WARNING] No categories for ZPJ
2026-05-19 06:31:41,307 [WARNING] No categories for ZPJ
2026-05-19 06:31:41,958 [INFO] Processing [ZPE] from 2026-05-11
2026-05-19 06:31:41,958 [INFO] Processing [ZPE] from 2026-05-11
2026-05-19 06:31:42,106 [INFO] Downloaded PDF ZPE (77KB)
2026-05-19 06:31:42,106 [INFO] Downloaded PDF ZPE (77KB)
2026-05-19 06:31:43,813 [ERROR] GLM failed for ZPE: module 'zhipuai' has no attribute 'model_api'
2026-05-19 06:31:43,813 [ERROR] GLM failed for ZPE: module 'zhipuai' has no attribute 'model_api'
2026-05-19 06:31:43,813 [WARNING] No categories for ZPE
2026-05-19 06:31:43,813 [WARNING] No categories for ZPE
2026-05-19 06:31:44,463 [INFO] Processing [IOO] from 2026-05-11
2026-05-19 06:31:44,463 [INFO] Processing [IOO] from 2026-05-11
2026-05-19 06:31:44,626 [INFO] Downloaded PDF IOO (77KB)
2026-05-19 06:31:44,626 [INFO] Downloaded PDF IOO (77KB)
2026-05-19 06:31:46,330 [ERROR] GLM failed for IOO: module 'zhipuai' has no attribute 'model_api'
2026-05-19 06:31:46,330 [ERROR] GLM failed for IOO: module 'zhipuai' has no attribute 'model_api'
2026-05-19 06:31:46,330 [WARNING] No categories for IOO
2026-05-19 06:31:46,330 [WARNING] No categories for IOO
2026-05-19 06:31:46,981 [INFO] Processing [HB1] from 2026-05-11
2026-05-19 06:31:46,981 [INFO] Processing [HB1] from 2026-05-11
2026-05-19 06:31:47,134 [INFO] Downloaded PDF HB1 (78KB)
2026-05-19 06:31:47,134 [INFO] Downloaded PDF HB1 (78KB)
2026-05-19 06:31:48,840 [ERROR] GLM failed for HB1: module 'zhipuai' has no attribute 'model_api'
2026-05-19 06:31:48,840 [ERROR] GLM failed for HB1: module 'zhipuai' has no attribute 'model_api'
2026-05-19 06:31:48,840 [WARNING] No categories for HB1
2026-05-19 06:31:48,840 [WARNING] No categories for HB1
2026-05-19 06:31:49,491 [INFO] Processing [ZDZ] from 2026-05-11
2026-05-19 06:31:49,491 [INFO] Processing [ZDZ] from 2026-05-11
2026-05-19 06:31:49,648 [INFO] Downloaded PDF ZDZ (77KB)
2026-05-19 06:31:49,648 [INFO] Downloaded PDF ZDZ (77KB)
2026-05-19 06:31:51,316 [ERROR] GLM failed for ZDZ: module 'zhipuai' has no attribute 'model_api'
2026-05-19 06:31:51,316 [ERROR] GLM failed for ZDZ: module 'zhipuai' has no attribute 'model_api'
2026-05-19 06:31:51,317 [WARNING] No categories for ZDZ
2026-05-19 06:31:51,317 [WARNING] No categories for ZDZ
2026-05-19 06:31:51,967 [INFO] Processing [ZDZ] from 2026-05-11
2026-05-19 06:31:51,967 [INFO] Processing [ZDZ] from 2026-05-11
2026-05-19 06:31:52,115 [INFO] Downloaded PDF ZDZ (77KB)
2026-05-19 06:31:52,115 [INFO] Downloaded PDF ZDZ (77KB)
2026-05-19 06:31:53,776 [ERROR] GLM failed for ZDZ: module 'zhipuai' has no attribute 'model_api'
2026-05-19 06:31:53,776 [ERROR] GLM failed for ZDZ: module 'zhipuai' has no attribute 'model_api'
2026-05-19 06:31:53,776 [WARNING] No categories for ZDZ
2026-05-19 06:31:53,776 [WARNING] No categories for ZDZ
2026-05-19 06:31:54,427 [INFO] Processing [ZCD] from 2026-05-11
2026-05-19 06:31:54,427 [INFO] Processing [ZCD] from 2026-05-11
2026-05-19 06:31:54,636 [INFO] Downloaded PDF ZCD (77KB)
2026-05-19 06:31:54,636 [INFO] Downloaded PDF ZCD (77KB)
2026-05-19 06:31:56,257 [ERROR] GLM failed for ZCD: module 'zhipuai' has no attribute 'model_api'
2026-05-19 06:31:56,257 [ERROR] GLM failed for ZCD: module 'zhipuai' has no attribute 'model_api'
2026-05-19 06:31:56,257 [WARNING] No categories for ZCD
2026-05-19 06:31:56,257 [WARNING] No categories for ZCD
2026-05-19 06:31:56,907 [INFO] Processing [BHI] from 2026-05-11
2026-05-19 06:31:56,907 [INFO] Processing [BHI] from 2026-05-11
2026-05-19 06:31:57,070 [INFO] Downloaded PDF BHI (77KB)
2026-05-19 06:31:57,070 [INFO] Downloaded PDF BHI (77KB)
2026-05-19 06:31:58,767 [ERROR] GLM failed for BHI: module 'zhipuai' has no attribute 'model_api'
2026-05-19 06:31:58,767 [ERROR] GLM failed for BHI: module 'zhipuai' has no attribute 'model_api'
2026-05-19 06:31:58,767 [WARNING] No categories for BHI
2026-05-19 06:31:58,767 [WARNING] No categories for BHI
2026-05-19 06:31:59,358 [INFO] Processing [ZAV] from 2026-05-11
2026-05-19 06:31:59,358 [INFO] Processing [ZAV] from 2026-05-11
2026-05-19 06:31:59,524 [INFO] Downloaded PDF ZAV (77KB)
2026-05-19 06:31:59,524 [INFO] Downloaded PDF ZAV (77KB)
2026-05-19 06:32:01,228 [ERROR] GLM failed for ZAV: module 'zhipuai' has no attribute 'model_api'
2026-05-19 06:32:01,228 [ERROR] GLM failed for ZAV: module 'zhipuai' has no attribute 'model_api'
2026-05-19 06:32:01,228 [WARNING] No categories for ZAV
2026-05-19 06:32:01,228 [WARNING] No categories for ZAV
2026-05-19 06:32:01,879 [INFO] Processing [TPR] from 2026-05-11
2026-05-19 06:32:01,879 [INFO] Processing [TPR] from 2026-05-11
2026-05-19 06:32:02,056 [INFO] Downloaded PDF TPR (77KB)
2026-05-19 06:32:02,056 [INFO] Downloaded PDF TPR (77KB)
2026-05-19 06:32:03,743 [ERROR] GLM failed for TPR: module 'zhipuai' has no attribute 'model_api'
2026-05-19 06:32:03,743 [ERROR] GLM failed for TPR: module 'zhipuai' has no attribute 'model_api'
2026-05-19 06:32:03,743 [WARNING] No categories for TPR
2026-05-19 06:32:03,743 [WARNING] No categories for TPR
2026-05-19 06:32:04,393 [INFO] Processing [IOO] from 2026-05-11
2026-05-19 06:32:04,393 [INFO] Processing [IOO] from 2026-05-11
2026-05-19 06:32:04,653 [INFO] Downloaded PDF IOO (77KB)
2026-05-19 06:32:04,653 [INFO] Downloaded PDF IOO (77KB)
2026-05-19 06:32:06,329 [ERROR] GLM failed for IOO: module 'zhipuai' has no attribute 'model_api'
2026-05-19 06:32:06,329 [ERROR] GLM failed for IOO: module 'zhipuai' has no attribute 'model_api'
2026-05-19 06:32:06,329 [WARNING] No categories for IOO
2026-05-19 06:32:06,329 [WARNING] No categories for IOO
2026-05-19 06:32:06,980 [INFO] Processing [TPR] from 2026-05-11
2026-05-19 06:32:06,980 [INFO] Processing [TPR] from 2026-05-11
2026-05-19 06:32:07,132 [INFO] Downloaded PDF TPR (77KB)
2026-05-19 06:32:07,132 [INFO] Downloaded PDF TPR (77KB)
2026-05-19 06:32:08,825 [ERROR] GLM failed for TPR: module 'zhipuai' has no attribute 'model_api'
2026-05-19 06:32:08,825 [ERROR] GLM failed for TPR: module 'zhipuai' has no attribute 'model_api'
2026-05-19 06:32:08,825 [WARNING] No categories for TPR
2026-05-19 06:32:08,825 [WARNING] No categories for TPR
2026-05-19 06:32:09,476 [INFO] Processing [TPR] from 2026-05-11
2026-05-19 06:32:09,476 [INFO] Processing [TPR] from 2026-05-11
2026-05-19 06:32:09,645 [INFO] Downloaded PDF TPR (77KB)
2026-05-19 06:32:09,645 [INFO] Downloaded PDF TPR (77KB)
2026-05-19 06:32:11,349 [ERROR] GLM failed for TPR: module 'zhipuai' has no attribute 'model_api'
2026-05-19 06:32:11,349 [ERROR] GLM failed for TPR: module 'zhipuai' has no attribute 'model_api'
2026-05-19 06:32:11,349 [WARNING] No categories for TPR
2026-05-19 06:32:11,349 [WARNING] No categories for TPR
2026-05-19 06:32:12,000 [INFO] Processing [TPR] from 2026-05-11
2026-05-19 06:32:12,000 [INFO] Processing [TPR] from 2026-05-11
2026-05-19 06:32:12,156 [INFO] Downloaded PDF TPR (77KB)
2026-05-19 06:32:12,156 [INFO] Downloaded PDF TPR (77KB)
2026-05-19 06:32:13,822 [ERROR] GLM failed for TPR: module 'zhipuai' has no attribute 'model_api'
2026-05-19 06:32:13,822 [ERROR] GLM failed for TPR: module 'zhipuai' has no attribute 'model_api'
2026-05-19 06:32:13,823 [WARNING] No categories for TPR
2026-05-19 06:32:13,823 [WARNING] No categories for TPR
2026-05-19 06:32:14,473 [INFO] Processing [IOO] from 2026-05-11
2026-05-19 06:32:14,473 [INFO] Processing [IOO] from 2026-05-11
2026-05-19 06:32:14,631 [INFO] Downloaded PDF IOO (77KB)
2026-05-19 06:32:14,631 [INFO] Downloaded PDF IOO (77KB)
2026-05-19 06:32:16,333 [ERROR] GLM failed for IOO: module 'zhipuai' has no attribute 'model_api'
2026-05-19 06:32:16,333 [ERROR] GLM failed for IOO: module 'zhipuai' has no attribute 'model_api'
2026-05-19 06:32:16,333 [WARNING] No categories for IOO
2026-05-19 06:32:16,333 [WARNING] No categories for IOO
2026-05-19 06:32:16,983 [INFO] Processing [ILK] from 2026-05-11
2026-05-19 06:32:16,983 [INFO] Processing [ILK] from 2026-05-11
2026-05-19 06:32:17,189 [INFO] Downloaded PDF ILK (77KB)
2026-05-19 06:32:17,189 [INFO] Downloaded PDF ILK (77KB)
2026-05-19 06:32:18,877 [ERROR] GLM failed for ILK: module 'zhipuai' has no attribute 'model_api'
2026-05-19 06:32:18,877 [ERROR] GLM failed for ILK: module 'zhipuai' has no attribute 'model_api'
2026-05-19 06:32:18,877 [WARNING] No categories for ILK
2026-05-19 06:32:18,877 [WARNING] No categories for ILK
2026-05-19 06:32:19,528 [INFO] Processing [HB1] from 2026-05-11
2026-05-19 06:32:19,528 [INFO] Processing [HB1] from 2026-05-11
2026-05-19 06:32:19,700 [INFO] Downloaded PDF HB1 (77KB)
2026-05-19 06:32:19,700 [INFO] Downloaded PDF HB1 (77KB)
2026-05-19 06:32:21,346 [ERROR] GLM failed for HB1: module 'zhipuai' has no attribute 'model_api'
2026-05-19 06:32:21,346 [ERROR] GLM failed for HB1: module 'zhipuai' has no attribute 'model_api'
2026-05-19 06:32:21,347 [WARNING] No categories for HB1
2026-05-19 06:32:21,347 [WARNING] No categories for HB1
2026-05-19 06:32:21,854 [INFO] Processing [HB1] from 2026-05-11
2026-05-19 06:32:21,854 [INFO] Processing [HB1] from 2026-05-11
2026-05-19 06:32:22,026 [INFO] Downloaded PDF HB1 (77KB)
2026-05-19 06:32:22,026 [INFO] Downloaded PDF HB1 (77KB)
2026-05-19 06:32:23,630 [ERROR] GLM failed for HB1: module 'zhipuai' has no attribute 'model_api'
2026-05-19 06:32:23,630 [ERROR] GLM failed for HB1: module 'zhipuai' has no attribute 'model_api'
2026-05-19 06:32:23,630 [WARNING] No categories for HB1
2026-05-19 06:32:23,630 [WARNING] No categories for HB1
2026-05-19 06:32:24,281 [INFO] Processing [HB1] from 2026-05-11
2026-05-19 06:32:24,281 [INFO] Processing [HB1] from 2026-05-11
2026-05-19 06:32:24,434 [INFO] Downloaded PDF HB1 (77KB)
2026-05-19 06:32:24,434 [INFO] Downloaded PDF HB1 (77KB)
2026-05-19 06:32:26,144 [ERROR] GLM failed for HB1: module 'zhipuai' has no attribute 'model_api'
2026-05-19 06:32:26,144 [ERROR] GLM failed for HB1: module 'zhipuai' has no attribute 'model_api'
2026-05-19 06:32:26,144 [WARNING] No categories for HB1
2026-05-19 06:32:26,144 [WARNING] No categories for HB1
2026-05-19 06:32:26,794 [INFO] Processing [AVT] from 2026-05-11
2026-05-19 06:32:26,794 [INFO] Processing [AVT] from 2026-05-11
2026-05-19 06:32:26,952 [INFO] Downloaded PDF AVT (77KB)
2026-05-19 06:32:26,952 [INFO] Downloaded PDF AVT (77KB)
2026-05-19 06:32:28,655 [ERROR] GLM failed for AVT: module 'zhipuai' has no attribute 'model_api'
2026-05-19 06:32:28,655 [ERROR] GLM failed for AVT: module 'zhipuai' has no attribute 'model_api'
2026-05-19 06:32:28,655 [WARNING] No categories for AVT
2026-05-19 06:32:28,655 [WARNING] No categories for AVT
2026-05-19 06:32:29,193 [INFO] Processing [HVS] from 2026-05-11
2026-05-19 06:32:29,193 [INFO] Processing [HVS] from 2026-05-11
2026-05-19 06:32:29,356 [INFO] Downloaded PDF HVS (77KB)
2026-05-19 06:32:29,356 [INFO] Downloaded PDF HVS (77KB)
2026-05-19 06:32:31,004 [ERROR] GLM failed for HVS: module 'zhipuai' has no attribute 'model_api'
2026-05-19 06:32:31,004 [ERROR] GLM failed for HVS: module 'zhipuai' has no attribute 'model_api'
2026-05-19 06:32:31,004 [WARNING] No categories for HVS
2026-05-19 06:32:31,004 [WARNING] No categories for HVS
2026-05-19 06:32:31,655 [INFO] Processing [HTS] from 2026-05-11
2026-05-19 06:32:31,655 [INFO] Processing [HTS] from 2026-05-11
2026-05-19 06:32:31,819 [INFO] Downloaded PDF HTS (77KB)
2026-05-19 06:32:31,819 [INFO] Downloaded PDF HTS (77KB)
2026-05-19 06:32:33,516 [ERROR] GLM failed for HTS: module 'zhipuai' has no attribute 'model_api'
2026-05-19 06:32:33,516 [ERROR] GLM failed for HTS: module 'zhipuai' has no attribute 'model_api'
2026-05-19 06:32:33,516 [WARNING] No categories for HTS
2026-05-19 06:32:33,516 [WARNING] No categories for HTS
2026-05-19 06:32:34,167 [INFO] Processing [HTF] from 2026-05-11
2026-05-19 06:32:34,167 [INFO] Processing [HTF] from 2026-05-11
2026-05-19 06:32:34,328 [INFO] Downloaded PDF HTF (77KB)
2026-05-19 06:32:34,328 [INFO] Downloaded PDF HTF (77KB)
2026-05-19 06:32:36,028 [ERROR] GLM failed for HTF: module 'zhipuai' has no attribute 'model_api'
2026-05-19 06:32:36,028 [ERROR] GLM failed for HTF: module 'zhipuai' has no attribute 'model_api'
2026-05-19 06:32:36,029 [WARNING] No categories for HTF
2026-05-19 06:32:36,029 [WARNING] No categories for HTF
2026-05-19 06:32:36,679 [INFO] Processing [TPR] from 2026-05-11
2026-05-19 06:32:36,679 [INFO] Processing [TPR] from 2026-05-11
2026-05-19 06:32:36,837 [INFO] Downloaded PDF TPR (77KB)
2026-05-19 06:32:36,837 [INFO] Downloaded PDF TPR (77KB)
2026-05-19 06:32:38,489 [ERROR] GLM failed for TPR: module 'zhipuai' has no attribute 'model_api'
2026-05-19 06:32:38,489 [ERROR] GLM failed for TPR: module 'zhipuai' has no attribute 'model_api'
2026-05-19 06:32:38,489 [WARNING] No categories for TPR
2026-05-19 06:32:38,489 [WARNING] No categories for TPR
2026-05-19 06:32:39,140 [INFO] Processing [HTF] from 2026-05-11
2026-05-19 06:32:39,140 [INFO] Processing [HTF] from 2026-05-11
2026-05-19 06:32:39,289 [INFO] Downloaded PDF HTF (77KB)
2026-05-19 06:32:39,289 [INFO] Downloaded PDF HTF (77KB)
2026-05-19 06:32:40,967 [ERROR] GLM failed for HTF: module 'zhipuai' has no attribute 'model_api'
2026-05-19 06:32:40,967 [ERROR] GLM failed for HTF: module 'zhipuai' has no attribute 'model_api'
2026-05-19 06:32:40,967 [WARNING] No categories for HTF
2026-05-19 06:32:40,967 [WARNING] No categories for HTF
2026-05-19 06:32:41,618 [INFO] Processing [HSA] from 2026-05-11
2026-05-19 06:32:41,618 [INFO] Processing [HSA] from 2026-05-11
2026-05-19 06:32:41,770 [INFO] Downloaded PDF HSA (77KB)
2026-05-19 06:32:41,770 [INFO] Downloaded PDF HSA (77KB)
2026-05-19 06:32:43,471 [ERROR] GLM failed for HSA: module 'zhipuai' has no attribute 'model_api'
2026-05-19 06:32:43,471 [ERROR] GLM failed for HSA: module 'zhipuai' has no attribute 'model_api'
2026-05-19 06:32:43,471 [WARNING] No categories for HSA
2026-05-19 06:32:43,471 [WARNING] No categories for HSA
2026-05-19 06:32:44,122 [INFO] Processing [TPR] from 2026-05-11
2026-05-19 06:32:44,122 [INFO] Processing [TPR] from 2026-05-11
2026-05-19 06:32:44,269 [INFO] Downloaded PDF TPR (77KB)
2026-05-19 06:32:44,269 [INFO] Downloaded PDF TPR (77KB)
2026-05-19 06:32:45,922 [ERROR] GLM failed for TPR: module 'zhipuai' has no attribute 'model_api'
2026-05-19 06:32:45,922 [ERROR] GLM failed for TPR: module 'zhipuai' has no attribute 'model_api'
2026-05-19 06:32:45,922 [WARNING] No categories for TPR
2026-05-19 06:32:45,922 [WARNING] No categories for TPR
2026-05-19 06:32:46,572 [INFO] Processing [HOA] from 2026-05-11
2026-05-19 06:32:46,572 [INFO] Processing [HOA] from 2026-05-11
2026-05-19 06:32:46,731 [INFO] Downloaded PDF HOA (77KB)
2026-05-19 06:32:46,731 [INFO] Downloaded PDF HOA (77KB)
2026-05-19 06:32:48,416 [ERROR] GLM failed for HOA: module 'zhipuai' has no attribute 'model_api'
2026-05-19 06:32:48,416 [ERROR] GLM failed for HOA: module 'zhipuai' has no attribute 'model_api'
2026-05-19 06:32:48,417 [WARNING] No categories for HOA
2026-05-19 06:32:48,417 [WARNING] No categories for HOA
2026-05-19 06:32:49,068 [INFO] Processing [HMS] from 2026-05-11
2026-05-19 06:32:49,068 [INFO] Processing [HMS] from 2026-05-11
2026-05-19 06:32:49,230 [INFO] Downloaded PDF HMS (77KB)
2026-05-19 06:32:49,230 [INFO] Downloaded PDF HMS (77KB)
2026-05-19 06:32:50,910 [ERROR] GLM failed for HMS: module 'zhipuai' has no attribute 'model_api'
2026-05-19 06:32:50,910 [ERROR] GLM failed for HMS: module 'zhipuai' has no attribute 'model_api'
2026-05-19 06:32:50,910 [WARNING] No categories for HMS
2026-05-19 06:32:50,910 [WARNING] No categories for HMS
2026-05-19 06:32:51,416 [INFO] Processing [HII] from 2026-05-11
2026-05-19 06:32:51,416 [INFO] Processing [HII] from 2026-05-11
2026-05-19 06:32:51,577 [INFO] Downloaded PDF HII (77KB)
2026-05-19 06:32:51,577 [INFO] Downloaded PDF HII (77KB)
2026-05-19 06:32:53,276 [ERROR] GLM failed for HII: module 'zhipuai' has no attribute 'model_api'
2026-05-19 06:32:53,276 [ERROR] GLM failed for HII: module 'zhipuai' has no attribute 'model_api'
2026-05-19 06:32:53,276 [WARNING] No categories for HII
2026-05-19 06:32:53,276 [WARNING] No categories for HII
2026-05-19 06:32:53,926 [INFO] Processing [HKR] from 2026-05-11
2026-05-19 06:32:53,926 [INFO] Processing [HKR] from 2026-05-11
2026-05-19 06:32:54,081 [INFO] Downloaded PDF HKR (77KB)
2026-05-19 06:32:54,081 [INFO] Downloaded PDF HKR (77KB)
2026-05-19 06:32:55,749 [ERROR] GLM failed for HKR: module 'zhipuai' has no attribute 'model_api'
2026-05-19 06:32:55,749 [ERROR] GLM failed for HKR: module 'zhipuai' has no attribute 'model_api'
2026-05-19 06:32:55,750 [WARNING] No categories for HKR
2026-05-19 06:32:55,750 [WARNING] No categories for HKR
2026-05-19 06:32:56,363 [INFO] Processing [HTF] from 2026-05-11
2026-05-19 06:32:56,363 [INFO] Processing [HTF] from 2026-05-11
2026-05-19 06:32:56,523 [INFO] Downloaded PDF HTF (77KB)
2026-05-19 06:32:56,523 [INFO] Downloaded PDF HTF (77KB)
2026-05-19 06:32:58,225 [ERROR] GLM failed for HTF: module 'zhipuai' has no attribute 'model_api'
2026-05-19 06:32:58,225 [ERROR] GLM failed for HTF: module 'zhipuai' has no attribute 'model_api'
2026-05-19 06:32:58,225 [WARNING] No categories for HTF
2026-05-19 06:32:58,225 [WARNING] No categories for HTF
2026-05-19 06:32:58,875 [INFO] Processing [HBF] from 2026-05-11
2026-05-19 06:32:58,875 [INFO] Processing [HBF] from 2026-05-11
2026-05-19 06:32:59,040 [INFO] Downloaded PDF HBF (77KB)
2026-05-19 06:32:59,040 [INFO] Downloaded PDF HBF (77KB)
2026-05-19 06:33:00,745 [ERROR] GLM failed for HBF: module 'zhipuai' has no attribute 'model_api'
2026-05-19 06:33:00,745 [ERROR] GLM failed for HBF: module 'zhipuai' has no attribute 'model_api'
2026-05-19 06:33:00,745 [WARNING] No categories for HBF
2026-05-19 06:33:00,745 [WARNING] No categories for HBF
2026-05-19 06:33:01,364 [INFO] Processing [AYR] from 2026-05-10
2026-05-19 06:33:01,364 [INFO] Processing [AYR] from 2026-05-10
2026-05-19 06:33:01,530 [INFO] Downloaded PDF AYR (77KB)
2026-05-19 06:33:01,530 [INFO] Downloaded PDF AYR (77KB)
2026-05-19 06:33:03,131 [ERROR] GLM failed for AYR: module 'zhipuai' has no attribute 'model_api'
2026-05-19 06:33:03,131 [ERROR] GLM failed for AYR: module 'zhipuai' has no attribute 'model_api'
2026-05-19 06:33:03,131 [WARNING] No categories for AYR
2026-05-19 06:33:03,131 [WARNING] No categories for AYR
2026-05-19 06:33:03,781 [INFO] Processing [TTA] from 2026-05-10
2026-05-19 06:33:03,781 [INFO] Processing [TTA] from 2026-05-10
2026-05-19 06:33:03,948 [INFO] Downloaded PDF TTA (77KB)
2026-05-19 06:33:03,948 [INFO] Downloaded PDF TTA (77KB)
2026-05-19 06:33:05,626 [ERROR] GLM failed for TTA: module 'zhipuai' has no attribute 'model_api'
2026-05-19 06:33:05,626 [ERROR] GLM failed for TTA: module 'zhipuai' has no attribute 'model_api'
2026-05-19 06:33:05,626 [WARNING] No categories for TTA
2026-05-19 06:33:05,626 [WARNING] No categories for TTA
2026-05-19 06:33:06,276 [INFO] Processing [TDG] from 2026-05-10
2026-05-19 06:33:06,276 [INFO] Processing [TDG] from 2026-05-10
2026-05-19 06:33:06,424 [INFO] Downloaded PDF TDG (77KB)
2026-05-19 06:33:06,424 [INFO] Downloaded PDF TDG (77KB)
2026-05-19 06:33:08,128 [ERROR] GLM failed for TDG: module 'zhipuai' has no attribute 'model_api'
2026-05-19 06:33:08,128 [ERROR] GLM failed for TDG: module 'zhipuai' has no attribute 'model_api'
2026-05-19 06:33:08,128 [WARNING] No categories for TDG
2026-05-19 06:33:08,128 [WARNING] No categories for TDG
2026-05-19 06:33:08,779 [INFO] Processing [TBV] from 2026-05-10
2026-05-19 06:33:08,779 [INFO] Processing [TBV] from 2026-05-10
2026-05-19 06:33:08,921 [INFO] Downloaded PDF TBV (77KB)
2026-05-19 06:33:08,921 [INFO] Downloaded PDF TBV (77KB)
2026-05-19 06:33:10,626 [ERROR] GLM failed for TBV: module 'zhipuai' has no attribute 'model_api'
2026-05-19 06:33:10,626 [ERROR] GLM failed for TBV: module 'zhipuai' has no attribute 'model_api'
2026-05-19 06:33:10,626 [WARNING] No categories for TBV
2026-05-19 06:33:10,626 [WARNING] No categories for TBV
2026-05-19 06:33:11,276 [INFO] Processing [TPR] from 2026-05-10
2026-05-19 06:33:11,276 [INFO] Processing [TPR] from 2026-05-10
2026-05-19 06:33:11,442 [INFO] Downloaded PDF TPR (77KB)
2026-05-19 06:33:11,442 [INFO] Downloaded PDF TPR (77KB)
2026-05-19 06:33:13,136 [ERROR] GLM failed for TPR: module 'zhipuai' has no attribute 'model_api'
2026-05-19 06:33:13,136 [ERROR] GLM failed for TPR: module 'zhipuai' has no attribute 'model_api'
2026-05-19 06:33:13,136 [WARNING] No categories for TPR
2026-05-19 06:33:13,136 [WARNING] No categories for TPR
2026-05-19 06:33:13,787 [INFO] Processing [BND] from 2026-05-10
2026-05-19 06:33:13,787 [INFO] Processing [BND] from 2026-05-10
2026-05-19 06:33:13,941 [INFO] Downloaded PDF BND (77KB)
2026-05-19 06:33:13,941 [INFO] Downloaded PDF BND (77KB)
2026-05-19 06:33:15,642 [ERROR] GLM failed for BND: module 'zhipuai' has no attribute 'model_api'
2026-05-19 06:33:15,642 [ERROR] GLM failed for BND: module 'zhipuai' has no attribute 'model_api'
2026-05-19 06:33:15,642 [WARNING] No categories for BND
2026-05-19 06:33:15,642 [WARNING] No categories for BND
2026-05-19 06:33:16,292 [INFO] Processing [AKU] from 2026-05-10
2026-05-19 06:33:16,292 [INFO] Processing [AKU] from 2026-05-10
2026-05-19 06:33:16,450 [INFO] Downloaded PDF AKU (78KB)
2026-05-19 06:33:16,450 [INFO] Downloaded PDF AKU (78KB)
2026-05-19 06:33:18,152 [ERROR] GLM failed for AKU: module 'zhipuai' has no attribute 'model_api'
2026-05-19 06:33:18,152 [ERROR] GLM failed for AKU: module 'zhipuai' has no attribute 'model_api'
2026-05-19 06:33:18,152 [WARNING] No categories for AKU
2026-05-19 06:33:18,152 [WARNING] No categories for AKU
2026-05-19 06:33:18,802 [INFO] Processing [KDO] from 2026-05-10
2026-05-19 06:33:18,802 [INFO] Processing [KDO] from 2026-05-10
2026-05-19 06:33:18,966 [INFO] Downloaded PDF KDO (77KB)
2026-05-19 06:33:18,966 [INFO] Downloaded PDF KDO (77KB)
2026-05-19 06:33:20,673 [ERROR] GLM failed for KDO: module 'zhipuai' has no attribute 'model_api'
2026-05-19 06:33:20,673 [ERROR] GLM failed for KDO: module 'zhipuai' has no attribute 'model_api'
2026-05-19 06:33:20,674 [WARNING] No categories for KDO
2026-05-19 06:33:20,674 [WARNING] No categories for KDO
2026-05-19 06:33:21,324 [INFO] Processing [TPR] from 2026-05-10
2026-05-19 06:33:21,324 [INFO] Processing [TPR] from 2026-05-10
2026-05-19 06:33:21,432 [WARNING] HTTP 429 for https://www.kap.org.tr/tr/api/BildirimPdf/1603944, retry 1/5 in 2s
2026-05-19 06:33:21,432 [WARNING] HTTP 429 for https://www.kap.org.tr/tr/api/BildirimPdf/1603944, retry 1/5 in 2s
2026-05-19 06:33:23,686 [WARNING] HTTP 429 for https://www.kap.org.tr/tr/api/BildirimPdf/1603944, retry 2/5 in 3s
2026-05-19 06:33:23,686 [WARNING] HTTP 429 for https://www.kap.org.tr/tr/api/BildirimPdf/1603944, retry 2/5 in 3s
2026-05-19 06:33:26,926 [WARNING] HTTP 429 for https://www.kap.org.tr/tr/api/BildirimPdf/1603944, retry 3/5 in 5s
2026-05-19 06:33:26,926 [WARNING] HTTP 429 for https://www.kap.org.tr/tr/api/BildirimPdf/1603944, retry 3/5 in 5s
2026-05-19 06:33:32,184 [WARNING] HTTP 429 for https://www.kap.org.tr/tr/api/BildirimPdf/1603944, retry 4/5 in 9s
2026-05-19 06:33:32,184 [WARNING] HTTP 429 for https://www.kap.org.tr/tr/api/BildirimPdf/1603944, retry 4/5 in 9s
2026-05-19 06:33:41,435 [WARNING] HTTP 429 for https://www.kap.org.tr/tr/api/BildirimPdf/1603944, retry 5/5 in 17s
2026-05-19 06:33:41,435 [WARNING] HTTP 429 for https://www.kap.org.tr/tr/api/BildirimPdf/1603944, retry 5/5 in 17s
2026-05-19 06:33:58,751 [WARNING] No attachment URL in disclosure 1603944
2026-05-19 06:33:58,751 [WARNING] No attachment URL in disclosure 1603944
2026-05-19 06:33:58,757 [INFO] Processing [TPR] from 2026-05-10
2026-05-19 06:33:58,757 [INFO] Processing [TPR] from 2026-05-10
2026-05-19 06:33:58,846 [WARNING] HTTP 429 for https://www.kap.org.tr/tr/api/BildirimPdf/1603943, retry 1/5 in 2s
2026-05-19 06:33:58,846 [WARNING] HTTP 429 for https://www.kap.org.tr/tr/api/BildirimPdf/1603943, retry 1/5 in 2s
2026-05-19 06:34:01,113 [WARNING] HTTP 429 for https://www.kap.org.tr/tr/api/BildirimPdf/1603943, retry 2/5 in 3s
2026-05-19 06:34:01,113 [WARNING] HTTP 429 for https://www.kap.org.tr/tr/api/BildirimPdf/1603943, retry 2/5 in 3s
2026-05-19 06:34:04,334 [WARNING] HTTP 429 for https://www.kap.org.tr/tr/api/BildirimPdf/1603943, retry 3/5 in 5s
2026-05-19 06:34:04,334 [WARNING] HTTP 429 for https://www.kap.org.tr/tr/api/BildirimPdf/1603943, retry 3/5 in 5s
2026-05-19 06:34:09,592 [WARNING] HTTP 429 for https://www.kap.org.tr/tr/api/BildirimPdf/1603943, retry 4/5 in 9s
2026-05-19 06:34:09,592 [WARNING] HTTP 429 for https://www.kap.org.tr/tr/api/BildirimPdf/1603943, retry 4/5 in 9s
2026-05-19 06:34:18,814 [WARNING] HTTP 429 for https://www.kap.org.tr/tr/api/BildirimPdf/1603943, retry 5/5 in 17s
2026-05-19 06:34:18,814 [WARNING] HTTP 429 for https://www.kap.org.tr/tr/api/BildirimPdf/1603943, retry 5/5 in 17s
2026-05-19 06:34:36,147 [WARNING] No attachment URL in disclosure 1603943
2026-05-19 06:34:36,147 [WARNING] No attachment URL in disclosure 1603943
2026-05-19 06:34:36,154 [INFO] Processing [IOO] from 2026-05-10
2026-05-19 06:34:36,154 [INFO] Processing [IOO] from 2026-05-10
2026-05-19 06:34:36,248 [WARNING] HTTP 429 for https://www.kap.org.tr/tr/api/BildirimPdf/1603942, retry 1/5 in 2s
2026-05-19 06:34:36,248 [WARNING] HTTP 429 for https://www.kap.org.tr/tr/api/BildirimPdf/1603942, retry 1/5 in 2s
2026-05-19 06:34:38,489 [WARNING] HTTP 429 for https://www.kap.org.tr/tr/api/BildirimPdf/1603942, retry 2/5 in 3s
2026-05-19 06:34:38,489 [WARNING] HTTP 429 for https://www.kap.org.tr/tr/api/BildirimPdf/1603942, retry 2/5 in 3s
2026-05-19 06:34:41,732 [WARNING] HTTP 429 for https://www.kap.org.tr/tr/api/BildirimPdf/1603942, retry 3/5 in 5s
2026-05-19 06:34:41,732 [WARNING] HTTP 429 for https://www.kap.org.tr/tr/api/BildirimPdf/1603942, retry 3/5 in 5s
2026-05-19 06:34:46,983 [WARNING] HTTP 429 for https://www.kap.org.tr/tr/api/BildirimPdf/1603942, retry 4/5 in 9s
2026-05-19 06:34:46,983 [WARNING] HTTP 429 for https://www.kap.org.tr/tr/api/BildirimPdf/1603942, retry 4/5 in 9s
2026-05-19 06:34:56,229 [WARNING] HTTP 429 for https://www.kap.org.tr/tr/api/BildirimPdf/1603942, retry 5/5 in 17s
2026-05-19 06:34:56,229 [WARNING] HTTP 429 for https://www.kap.org.tr/tr/api/BildirimPdf/1603942, retry 5/5 in 17s
2026-05-19 06:35:13,533 [WARNING] No attachment URL in disclosure 1603942
2026-05-19 06:35:13,533 [WARNING] No attachment URL in disclosure 1603942
2026-05-19 06:35:13,539 [INFO] Processing [AVT] from 2026-05-10
2026-05-19 06:35:13,539 [INFO] Processing [AVT] from 2026-05-10
2026-05-19 06:35:13,631 [WARNING] HTTP 429 for https://www.kap.org.tr/tr/api/BildirimPdf/1603939, retry 1/5 in 2s
2026-05-19 06:35:13,631 [WARNING] HTTP 429 for https://www.kap.org.tr/tr/api/BildirimPdf/1603939, retry 1/5 in 2s
2026-05-19 06:35:15,880 [WARNING] HTTP 429 for https://www.kap.org.tr/tr/api/BildirimPdf/1603939, retry 2/5 in 3s
2026-05-19 06:35:15,880 [WARNING] HTTP 429 for https://www.kap.org.tr/tr/api/BildirimPdf/1603939, retry 2/5 in 3s
2026-05-19 06:35:19,129 [WARNING] HTTP 429 for https://www.kap.org.tr/tr/api/BildirimPdf/1603939, retry 3/5 in 5s
2026-05-19 06:35:19,129 [WARNING] HTTP 429 for https://www.kap.org.tr/tr/api/BildirimPdf/1603939, retry 3/5 in 5s
2026-05-19 06:35:24,342 [WARNING] HTTP 429 for https://www.kap.org.tr/tr/api/BildirimPdf/1603939, retry 4/5 in 9s
2026-05-19 06:35:24,342 [WARNING] HTTP 429 for https://www.kap.org.tr/tr/api/BildirimPdf/1603939, retry 4/5 in 9s
2026-05-19 06:35:33,590 [WARNING] HTTP 429 for https://www.kap.org.tr/tr/api/BildirimPdf/1603939, retry 5/5 in 17s
2026-05-19 06:35:33,590 [WARNING] HTTP 429 for https://www.kap.org.tr/tr/api/BildirimPdf/1603939, retry 5/5 in 17s
2026-05-19 06:35:50,923 [WARNING] No attachment URL in disclosure 1603939
2026-05-19 06:35:50,923 [WARNING] No attachment URL in disclosure 1603939
2026-05-19 06:35:50,928 [INFO] Processing [TMG] from 2026-05-10
2026-05-19 06:35:50,928 [INFO] Processing [TMG] from 2026-05-10
2026-05-19 06:35:51,023 [WARNING] HTTP 429 for https://www.kap.org.tr/tr/api/BildirimPdf/1603936, retry 1/5 in 2s
2026-05-19 06:35:51,023 [WARNING] HTTP 429 for https://www.kap.org.tr/tr/api/BildirimPdf/1603936, retry 1/5 in 2s
2026-05-19 06:35:53,140 [WARNING] HTTP 429 for https://www.kap.org.tr/tr/api/BildirimPdf/1603936, retry 2/5 in 3s
2026-05-19 06:35:53,140 [WARNING] HTTP 429 for https://www.kap.org.tr/tr/api/BildirimPdf/1603936, retry 2/5 in 3s
2026-05-19 06:35:56,308 [WARNING] HTTP 429 for https://www.kap.org.tr/tr/api/BildirimPdf/1603936, retry 3/5 in 5s
2026-05-19 06:35:56,308 [WARNING] HTTP 429 for https://www.kap.org.tr/tr/api/BildirimPdf/1603936, retry 3/5 in 5s
2026-05-19 06:36:01,569 [WARNING] HTTP 429 for https://www.kap.org.tr/tr/api/BildirimPdf/1603936, retry 4/5 in 9s
2026-05-19 06:36:01,569 [WARNING] HTTP 429 for https://www.kap.org.tr/tr/api/BildirimPdf/1603936, retry 4/5 in 9s
2026-05-19 06:36:10,835 [WARNING] HTTP 429 for https://www.kap.org.tr/tr/api/BildirimPdf/1603936, retry 5/5 in 17s
2026-05-19 06:36:10,835 [WARNING] HTTP 429 for https://www.kap.org.tr/tr/api/BildirimPdf/1603936, retry 5/5 in 17s
2026-05-19 06:36:28,159 [WARNING] No attachment URL in disclosure 1603936
2026-05-19 06:36:28,159 [WARNING] No attachment URL in disclosure 1603936
2026-05-19 06:36:28,165 [INFO] Processing [TKK] from 2026-05-10
2026-05-19 06:36:28,165 [INFO] Processing [TKK] from 2026-05-10
2026-05-19 06:36:28,311 [INFO] Downloaded PDF TKK (77KB)
2026-05-19 06:36:28,311 [INFO] Downloaded PDF TKK (77KB)
2026-05-19 06:36:30,002 [ERROR] GLM failed for TKK: module 'zhipuai' has no attribute 'model_api'
2026-05-19 06:36:30,002 [ERROR] GLM failed for TKK: module 'zhipuai' has no attribute 'model_api'
2026-05-19 06:36:30,003 [WARNING] No categories for TKK
2026-05-19 06:36:30,003 [WARNING] No categories for TKK
2026-05-19 06:36:30,544 [INFO] Processing [TPR] from 2026-05-10
2026-05-19 06:36:30,544 [INFO] Processing [TPR] from 2026-05-10
2026-05-19 06:36:30,706 [INFO] Downloaded PDF TPR (77KB)
2026-05-19 06:36:30,706 [INFO] Downloaded PDF TPR (77KB)
2026-05-19 06:36:32,390 [ERROR] GLM failed for TPR: module 'zhipuai' has no attribute 'model_api'
2026-05-19 06:36:32,390 [ERROR] GLM failed for TPR: module 'zhipuai' has no attribute 'model_api'
2026-05-19 06:36:32,390 [WARNING] No categories for TPR
2026-05-19 06:36:32,390 [WARNING] No categories for TPR
2026-05-19 06:36:33,041 [INFO] Processing [TI2] from 2026-05-10
2026-05-19 06:36:33,041 [INFO] Processing [TI2] from 2026-05-10
2026-05-19 06:36:33,190 [INFO] Downloaded PDF TI2 (77KB)
2026-05-19 06:36:33,190 [INFO] Downloaded PDF TI2 (77KB)
2026-05-19 06:36:34,890 [ERROR] GLM failed for TI2: module 'zhipuai' has no attribute 'model_api'
2026-05-19 06:36:34,890 [ERROR] GLM failed for TI2: module 'zhipuai' has no attribute 'model_api'
2026-05-19 06:36:34,890 [WARNING] No categories for TI2
2026-05-19 06:36:34,890 [WARNING] No categories for TI2
2026-05-19 06:36:35,540 [INFO] Processing [TPR] from 2026-05-10
2026-05-19 06:36:35,540 [INFO] Processing [TPR] from 2026-05-10
2026-05-19 06:36:35,713 [INFO] Downloaded PDF TPR (77KB)
2026-05-19 06:36:35,713 [INFO] Downloaded PDF TPR (77KB)
2026-05-19 06:36:37,411 [ERROR] GLM failed for TPR: module 'zhipuai' has no attribute 'model_api'
2026-05-19 06:36:37,411 [ERROR] GLM failed for TPR: module 'zhipuai' has no attribute 'model_api'
2026-05-19 06:36:37,411 [WARNING] No categories for TPR
2026-05-19 06:36:37,411 [WARNING] No categories for TPR
2026-05-19 06:36:38,062 [INFO] Processing [TPR] from 2026-05-10
2026-05-19 06:36:38,062 [INFO] Processing [TPR] from 2026-05-10
2026-05-19 06:36:38,211 [INFO] Downloaded PDF TPR (77KB)
2026-05-19 06:36:38,211 [INFO] Downloaded PDF TPR (77KB)
2026-05-19 06:36:39,866 [ERROR] GLM failed for TPR: module 'zhipuai' has no attribute 'model_api'
2026-05-19 06:36:39,866 [ERROR] GLM failed for TPR: module 'zhipuai' has no attribute 'model_api'
2026-05-19 06:36:39,866 [WARNING] No categories for TPR
2026-05-19 06:36:39,866 [WARNING] No categories for TPR
2026-05-19 06:36:40,517 [INFO] Processing [AVT] from 2026-05-10
2026-05-19 06:36:40,517 [INFO] Processing [AVT] from 2026-05-10
2026-05-19 06:36:40,677 [INFO] Downloaded PDF AVT (77KB)
2026-05-19 06:36:40,677 [INFO] Downloaded PDF AVT (77KB)
2026-05-19 06:36:42,376 [ERROR] GLM failed for AVT: module 'zhipuai' has no attribute 'model_api'
2026-05-19 06:36:42,376 [ERROR] GLM failed for AVT: module 'zhipuai' has no attribute 'model_api'
2026-05-19 06:36:42,376 [WARNING] No categories for AVT
2026-05-19 06:36:42,376 [WARNING] No categories for AVT
2026-05-19 06:36:43,026 [INFO] Processing [TI1] from 2026-05-10
2026-05-19 06:36:43,026 [INFO] Processing [TI1] from 2026-05-10
2026-05-19 06:36:43,197 [INFO] Downloaded PDF TI1 (77KB)
2026-05-19 06:36:43,197 [INFO] Downloaded PDF TI1 (77KB)
2026-05-19 06:36:44,892 [ERROR] GLM failed for TI1: module 'zhipuai' has no attribute 'model_api'
2026-05-19 06:36:44,892 [ERROR] GLM failed for TI1: module 'zhipuai' has no attribute 'model_api'
2026-05-19 06:36:44,892 [WARNING] No categories for TI1
2026-05-19 06:36:44,892 [WARNING] No categories for TI1
2026-05-19 06:36:45,543 [INFO] Processing [IOP] from 2026-05-10
2026-05-19 06:36:45,543 [INFO] Processing [IOP] from 2026-05-10
2026-05-19 06:36:45,699 [INFO] Downloaded PDF IOP (77KB)
2026-05-19 06:36:45,699 [INFO] Downloaded PDF IOP (77KB)
2026-05-19 06:36:47,388 [ERROR] GLM failed for IOP: module 'zhipuai' has no attribute 'model_api'
2026-05-19 06:36:47,388 [ERROR] GLM failed for IOP: module 'zhipuai' has no attribute 'model_api'
2026-05-19 06:36:47,388 [WARNING] No categories for IOP
2026-05-19 06:36:47,388 [WARNING] No categories for IOP
2026-05-19 06:36:48,038 [INFO] Processing [IDF] from 2026-05-10
2026-05-19 06:36:48,038 [INFO] Processing [IDF] from 2026-05-10
2026-05-19 06:36:48,196 [INFO] Downloaded PDF IDF (77KB)
2026-05-19 06:36:48,196 [INFO] Downloaded PDF IDF (77KB)
2026-05-19 06:36:49,898 [ERROR] GLM failed for IDF: module 'zhipuai' has no attribute 'model_api'
2026-05-19 06:36:49,898 [ERROR] GLM failed for IDF: module 'zhipuai' has no attribute 'model_api'
2026-05-19 06:36:49,899 [WARNING] No categories for IDF
2026-05-19 06:36:49,899 [WARNING] No categories for IDF
2026-05-19 06:36:50,549 [INFO] Processing [IPV] from 2026-05-10
2026-05-19 06:36:50,549 [INFO] Processing [IPV] from 2026-05-10
2026-05-19 06:36:50,712 [INFO] Downloaded PDF IPV (77KB)
2026-05-19 06:36:50,712 [INFO] Downloaded PDF IPV (77KB)
2026-05-19 06:36:52,409 [ERROR] GLM failed for IPV: module 'zhipuai' has no attribute 'model_api'
2026-05-19 06:36:52,409 [ERROR] GLM failed for IPV: module 'zhipuai' has no attribute 'model_api'
2026-05-19 06:36:52,409 [WARNING] No categories for IPV
2026-05-19 06:36:52,409 [WARNING] No categories for IPV
2026-05-19 06:36:53,059 [INFO] Processing [IPV] from 2026-05-10
2026-05-19 06:36:53,059 [INFO] Processing [IPV] from 2026-05-10
2026-05-19 06:36:53,212 [INFO] Downloaded PDF IPV (77KB)
2026-05-19 06:36:53,212 [INFO] Downloaded PDF IPV (77KB)
2026-05-19 06:36:54,909 [ERROR] GLM failed for IPV: module 'zhipuai' has no attribute 'model_api'
2026-05-19 06:36:54,909 [ERROR] GLM failed for IPV: module 'zhipuai' has no attribute 'model_api'
2026-05-19 06:36:54,909 [WARNING] No categories for IPV
2026-05-19 06:36:54,909 [WARNING] No categories for IPV
2026-05-19 06:36:55,560 [INFO] Processing [TPR] from 2026-05-10
2026-05-19 06:36:55,560 [INFO] Processing [TPR] from 2026-05-10
2026-05-19 06:36:55,714 [INFO] Downloaded PDF TPR (77KB)
2026-05-19 06:36:55,714 [INFO] Downloaded PDF TPR (77KB)
2026-05-19 06:36:57,418 [ERROR] GLM failed for TPR: module 'zhipuai' has no attribute 'model_api'
2026-05-19 06:36:57,418 [ERROR] GLM failed for TPR: module 'zhipuai' has no attribute 'model_api'
2026-05-19 06:36:57,418 [WARNING] No categories for TPR
2026-05-19 06:36:57,418 [WARNING] No categories for TPR
2026-05-19 06:36:58,069 [INFO] Processing [TPR] from 2026-05-10
2026-05-19 06:36:58,069 [INFO] Processing [TPR] from 2026-05-10
2026-05-19 06:36:58,232 [INFO] Downloaded PDF TPR (77KB)
2026-05-19 06:36:58,232 [INFO] Downloaded PDF TPR (77KB)
2026-05-19 06:36:59,940 [ERROR] GLM failed for TPR: module 'zhipuai' has no attribute 'model_api'
2026-05-19 06:36:59,940 [ERROR] GLM failed for TPR: module 'zhipuai' has no attribute 'model_api'
2026-05-19 06:36:59,941 [WARNING] No categories for TPR
2026-05-19 06:36:59,941 [WARNING] No categories for TPR
2026-05-19 06:37:00,509 [INFO] Processing [IBK] from 2026-05-10
2026-05-19 06:37:00,509 [INFO] Processing [IBK] from 2026-05-10
2026-05-19 06:37:00,672 [INFO] Downloaded PDF IBK (77KB)
2026-05-19 06:37:00,672 [INFO] Downloaded PDF IBK (77KB)
2026-05-19 06:37:02,269 [ERROR] GLM failed for IBK: module 'zhipuai' has no attribute 'model_api'
2026-05-19 06:37:02,269 [ERROR] GLM failed for IBK: module 'zhipuai' has no attribute 'model_api'
2026-05-19 06:37:02,269 [WARNING] No categories for IBK
2026-05-19 06:37:02,269 [WARNING] No categories for IBK
2026-05-19 06:37:02,830 [INFO] Processing [GZN] from 2026-05-10
2026-05-19 06:37:02,830 [INFO] Processing [GZN] from 2026-05-10
2026-05-19 06:37:03,002 [INFO] Downloaded PDF GZN (78KB)
2026-05-19 06:37:03,002 [INFO] Downloaded PDF GZN (78KB)
2026-05-19 06:37:04,692 [ERROR] GLM failed for GZN: module 'zhipuai' has no attribute 'model_api'
2026-05-19 06:37:04,692 [ERROR] GLM failed for GZN: module 'zhipuai' has no attribute 'model_api'
2026-05-19 06:37:04,693 [WARNING] No categories for GZN
2026-05-19 06:37:04,693 [WARNING] No categories for GZN
2026-05-19 06:37:05,343 [INFO] Processing [GZM] from 2026-05-10
2026-05-19 06:37:05,343 [INFO] Processing [GZM] from 2026-05-10
2026-05-19 06:37:05,500 [INFO] Downloaded PDF GZM (78KB)
2026-05-19 06:37:05,500 [INFO] Downloaded PDF GZM (78KB)
2026-05-19 06:37:07,199 [ERROR] GLM failed for GZM: module 'zhipuai' has no attribute 'model_api'
2026-05-19 06:37:07,199 [ERROR] GLM failed for GZM: module 'zhipuai' has no attribute 'model_api'
2026-05-19 06:37:07,199 [WARNING] No categories for GZM
2026-05-19 06:37:07,199 [WARNING] No categories for GZM
2026-05-19 06:37:07,850 [INFO] Processing [ECB] from 2026-05-10
2026-05-19 06:37:07,850 [INFO] Processing [ECB] from 2026-05-10
2026-05-19 06:37:07,995 [INFO] Downloaded PDF ECB (78KB)
2026-05-19 06:37:07,995 [INFO] Downloaded PDF ECB (78KB)
2026-05-19 06:37:09,689 [ERROR] GLM failed for ECB: module 'zhipuai' has no attribute 'model_api'
2026-05-19 06:37:09,689 [ERROR] GLM failed for ECB: module 'zhipuai' has no attribute 'model_api'
2026-05-19 06:37:09,689 [WARNING] No categories for ECB
2026-05-19 06:37:09,689 [WARNING] No categories for ECB
2026-05-19 06:37:10,340 [INFO] Processing [GMD] from 2026-05-10
2026-05-19 06:37:10,340 [INFO] Processing [GMD] from 2026-05-10
2026-05-19 06:37:10,518 [INFO] Downloaded PDF GMD (78KB)
2026-05-19 06:37:10,518 [INFO] Downloaded PDF GMD (78KB)
2026-05-19 06:37:12,189 [ERROR] GLM failed for GMD: module 'zhipuai' has no attribute 'model_api'
2026-05-19 06:37:12,189 [ERROR] GLM failed for GMD: module 'zhipuai' has no attribute 'model_api'
2026-05-19 06:37:12,189 [WARNING] No categories for GMD
2026-05-19 06:37:12,189 [WARNING] No categories for GMD
2026-05-19 06:37:12,841 [INFO] Processing [ECV] from 2026-05-10
2026-05-19 06:37:12,841 [INFO] Processing [ECV] from 2026-05-10
2026-05-19 06:37:13,018 [INFO] Downloaded PDF ECV (78KB)
2026-05-19 06:37:13,018 [INFO] Downloaded PDF ECV (78KB)
2026-05-19 06:37:14,641 [ERROR] GLM failed for ECV: module 'zhipuai' has no attribute 'model_api'
2026-05-19 06:37:14,641 [ERROR] GLM failed for ECV: module 'zhipuai' has no attribute 'model_api'
2026-05-19 06:37:14,642 [WARNING] No categories for ECV
2026-05-19 06:37:14,642 [WARNING] No categories for ECV
2026-05-19 06:37:15,292 [INFO] Processing [ECB] from 2026-05-10
2026-05-19 06:37:15,292 [INFO] Processing [ECB] from 2026-05-10
2026-05-19 06:37:15,434 [INFO] Downloaded PDF ECB (78KB)
2026-05-19 06:37:15,434 [INFO] Downloaded PDF ECB (78KB)
2026-05-19 06:37:17,133 [ERROR] GLM failed for ECB: module 'zhipuai' has no attribute 'model_api'
2026-05-19 06:37:17,133 [ERROR] GLM failed for ECB: module 'zhipuai' has no attribute 'model_api'
2026-05-19 06:37:17,134 [WARNING] No categories for ECB
2026-05-19 06:37:17,134 [WARNING] No categories for ECB
2026-05-19 06:37:17,784 [INFO] Processing [EBD] from 2026-05-10
2026-05-19 06:37:17,784 [INFO] Processing [EBD] from 2026-05-10
2026-05-19 06:37:17,938 [INFO] Downloaded PDF EBD (78KB)
2026-05-19 06:37:17,938 [INFO] Downloaded PDF EBD (78KB)
2026-05-19 06:37:19,640 [ERROR] GLM failed for EBD: module 'zhipuai' has no attribute 'model_api'
2026-05-19 06:37:19,640 [ERROR] GLM failed for EBD: module 'zhipuai' has no attribute 'model_api'
2026-05-19 06:37:19,640 [WARNING] No categories for EBD
2026-05-19 06:37:19,640 [WARNING] No categories for EBD
2026-05-19 06:37:20,291 [INFO] Processing [BSM] from 2026-05-10
2026-05-19 06:37:20,291 [INFO] Processing [BSM] from 2026-05-10
2026-05-19 06:37:20,443 [INFO] Downloaded PDF BSM (78KB)
2026-05-19 06:37:20,443 [INFO] Downloaded PDF BSM (78KB)
2026-05-19 06:37:22,148 [ERROR] GLM failed for BSM: module 'zhipuai' has no attribute 'model_api'
2026-05-19 06:37:22,148 [ERROR] GLM failed for BSM: module 'zhipuai' has no attribute 'model_api'
2026-05-19 06:37:22,148 [WARNING] No categories for BSM
2026-05-19 06:37:22,148 [WARNING] No categories for BSM
2026-05-19 06:37:23,753 [ERROR] SB UPSERT system_status → 409: {"code":"23505","details":"Key (key)=(last_kap_portfolio_cron) already exists.","hint":null,"message":"duplicate key value violates unique constraint \"system_status_pkey\""}
2026-05-19 06:37:23,753 [ERROR] SB UPSERT system_status → 409: {"code":"23505","details":"Key (key)=(last_kap_portfolio_cron) already exists.","hint":null,"message":"duplicate key value violates unique constraint \"system_status_pkey\""}
2026-05-19 06:37:23,759 [INFO] Done: 0 ✓ / 407 ✗
2026-05-19 06:37:23,759 [INFO] Done: 0 ✓ / 407 ✗
2026-05-19 06:37:23,760 [INFO] ============================================================
2026-05-19 06:37:23,760 [INFO] ============================================================
2026-05-20 06:00:05,838 [INFO] ============================================================
2026-05-20 06:00:05,838 [INFO] ============================================================
2026-05-20 06:00:05,839 [INFO] KAP Daily Pipeline started
2026-05-20 06:00:05,839 [INFO] KAP Daily Pipeline started
2026-05-20 06:00:05,839 [INFO] Resuming from last run: 2026-05-19T06:00:01.571835
2026-05-20 06:00:05,839 [INFO] Resuming from last run: 2026-05-19T06:00:01.571835
2026-05-20 06:00:05,926 [INFO] KAP discovered 0 portfolio disclosures in 2026-05-19 → 2026-05-20
2026-05-20 06:00:05,926 [INFO] KAP discovered 0 portfolio disclosures in 2026-05-19 → 2026-05-20
2026-05-20 06:00:05,926 [INFO] No new disclosures — done
2026-05-20 06:00:05,926 [INFO] No new disclosures — done
2026-05-21 06:00:02,150 [INFO] ============================================================
2026-05-21 06:00:02,150 [INFO] ============================================================
2026-05-21 06:00:02,150 [INFO] KAP Daily Pipeline started
2026-05-21 06:00:02,150 [INFO] KAP Daily Pipeline started
2026-05-21 06:00:02,150 [INFO] Resuming from last run: 2026-05-20T06:00:05.839380
2026-05-21 06:00:02,150 [INFO] Resuming from last run: 2026-05-20T06:00:05.839380
2026-05-21 06:00:02,323 [INFO] KAP discovered 0 portfolio disclosures in 2026-05-20 → 2026-05-21
2026-05-21 06:00:02,323 [INFO] KAP discovered 0 portfolio disclosures in 2026-05-20 → 2026-05-21
2026-05-21 06:00:02,328 [INFO] No new disclosures — done
2026-05-21 06:00:02,328 [INFO] No new disclosures — done
2026-05-22 06:00:04,100 [INFO] ============================================================
2026-05-22 06:00:04,100 [INFO] ============================================================
2026-05-22 06:00:04,100 [INFO] KAP Daily Pipeline started
2026-05-22 06:00:04,100 [INFO] KAP Daily Pipeline started
2026-05-22 06:00:04,100 [INFO] Resuming from last run: 2026-05-21T06:00:02.150992
2026-05-22 06:00:04,100 [INFO] Resuming from last run: 2026-05-21T06:00:02.150992
2026-05-22 06:00:04,212 [INFO] KAP discovered 0 portfolio disclosures in 2026-05-21 → 2026-05-22
2026-05-22 06:00:04,212 [INFO] KAP discovered 0 portfolio disclosures in 2026-05-21 → 2026-05-22
2026-05-22 06:00:04,213 [INFO] No new disclosures — done
2026-05-22 06:00:04,213 [INFO] No new disclosures — done
2026-05-23 06:00:02,379 [INFO] ============================================================
2026-05-23 06:00:02,379 [INFO] ============================================================
2026-05-23 06:00:02,380 [INFO] KAP Daily Pipeline started
2026-05-23 06:00:02,380 [INFO] KAP Daily Pipeline started
2026-05-23 06:00:02,380 [INFO] Resuming from last run: 2026-05-22T06:00:04.100884
2026-05-23 06:00:02,380 [INFO] Resuming from last run: 2026-05-22T06:00:04.100884
2026-05-23 06:00:02,530 [INFO] KAP discovered 0 portfolio disclosures in 2026-05-22 → 2026-05-23
2026-05-23 06:00:02,530 [INFO] KAP discovered 0 portfolio disclosures in 2026-05-22 → 2026-05-23
2026-05-23 06:00:02,534 [INFO] No new disclosures — done
2026-05-23 06:00:02,534 [INFO] No new disclosures — done
2026-05-24 06:00:01,545 [INFO] ============================================================
2026-05-24 06:00:01,545 [INFO] ============================================================
2026-05-24 06:00:01,545 [INFO] KAP Daily Pipeline started
2026-05-24 06:00:01,545 [INFO] KAP Daily Pipeline started
2026-05-24 06:00:01,546 [INFO] Resuming from last run: 2026-05-23T06:00:02.380941
2026-05-24 06:00:01,546 [INFO] Resuming from last run: 2026-05-23T06:00:02.380941
2026-05-24 06:00:01,688 [INFO] KAP discovered 0 portfolio disclosures in 2026-05-23 → 2026-05-24
2026-05-24 06:00:01,688 [INFO] KAP discovered 0 portfolio disclosures in 2026-05-23 → 2026-05-24
2026-05-24 06:00:01,692 [INFO] No new disclosures — done
2026-05-24 06:00:01,692 [INFO] No new disclosures — done
2026-05-25 06:00:01,627 [INFO] ============================================================
2026-05-25 06:00:01,627 [INFO] ============================================================
2026-05-25 06:00:01,627 [INFO] KAP Daily Pipeline started
2026-05-25 06:00:01,627 [INFO] KAP Daily Pipeline started
2026-05-25 06:00:01,628 [INFO] Resuming from last run: 2026-05-24T06:00:01.546253
2026-05-25 06:00:01,628 [INFO] Resuming from last run: 2026-05-24T06:00:01.546253
2026-05-25 06:00:01,750 [INFO] KAP discovered 0 portfolio disclosures in 2026-05-24 → 2026-05-25
2026-05-25 06:00:01,750 [INFO] KAP discovered 0 portfolio disclosures in 2026-05-24 → 2026-05-25
2026-05-25 06:00:01,753 [INFO] No new disclosures — done
2026-05-25 06:00:01,753 [INFO] No new disclosures — done
2026-05-26 06:00:03,629 [INFO] ============================================================
2026-05-26 06:00:03,629 [INFO] ============================================================
2026-05-26 06:00:03,629 [INFO] KAP Daily Pipeline started
2026-05-26 06:00:03,629 [INFO] KAP Daily Pipeline started
2026-05-26 06:00:03,630 [INFO] Resuming from last run: 2026-05-25T06:00:01.628368
2026-05-26 06:00:03,630 [INFO] Resuming from last run: 2026-05-25T06:00:01.628368
2026-05-26 06:00:03,752 [INFO] KAP discovered 0 portfolio disclosures in 2026-05-25 → 2026-05-26
2026-05-26 06:00:03,752 [INFO] KAP discovered 0 portfolio disclosures in 2026-05-25 → 2026-05-26
2026-05-26 06:00:03,755 [INFO] No new disclosures — done
2026-05-26 06:00:03,755 [INFO] No new disclosures — done
2026-05-27 06:00:04,305 [INFO] ============================================================
2026-05-27 06:00:04,305 [INFO] ============================================================
2026-05-27 06:00:04,306 [INFO] KAP Daily Pipeline started
2026-05-27 06:00:04,306 [INFO] KAP Daily Pipeline started
2026-05-27 06:00:04,306 [INFO] Resuming from last run: 2026-05-26T06:00:03.630378
2026-05-27 06:00:04,306 [INFO] Resuming from last run: 2026-05-26T06:00:03.630378
2026-05-27 06:00:04,400 [WARNING] Request error: HTTPSConnectionPool(host='www.kap.org.tr', port=443): Max retries exceeded with url: /tr/api/disclosure/list/main (Caused by SSLError(SSLCertVerificationError(1, '[SSL: CERTIFICATE_VERIFY_FAILED] certificate verify failed: unable to get local issuer certificate (_ssl.c:1016)'))), retry 1
2026-05-27 06:00:04,400 [WARNING] Request error: HTTPSConnectionPool(host='www.kap.org.tr', port=443): Max retries exceeded with url: /tr/api/disclosure/list/main (Caused by SSLError(SSLCertVerificationError(1, '[SSL: CERTIFICATE_VERIFY_FAILED] certificate verify failed: unable to get local issuer certificate (_ssl.c:1016)'))), retry 1
2026-05-27 06:00:05,653 [WARNING] Request error: HTTPSConnectionPool(host='www.kap.org.tr', port=443): Max retries exceeded with url: /tr/api/disclosure/list/main (Caused by SSLError(SSLCertVerificationError(1, '[SSL: CERTIFICATE_VERIFY_FAILED] certificate verify failed: unable to get local issuer certificate (_ssl.c:1016)'))), retry 2
2026-05-27 06:00:05,653 [WARNING] Request error: HTTPSConnectionPool(host='www.kap.org.tr', port=443): Max retries exceeded with url: /tr/api/disclosure/list/main (Caused by SSLError(SSLCertVerificationError(1, '[SSL: CERTIFICATE_VERIFY_FAILED] certificate verify failed: unable to get local issuer certificate (_ssl.c:1016)'))), retry 2
2026-05-27 06:00:09,062 [WARNING] Request error: HTTPSConnectionPool(host='www.kap.org.tr', port=443): Max retries exceeded with url: /tr/api/disclosure/list/main (Caused by SSLError(SSLCertVerificationError(1, '[SSL: CERTIFICATE_VERIFY_FAILED] certificate verify failed: unable to get local issuer certificate (_ssl.c:1016)'))), retry 3
2026-05-27 06:00:09,062 [WARNING] Request error: HTTPSConnectionPool(host='www.kap.org.tr', port=443): Max retries exceeded with url: /tr/api/disclosure/list/main (Caused by SSLError(SSLCertVerificationError(1, '[SSL: CERTIFICATE_VERIFY_FAILED] certificate verify failed: unable to get local issuer certificate (_ssl.c:1016)'))), retry 3
2026-05-27 06:00:13,315 [WARNING] Request error: HTTPSConnectionPool(host='www.kap.org.tr', port=443): Max retries exceeded with url: /tr/api/disclosure/list/main (Caused by SSLError(SSLCertVerificationError(1, '[SSL: CERTIFICATE_VERIFY_FAILED] certificate verify failed: unable to get local issuer certificate (_ssl.c:1016)'))), retry 4
2026-05-27 06:00:13,315 [WARNING] Request error: HTTPSConnectionPool(host='www.kap.org.tr', port=443): Max retries exceeded with url: /tr/api/disclosure/list/main (Caused by SSLError(SSLCertVerificationError(1, '[SSL: CERTIFICATE_VERIFY_FAILED] certificate verify failed: unable to get local issuer certificate (_ssl.c:1016)'))), retry 4
2026-05-27 06:00:21,568 [ERROR] Request failed after 5 attempts: HTTPSConnectionPool(host='www.kap.org.tr', port=443): Max retries exceeded with url: /tr/api/disclosure/list/main (Caused by SSLError(SSLCertVerificationError(1, '[SSL: CERTIFICATE_VERIFY_FAILED] certificate verify failed: unable to get local issuer certificate (_ssl.c:1016)')))
2026-05-27 06:00:21,568 [ERROR] Request failed after 5 attempts: HTTPSConnectionPool(host='www.kap.org.tr', port=443): Max retries exceeded with url: /tr/api/disclosure/list/main (Caused by SSLError(SSLCertVerificationError(1, '[SSL: CERTIFICATE_VERIFY_FAILED] certificate verify failed: unable to get local issuer certificate (_ssl.c:1016)')))
2026-05-27 12:40:44,044 [INFO] ============================================================
2026-05-27 12:40:44,045 [INFO] KAP Daily Pipeline started
2026-05-27 12:40:44,045 [INFO] Resuming from last run: 2026-05-26T06:00:03.630378
2026-05-27 12:40:44,297 [INFO] KAP discovered 0 portfolio disclosures in 2026-05-26 → 2026-05-27
2026-05-27 12:40:44,298 [INFO] No new disclosures — done
