[2026-04-25 19:06:36] [INFO] ============================================================
[2026-04-25 19:06:36] [INFO] KAP Portfolio Parser — pdfplumber + GLM fallback
[2026-04-25 19:06:36] [INFO] PDF dir: /Users/admin/Desktop/projects/fon-app/pdfs/portfoy_dagilim
[2026-04-25 19:06:36] [INFO] Zhipu key: SET
[2026-04-25 19:06:36] [INFO] Supabase key: NOT SET ⚠️
[2026-04-25 19:06:36] [INFO] ============================================================
[2026-04-25 19:06:36] [INFO] Found 507 PDF files in /Users/admin/Desktop/projects/fon-app/pdfs/portfoy_dagilim
[2026-04-25 19:06:36] [INFO] Pending: 86 PDFs (resume=False)
[2026-04-25 19:06:36] [INFO] [1/86] Processing GTY (GTY_4028328d.pdf)
[2026-04-25 19:06:36] [INFO] Processing: GTY_4028328d.pdf
[2026-04-25 19:06:37] [INFO]   Fund category detected: SERBEST
[2026-04-25 19:06:37] [WARN]   Skipping SERBEST fon — no standard portföy table
[2026-04-25 19:06:37] [WARN]   pdfplumber failed for SERBEST fund, fallback decision: 
[2026-04-25 19:06:37] [ERROR]   ❌ SERBEST fund: pdfplumber failed, GLM not applicable
[2026-04-25 19:06:38] [INFO] [2/86] Processing GZM (GZM_4028328c.pdf)
[2026-04-25 19:06:38] [INFO] Processing: GZM_4028328c.pdf
[2026-04-25 19:06:41] [INFO]   Fund category detected: KIRA
[2026-04-25 19:06:45] [WARN]   pdfplumber failed for KIRA fund, fallback decision: 
[2026-04-25 19:06:45] [ERROR]   ❌ SERBEST fund: pdfplumber failed, GLM not applicable
[2026-04-25 19:06:46] [INFO] [3/86] Processing GZN (GZN_4028328c.pdf)
[2026-04-25 19:06:46] [INFO] Processing: GZN_4028328c.pdf
[2026-04-25 19:06:48] [INFO]   Fund category detected: KIRA
[2026-04-25 19:07:29] [WARN]   pdfplumber failed for KIRA fund, fallback decision: 
[2026-04-25 19:07:29] [ERROR]   ❌ SERBEST fund: pdfplumber failed, GLM not applicable
[2026-04-25 19:07:30] [INFO] [4/86] Processing KTS (KTS_4028328d.pdf)
[2026-04-25 19:07:30] [INFO] Processing: KTS_4028328d.pdf
[2026-04-25 19:07:31] [INFO]   Fund category detected: KIRA
[2026-04-25 19:07:33] [WARN]   pdfplumber failed for KIRA fund, fallback decision: 
[2026-04-25 19:07:33] [ERROR]   ❌ SERBEST fund: pdfplumber failed, GLM not applicable
[2026-04-25 19:07:34] [INFO] [5/86] Processing KVK (KVK_4028328d.pdf)
[2026-04-25 19:07:34] [INFO] Processing: KVK_4028328d.pdf
[2026-04-25 19:07:35] [INFO]   Fund category detected: KIRA
[2026-04-25 19:07:36] [WARN]   pdfplumber failed for KIRA fund, fallback decision: 
[2026-04-25 19:07:36] [ERROR]   ❌ SERBEST fund: pdfplumber failed, GLM not applicable
[2026-04-25 19:07:37] [INFO] [6/86] Processing MJG (MJG_4028328d.pdf)
[2026-04-25 19:07:37] [INFO] Processing: MJG_4028328d.pdf
[2026-04-25 19:07:38] [INFO]   Fund category detected: KIRA
[2026-04-25 19:07:39] [WARN]   pdfplumber failed for KIRA fund, fallback decision: 
[2026-04-25 19:07:39] [ERROR]   ❌ SERBEST fund: pdfplumber failed, GLM not applicable
[2026-04-25 19:07:40] [INFO] [7/86] Processing MLK (MLK_4028328d.pdf)
[2026-04-25 19:07:40] [INFO] Processing: MLK_4028328d.pdf
[2026-04-25 19:07:40] [INFO]   Fund category detected: KIRA
[2026-04-25 19:07:41] [WARN]   pdfplumber failed for KIRA fund, fallback decision: 
[2026-04-25 19:07:41] [ERROR]   ❌ SERBEST fund: pdfplumber failed, GLM not applicable
[2026-04-25 19:07:42] [INFO] [8/86] Processing MRI (MRI_4028328c.pdf)
[2026-04-25 19:07:42] [INFO] Processing: MRI_4028328c.pdf
[2026-04-25 19:07:42] [INFO]   Fund category detected: KIRA
[2026-04-25 19:07:43] [WARN]   pdfplumber failed for KIRA fund, fallback decision: 
[2026-04-25 19:07:43] [ERROR]   ❌ SERBEST fund: pdfplumber failed, GLM not applicable
[2026-04-25 19:07:44] [INFO] [9/86] Processing MTG (MTG_4028328c.pdf)
[2026-04-25 19:07:44] [INFO] Processing: MTG_4028328c.pdf
[2026-04-25 19:07:45] [INFO]   Fund category detected: KIRA
[2026-04-25 19:07:45] [WARN]   pdfplumber failed for KIRA fund, fallback decision: 
[2026-04-25 19:07:45] [ERROR]   ❌ SERBEST fund: pdfplumber failed, GLM not applicable
[2026-04-25 19:07:46] [INFO] [10/86] Processing ODD (ODD_4028328c.pdf)
[2026-04-25 19:07:46] [INFO] Processing: ODD_4028328c.pdf
[2026-04-25 19:07:47] [INFO]   Fund category detected: SERBEST
[2026-04-25 19:07:47] [WARN]   Skipping SERBEST fon — no standard portföy table
[2026-04-25 19:07:47] [WARN]   pdfplumber failed for SERBEST fund, fallback decision: 
[2026-04-25 19:07:47] [ERROR]   ❌ SERBEST fund: pdfplumber failed, GLM not applicable
[2026-04-25 19:07:48] [INFO] [11/86] Processing OFS (OFS_4028328c.pdf)
[2026-04-25 19:07:48] [INFO] Processing: OFS_4028328c.pdf
[2026-04-25 19:07:50] [INFO]   Fund category detected: SERBEST
[2026-04-25 19:07:50] [WARN]   Skipping SERBEST fon — no standard portföy table
[2026-04-25 19:07:52] [WARN]   pdfplumber failed for SERBEST fund, fallback decision: 
[2026-04-25 19:07:52] [ERROR]   ❌ SERBEST fund: pdfplumber failed, GLM not applicable
[2026-04-25 19:07:53] [INFO] [12/86] Processing OHK (OHK_4028328c.pdf)
[2026-04-25 19:07:53] [INFO] Processing: OHK_4028328c.pdf
[2026-04-25 19:07:54] [WARN] parse_portfolio_tables error OHK_4028328c.pdf: Unexpected EOF
[2026-04-25 19:07:55] [WARN]   pdfplumber failed for UNKNOWN fund, fallback decision: 
[2026-04-25 19:07:55] [WARN]   Attempting GLM fallback...
[2026-04-25 19:07:55] [ERROR]   ❌ SERBEST fund: pdfplumber failed, GLM not applicable
[2026-04-25 19:07:56] [INFO] [13/86] Processing OKD (OKD_4028328c.pdf)
[2026-04-25 19:07:56] [INFO] Processing: OKD_4028328c.pdf
[2026-04-25 19:08:00] [INFO]   Fund category detected: PARA
    Section IV pcts: {}
    Section III grup_totals: {}
[2026-04-25 19:08:04] [WARN]   pdfplumber failed for PARA fund, fallback decision: 
[2026-04-25 19:08:04] [ERROR]   ❌ PARA fund: pdfplumber failed, GLM not applicable
[2026-04-25 19:08:05] [INFO] [14/86] Processing ONE (ONE_4028328d.pdf)
[2026-04-25 19:08:05] [INFO] Processing: ONE_4028328d.pdf
[2026-04-25 19:08:05] [INFO]   Fund category detected: KIRA
[2026-04-25 19:08:06] [WARN]   pdfplumber failed for KIRA fund, fallback decision: 
[2026-04-25 19:08:06] [ERROR]   ❌ SERBEST fund: pdfplumber failed, GLM not applicable
[2026-04-25 19:08:07] [INFO] [15/86] Processing OYL (OYL_4028328c.pdf)
[2026-04-25 19:08:07] [INFO] Processing: OYL_4028328c.pdf
[2026-04-25 19:08:14] [WARN] parse_portfolio_tables error OYL_4028328c.pdf: Unexpected EOF
[2026-04-25 19:08:20] [WARN]   pdfplumber failed for UNKNOWN fund, fallback decision: 
[2026-04-25 19:08:20] [WARN]   Attempting GLM fallback...
[2026-04-25 19:08:20] [ERROR]   ❌ SERBEST fund: pdfplumber failed, GLM not applicable
[2026-04-25 19:08:21] [INFO] [16/86] Processing PBK (PBK_4028328d.pdf)
[2026-04-25 19:08:21] [INFO] Processing: PBK_4028328d.pdf
[2026-04-25 19:08:22] [INFO]   Fund category detected: KIRA
[2026-04-25 19:08:24] [WARN]   pdfplumber failed for KIRA fund, fallback decision: 
[2026-04-25 19:08:24] [ERROR]   ❌ SERBEST fund: pdfplumber failed, GLM not applicable
[2026-04-25 19:08:25] [INFO] [17/86] Processing PBN (PBN_4028328c.pdf)
[2026-04-25 19:08:25] [INFO] Processing: PBN_4028328c.pdf
[2026-04-25 19:08:26] [INFO]   Fund category detected: KIRA
[2026-04-25 19:08:29] [WARN]   pdfplumber failed for KIRA fund, fallback decision: 
[2026-04-25 19:08:29] [ERROR]   ❌ SERBEST fund: pdfplumber failed, GLM not applicable
[2026-04-25 19:08:30] [INFO] [18/86] Processing PDD (PDD_4028328d.pdf)
[2026-04-25 19:08:30] [INFO] Processing: PDD_4028328d.pdf
[2026-04-25 19:08:31] [INFO]   Fund category detected: KIRA
[2026-04-25 19:08:34] [WARN]   pdfplumber failed for KIRA fund, fallback decision: 
[2026-04-25 19:08:34] [ERROR]   ❌ SERBEST fund: pdfplumber failed, GLM not applicable
[2026-04-25 19:08:35] [INFO] [19/86] Processing PFO (PFO_4028328c.pdf)
[2026-04-25 19:08:35] [INFO] Processing: PFO_4028328c.pdf
[2026-04-25 19:08:35] [INFO]   Fund category detected: KIRA
[2026-04-25 19:08:35] [WARN]   pdfplumber failed for KIRA fund, fallback decision: 
[2026-04-25 19:08:35] [ERROR]   ❌ SERBEST fund: pdfplumber failed, GLM not applicable
[2026-04-25 19:08:37] [INFO] [20/86] Processing PGD (PGD_4028328d.pdf)
[2026-04-25 19:08:37] [INFO] Processing: PGD_4028328d.pdf
[2026-04-25 19:08:38] [INFO]   Fund category detected: PARA
    Section IV pcts: {}
    Section III grup_totals: {}
[2026-04-25 19:08:39] [WARN]   pdfplumber failed for PARA fund, fallback decision: 
[2026-04-25 19:08:39] [ERROR]   ❌ PARA fund: pdfplumber failed, GLM not applicable
[2026-04-25 19:08:40] [INFO] [21/86] Processing PHK (PHK_4028328c.pdf)
[2026-04-25 19:08:40] [INFO] Processing: PHK_4028328c.pdf
[2026-04-25 19:08:40] [INFO]   Fund category detected: KIRA
[2026-04-25 19:08:41] [WARN]   pdfplumber failed for KIRA fund, fallback decision: 
[2026-04-25 19:08:41] [ERROR]   ❌ SERBEST fund: pdfplumber failed, GLM not applicable
[2026-04-25 19:08:42] [INFO] [22/86] Processing PKD (PKD_4028328c.pdf)
[2026-04-25 19:08:42] [INFO] Processing: PKD_4028328c.pdf
[2026-04-25 19:08:42] [INFO]   Fund category detected: KIRA
[2026-04-25 19:08:43] [WARN]   pdfplumber failed for KIRA fund, fallback decision: 
[2026-04-25 19:08:43] [ERROR]   ❌ SERBEST fund: pdfplumber failed, GLM not applicable
[2026-04-25 19:08:44] [INFO] [23/86] Processing PPB (PPB_4028328c.pdf)
[2026-04-25 19:08:44] [INFO] Processing: PPB_4028328c.pdf
[2026-04-25 19:08:44] [INFO]   Fund category detected: KIRA
[2026-04-25 19:08:45] [WARN]   pdfplumber failed for KIRA fund, fallback decision: 
[2026-04-25 19:08:45] [ERROR]   ❌ SERBEST fund: pdfplumber failed, GLM not applicable
[2026-04-25 19:08:46] [INFO] [24/86] Processing PPE (PPE_4028328c.pdf)
[2026-04-25 19:08:46] [INFO] Processing: PPE_4028328c.pdf
[2026-04-25 19:08:47] [INFO]   Fund category detected: KIRA
[2026-04-25 19:08:47] [WARN]   pdfplumber failed for KIRA fund, fallback decision: 
[2026-04-25 19:08:47] [ERROR]   ❌ SERBEST fund: pdfplumber failed, GLM not applicable
[2026-04-25 19:08:48] [INFO] [25/86] Processing PPM (PPM_4028328c.pdf)
[2026-04-25 19:08:48] [INFO] Processing: PPM_4028328c.pdf
[2026-04-25 19:08:52] [INFO]   Fund category detected: KIRA
[2026-04-25 19:09:02] [WARN]   pdfplumber failed for KIRA fund, fallback decision: 
[2026-04-25 19:09:02] [ERROR]   ❌ SERBEST fund: pdfplumber failed, GLM not applicable
[2026-04-25 19:09:03] [INFO] [26/86] Processing PPS (PPS_4028328c.pdf)
[2026-04-25 19:09:03] [INFO] Processing: PPS_4028328c.pdf
[2026-04-25 19:09:04] [INFO]   Fund category detected: KIRA
[2026-04-25 19:09:04] [WARN]   pdfplumber failed for KIRA fund, fallback decision: 
[2026-04-25 19:09:04] [ERROR]   ❌ SERBEST fund: pdfplumber failed, GLM not applicable
[2026-04-25 19:09:06] [INFO] [27/86] Processing RBI (RBI_4028328d.pdf)
[2026-04-25 19:09:06] [INFO] Processing: RBI_4028328d.pdf
[2026-04-25 19:09:06] [INFO]   Fund category detected: KIRA
[2026-04-25 19:09:07] [WARN]   pdfplumber failed for KIRA fund, fallback decision: 
[2026-04-25 19:09:07] [ERROR]   ❌ SERBEST fund: pdfplumber failed, GLM not applicable
[2026-04-25 19:09:08] [INFO] [28/86] Processing RBN (RBN_4028328d.pdf)
[2026-04-25 19:09:08] [INFO] Processing: RBN_4028328d.pdf
[2026-04-25 19:09:09] [INFO]   Fund category detected: KIRA
[2026-04-25 19:09:10] [WARN]   pdfplumber failed for KIRA fund, fallback decision: 
[2026-04-25 19:09:10] [ERROR]   ❌ SERBEST fund: pdfplumber failed, GLM not applicable
[2026-04-25 19:09:11] [INFO] [29/86] Processing RBR (RBR_4028328d.pdf)
[2026-04-25 19:09:11] [INFO] Processing: RBR_4028328d.pdf
[2026-04-25 19:09:12] [INFO]   Fund category detected: KIRA
[2026-04-25 19:09:12] [WARN]   pdfplumber failed for KIRA fund, fallback decision: 
[2026-04-25 19:09:12] [ERROR]   ❌ SERBEST fund: pdfplumber failed, GLM not applicable
[2026-04-25 19:09:13] [INFO] [30/86] Processing RDT (RDT_4028328c.pdf)
[2026-04-25 19:09:13] [INFO] Processing: RDT_4028328c.pdf
[2026-04-25 19:09:13] [INFO]   Fund category detected: KIRA
[2026-04-25 19:09:14] [WARN]   pdfplumber failed for KIRA fund, fallback decision: 
[2026-04-25 19:09:14] [ERROR]   ❌ SERBEST fund: pdfplumber failed, GLM not applicable
[2026-04-25 19:09:15] [INFO] [31/86] Processing RIH (RIH_4028328d.pdf)
[2026-04-25 19:09:15] [INFO] Processing: RIH_4028328d.pdf
[2026-04-25 19:09:15] [INFO]   Fund category detected: KIRA
[2026-04-25 19:09:16] [WARN]   pdfplumber failed for KIRA fund, fallback decision: 
[2026-04-25 19:09:16] [ERROR]   ❌ SERBEST fund: pdfplumber failed, GLM not applicable
[2026-04-25 19:09:17] [INFO] [32/86] Processing RIK (RIK_4028328d.pdf)
[2026-04-25 19:09:17] [INFO] Processing: RIK_4028328d.pdf
[2026-04-25 19:09:20] [INFO]   Fund category detected: KIRA
[2026-04-25 19:09:26] [WARN]   pdfplumber failed for KIRA fund, fallback decision: 
[2026-04-25 19:09:26] [ERROR]   ❌ SERBEST fund: pdfplumber failed, GLM not applicable
[2026-04-25 19:09:27] [INFO] [33/86] Processing RPL (RPL_4028328d.pdf)
[2026-04-25 19:09:27] [INFO] Processing: RPL_4028328d.pdf
[2026-04-25 19:09:29] [INFO]   Fund category detected: KIRA
[2026-04-25 19:09:37] [WARN]   pdfplumber failed for KIRA fund, fallback decision: 
[2026-04-25 19:09:37] [ERROR]   ❌ SERBEST fund: pdfplumber failed, GLM not applicable
[2026-04-25 19:09:39] [INFO] [34/86] Processing RTP (RTP_4028328d.pdf)
[2026-04-25 19:09:39] [INFO] Processing: RTP_4028328d.pdf
[2026-04-25 19:09:41] [INFO]   Fund category detected: KIRA
[2026-04-25 19:09:45] [WARN]   pdfplumber failed for KIRA fund, fallback decision: 
[2026-04-25 19:09:45] [ERROR]   ❌ SERBEST fund: pdfplumber failed, GLM not applicable
[2026-04-25 19:09:46] [INFO] [35/86] Processing SOS (SOS_4028328d.pdf)
[2026-04-25 19:09:46] [INFO] Processing: SOS_4028328d.pdf
[2026-04-25 19:09:47] [INFO]   Fund category detected: KIRA
[2026-04-25 19:09:48] [WARN]   pdfplumber failed for KIRA fund, fallback decision: 
[2026-04-25 19:09:48] [ERROR]   ❌ SERBEST fund: pdfplumber failed, GLM not applicable
[2026-04-25 19:09:49] [INFO] [36/86] Processing SSF (SSF_4028328d.pdf)
[2026-04-25 19:09:49] [INFO] Processing: SSF_4028328d.pdf
[2026-04-25 19:09:49] [INFO]   Fund category detected: KIRA
[2026-04-25 19:09:50] [WARN]   pdfplumber failed for KIRA fund, fallback decision: 
[2026-04-25 19:09:50] [ERROR]   ❌ SERBEST fund: pdfplumber failed, GLM not applicable
[2026-04-25 19:09:51] [INFO] [37/86] Processing SSK (SSK_4028328c.pdf)
[2026-04-25 19:09:51] [INFO] Processing: SSK_4028328c.pdf
[2026-04-25 19:09:52] [INFO]   Fund category detected: KIRA
[2026-04-25 19:09:53] [WARN]   pdfplumber failed for KIRA fund, fallback decision: 
[2026-04-25 19:09:53] [ERROR]   ❌ SERBEST fund: pdfplumber failed, GLM not applicable
[2026-04-25 19:09:54] [INFO] [38/86] Processing SUA (SUA_4028328d.pdf)
[2026-04-25 19:09:54] [INFO] Processing: SUA_4028328d.pdf
[2026-04-25 19:10:02] [WARN] parse_portfolio_tables error SUA_4028328d.pdf: No /Root object! - Is this really a PDF?
[2026-04-25 19:10:10] [WARN]   pdfplumber failed for UNKNOWN fund, fallback decision: 
[2026-04-25 19:10:10] [WARN]   Attempting GLM fallback...
[2026-04-25 19:10:10] [ERROR]   ❌ SERBEST fund: pdfplumber failed, GLM not applicable
[2026-04-25 19:10:11] [INFO] [39/86] Processing SUB (SUB_4028328d.pdf)
[2026-04-25 19:10:11] [INFO] Processing: SUB_4028328d.pdf
[2026-04-25 19:10:14] [INFO]   Fund category detected: PARA
    Section IV pcts: {}
    Section III grup_totals: {}
[2026-04-25 19:10:17] [WARN]   pdfplumber failed for PARA fund, fallback decision: 
[2026-04-25 19:10:17] [ERROR]   ❌ PARA fund: pdfplumber failed, GLM not applicable
[2026-04-25 19:10:19] [INFO] [40/86] Processing SUC (SUC_4028328d.pdf)
[2026-04-25 19:10:19] [INFO] Processing: SUC_4028328d.pdf
[2026-04-25 19:10:21] [INFO]   Fund category detected: PARA
    Section IV pcts: {}
    Section III grup_totals: {}
[2026-04-25 19:10:23] [WARN]   pdfplumber failed for PARA fund, fallback decision: 
[2026-04-25 19:10:23] [ERROR]   ❌ PARA fund: pdfplumber failed, GLM not applicable
[2026-04-25 19:10:25] [INFO] [41/86] Processing TAO (TAO_4028328c.pdf)
[2026-04-25 19:10:25] [INFO] Processing: TAO_4028328c.pdf
[2026-04-25 19:10:27] [INFO]   Fund category detected: KIRA
[2026-04-25 19:10:29] [WARN]   pdfplumber failed for KIRA fund, fallback decision: 
[2026-04-25 19:10:29] [ERROR]   ❌ SERBEST fund: pdfplumber failed, GLM not applicable
[2026-04-25 19:10:30] [INFO] [42/86] Processing TCF (TCF_4028328c.pdf)
[2026-04-25 19:10:30] [INFO] Processing: TCF_4028328c.pdf
[2026-04-25 19:10:32] [INFO]   Fund category detected: KIRA
[2026-04-25 19:10:33] [WARN]   pdfplumber failed for KIRA fund, fallback decision: 
[2026-04-25 19:10:33] [ERROR]   ❌ SERBEST fund: pdfplumber failed, GLM not applicable
[2026-04-25 19:10:34] [INFO] [43/86] Processing TGN (TGN_4028328c.pdf)
[2026-04-25 19:10:34] [INFO] Processing: TGN_4028328c.pdf
[2026-04-25 19:10:35] [INFO]   Fund category detected: KIRA
[2026-04-25 19:10:36] [WARN]   pdfplumber failed for KIRA fund, fallback decision: 
[2026-04-25 19:10:36] [ERROR]   ❌ SERBEST fund: pdfplumber failed, GLM not applicable
[2026-04-25 19:10:37] [INFO] [44/86] Processing TJT (TJT_4028328c.pdf)
[2026-04-25 19:10:37] [INFO] Processing: TJT_4028328c.pdf
[2026-04-25 19:10:38] [INFO]   Fund category detected: KIRA
[2026-04-25 19:10:40] [WARN]   pdfplumber failed for KIRA fund, fallback decision: 
[2026-04-25 19:10:40] [ERROR]   ❌ SERBEST fund: pdfplumber failed, GLM not applicable
[2026-04-25 19:10:41] [INFO] [45/86] Processing TLE (TLE_4028328c.pdf)
[2026-04-25 19:10:41] [INFO] Processing: TLE_4028328c.pdf
[2026-04-25 19:10:42] [INFO]   Fund category detected: KIRA
[2026-04-25 19:10:43] [WARN]   pdfplumber failed for KIRA fund, fallback decision: 
[2026-04-25 19:10:43] [ERROR]   ❌ SERBEST fund: pdfplumber failed, GLM not applicable
[2026-04-25 19:10:44] [INFO] [46/86] Processing TLY (TLY_4028328d.pdf)
[2026-04-25 19:10:44] [INFO] Processing: TLY_4028328d.pdf
[2026-04-25 19:10:45] [INFO]   Fund category detected: KIRA
[2026-04-25 19:10:46] [WARN]   pdfplumber failed for KIRA fund, fallback decision: 
[2026-04-25 19:10:46] [ERROR]   ❌ SERBEST fund: pdfplumber failed, GLM not applicable
[2026-04-25 19:10:47] [INFO] [47/86] Processing TP2 (TP2_4028328d.pdf)
[2026-04-25 19:10:47] [INFO] Processing: TP2_4028328d.pdf
[2026-04-25 19:11:06] [INFO]   Fund category detected: KIRA
[2026-04-25 19:11:15] [WARN]   pdfplumber failed for KIRA fund, fallback decision: 
[2026-04-25 19:11:15] [ERROR]   ❌ SERBEST fund: pdfplumber failed, GLM not applicable
[2026-04-25 19:11:16] [INFO] [48/86] Processing TPC (TPC_4028328c.pdf)
[2026-04-25 19:11:16] [INFO] Processing: TPC_4028328c.pdf
[2026-04-25 19:11:17] [INFO]   Fund category detected: KIRA
[2026-04-25 19:11:19] [WARN]   pdfplumber failed for KIRA fund, fallback decision: 
[2026-04-25 19:11:19] [ERROR]   ❌ SERBEST fund: pdfplumber failed, GLM not applicable
[2026-04-25 19:11:20] [INFO] [49/86] Processing TPJ (TPJ_4028328c.pdf)
[2026-04-25 19:11:20] [INFO] Processing: TPJ_4028328c.pdf
[2026-04-25 19:11:22] [INFO]   Fund category detected: KIRA
[2026-04-25 19:11:25] [WARN]   pdfplumber failed for KIRA fund, fallback decision: 
[2026-04-25 19:11:25] [ERROR]   ❌ SERBEST fund: pdfplumber failed, GLM not applicable
[2026-04-25 19:11:26] [INFO] [50/86] Processing TPL (TPL_4028328c.pdf)
[2026-04-25 19:11:26] [INFO] Processing: TPL_4028328c.pdf
[2026-04-25 19:11:28] [INFO]   Fund category detected: KIRA
[2026-04-25 19:11:30] [WARN]   pdfplumber failed for KIRA fund, fallback decision: 
[2026-04-25 19:11:30] [ERROR]   ❌ SERBEST fund: pdfplumber failed, GLM not applicable
[2026-04-25 19:11:32] [INFO] [51/86] Processing TPP (TPP_4028328c.pdf)
[2026-04-25 19:11:32] [INFO] Processing: TPP_4028328c.pdf
[2026-04-25 19:11:33] [INFO]   Fund category detected: KIRA
[2026-04-25 19:11:46] [WARN]   pdfplumber failed for KIRA fund, fallback decision: 
[2026-04-25 19:11:46] [ERROR]   ❌ SERBEST fund: pdfplumber failed, GLM not applicable
[2026-04-25 19:11:47] [INFO] [52/86] Processing TPV (TPV_4028328c.pdf)
[2026-04-25 19:11:47] [INFO] Processing: TPV_4028328c.pdf
[2026-04-25 19:11:48] [INFO]   Fund category detected: KIRA
[2026-04-25 19:11:48] [WARN]   pdfplumber failed for KIRA fund, fallback decision: 
[2026-04-25 19:11:48] [ERROR]   ❌ SERBEST fund: pdfplumber failed, GLM not applicable
[2026-04-25 19:11:50] [INFO] [53/86] Processing TPZ (TPZ_4028328c.pdf)
[2026-04-25 19:11:50] [INFO] Processing: TPZ_4028328c.pdf
[2026-04-25 19:11:50] [INFO]   Fund category detected: KIRA
[2026-04-25 19:11:50] [WARN]   pdfplumber failed for KIRA fund, fallback decision: 
[2026-04-25 19:11:50] [ERROR]   ❌ SERBEST fund: pdfplumber failed, GLM not applicable
[2026-04-25 19:11:51] [INFO] [54/86] Processing TRO (TRO_4028328d.pdf)
[2026-04-25 19:11:51] [INFO] Processing: TRO_4028328d.pdf
[2026-04-25 19:11:52] [INFO]   Fund category detected: KIRA
[2026-04-25 19:11:52] [WARN]   pdfplumber failed for KIRA fund, fallback decision: 
[2026-04-25 19:11:52] [ERROR]   ❌ SERBEST fund: pdfplumber failed, GLM not applicable
[2026-04-25 19:11:53] [INFO] [55/86] Processing TZL (TZL_4028328c.pdf)
[2026-04-25 19:11:53] [INFO] Processing: TZL_4028328c.pdf
[2026-04-25 19:11:54] [INFO]   Fund category detected: KIRA
[2026-04-25 19:12:01] [WARN]   pdfplumber failed for KIRA fund, fallback decision: 
[2026-04-25 19:12:01] [ERROR]   ❌ SERBEST fund: pdfplumber failed, GLM not applicable
[2026-04-25 19:12:02] [INFO] [56/86] Processing TZV (TZV_4028328c.pdf)
[2026-04-25 19:12:02] [INFO] Processing: TZV_4028328c.pdf
[2026-04-25 19:12:02] [INFO]   Fund category detected: KIRA
[2026-04-25 19:12:05] [WARN]   pdfplumber failed for KIRA fund, fallback decision: 
[2026-04-25 19:12:05] [ERROR]   ❌ SERBEST fund: pdfplumber failed, GLM not applicable
[2026-04-25 19:12:06] [INFO] [57/86] Processing ULH (ULH_4028328d.pdf)
[2026-04-25 19:12:06] [INFO] Processing: ULH_4028328d.pdf
[2026-04-25 19:12:08] [INFO]   Fund category detected: SERBEST
[2026-04-25 19:12:08] [WARN]   Skipping SERBEST fon — no standard portföy table
[2026-04-25 19:12:11] [WARN]   pdfplumber failed for SERBEST fund, fallback decision: 
[2026-04-25 19:12:11] [ERROR]   ❌ SERBEST fund: pdfplumber failed, GLM not applicable
[2026-04-25 19:12:12] [INFO] [58/86] Processing UP1 (UP1_4028328d.pdf)
[2026-04-25 19:12:12] [INFO] Processing: UP1_4028328d.pdf
[2026-04-25 19:12:18] [INFO]   Fund category detected: PARA
    Section IV pcts: {}
    Section III grup_totals: {}
[2026-04-25 19:12:23] [WARN]   pdfplumber failed for PARA fund, fallback decision: 
[2026-04-25 19:12:23] [ERROR]   ❌ PARA fund: pdfplumber failed, GLM not applicable
[2026-04-25 19:12:25] [INFO] [59/86] Processing UP2 (UP2_4028328d.pdf)
[2026-04-25 19:12:25] [INFO] Processing: UP2_4028328d.pdf
[2026-04-25 19:12:27] [WARN] parse_portfolio_tables error UP2_4028328d.pdf: No /Root object! - Is this really a PDF?
[2026-04-25 19:12:29] [WARN]   pdfplumber failed for UNKNOWN fund, fallback decision: 
[2026-04-25 19:12:29] [WARN]   Attempting GLM fallback...
[2026-04-25 19:12:29] [ERROR]   ❌ SERBEST fund: pdfplumber failed, GLM not applicable
[2026-04-25 19:12:31] [INFO] [60/86] Processing UPD (UPD_4028328d.pdf)
[2026-04-25 19:12:31] [INFO] Processing: UPD_4028328d.pdf
[2026-04-25 19:12:34] [INFO]   Fund category detected: SERBEST
[2026-04-25 19:12:34] [WARN]   Skipping SERBEST fon — no standard portföy table
[2026-04-25 19:12:36] [WARN]   pdfplumber failed for SERBEST fund, fallback decision: 
[2026-04-25 19:12:36] [ERROR]   ❌ SERBEST fund: pdfplumber failed, GLM not applicable
[2026-04-25 19:12:38] [INFO] [61/86] Processing UPH (UPH_4028328d.pdf)
[2026-04-25 19:12:38] [INFO] Processing: UPH_4028328d.pdf
[2026-04-25 19:12:43] [WARN] parse_portfolio_tables error UPH_4028328d.pdf: Unexpected EOF
[2026-04-25 19:12:48] [WARN]   pdfplumber failed for UNKNOWN fund, fallback decision: 
[2026-04-25 19:12:48] [WARN]   Attempting GLM fallback...
[2026-04-25 19:12:48] [ERROR]   ❌ SERBEST fund: pdfplumber failed, GLM not applicable
[2026-04-25 19:12:49] [INFO] [62/86] Processing UPP (UPP_4028328d.pdf)
[2026-04-25 19:12:49] [INFO] Processing: UPP_4028328d.pdf
[2026-04-25 19:12:55] [INFO]   Fund category detected: PARA
    Section IV pcts: {}
    Section III grup_totals: {}
[2026-04-25 19:13:01] [WARN]   pdfplumber failed for PARA fund, fallback decision: 
[2026-04-25 19:13:01] [ERROR]   ❌ PARA fund: pdfplumber failed, GLM not applicable
[2026-04-25 19:13:02] [INFO] [63/86] Processing USDTR (USDTR_4028328c.pdf)
[2026-04-25 19:13:02] [INFO] Processing: USDTR_4028328c.pdf
[2026-04-25 19:13:02] [INFO]   Fund category detected: KIRA
[2026-04-25 19:13:02] [WARN]   pdfplumber failed for KIRA fund, fallback decision: 
[2026-04-25 19:13:02] [ERROR]   ❌ SERBEST fund: pdfplumber failed, GLM not applicable
[2026-04-25 19:13:03] [INFO] [64/86] Processing VMV (VMV_4028328c.pdf)
[2026-04-25 19:13:03] [INFO] Processing: VMV_4028328c.pdf
[2026-04-25 19:13:05] [INFO]   Fund category detected: KIRA
[2026-04-25 19:13:07] [WARN]   pdfplumber failed for KIRA fund, fallback decision: 
[2026-04-25 19:13:07] [ERROR]   ❌ SERBEST fund: pdfplumber failed, GLM not applicable
[2026-04-25 19:13:08] [INFO] [65/86] Processing VRK (VRK_4028328c.pdf)
[2026-04-25 19:13:08] [INFO] Processing: VRK_4028328c.pdf
[2026-04-25 19:13:09] [INFO]   Fund category detected: KIRA
[2026-04-25 19:13:10] [WARN]   pdfplumber failed for KIRA fund, fallback decision: 
[2026-04-25 19:13:10] [ERROR]   ❌ SERBEST fund: pdfplumber failed, GLM not applicable
[2026-04-25 19:13:11] [INFO] [66/86] Processing ZBI (ZBI_4028328c.pdf)
[2026-04-25 19:13:11] [INFO] Processing: ZBI_4028328c.pdf
[2026-04-25 19:13:11] [INFO]   Fund category detected: KIRA
[2026-04-25 19:13:12] [WARN]   pdfplumber failed for KIRA fund, fallback decision: 
[2026-04-25 19:13:12] [ERROR]   ❌ SERBEST fund: pdfplumber failed, GLM not applicable
[2026-04-25 19:13:13] [INFO] [67/86] Processing ZBJ (ZBJ_4028328c.pdf)
[2026-04-25 19:13:13] [INFO] Processing: ZBJ_4028328c.pdf
[2026-04-25 19:13:14] [INFO]   Fund category detected: KIRA
[2026-04-25 19:13:17] [WARN]   pdfplumber failed for KIRA fund, fallback decision: 
[2026-04-25 19:13:17] [ERROR]   ❌ SERBEST fund: pdfplumber failed, GLM not applicable
[2026-04-25 19:13:18] [INFO] [68/86] Processing ZCN (ZCN_4028328c.pdf)
[2026-04-25 19:13:18] [INFO] Processing: ZCN_4028328c.pdf
[2026-04-25 19:13:18] [INFO]   Fund category detected: KIRA
[2026-04-25 19:13:19] [WARN]   pdfplumber failed for KIRA fund, fallback decision: 
[2026-04-25 19:13:19] [ERROR]   ❌ SERBEST fund: pdfplumber failed, GLM not applicable
[2026-04-25 19:13:20] [INFO] [69/86] Processing ZELOT (ZELOT_4028328d.pdf)
[2026-04-25 19:13:20] [INFO] Processing: ZELOT_4028328d.pdf
[2026-04-25 19:13:20] [INFO]   Fund category detected: KIRA
[2026-04-25 19:13:21] [WARN]   pdfplumber failed for KIRA fund, fallback decision: 
[2026-04-25 19:13:21] [ERROR]   ❌ SERBEST fund: pdfplumber failed, GLM not applicable
[2026-04-25 19:13:22] [INFO] [70/86] Processing ZGOLD (ZGOLD_4028328d.pdf)
[2026-04-25 19:13:22] [INFO] Processing: ZGOLD_4028328d.pdf
[2026-04-25 19:13:22] [INFO]   Fund category detected: KIRA
[2026-04-25 19:13:22] [WARN]   pdfplumber failed for KIRA fund, fallback decision: 
[2026-04-25 19:13:22] [ERROR]   ❌ SERBEST fund: pdfplumber failed, GLM not applicable
[2026-04-25 19:13:23] [INFO] [71/86] Processing ZMY (ZMY_4028328c.pdf)
[2026-04-25 19:13:23] [INFO] Processing: ZMY_4028328c.pdf
[2026-04-25 19:13:24] [INFO]   Fund category detected: KIRA
[2026-04-25 19:13:24] [WARN]   pdfplumber failed for KIRA fund, fallback decision: 
[2026-04-25 19:13:24] [ERROR]   ❌ SERBEST fund: pdfplumber failed, GLM not applicable
[2026-04-25 19:13:26] [INFO] [72/86] Processing ZP6 (ZP6_4028328c.pdf)
[2026-04-25 19:13:26] [INFO] Processing: ZP6_4028328c.pdf
[2026-04-25 19:13:26] [INFO]   Fund category detected: KIRA
[2026-04-25 19:13:26] [WARN]   pdfplumber failed for KIRA fund, fallback decision: 
[2026-04-25 19:13:26] [ERROR]   ❌ SERBEST fund: pdfplumber failed, GLM not applicable
[2026-04-25 19:13:27] [INFO] [73/86] Processing ZP8 (ZP8_4028328c.pdf)
[2026-04-25 19:13:27] [INFO] Processing: ZP8_4028328c.pdf
[2026-04-25 19:13:28] [INFO]   Fund category detected: KIRA
[2026-04-25 19:13:29] [WARN]   pdfplumber failed for KIRA fund, fallback decision: 
[2026-04-25 19:13:29] [ERROR]   ❌ SERBEST fund: pdfplumber failed, GLM not applicable
[2026-04-25 19:13:30] [INFO] [74/86] Processing ZP9 (ZP9_4028328c.pdf)
[2026-04-25 19:13:30] [INFO] Processing: ZP9_4028328c.pdf
[2026-04-25 19:13:30] [INFO]   Fund category detected: KIRA
[2026-04-25 19:13:30] [WARN]   pdfplumber failed for KIRA fund, fallback decision: 
[2026-04-25 19:13:30] [ERROR]   ❌ SERBEST fund: pdfplumber failed, GLM not applicable
[2026-04-25 19:13:32] [INFO] [75/86] Processing ZPA (ZPA_4028328c.pdf)
[2026-04-25 19:13:32] [INFO] Processing: ZPA_4028328c.pdf
[2026-04-25 19:13:32] [INFO]   Fund category detected: KIRA
[2026-04-25 19:13:32] [WARN]   pdfplumber failed for KIRA fund, fallback decision: 
[2026-04-25 19:13:32] [ERROR]   ❌ SERBEST fund: pdfplumber failed, GLM not applicable
[2026-04-25 19:13:33] [INFO] [76/86] Processing ZPBDL (ZPBDL_4028328d.pdf)
[2026-04-25 19:13:33] [INFO] Processing: ZPBDL_4028328d.pdf
[2026-04-25 19:13:34] [INFO]   Fund category detected: KIRA
[2026-04-25 19:13:34] [WARN]   pdfplumber failed for KIRA fund, fallback decision: 
[2026-04-25 19:13:34] [ERROR]   ❌ SERBEST fund: pdfplumber failed, GLM not applicable
[2026-04-25 19:13:35] [INFO] [77/86] Processing ZPC (ZPC_4028328c.pdf)
[2026-04-25 19:13:35] [INFO] Processing: ZPC_4028328c.pdf
[2026-04-25 19:13:35] [INFO]   Fund category detected: KIRA
[2026-04-25 19:13:36] [WARN]   pdfplumber failed for KIRA fund, fallback decision: 
[2026-04-25 19:13:36] [ERROR]   ❌ SERBEST fund: pdfplumber failed, GLM not applicable
[2026-04-25 19:13:37] [INFO] [78/86] Processing ZPF (ZPF_4028328c.pdf)
[2026-04-25 19:13:37] [INFO] Processing: ZPF_4028328c.pdf
[2026-04-25 19:13:37] [INFO]   Fund category detected: KIRA
[2026-04-25 19:13:38] [WARN]   pdfplumber failed for KIRA fund, fallback decision: 
[2026-04-25 19:13:38] [ERROR]   ❌ SERBEST fund: pdfplumber failed, GLM not applicable
[2026-04-25 19:13:39] [INFO] [79/86] Processing ZPG (ZPG_4028328c.pdf)
[2026-04-25 19:13:39] [INFO] Processing: ZPG_4028328c.pdf
[2026-04-25 19:13:39] [INFO]   Fund category detected: KIRA
[2026-04-25 19:13:40] [WARN]   pdfplumber failed for KIRA fund, fallback decision: 
[2026-04-25 19:13:40] [ERROR]   ❌ SERBEST fund: pdfplumber failed, GLM not applicable
[2026-04-25 19:13:41] [INFO] [80/86] Processing ZPX30 (ZPX30_4028328d.pdf)
[2026-04-25 19:13:41] [INFO] Processing: ZPX30_4028328d.pdf
[2026-04-25 19:13:41] [INFO]   Fund category detected: KIRA
[2026-04-25 19:13:42] [WARN]   pdfplumber failed for KIRA fund, fallback decision: 
[2026-04-25 19:13:42] [ERROR]   ❌ SERBEST fund: pdfplumber failed, GLM not applicable
[2026-04-25 19:13:43] [INFO] [81/86] Processing ZSF (ZSF_4028328c.pdf)
[2026-04-25 19:13:43] [INFO] Processing: ZSF_4028328c.pdf
[2026-04-25 19:13:43] [INFO]   Fund category detected: KIRA
[2026-04-25 19:13:43] [WARN]   pdfplumber failed for KIRA fund, fallback decision: 
[2026-04-25 19:13:43] [ERROR]   ❌ SERBEST fund: pdfplumber failed, GLM not applicable
[2026-04-25 19:13:45] [INFO] [82/86] Processing ZSG (ZSG_4028328c.pdf)
[2026-04-25 19:13:45] [INFO] Processing: ZSG_4028328c.pdf
[2026-04-25 19:13:45] [INFO]   Fund category detected: KIRA
[2026-04-25 19:13:45] [WARN]   pdfplumber failed for KIRA fund, fallback decision: 
[2026-04-25 19:13:45] [ERROR]   ❌ SERBEST fund: pdfplumber failed, GLM not applicable
[2026-04-25 19:13:46] [INFO] [83/86] Processing ZTG (ZTG_4028328c.pdf)
[2026-04-25 19:13:46] [INFO] Processing: ZTG_4028328c.pdf
[2026-04-25 19:13:47] [INFO]   Fund category detected: KIRA
[2026-04-25 19:13:47] [WARN]   pdfplumber failed for KIRA fund, fallback decision: 
[2026-04-25 19:13:47] [ERROR]   ❌ SERBEST fund: pdfplumber failed, GLM not applicable
[2026-04-25 19:13:48] [INFO] [84/86] Processing ZTLRK (ZTLRK_4028328d.pdf)
[2026-04-25 19:13:48] [INFO] Processing: ZTLRK_4028328d.pdf
[2026-04-25 19:13:48] [INFO]   Fund category detected: KIRA
[2026-04-25 19:13:49] [WARN]   pdfplumber failed for KIRA fund, fallback decision: 
[2026-04-25 19:13:49] [ERROR]   ❌ SERBEST fund: pdfplumber failed, GLM not applicable
[2026-04-25 19:13:50] [INFO] [85/86] Processing ZTM25 (ZTM25_4028328d.pdf)
[2026-04-25 19:13:50] [INFO] Processing: ZTM25_4028328d.pdf
[2026-04-25 19:13:50] [INFO]   Fund category detected: KIRA
[2026-04-25 19:13:51] [WARN]   pdfplumber failed for KIRA fund, fallback decision: 
[2026-04-25 19:13:51] [ERROR]   ❌ SERBEST fund: pdfplumber failed, GLM not applicable
[2026-04-25 19:13:52] [INFO] [86/86] Processing ZVO (ZVO_4028328c.pdf)
[2026-04-25 19:13:52] [INFO] Processing: ZVO_4028328c.pdf
[2026-04-25 19:13:52] [INFO]   Fund category detected: KIRA
[2026-04-25 19:13:55] [WARN]   pdfplumber failed for KIRA fund, fallback decision: 
[2026-04-25 19:13:55] [ERROR]   ❌ SERBEST fund: pdfplumber failed, GLM not applicable
[2026-04-25 19:13:57] [INFO] === BATCH COMPLETE: 0 ✅  86 ❌ ===
 GLM not applicable
[2026-04-25 19:13:57] [INFO] === BATCH COMPLETE: 0 ✅  86 ❌ ===
[2026-04-25 19:27:14] [INFO] ============================================================
[2026-04-25 19:27:14] [INFO] KAP Portfolio Parser — pdfplumber + GLM fallback
[2026-04-25 19:27:14] [INFO] PDF dir: /Users/admin/Desktop/projects/fon-app/pdfs/portfoy_dagilim
[2026-04-25 19:27:14] [INFO] Zhipu key: SET
[2026-04-25 19:27:14] [INFO] Supabase key: NOT SET ⚠️
[2026-04-25 19:27:14] [INFO] ============================================================
[2026-04-25 19:27:14] [INFO] Found 507 PDF files in /Users/admin/Desktop/projects/fon-app/pdfs/portfoy_dagilim
[2026-04-25 19:27:14] [INFO] Pending: 86 PDFs (resume=False)
[2026-04-25 19:27:14] [INFO] DB fund_type lookup: 0/5 found
[2026-04-25 19:27:14] [INFO] [1/5] Processing GTY (GTY_4028328d.pdf)
[2026-04-25 19:27:14] [INFO] Processing: GTY_4028328d.pdf
[2026-04-25 19:27:15] [INFO]   Fund category: HISSE (override=False)
[2026-04-25 19:27:16] [WARN]   pdfplumber failed for HISSE fund, fallback decision: 
[2026-04-25 19:27:16] [WARN]   Attempting GLM fallback...
[2026-04-25 19:28:06] [WARN] GLM empty content for GTY (attempt 1)
[2026-04-25 19:39:02] [INFO] ============================================================
[2026-04-25 19:39:02] [INFO] KAP Portfolio Parser — pdfplumber + GLM fallback
[2026-04-25 19:39:02] [INFO] PDF dir: /Users/admin/Desktop/projects/fon-app/pdfs/portfoy_dagilim
[2026-04-25 19:39:02] [INFO] Zhipu key: SET
[2026-04-25 19:39:02] [INFO] Supabase key: NOT SET ⚠️
[2026-04-25 19:39:02] [INFO] ============================================================
[2026-04-25 19:39:02] [INFO] Found 507 PDF files in /Users/admin/Desktop/projects/fon-app/pdfs/portfoy_dagilim
[2026-04-25 19:39:02] [INFO] Pending: 86 PDFs (resume=False)
[2026-04-25 19:39:03] [INFO] DB fund_type lookup: 0/1 found
[2026-04-25 19:39:03] [INFO] [1/1] Processing GTY (GTY_4028328d.pdf)
[2026-04-25 19:39:03] [INFO] Processing: GTY_4028328d.pdf
[2026-04-25 19:39:04] [INFO]   Fund category: HISSE (override=False)
[2026-04-25 19:39:05] [WARN]   pdfplumber failed for HISSE fund, fallback decision: 
[2026-04-25 19:39:05] [WARN]   Attempting GLM fallback...
[2026-04-25 19:39:40] [INFO]   ✅ JSON from reasoning_content for GTY (attempt 1)
[2026-04-25 19:39:41] [INFO]   Fund category: HISSE, method: glm_fallback
[2026-04-25 19:39:41] [INFO]   Calling GLM for stock-level detail...
[2026-04-25 19:40:14] [INFO]   ✅ JSON from reasoning_content for GTY (attempt 1)
[2026-04-25 19:40:14] [INFO]   GLM OK: added stock details
[2026-04-25 19:40:14] [INFO]   Final: stock=14.42%, total=99.96%
[2026-04-25 19:40:25] [INFO]   📝 Fund summary generated (348 chars)
[2026-04-25 19:40:25] [ERROR] SUPABASE_SERVICE_KEY not set!
[2026-04-25 19:40:25] [ERROR]   ❌ Supabase upsert failed for GTY
[2026-04-25 19:40:26] [INFO] === BATCH COMPLETE: 1 ✅  0 ❌ ===
[2026-04-25 19:42:48] [INFO] ============================================================
[2026-04-25 19:42:48] [INFO] KAP Portfolio Parser — pdfplumber + GLM fallback
[2026-04-25 19:42:48] [INFO] PDF dir: /Users/admin/Desktop/projects/fon-app/pdfs/portfoy_dagilim
[2026-04-25 19:42:48] [INFO] Zhipu key: SET
[2026-04-25 19:42:48] [INFO] Supabase key: NOT SET ⚠️
[2026-04-25 19:42:48] [INFO] ============================================================
[2026-04-25 19:42:48] [INFO] Found 507 PDF files in /Users/admin/Desktop/projects/fon-app/pdfs/portfoy_dagilim
[2026-04-25 19:42:48] [INFO] Pending: 86 PDFs (resume=False)
[2026-04-25 19:42:49] [INFO] DB fund_type lookup: 1/1 found
[2026-04-25 19:42:49] [INFO] [1/1] Processing GTY (GTY_4028328d.pdf)
[2026-04-25 19:42:49] [INFO]   DB fund_type=SRF → KAP category=SERBEST
[2026-04-25 19:42:49] [INFO] Processing: GTY_4028328d.pdf
[2026-04-25 19:42:50] [INFO]   Fund category: SERBEST (override=True)
[2026-04-25 19:42:50] [WARN]   Skipping SERBEST fon — no standard portföy table
[2026-04-25 19:42:50] [WARN]   pdfplumber failed for SERBEST fund, fallback decision: 
[2026-04-25 19:42:50] [ERROR]   ❌ SERBEST fund: pdfplumber failed, no GLM fallback
[2026-04-25 19:42:51] [INFO] === BATCH COMPLETE: 0 ✅  1 ❌ ===
[2026-04-25 19:43:14] [INFO] ============================================================
[2026-04-25 19:43:14] [INFO] KAP Portfolio Parser — pdfplumber + GLM fallback
[2026-04-25 19:43:14] [INFO] PDF dir: /Users/admin/Desktop/projects/fon-app/pdfs/portfoy_dagilim
[2026-04-25 19:43:14] [INFO] Zhipu key: SET
[2026-04-25 19:43:14] [INFO] Supabase key: NOT SET ⚠️
[2026-04-25 19:43:14] [INFO] ============================================================
[2026-04-25 19:43:14] [INFO] Found 507 PDF files in /Users/admin/Desktop/projects/fon-app/pdfs/portfoy_dagilim
[2026-04-25 19:43:14] [INFO] Pending: 86 PDFs (resume=False)
[2026-04-25 19:43:15] [INFO] DB fund_type lookup: 1/1 found
[2026-04-25 19:43:15] [INFO] [1/1] Processing GTY (GTY_4028328d.pdf)
[2026-04-25 19:43:15] [INFO]   DB fund_type=SRF → KAP category=SERBEST
[2026-04-25 19:43:15] [INFO] Processing: GTY_4028328d.pdf
[2026-04-25 19:43:15] [INFO]   Fund category: SERBEST (override=True)
[2026-04-25 19:43:15] [WARN]   Skipping SERBEST fon — no standard portföy table
[2026-04-25 19:43:15] [WARN]   pdfplumber failed for SERBEST fund, fallback decision: 
[2026-04-25 19:43:15] [ERROR]   ❌ SERBEST fund: pdfplumber failed, no GLM fallback
[2026-04-25 19:43:17] [INFO] === BATCH COMPLETE: 0 ✅  1 ❌ ===
[2026-04-25 19:44:00] [INFO] ============================================================
[2026-04-25 19:44:00] [INFO] KAP Portfolio Parser — pdfplumber + GLM fallback
[2026-04-25 19:44:00] [INFO] PDF dir: /Users/admin/Desktop/projects/fon-app/pdfs/portfoy_dagilim
[2026-04-25 19:44:00] [INFO] Zhipu key: SET
[2026-04-25 19:44:00] [INFO] Supabase key: NOT SET ⚠️
[2026-04-25 19:44:00] [INFO] ============================================================
[2026-04-25 19:44:00] [INFO] Found 507 PDF files in /Users/admin/Desktop/projects/fon-app/pdfs/portfoy_dagilim
[2026-04-25 19:44:00] [INFO] Pending: 86 PDFs (resume=False)
[2026-04-25 19:44:01] [INFO] DB fund_type lookup: 3/3 found
[2026-04-25 19:44:01] [WARN]   Skipping GTY (DB fund_type=SRF) → SERBEST
[2026-04-25 19:44:01] [WARN]   Skipping GZM (DB fund_type=SRF) → SERBEST
[2026-04-25 19:44:01] [WARN]   Skipping GZN (DB fund_type=SRF) → SERBEST
[2026-04-25 19:44:01] [INFO] Skipped: {'SERBEST': 3, 'KIRA': 0} | Processing: 0 funds
[2026-04-25 19:44:01] [INFO] === BATCH COMPLETE: 0 ✅  0 ❌ ===
[2026-04-25 19:44:07] [INFO] ============================================================
[2026-04-25 19:44:07] [INFO] KAP Portfolio Parser — pdfplumber + GLM fallback
[2026-04-25 19:44:07] [INFO] PDF dir: /Users/admin/Desktop/projects/fon-app/pdfs/portfoy_dagilim
[2026-04-25 19:44:07] [INFO] Zhipu key: SET
[2026-04-25 19:44:07] [INFO] Supabase key: NOT SET ⚠️
[2026-04-25 19:44:07] [INFO] ============================================================
[2026-04-25 19:44:07] [INFO] Found 507 PDF files in /Users/admin/Desktop/projects/fon-app/pdfs/portfoy_dagilim
[2026-04-25 19:44:07] [INFO] Pending: 86 PDFs (resume=False)
[2026-04-25 19:44:11] [INFO] DB fund_type lookup: 19/20 found
[2026-04-25 19:44:11] [WARN]   Skipping GTY (DB fund_type=SRF) → SERBEST
[2026-04-25 19:44:11] [WARN]   Skipping GZM (DB fund_type=SRF) → SERBEST
[2026-04-25 19:44:11] [WARN]   Skipping GZN (DB fund_type=SRF) → SERBEST
[2026-04-25 19:44:11] [WARN]   Skipping KTS (DB fund_type=SRF) → SERBEST
[2026-04-25 19:44:11] [WARN]   Skipping KVK (DB fund_type=SRF) → SERBEST
[2026-04-25 19:44:11] [WARN]   Skipping MJG (DB fund_type=OKS) → KIRA
[2026-04-25 19:44:11] [WARN]   Skipping MRI (DB fund_type=SRF) → SERBEST
[2026-04-25 19:44:11] [WARN]   Skipping MTG (DB fund_type=SRF) → SERBEST
[2026-04-25 19:44:11] [WARN]   Skipping ODD (DB fund_type=SRF) → SERBEST
[2026-04-25 19:44:11] [WARN]   Skipping OFS (DB fund_type=OKS) → KIRA
[2026-04-25 19:44:11] [WARN]   Skipping ONE (DB fund_type=SRF) → SERBEST
[2026-04-25 19:44:11] [WARN]   Skipping PBK (DB fund_type=SRF) → SERBEST
[2026-04-25 19:44:11] [WARN]   Skipping PBN (DB fund_type=SRF) → SERBEST
[2026-04-25 19:44:11] [WARN]   Skipping PFO (DB fund_type=OKS) → KIRA
[2026-04-25 19:44:11] [INFO] Skipped: {'SERBEST': 11, 'KIRA': 3} | Processing: 6 funds
[2026-04-25 19:44:11] [INFO] [1/6] Processing MLK (MLK_4028328d.pdf)
[2026-04-25 19:44:11] [INFO] Processing: MLK_4028328d.pdf
[2026-04-25 19:44:11] [INFO]   Fund category: PARA (override=False)
[2026-04-25 19:44:11] [INFO]   Fund category: PARA, method: section4_total_only
[2026-04-25 19:44:11] [INFO]   PARA fund: pdfplumber result (no GLM)
[2026-04-25 19:44:11] [INFO]   Final: stock=0.0%, total=100.42%
[2026-04-25 19:44:22] [INFO]   📝 Fund summary generated (508 chars)
[2026-04-25 19:44:22] [ERROR] SUPABASE_SERVICE_KEY not set!
[2026-04-25 19:44:22] [ERROR]   ❌ Supabase upsert failed for MLK
[2026-04-25 19:44:23] [INFO] [2/6] Processing OHK (OHK_4028328c.pdf)
[2026-04-25 19:44:23] [INFO]   DB → KAP category=KARMA
[2026-04-25 19:44:23] [INFO] Processing: OHK_4028328c.pdf
[2026-04-25 19:44:24] [WARN] parse_portfolio_tables error OHK_4028328c.pdf: Unexpected EOF
[2026-04-25 19:44:24] [WARN]   pdfplumber failed for KARMA fund, fallback decision: 
[2026-04-25 19:44:24] [ERROR]   ❌ KARMA fund: pdfplumber failed, no GLM fallback
[2026-04-25 19:44:25] [INFO] [3/6] Processing OKD (OKD_4028328c.pdf)
[2026-04-25 19:44:25] [INFO]   DB → KAP category=KARMA
[2026-04-25 19:44:25] [INFO] Processing: OKD_4028328c.pdf
[2026-04-25 19:44:29] [INFO]   Fund category: KARMA (override=True)
[2026-04-25 19:44:32] [WARN]   pdfplumber failed for KARMA fund, fallback decision: 
[2026-04-25 19:44:32] [ERROR]   ❌ KARMA fund: pdfplumber failed, no GLM fallback
[2026-04-25 19:44:33] [INFO] [4/6] Processing OYL (OYL_4028328c.pdf)
[2026-04-25 19:44:33] [INFO]   DB → KAP category=KARMA
[2026-04-25 19:44:33] [INFO] Processing: OYL_4028328c.pdf
[2026-04-25 19:44:40] [WARN] parse_portfolio_tables error OYL_4028328c.pdf: Unexpected EOF
[2026-04-25 19:44:40] [WARN]   pdfplumber failed for KARMA fund, fallback decision: 
[2026-04-25 19:44:40] [ERROR]   ❌ KARMA fund: pdfplumber failed, no GLM fallback
[2026-04-25 19:44:41] [INFO] [5/6] Processing PDD (PDD_4028328d.pdf)
[2026-04-25 19:44:41] [INFO]   DB → KAP category=KARMA
[2026-04-25 19:44:41] [INFO] Processing: PDD_4028328d.pdf
[2026-04-25 19:44:42] [INFO]   Fund category: KARMA (override=True)
[2026-04-25 19:44:43] [WARN]   pdfplumber failed for KARMA fund, fallback decision: 
[2026-04-25 19:44:43] [ERROR]   ❌ KARMA fund: pdfplumber failed, no GLM fallback
[2026-04-25 19:44:44] [INFO] [6/6] Processing PGD (PGD_4028328d.pdf)
[2026-04-25 19:44:44] [INFO]   DB → KAP category=KARMA
[2026-04-25 19:44:44] [INFO] Processing: PGD_4028328d.pdf
[2026-04-25 19:44:46] [INFO]   Fund category: KARMA (override=True)
[2026-04-25 19:44:47] [WARN]   pdfplumber failed for KARMA fund, fallback decision: 
[2026-04-25 19:44:47] [ERROR]   ❌ KARMA fund: pdfplumber failed, no GLM fallback
[2026-04-25 19:44:48] [INFO] === BATCH COMPLETE: 1 ✅  5 ❌ ===
[2026-04-25 19:46:46] [INFO] ============================================================
[2026-04-25 19:46:46] [INFO] KAP Portfolio Parser — pdfplumber + GLM fallback
[2026-04-25 19:46:46] [INFO] PDF dir: /Users/admin/Desktop/projects/fon-app/pdfs/portfoy_dagilim
[2026-04-25 19:46:46] [INFO] Zhipu key: SET
[2026-04-25 19:46:46] [INFO] Supabase key: SET
[2026-04-25 19:46:46] [INFO] ============================================================
[2026-04-25 19:46:46] [INFO] Found 507 PDF files in /Users/admin/Desktop/projects/fon-app/pdfs/portfoy_dagilim
[2026-04-25 19:46:46] [INFO] Pending: 86 PDFs (resume=False)
[2026-04-25 19:46:47] [INFO] DB fund_type lookup: 1/1 found
[2026-04-25 19:46:47] [WARN]   Skipping GTY (DB fund_type=SRF) → SERBEST
[2026-04-25 19:46:47] [INFO] Skipped: {'SERBEST': 1, 'KIRA': 0} | Processing: 0 funds
[2026-04-25 19:46:48] [WARN] _create_job_run exception: Expecting value: line 1 column 1 (char 0)
[2026-04-25 19:46:48] [INFO] === BATCH COMPLETE: 0 ✅  0 ❌ ===
[2026-04-25 19:47:18] [INFO] ============================================================
[2026-04-25 19:47:18] [INFO] KAP Portfolio Parser — pdfplumber + GLM fallback
[2026-04-25 19:47:18] [INFO] PDF dir: /Users/admin/Desktop/projects/fon-app/pdfs/portfoy_dagilim
[2026-04-25 19:47:18] [INFO] Zhipu key: SET
[2026-04-25 19:47:18] [INFO] Supabase key: SET
[2026-04-25 19:47:18] [INFO] ============================================================
[2026-04-25 19:47:18] [INFO] Found 507 PDF files in /Users/admin/Desktop/projects/fon-app/pdfs/portfoy_dagilim
[2026-04-25 19:47:18] [INFO] Pending: 86 PDFs (resume=False)
[2026-04-25 19:47:19] [INFO] DB fund_type lookup: 5/5 found
[2026-04-25 19:47:19] [WARN]   Skipping GTY (DB fund_type=SRF) → SERBEST
[2026-04-25 19:47:19] [WARN]   Skipping GZM (DB fund_type=SRF) → SERBEST
[2026-04-25 19:47:19] [WARN]   Skipping GZN (DB fund_type=SRF) → SERBEST
[2026-04-25 19:47:19] [WARN]   Skipping KTS (DB fund_type=SRF) → SERBEST
[2026-04-25 19:47:19] [WARN]   Skipping KVK (DB fund_type=SRF) → SERBEST
[2026-04-25 19:47:19] [INFO] Skipped: {'SERBEST': 5, 'KIRA': 0} | Processing: 0 funds
[2026-04-25 19:47:19] [WARN] _create_job_run exception: Expecting value: line 1 column 1 (char 0)
[2026-04-25 19:47:19] [INFO] === BATCH COMPLETE: 0 ✅  0 ❌ ===
[2026-04-25 19:48:26] [INFO] ============================================================
[2026-04-25 19:48:26] [INFO] KAP Portfolio Parser — pdfplumber + GLM fallback
[2026-04-25 19:48:26] [INFO] PDF dir: /Users/admin/Desktop/projects/fon-app/pdfs/portfoy_dagilim
[2026-04-25 19:48:26] [INFO] Zhipu key: SET
[2026-04-25 19:48:26] [INFO] Supabase key: SET
[2026-04-25 19:48:26] [INFO] ============================================================
[2026-04-25 19:48:26] [INFO] Found 507 PDF files in /Users/admin/Desktop/projects/fon-app/pdfs/portfoy_dagilim
[2026-04-25 19:48:26] [INFO] Pending: 86 PDFs (resume=False)
[2026-04-25 19:48:28] [INFO] DB fund_type lookup: 78/86 found
[2026-04-25 19:48:28] [WARN]   Skipping GTY (DB fund_type=SRF) → SERBEST
[2026-04-25 19:48:28] [WARN]   Skipping GZM (DB fund_type=SRF) → SERBEST
[2026-04-25 19:48:28] [WARN]   Skipping GZN (DB fund_type=SRF) → SERBEST
[2026-04-25 19:48:28] [WARN]   Skipping KTS (DB fund_type=SRF) → SERBEST
[2026-04-25 19:48:28] [WARN]   Skipping KVK (DB fund_type=SRF) → SERBEST
[2026-04-25 19:48:28] [WARN]   Skipping MJG (DB fund_type=OKS) → KIRA
[2026-04-25 19:48:28] [WARN]   Skipping MRI (DB fund_type=SRF) → SERBEST
[2026-04-25 19:48:28] [WARN]   Skipping MTG (DB fund_type=SRF) → SERBEST
[2026-04-25 19:48:28] [WARN]   Skipping ODD (DB fund_type=SRF) → SERBEST
[2026-04-25 19:48:28] [WARN]   Skipping OFS (DB fund_type=OKS) → KIRA
[2026-04-25 19:48:28] [WARN]   Skipping ONE (DB fund_type=SRF) → SERBEST
[2026-04-25 19:48:28] [WARN]   Skipping PBK (DB fund_type=SRF) → SERBEST
[2026-04-25 19:48:28] [WARN]   Skipping PBN (DB fund_type=SRF) → SERBEST
[2026-04-25 19:48:28] [WARN]   Skipping PFO (DB fund_type=OKS) → KIRA
[2026-04-25 19:48:28] [WARN]   Skipping PKD (DB fund_type=SRF) → SERBEST
[2026-04-25 19:48:28] [WARN]   Skipping PPE (DB fund_type=SRF) → SERBEST
[2026-04-25 19:48:28] [WARN]   Skipping PPM (DB fund_type=SRF) → SERBEST
[2026-04-25 19:48:28] [WARN]   Skipping PPS (DB fund_type=SRF) → SERBEST
[2026-04-25 19:48:28] [WARN]   Skipping RBI (DB fund_type=SRF) → SERBEST
[2026-04-25 19:48:28] [WARN]   Skipping RBN (DB fund_type=SRF) → SERBEST
[2026-04-25 19:48:28] [WARN]   Skipping RBR (DB fund_type=SRF) → SERBEST
[2026-04-25 19:48:28] [WARN]   Skipping RDT (DB fund_type=SRF) → SERBEST
[2026-04-25 19:48:28] [WARN]   Skipping RIH (DB fund_type=SRF) → SERBEST
[2026-04-25 19:48:28] [WARN]   Skipping RPL (DB fund_type=SRF) → SERBEST
[2026-04-25 19:48:28] [WARN]   Skipping RTP (DB fund_type=SRF) → SERBEST
[2026-04-25 19:48:28] [WARN]   Skipping SSF (DB fund_type=SRF) → SERBEST
[2026-04-25 19:48:28] [WARN]   Skipping TCF (DB fund_type=OKS) → KIRA
[2026-04-25 19:48:28] [WARN]   Skipping TGN (DB fund_type=SRF) → SERBEST
[2026-04-25 19:48:28] [WARN]   Skipping TJT (DB fund_type=SRF) → SERBEST
[2026-04-25 19:48:28] [WARN]   Skipping TLY (DB fund_type=SRF) → SERBEST
[2026-04-25 19:48:28] [WARN]   Skipping TPJ (DB fund_type=SRF) → SERBEST
[2026-04-25 19:48:28] [WARN]   Skipping TPP (DB fund_type=SRF) → SERBEST
[2026-04-25 19:48:28] [WARN]   Skipping ULH (DB fund_type=SRF) → SERBEST
[2026-04-25 19:48:28] [WARN]   Skipping UP2 (DB fund_type=SRF) → SERBEST
[2026-04-25 19:48:28] [WARN]   Skipping UPD (DB fund_type=SRF) → SERBEST
[2026-04-25 19:48:28] [WARN]   Skipping VMV (DB fund_type=SRF) → SERBEST
[2026-04-25 19:48:28] [WARN]   Skipping ZCN (DB fund_type=OKS) → KIRA
[2026-04-25 19:48:28] [WARN]   Skipping ZP6 (DB fund_type=SRF) → SERBEST
[2026-04-25 19:48:28] [WARN]   Skipping ZP8 (DB fund_type=SRF) → SERBEST
[2026-04-25 19:48:28] [WARN]   Skipping ZP9 (DB fund_type=SRF) → SERBEST
[2026-04-25 19:48:28] [WARN]   Skipping ZPA (DB fund_type=SRF) → SERBEST
[2026-04-25 19:48:28] [WARN]   Skipping ZSG (DB fund_type=OKS) → KIRA
[2026-04-25 19:48:28] [WARN]   Skipping ZTG (DB fund_type=OKS) → KIRA
[2026-04-25 19:48:28] [WARN]   Skipping ZVO (DB fund_type=SRF) → SERBEST
[2026-04-25 19:48:28] [INFO] Skipped: {'SERBEST': 37, 'KIRA': 7} | Processing: 30 funds
[2026-04-25 19:48:28] [WARN] _create_job_run exception: Expecting value: line 1 column 1 (char 0)
[2026-04-25 19:48:28] [INFO] [1/30] Processing MLK (MLK_4028328d.pdf)
[2026-04-25 19:48:28] [INFO] Processing: MLK_4028328d.pdf
[2026-04-25 19:48:28] [INFO]   Fund category: PARA (override=False)
[2026-04-25 19:48:28] [INFO]   Fund category: PARA, method: section4_total_only
[2026-04-25 19:48:28] [INFO]   PARA fund: pdfplumber result (no GLM)
[2026-04-25 19:48:28] [INFO]   Final: stock=0.0%, total=100.42%
[2026-04-25 19:48:42] [INFO]   📝 Fund summary generated (239 chars)
[2026-04-25 19:48:42] [INFO]   ✅ Upserted MLK — total_pct=100.42% [section4_total_only]
[2026-04-25 19:48:43] [INFO] [2/30] Processing OHK (OHK_4028328c.pdf)
[2026-04-25 19:48:43] [INFO]   DB → KAP category=KARMA
[2026-04-25 19:48:43] [INFO] Processing: OHK_4028328c.pdf
[2026-04-25 19:48:45] [WARN] parse_portfolio_tables error OHK_4028328c.pdf: Unexpected EOF
[2026-04-25 19:48:45] [WARN]   pdfplumber failed for KARMA fund, fallback decision: 
[2026-04-25 19:48:45] [ERROR]   ❌ KARMA fund: pdfplumber failed, no GLM fallback
[2026-04-25 19:48:46] [INFO] [3/30] Processing OKD (OKD_4028328c.pdf)
[2026-04-25 19:48:46] [INFO]   DB → KAP category=KARMA
[2026-04-25 19:48:46] [INFO] Processing: OKD_4028328c.pdf
[2026-04-25 19:48:49] [INFO]   Fund category: KARMA (override=True)
[2026-04-25 19:48:53] [WARN]   pdfplumber failed for KARMA fund, fallback decision: 
[2026-04-25 19:48:53] [ERROR]   ❌ KARMA fund: pdfplumber failed, no GLM fallback
[2026-04-25 19:48:54] [INFO] [4/30] Processing OYL (OYL_4028328c.pdf)
[2026-04-25 19:48:54] [INFO]   DB → KAP category=KARMA
[2026-04-25 19:48:54] [INFO] Processing: OYL_4028328c.pdf
[2026-04-25 19:49:00] [WARN] parse_portfolio_tables error OYL_4028328c.pdf: Unexpected EOF
[2026-04-25 19:49:00] [WARN]   pdfplumber failed for KARMA fund, fallback decision: 
[2026-04-25 19:49:00] [ERROR]   ❌ KARMA fund: pdfplumber failed, no GLM fallback
[2026-04-25 19:49:02] [INFO] [5/30] Processing PDD (PDD_4028328d.pdf)
[2026-04-25 19:49:02] [INFO]   DB → KAP category=KARMA
[2026-04-25 19:49:02] [INFO] Processing: PDD_4028328d.pdf
[2026-04-25 19:49:03] [INFO]   Fund category: KARMA (override=True)
[2026-04-25 19:49:04] [WARN]   pdfplumber failed for KARMA fund, fallback decision: 
[2026-04-25 19:49:04] [ERROR]   ❌ KARMA fund: pdfplumber failed, no GLM fallback
[2026-04-25 19:49:05] [INFO] [6/30] Processing PGD (PGD_4028328d.pdf)
[2026-04-25 19:49:05] [INFO]   DB → KAP category=KARMA
[2026-04-25 19:49:05] [INFO] Processing: PGD_4028328d.pdf
[2026-04-25 19:49:06] [INFO]   Fund category: KARMA (override=True)
[2026-04-25 19:49:07] [WARN]   pdfplumber failed for KARMA fund, fallback decision: 
[2026-04-25 19:49:07] [ERROR]   ❌ KARMA fund: pdfplumber failed, no GLM fallback
[2026-04-25 19:49:09] [INFO] [7/30] Processing PHK (PHK_4028328c.pdf)
[2026-04-25 19:49:09] [INFO]   DB → KAP category=KARMA
[2026-04-25 19:49:09] [INFO] Processing: PHK_4028328c.pdf
[2026-04-25 19:49:09] [INFO]   Fund category: KARMA (override=True)
[2026-04-25 19:49:09] [WARN]   pdfplumber failed for KARMA fund, fallback decision: 
[2026-04-25 19:49:09] [ERROR]   ❌ KARMA fund: pdfplumber failed, no GLM fallback
[2026-04-25 19:49:10] [INFO] [8/30] Processing PPB (PPB_4028328c.pdf)
[2026-04-25 19:49:10] [INFO]   DB → KAP category=KARMA
[2026-04-25 19:49:10] [INFO] Processing: PPB_4028328c.pdf
[2026-04-25 19:49:11] [INFO]   Fund category: KARMA (override=True)
[2026-04-25 19:49:11] [WARN]   pdfplumber failed for KARMA fund, fallback decision: 
[2026-04-25 19:49:11] [ERROR]   ❌ KARMA fund: pdfplumber failed, no GLM fallback
[2026-04-25 19:49:12] [INFO] [9/30] Processing RIK (RIK_4028328d.pdf)
[2026-04-25 19:49:12] [INFO]   DB → KAP category=KARMA
[2026-04-25 19:49:12] [INFO] Processing: RIK_4028328d.pdf
[2026-04-25 19:49:15] [INFO]   Fund category: KARMA (override=True)
[2026-04-25 19:49:19] [WARN]   pdfplumber failed for KARMA fund, fallback decision: 
[2026-04-25 19:49:19] [ERROR]   ❌ KARMA fund: pdfplumber failed, no GLM fallback
[2026-04-25 19:49:20] [INFO] [10/30] Processing SOS (SOS_4028328d.pdf)
[2026-04-25 19:49:20] [INFO]   DB → KAP category=KARMA
[2026-04-25 19:49:20] [INFO] Processing: SOS_4028328d.pdf
[2026-04-25 19:49:21] [INFO]   Fund category: KARMA (override=True)
[2026-04-25 19:49:21] [WARN]   pdfplumber failed for KARMA fund, fallback decision: 
[2026-04-25 19:49:21] [ERROR]   ❌ KARMA fund: pdfplumber failed, no GLM fallback
[2026-04-25 19:49:22] [INFO] [11/30] Processing SSK (SSK_4028328c.pdf)
[2026-04-25 19:49:22] [INFO]   DB → KAP category=KARMA
[2026-04-25 19:49:22] [INFO] Processing: SSK_4028328c.pdf
[2026-04-25 19:49:23] [INFO]   Fund category: KARMA (override=True)
[2026-04-25 19:49:23] [WARN]   pdfplumber failed for KARMA fund, fallback decision: 
[2026-04-25 19:49:23] [ERROR]   ❌ KARMA fund: pdfplumber failed, no GLM fallback
[2026-04-25 19:49:24] [INFO] [12/30] Processing SUA (SUA_4028328d.pdf)
[2026-04-25 19:49:24] [INFO]   DB → KAP category=KARMA
[2026-04-25 19:49:24] [INFO] Processing: SUA_4028328d.pdf
[2026-04-25 19:49:33] [WARN] parse_portfolio_tables error SUA_4028328d.pdf: No /Root object! - Is this really a PDF?
[2026-04-25 19:49:33] [WARN]   pdfplumber failed for KARMA fund, fallback decision: 
[2026-04-25 19:49:33] [ERROR]   ❌ KARMA fund: pdfplumber failed, no GLM fallback
[2026-04-25 19:49:34] [INFO] [13/30] Processing SUB (SUB_4028328d.pdf)
[2026-04-25 19:49:34] [INFO]   DB → KAP category=KARMA
[2026-04-25 19:49:34] [INFO] Processing: SUB_4028328d.pdf
[2026-04-25 19:49:37] [INFO]   Fund category: KARMA (override=True)
[2026-04-25 19:49:40] [WARN]   pdfplumber failed for KARMA fund, fallback decision: 
[2026-04-25 19:49:40] [ERROR]   ❌ KARMA fund: pdfplumber failed, no GLM fallback
[2026-04-25 19:49:41] [INFO] [14/30] Processing SUC (SUC_4028328d.pdf)
[2026-04-25 19:49:41] [INFO]   DB → KAP category=KARMA
[2026-04-25 19:49:41] [INFO] Processing: SUC_4028328d.pdf
[2026-04-25 19:49:43] [INFO]   Fund category: KARMA (override=True)
[2026-04-25 19:49:46] [WARN]   pdfplumber failed for KARMA fund, fallback decision: 
[2026-04-25 19:49:46] [ERROR]   ❌ KARMA fund: pdfplumber failed, no GLM fallback
[2026-04-25 19:49:47] [INFO] [15/30] Processing TAO (TAO_4028328c.pdf)
[2026-04-25 19:49:47] [INFO]   DB → KAP category=KARMA
[2026-04-25 19:49:47] [INFO] Processing: TAO_4028328c.pdf
[2026-04-25 19:49:49] [INFO]   Fund category: KARMA (override=True)
[2026-04-25 19:49:50] [WARN]   pdfplumber failed for KARMA fund, fallback decision: 
[2026-04-25 19:49:50] [ERROR]   ❌ KARMA fund: pdfplumber failed, no GLM fallback
[2026-04-25 19:49:51] [INFO] [16/30] Processing TLE (TLE_4028328c.pdf)
[2026-04-25 19:49:51] [INFO]   DB → KAP category=KARMA
[2026-04-25 19:49:51] [INFO] Processing: TLE_4028328c.pdf
[2026-04-25 19:49:52] [INFO]   Fund category: KARMA (override=True)
[2026-04-25 19:49:53] [WARN]   pdfplumber failed for KARMA fund, fallback decision: 
[2026-04-25 19:49:53] [ERROR]   ❌ KARMA fund: pdfplumber failed, no GLM fallback
[2026-04-25 19:49:54] [INFO] [17/30] Processing TP2 (TP2_4028328d.pdf)
[2026-04-25 19:49:54] [INFO]   DB → KAP category=KARMA
[2026-04-25 19:49:54] [INFO] Processing: TP2_4028328d.pdf
[2026-04-25 19:50:13] [INFO]   Fund category: KARMA (override=True)
[2026-04-25 19:50:15] [WARN]   pdfplumber failed for KARMA fund, fallback decision: 
[2026-04-25 19:50:15] [ERROR]   ❌ KARMA fund: pdfplumber failed, no GLM fallback
[2026-04-25 19:50:16] [INFO] [18/30] Processing TPC (TPC_4028328c.pdf)
[2026-04-25 19:50:16] [INFO]   DB → KAP category=KARMA
[2026-04-25 19:50:16] [INFO] Processing: TPC_4028328c.pdf
[2026-04-25 19:50:17] [INFO]   Fund category: KARMA (override=True)
[2026-04-25 19:50:19] [WARN]   pdfplumber failed for KARMA fund, fallback decision: 
[2026-04-25 19:50:19] [ERROR]   ❌ KARMA fund: pdfplumber failed, no GLM fallback
[2026-04-25 19:50:20] [INFO] [19/30] Processing TPL (TPL_4028328c.pdf)
[2026-04-25 19:50:20] [INFO]   DB → KAP category=SKIP
[2026-04-25 19:50:20] [INFO] Processing: TPL_4028328c.pdf
[2026-04-25 19:50:23] [INFO]   Fund category: SKIP (override=True)
[2026-04-25 19:50:24] [WARN]   pdfplumber failed for SKIP fund, fallback decision: 
[2026-04-25 19:50:24] [ERROR]   ❌ SKIP fund: pdfplumber failed, no GLM fallback
[2026-04-25 19:50:25] [INFO] [20/30] Processing TPV (TPV_4028328c.pdf)
[2026-04-25 19:50:25] [INFO]   DB → KAP category=KARMA
[2026-04-25 19:50:25] [INFO] Processing: TPV_4028328c.pdf
[2026-04-25 19:50:25] [INFO]   Fund category: KARMA (override=True)
[2026-04-25 19:50:26] [WARN]   pdfplumber failed for KARMA fund, fallback decision: 
[2026-04-25 19:50:26] [ERROR]   ❌ KARMA fund: pdfplumber failed, no GLM fallback
[2026-04-25 19:50:27] [INFO] [21/30] Processing TPZ (TPZ_4028328c.pdf)
[2026-04-25 19:50:27] [INFO]   DB → KAP category=KARMA
[2026-04-25 19:50:27] [INFO] Processing: TPZ_4028328c.pdf
[2026-04-25 19:50:27] [INFO]   Fund category: KARMA (override=True)
[2026-04-25 19:50:27] [WARN]   pdfplumber failed for KARMA fund, fallback decision: 
[2026-04-25 19:50:27] [ERROR]   ❌ KARMA fund: pdfplumber failed, no GLM fallback
[2026-04-25 19:50:28] [INFO] [22/30] Processing TRO (TRO_4028328d.pdf)
[2026-04-25 19:50:28] [INFO]   DB → KAP category=SKIP
[2026-04-25 19:50:28] [INFO] Processing: TRO_4028328d.pdf
[2026-04-25 19:50:29] [INFO]   Fund category: SKIP (override=True)
[2026-04-25 19:50:29] [WARN]   pdfplumber failed for SKIP fund, fallback decision: 
[2026-04-25 19:50:29] [ERROR]   ❌ SKIP fund: pdfplumber failed, no GLM fallback
[2026-04-25 19:50:30] [INFO] [23/30] Processing TZL (TZL_4028328c.pdf)
[2026-04-25 19:50:30] [INFO]   DB → KAP category=KARMA
[2026-04-25 19:50:30] [INFO] Processing: TZL_4028328c.pdf
[2026-04-25 19:50:31] [INFO]   Fund category: KARMA (override=True)
[2026-04-25 19:50:36] [WARN]   pdfplumber failed for KARMA fund, fallback decision: 
[2026-04-25 19:50:36] [ERROR]   ❌ KARMA fund: pdfplumber failed, no GLM fallback
[2026-04-25 19:50:38] [INFO] [24/30] Processing TZV (TZV_4028328c.pdf)
[2026-04-25 19:50:38] [INFO]   DB → KAP category=KARMA
[2026-04-25 19:50:38] [INFO] Processing: TZV_4028328c.pdf
[2026-04-25 19:50:38] [INFO]   Fund category: KARMA (override=True)
[2026-04-25 19:50:40] [WARN]   pdfplumber failed for KARMA fund, fallback decision: 
[2026-04-25 19:50:40] [ERROR]   ❌ KARMA fund: pdfplumber failed, no GLM fallback
[2026-04-25 19:50:41] [INFO] [25/30] Processing UP1 (UP1_4028328d.pdf)
[2026-04-25 19:50:41] [INFO]   DB → KAP category=SKIP
[2026-04-25 19:50:41] [INFO] Processing: UP1_4028328d.pdf
[2026-04-25 19:50:47] [INFO]   Fund category: SKIP (override=True)
[2026-04-25 19:50:53] [WARN]   pdfplumber failed for SKIP fund, fallback decision: 
[2026-04-25 19:50:53] [ERROR]   ❌ SKIP fund: pdfplumber failed, no GLM fallback
[2026-04-25 19:50:54] [INFO] [26/30] Processing UPH (UPH_4028328d.pdf)
[2026-04-25 19:50:54] [INFO]   DB → KAP category=KARMA
[2026-04-25 19:50:54] [INFO] Processing: UPH_4028328d.pdf
[2026-04-25 19:50:59] [WARN] parse_portfolio_tables error UPH_4028328d.pdf: Unexpected EOF
[2026-04-25 19:50:59] [WARN]   pdfplumber failed for KARMA fund, fallback decision: 
[2026-04-25 19:50:59] [ERROR]   ❌ KARMA fund: pdfplumber failed, no GLM fallback
[2026-04-25 19:51:00] [INFO] [27/30] Processing UPP (UPP_4028328d.pdf)
[2026-04-25 19:51:00] [INFO]   DB → KAP category=KARMA
[2026-04-25 19:51:00] [INFO] Processing: UPP_4028328d.pdf
[2026-04-25 19:51:07] [INFO]   Fund category: KARMA (override=True)
[2026-04-25 19:51:13] [WARN]   pdfplumber failed for KARMA fund, fallback decision: 
[2026-04-25 19:51:13] [ERROR]   ❌ KARMA fund: pdfplumber failed, no GLM fallback
[2026-04-25 19:51:14] [INFO] [28/30] Processing USDTR (USDTR_4028328c.pdf)
[2026-04-25 19:51:14] [INFO] Processing: USDTR_4028328c.pdf
[2026-04-25 19:51:14] [INFO]   Fund category: PARA (override=False)
[2026-04-25 19:51:14] [WARN]   pdfplumber failed for PARA fund, fallback decision: 
[2026-04-25 19:51:14] [ERROR]   ❌ PARA fund: pdfplumber failed, no GLM fallback
[2026-04-25 19:51:15] [INFO] [29/30] Processing VRK (VRK_4028328c.pdf)
[2026-04-25 19:51:15] [INFO]   DB → KAP category=KARMA
[2026-04-25 19:51:15] [INFO] Processing: VRK_4028328c.pdf
[2026-04-25 19:51:16] [INFO]   Fund category: KARMA (override=True)
[2026-04-25 19:51:16] [WARN]   pdfplumber failed for KARMA fund, fallback decision: 
[2026-04-25 19:51:16] [ERROR]   ❌ KARMA fund: pdfplumber failed, no GLM fallback
[2026-04-25 19:51:17] [INFO] [30/30] Processing ZBI (ZBI_4028328c.pdf)
[2026-04-25 19:51:17] [INFO]   DB → KAP category=KARMA
[2026-04-25 19:51:17] [INFO] Processing: ZBI_4028328c.pdf
[2026-04-25 19:51:18] [INFO]   Fund category: KARMA (override=True)
[2026-04-25 19:51:18] [WARN]   pdfplumber failed for KARMA fund, fallback decision: 
[2026-04-25 19:51:18] [ERROR]   ❌ KARMA fund: pdfplumber failed, no GLM fallback
[2026-04-25 19:51:19] [INFO] === BATCH COMPLETE: 1 ✅  29 ❌ ===
[2026-04-25 21:00:32] [INFO] ============================================================
[2026-04-25 21:00:32] [INFO] KAP Portfolio Parser — pdfplumber + GLM fallback
[2026-04-25 21:00:32] [INFO] PDF dir: /Users/admin/Desktop/projects/fon-app/pdfs/portfoy_dagilim
[2026-04-25 21:00:32] [INFO] Zhipu key: SET
[2026-04-25 21:00:32] [INFO] Supabase key: SET
[2026-04-25 21:00:32] [INFO] ============================================================
[2026-04-25 21:00:32] [INFO] Found 507 PDF files in /Users/admin/Desktop/projects/fon-app/pdfs/portfoy_dagilim
[2026-04-25 21:00:32] [INFO] Pending: 85 PDFs (resume=False)
[2026-04-25 21:00:32] [INFO] DB fund_type lookup: 78/85 found
[2026-04-25 21:00:32] [WARN]   Skipping GTY (DB fund_type=SRF) → SERBEST
[2026-04-25 21:00:32] [WARN]   Skipping GZM (DB fund_type=SRF) → SERBEST
[2026-04-25 21:00:32] [WARN]   Skipping GZN (DB fund_type=SRF) → SERBEST
[2026-04-25 21:00:32] [WARN]   Skipping KTS (DB fund_type=SRF) → SERBEST
[2026-04-25 21:00:32] [WARN]   Skipping KVK (DB fund_type=SRF) → SERBEST
[2026-04-25 21:00:32] [WARN]   Skipping MJG (DB fund_type=OKS) → KIRA
[2026-04-25 21:00:32] [WARN]   Skipping MRI (DB fund_type=SRF) → SERBEST
[2026-04-25 21:00:32] [WARN]   Skipping MTG (DB fund_type=SRF) → SERBEST
[2026-04-25 21:00:32] [WARN]   Skipping ODD (DB fund_type=SRF) → SERBEST
[2026-04-25 21:00:32] [WARN]   Skipping OFS (DB fund_type=OKS) → KIRA
[2026-04-25 21:00:32] [WARN]   Skipping ONE (DB fund_type=SRF) → SERBEST
[2026-04-25 21:00:32] [WARN]   Skipping PBK (DB fund_type=SRF) → SERBEST
[2026-04-25 21:00:32] [WARN]   Skipping PBN (DB fund_type=SRF) → SERBEST
[2026-04-25 21:00:32] [WARN]   Skipping PFO (DB fund_type=OKS) → KIRA
[2026-04-25 21:00:32] [WARN]   Skipping PKD (DB fund_type=SRF) → SERBEST
[2026-04-25 21:00:32] [WARN]   Skipping PPE (DB fund_type=SRF) → SERBEST
[2026-04-25 21:00:32] [WARN]   Skipping PPM (DB fund_type=SRF) → SERBEST
[2026-04-25 21:00:32] [WARN]   Skipping PPS (DB fund_type=SRF) → SERBEST
[2026-04-25 21:00:32] [WARN]   Skipping RBI (DB fund_type=SRF) → SERBEST
[2026-04-25 21:00:32] [WARN]   Skipping RBN (DB fund_type=SRF) → SERBEST
[2026-04-25 21:00:32] [WARN]   Skipping RBR (DB fund_type=SRF) → SERBEST
[2026-04-25 21:00:32] [WARN]   Skipping RDT (DB fund_type=SRF) → SERBEST
[2026-04-25 21:00:32] [WARN]   Skipping RIH (DB fund_type=SRF) → SERBEST
[2026-04-25 21:00:32] [WARN]   Skipping RPL (DB fund_type=SRF) → SERBEST
[2026-04-25 21:00:32] [WARN]   Skipping RTP (DB fund_type=SRF) → SERBEST
[2026-04-25 21:00:32] [WARN]   Skipping SSF (DB fund_type=SRF) → SERBEST
[2026-04-25 21:00:32] [WARN]   Skipping TCF (DB fund_type=OKS) → KIRA
[2026-04-25 21:00:32] [WARN]   Skipping TGN (DB fund_type=SRF) → SERBEST
[2026-04-25 21:00:32] [WARN]   Skipping TJT (DB fund_type=SRF) → SERBEST
[2026-04-25 21:00:32] [WARN]   Skipping TLY (DB fund_type=SRF) → SERBEST
[2026-04-25 21:00:32] [WARN]   Skipping TPJ (DB fund_type=SRF) → SERBEST
[2026-04-25 21:00:32] [WARN]   Skipping TPP (DB fund_type=SRF) → SERBEST
[2026-04-25 21:00:32] [WARN]   Skipping ULH (DB fund_type=SRF) → SERBEST
[2026-04-25 21:00:32] [WARN]   Skipping UP2 (DB fund_type=SRF) → SERBEST
[2026-04-25 21:00:32] [WARN]   Skipping UPD (DB fund_type=SRF) → SERBEST
[2026-04-25 21:00:32] [WARN]   Skipping VMV (DB fund_type=SRF) → SERBEST
[2026-04-25 21:00:32] [WARN]   Skipping ZCN (DB fund_type=OKS) → KIRA
[2026-04-25 21:00:32] [WARN]   Skipping ZP6 (DB fund_type=SRF) → SERBEST
[2026-04-25 21:00:32] [WARN]   Skipping ZP8 (DB fund_type=SRF) → SERBEST
[2026-04-25 21:00:32] [WARN]   Skipping ZP9 (DB fund_type=SRF) → SERBEST
[2026-04-25 21:00:32] [WARN]   Skipping ZPA (DB fund_type=SRF) → SERBEST
[2026-04-25 21:00:32] [WARN]   Skipping ZSG (DB fund_type=OKS) → KIRA
[2026-04-25 21:00:32] [WARN]   Skipping ZTG (DB fund_type=OKS) → KIRA
[2026-04-25 21:00:32] [WARN]   Skipping ZVO (DB fund_type=SRF) → SERBEST
[2026-04-25 21:00:32] [INFO] Skipped: {'SERBEST': 37, 'KIRA': 7} | Processing: 10 funds
[2026-04-25 21:00:33] [WARN] _create_job_run exception: Expecting value: line 1 column 1 (char 0)
[2026-04-25 21:00:33] [INFO] [1/10] Processing OHK (OHK_4028328c.pdf)
[2026-04-25 21:00:33] [INFO]   DB → KAP category=KARMA
[2026-04-25 21:00:33] [INFO]   KARMA fund: GLM directly (no pdfplumber)
[2026-04-25 21:00:40] [INFO] ============================================================
[2026-04-25 21:00:40] [INFO] KAP Portfolio Parser — pdfplumber + GLM fallback
[2026-04-25 21:00:40] [INFO] PDF dir: /Users/admin/Desktop/projects/fon-app/pdfs/portfoy_dagilim
[2026-04-25 21:00:40] [INFO] Zhipu key: SET
[2026-04-25 21:00:40] [INFO] Supabase key: SET
[2026-04-25 21:00:40] [INFO] ============================================================
[2026-04-25 21:00:40] [INFO] Found 507 PDF files in /Users/admin/Desktop/projects/fon-app/pdfs/portfoy_dagilim
[2026-04-25 21:00:40] [INFO] Pending: 85 PDFs (resume=False)
[2026-04-25 21:00:41] [INFO] DB fund_type lookup: 78/85 found
[2026-04-25 21:00:41] [WARN]   Skipping GTY (DB fund_type=SRF) → SERBEST
[2026-04-25 21:00:41] [WARN]   Skipping GZM (DB fund_type=SRF) → SERBEST
[2026-04-25 21:00:41] [WARN]   Skipping GZN (DB fund_type=SRF) → SERBEST
[2026-04-25 21:00:41] [WARN]   Skipping KTS (DB fund_type=SRF) → SERBEST
[2026-04-25 21:00:41] [WARN]   Skipping KVK (DB fund_type=SRF) → SERBEST
[2026-04-25 21:00:41] [WARN]   Skipping MJG (DB fund_type=OKS) → KIRA
[2026-04-25 21:00:41] [WARN]   Skipping MRI (DB fund_type=SRF) → SERBEST
[2026-04-25 21:00:41] [WARN]   Skipping MTG (DB fund_type=SRF) → SERBEST
[2026-04-25 21:00:41] [WARN]   Skipping ODD (DB fund_type=SRF) → SERBEST
[2026-04-25 21:00:41] [WARN]   Skipping OFS (DB fund_type=OKS) → KIRA
[2026-04-25 21:00:41] [WARN]   Skipping ONE (DB fund_type=SRF) → SERBEST
[2026-04-25 21:00:41] [WARN]   Skipping PBK (DB fund_type=SRF) → SERBEST
[2026-04-25 21:00:41] [WARN]   Skipping PBN (DB fund_type=SRF) → SERBEST
[2026-04-25 21:00:41] [WARN]   Skipping PFO (DB fund_type=OKS) → KIRA
[2026-04-25 21:00:41] [WARN]   Skipping PKD (DB fund_type=SRF) → SERBEST
[2026-04-25 21:00:41] [WARN]   Skipping PPE (DB fund_type=SRF) → SERBEST
[2026-04-25 21:00:41] [WARN]   Skipping PPM (DB fund_type=SRF) → SERBEST
[2026-04-25 21:00:41] [WARN]   Skipping PPS (DB fund_type=SRF) → SERBEST
[2026-04-25 21:00:41] [WARN]   Skipping RBI (DB fund_type=SRF) → SERBEST
[2026-04-25 21:00:41] [WARN]   Skipping RBN (DB fund_type=SRF) → SERBEST
[2026-04-25 21:00:41] [WARN]   Skipping RBR (DB fund_type=SRF) → SERBEST
[2026-04-25 21:00:41] [WARN]   Skipping RDT (DB fund_type=SRF) → SERBEST
[2026-04-25 21:00:41] [WARN]   Skipping RIH (DB fund_type=SRF) → SERBEST
[2026-04-25 21:00:41] [WARN]   Skipping RPL (DB fund_type=SRF) → SERBEST
[2026-04-25 21:00:41] [WARN]   Skipping RTP (DB fund_type=SRF) → SERBEST
[2026-04-25 21:00:41] [WARN]   Skipping SSF (DB fund_type=SRF) → SERBEST
[2026-04-25 21:00:41] [WARN]   Skipping TCF (DB fund_type=OKS) → KIRA
[2026-04-25 21:00:41] [WARN]   Skipping TGN (DB fund_type=SRF) → SERBEST
[2026-04-25 21:00:41] [WARN]   Skipping TJT (DB fund_type=SRF) → SERBEST
[2026-04-25 21:00:41] [WARN]   Skipping TLY (DB fund_type=SRF) → SERBEST
[2026-04-25 21:00:41] [WARN]   Skipping TPJ (DB fund_type=SRF) → SERBEST
[2026-04-25 21:00:41] [WARN]   Skipping TPP (DB fund_type=SRF) → SERBEST
[2026-04-25 21:00:41] [WARN]   Skipping ULH (DB fund_type=SRF) → SERBEST
[2026-04-25 21:00:41] [WARN]   Skipping UP2 (DB fund_type=SRF) → SERBEST
[2026-04-25 21:00:41] [WARN]   Skipping UPD (DB fund_type=SRF) → SERBEST
[2026-04-25 21:00:41] [WARN]   Skipping VMV (DB fund_type=SRF) → SERBEST
[2026-04-25 21:00:41] [WARN]   Skipping ZCN (DB fund_type=OKS) → KIRA
[2026-04-25 21:00:41] [WARN]   Skipping ZP6 (DB fund_type=SRF) → SERBEST
[2026-04-25 21:00:41] [WARN]   Skipping ZP8 (DB fund_type=SRF) → SERBEST
[2026-04-25 21:00:41] [WARN]   Skipping ZP9 (DB fund_type=SRF) → SERBEST
[2026-04-25 21:00:41] [WARN]   Skipping ZPA (DB fund_type=SRF) → SERBEST
[2026-04-25 21:00:41] [WARN]   Skipping ZSG (DB fund_type=OKS) → KIRA
[2026-04-25 21:00:41] [WARN]   Skipping ZTG (DB fund_type=OKS) → KIRA
[2026-04-25 21:00:41] [WARN]   Skipping ZVO (DB fund_type=SRF) → SERBEST
[2026-04-25 21:00:41] [INFO] Skipped: {'SERBEST': 37, 'KIRA': 7} | Processing: 10 funds
[2026-04-25 21:00:41] [WARN] _create_job_run exception: Expecting value: line 1 column 1 (char 0)
[2026-04-25 21:00:41] [INFO] [1/10] Processing OHK (OHK_4028328c.pdf)
[2026-04-25 21:00:41] [INFO]   DB → KAP category=KARMA
[2026-04-25 21:00:41] [INFO]   KARMA fund: GLM directly (no pdfplumber)
[2026-04-25 21:01:10] [INFO] ============================================================
[2026-04-25 21:01:10] [INFO] KAP Portfolio Parser — pdfplumber + GLM fallback
[2026-04-25 21:01:10] [INFO] PDF dir: /Users/admin/Desktop/projects/fon-app/pdfs/portfoy_dagilim
[2026-04-25 21:01:10] [INFO] Zhipu key: SET
[2026-04-25 21:01:10] [INFO] Supabase key: SET
[2026-04-25 21:01:10] [INFO] ============================================================
[2026-04-25 21:01:10] [INFO] Found 507 PDF files in /Users/admin/Desktop/projects/fon-app/pdfs/portfoy_dagilim
[2026-04-25 21:01:10] [INFO] Pending: 85 PDFs (resume=False)
[2026-04-25 21:01:12] [INFO] DB fund_type lookup: 78/85 found
[2026-04-25 21:01:12] [WARN]   Skipping GTY (DB fund_type=SRF) → SERBEST
[2026-04-25 21:01:12] [WARN]   Skipping GZM (DB fund_type=SRF) → SERBEST
[2026-04-25 21:01:12] [WARN]   Skipping GZN (DB fund_type=SRF) → SERBEST
[2026-04-25 21:01:12] [WARN]   Skipping KTS (DB fund_type=SRF) → SERBEST
[2026-04-25 21:01:12] [WARN]   Skipping KVK (DB fund_type=SRF) → SERBEST
[2026-04-25 21:01:12] [WARN]   Skipping MJG (DB fund_type=OKS) → KIRA
[2026-04-25 21:01:12] [WARN]   Skipping MRI (DB fund_type=SRF) → SERBEST
[2026-04-25 21:01:12] [WARN]   Skipping MTG (DB fund_type=SRF) → SERBEST
[2026-04-25 21:01:12] [WARN]   Skipping ODD (DB fund_type=SRF) → SERBEST
[2026-04-25 21:01:12] [WARN]   Skipping OFS (DB fund_type=OKS) → KIRA
[2026-04-25 21:01:12] [WARN]   Skipping ONE (DB fund_type=SRF) → SERBEST
[2026-04-25 21:01:12] [WARN]   Skipping PBK (DB fund_type=SRF) → SERBEST
[2026-04-25 21:01:12] [WARN]   Skipping PBN (DB fund_type=SRF) → SERBEST
[2026-04-25 21:01:12] [WARN]   Skipping PFO (DB fund_type=OKS) → KIRA
[2026-04-25 21:01:12] [WARN]   Skipping PKD (DB fund_type=SRF) → SERBEST
[2026-04-25 21:01:12] [WARN]   Skipping PPE (DB fund_type=SRF) → SERBEST
[2026-04-25 21:01:12] [WARN]   Skipping PPM (DB fund_type=SRF) → SERBEST
[2026-04-25 21:01:12] [WARN]   Skipping PPS (DB fund_type=SRF) → SERBEST
[2026-04-25 21:01:12] [WARN]   Skipping RBI (DB fund_type=SRF) → SERBEST
[2026-04-25 21:01:12] [WARN]   Skipping RBN (DB fund_type=SRF) → SERBEST
[2026-04-25 21:01:12] [WARN]   Skipping RBR (DB fund_type=SRF) → SERBEST
[2026-04-25 21:01:12] [WARN]   Skipping RDT (DB fund_type=SRF) → SERBEST
[2026-04-25 21:01:12] [WARN]   Skipping RIH (DB fund_type=SRF) → SERBEST
[2026-04-25 21:01:12] [WARN]   Skipping RPL (DB fund_type=SRF) → SERBEST
[2026-04-25 21:01:12] [WARN]   Skipping RTP (DB fund_type=SRF) → SERBEST
[2026-04-25 21:01:12] [WARN]   Skipping SSF (DB fund_type=SRF) → SERBEST
[2026-04-25 21:01:12] [WARN]   Skipping TCF (DB fund_type=OKS) → KIRA
[2026-04-25 21:01:12] [WARN]   Skipping TGN (DB fund_type=SRF) → SERBEST
[2026-04-25 21:01:12] [WARN]   Skipping TJT (DB fund_type=SRF) → SERBEST
[2026-04-25 21:01:12] [WARN]   Skipping TLY (DB fund_type=SRF) → SERBEST
[2026-04-25 21:01:12] [WARN]   Skipping TPJ (DB fund_type=SRF) → SERBEST
[2026-04-25 21:01:12] [WARN]   Skipping TPP (DB fund_type=SRF) → SERBEST
[2026-04-25 21:01:12] [WARN]   Skipping ULH (DB fund_type=SRF) → SERBEST
[2026-04-25 21:01:12] [WARN]   Skipping UP2 (DB fund_type=SRF) → SERBEST
[2026-04-25 21:01:12] [WARN]   Skipping UPD (DB fund_type=SRF) → SERBEST
[2026-04-25 21:01:12] [WARN]   Skipping VMV (DB fund_type=SRF) → SERBEST
[2026-04-25 21:01:12] [WARN]   Skipping ZCN (DB fund_type=OKS) → KIRA
[2026-04-25 21:01:12] [WARN]   Skipping ZP6 (DB fund_type=SRF) → SERBEST
[2026-04-25 21:01:12] [WARN]   Skipping ZP8 (DB fund_type=SRF) → SERBEST
[2026-04-25 21:01:12] [WARN]   Skipping ZP9 (DB fund_type=SRF) → SERBEST
[2026-04-25 21:01:12] [WARN]   Skipping ZPA (DB fund_type=SRF) → SERBEST
[2026-04-25 21:01:12] [WARN]   Skipping ZSG (DB fund_type=OKS) → KIRA
[2026-04-25 21:01:12] [WARN]   Skipping ZTG (DB fund_type=OKS) → KIRA
[2026-04-25 21:01:12] [WARN]   Skipping ZVO (DB fund_type=SRF) → SERBEST
[2026-04-25 21:01:12] [INFO] Skipped: {'SERBEST': 37, 'KIRA': 7} | Processing: 10 funds
[2026-04-25 21:01:12] [WARN] _create_job_run exception: Expecting value: line 1 column 1 (char 0)
[2026-04-25 21:01:12] [INFO] [1/10] Processing OHK (OHK_4028328c.pdf)
[2026-04-25 21:01:12] [INFO]   DB → KAP category=KARMA
[2026-04-25 21:01:12] [INFO]   KARMA fund: GLM directly (no pdfplumber)
[2026-04-25 21:01:13] [ERROR]   ❌ PDF read failed for OHK: Unexpected EOF
[2026-04-25 21:01:14] [INFO] [2/10] Processing OKD (OKD_4028328c.pdf)
[2026-04-25 21:01:14] [INFO]   DB → KAP category=KARMA
[2026-04-25 21:01:14] [INFO]   KARMA fund: GLM directly (no pdfplumber)
[2026-04-25 21:01:57] [INFO]   ✅ KARMA GLM success: stock=56.05%
[2026-04-25 21:01:58] [INFO]   ✅ Upserted OKD
[2026-04-25 21:01:59] [INFO] [3/10] Processing OYL (OYL_4028328c.pdf)
[2026-04-25 21:01:59] [INFO]   DB → KAP category=KARMA
[2026-04-25 21:01:59] [INFO]   KARMA fund: GLM directly (no pdfplumber)
[2026-04-25 21:02:05] [ERROR]   ❌ PDF read failed for OYL: Unexpected EOF
[2026-04-25 21:02:06] [INFO] [4/10] Processing PDD (PDD_4028328d.pdf)
[2026-04-25 21:02:06] [INFO]   DB → KAP category=KARMA
[2026-04-25 21:02:06] [INFO]   KARMA fund: GLM directly (no pdfplumber)
[2026-04-25 21:02:51] [INFO]   ✅ JSON from reasoning_content for PDD (attempt 1)
[2026-04-25 21:02:51] [INFO]   ✅ KARMA GLM success: stock=0.0%
[2026-04-25 21:02:51] [INFO]   ✅ Upserted PDD
[2026-04-25 21:02:52] [INFO] [5/10] Processing PGD (PGD_4028328d.pdf)
[2026-04-25 21:02:52] [INFO]   DB → KAP category=KARMA
[2026-04-25 21:02:52] [INFO]   KARMA fund: GLM directly (no pdfplumber)
[2026-04-25 21:02:54] [INFO]   KARMA fund: GLM directly (no pdfplumber)
[2026-04-25 21:03:31] [INFO]   ✅ KARMA GLM success: stock=56.05%
[2026-04-25 21:03:31] [INFO]   ✅ Upserted OKD
[2026-04-25 21:03:36] [INFO]   ✅ JSON from reasoning_content for PGD (attempt 1)
[2026-04-25 21:03:36] [INFO]   ✅ KARMA GLM success: stock=55.27%
[2026-04-25 21:03:36] [INFO]   ✅ Upserted PGD
[2026-04-25 21:03:37] [INFO] [6/10] Processing PHK (PHK_4028328c.pdf)
[2026-04-25 21:03:37] [INFO]   DB → KAP category=KARMA
[2026-04-25 21:03:37] [INFO]   KARMA fund: GLM directly (no pdfplumber)
[2026-04-25 21:04:01] [INFO]   ✅ KARMA GLM success: stock=95.65%
[2026-04-25 21:04:01] [INFO]   ✅ Upserted PHK
[2026-04-25 21:04:03] [INFO] [7/10] Processing PPB (PPB_4028328c.pdf)
[2026-04-25 21:04:03] [INFO]   DB → KAP category=KARMA
[2026-04-25 21:04:03] [INFO]   KARMA fund: GLM directly (no pdfplumber)
[2026-04-25 21:04:19] [INFO]   KARMA fund: GLM directly (no pdfplumber)
[2026-04-25 21:04:21] [WARN]   PDF read (maxpages=3) failed for OHK: Unexpected EOF
[2026-04-25 21:04:22] [WARN]   PDF read (maxpages=1) failed for OHK: Unexpected EOF
[2026-04-25 21:04:22] [ERROR]   ❌ PDF read failed for OHK (all attempts)
[2026-04-25 21:04:28] [INFO] ============================================================
[2026-04-25 21:04:28] [INFO] KAP Portfolio Parser — pdfplumber + GLM fallback
[2026-04-25 21:04:28] [INFO] PDF dir: /Users/admin/Desktop/projects/fon-app/pdfs/portfoy_dagilim
[2026-04-25 21:04:28] [INFO] Zhipu key: SET
[2026-04-25 21:04:28] [INFO] Supabase key: SET
[2026-04-25 21:04:28] [INFO] ============================================================
[2026-04-25 21:04:31] [INFO]   Fund category: PARA (override=False)
[2026-04-25 21:04:31] [ERROR]   ❌ UNKNOWN extraction failed
[2026-04-25 21:04:33] [INFO]   ✅ KARMA GLM success: stock=90.56%
[2026-04-25 21:04:33] [INFO]   ✅ Upserted PPB
[2026-04-25 21:04:34] [INFO] [8/10] Processing RIK (RIK_4028328d.pdf)
[2026-04-25 21:04:34] [INFO]   DB → KAP category=KARMA
[2026-04-25 21:04:34] [INFO]   KARMA fund: GLM directly (no pdfplumber)
[2026-04-25 21:04:57] [INFO] ============================================================
[2026-04-25 21:04:57] [INFO] KAP Portfolio Parser — pdfplumber + GLM fallback
[2026-04-25 21:04:57] [INFO] PDF dir: /Users/admin/Desktop/projects/fon-app/pdfs/portfoy_dagilim
[2026-04-25 21:04:57] [INFO] Zhipu key: SET
[2026-04-25 21:04:57] [INFO] Supabase key: SET
[2026-04-25 21:04:57] [INFO] ============================================================
[2026-04-25 21:04:57] [INFO] Found 507 PDF files in /Users/admin/Desktop/projects/fon-app/pdfs/portfoy_dagilim
[2026-04-25 21:04:57] [INFO] Pending: 81 PDFs (resume=False)
[2026-04-25 21:04:57] [INFO] DB fund_type lookup: 74/81 found
[2026-04-25 21:04:57] [WARN]   Skipping GTY (DB fund_type=SRF) → SERBEST
[2026-04-25 21:04:57] [WARN]   Skipping GZM (DB fund_type=SRF) → SERBEST
[2026-04-25 21:04:57] [WARN]   Skipping GZN (DB fund_type=SRF) → SERBEST
[2026-04-25 21:04:57] [WARN]   Skipping KTS (DB fund_type=SRF) → SERBEST
[2026-04-25 21:04:57] [WARN]   Skipping KVK (DB fund_type=SRF) → SERBEST
[2026-04-25 21:04:57] [WARN]   Skipping MJG (DB fund_type=OKS) → KIRA
[2026-04-25 21:04:57] [WARN]   Skipping MRI (DB fund_type=SRF) → SERBEST
[2026-04-25 21:04:57] [WARN]   Skipping MTG (DB fund_type=SRF) → SERBEST
[2026-04-25 21:04:57] [WARN]   Skipping ODD (DB fund_type=SRF) → SERBEST
[2026-04-25 21:04:57] [WARN]   Skipping OFS (DB fund_type=OKS) → KIRA
[2026-04-25 21:04:57] [WARN]   Skipping ONE (DB fund_type=SRF) → SERBEST
[2026-04-25 21:04:57] [WARN]   Skipping PBK (DB fund_type=SRF) → SERBEST
[2026-04-25 21:04:57] [WARN]   Skipping PBN (DB fund_type=SRF) → SERBEST
[2026-04-25 21:04:57] [WARN]   Skipping PFO (DB fund_type=OKS) → KIRA
[2026-04-25 21:04:57] [WARN]   Skipping PKD (DB fund_type=SRF) → SERBEST
[2026-04-25 21:04:57] [WARN]   Skipping PPE (DB fund_type=SRF) → SERBEST
[2026-04-25 21:04:57] [WARN]   Skipping PPM (DB fund_type=SRF) → SERBEST
[2026-04-25 21:04:57] [WARN]   Skipping PPS (DB fund_type=SRF) → SERBEST
[2026-04-25 21:04:57] [WARN]   Skipping RBI (DB fund_type=SRF) → SERBEST
[2026-04-25 21:04:57] [WARN]   Skipping RBN (DB fund_type=SRF) → SERBEST
[2026-04-25 21:04:57] [WARN]   Skipping RBR (DB fund_type=SRF) → SERBEST
[2026-04-25 21:04:57] [WARN]   Skipping RDT (DB fund_type=SRF) → SERBEST
[2026-04-25 21:04:57] [WARN]   Skipping RIH (DB fund_type=SRF) → SERBEST
[2026-04-25 21:04:57] [WARN]   Skipping RPL (DB fund_type=SRF) → SERBEST
[2026-04-25 21:04:57] [WARN]   Skipping RTP (DB fund_type=SRF) → SERBEST
[2026-04-25 21:04:57] [WARN]   Skipping SSF (DB fund_type=SRF) → SERBEST
[2026-04-25 21:04:57] [WARN]   Skipping TCF (DB fund_type=OKS) → KIRA
[2026-04-25 21:04:57] [WARN]   Skipping TGN (DB fund_type=SRF) → SERBEST
[2026-04-25 21:04:57] [WARN]   Skipping TJT (DB fund_type=SRF) → SERBEST
[2026-04-25 21:04:57] [WARN]   Skipping TLY (DB fund_type=SRF) → SERBEST
[2026-04-25 21:04:57] [WARN]   Skipping TPJ (DB fund_type=SRF) → SERBEST
[2026-04-25 21:04:57] [WARN]   Skipping TPP (DB fund_type=SRF) → SERBEST
[2026-04-25 21:04:57] [WARN]   Skipping ULH (DB fund_type=SRF) → SERBEST
[2026-04-25 21:04:57] [WARN]   Skipping UP2 (DB fund_type=SRF) → SERBEST
[2026-04-25 21:04:57] [WARN]   Skipping UPD (DB fund_type=SRF) → SERBEST
[2026-04-25 21:04:57] [WARN]   Skipping VMV (DB fund_type=SRF) → SERBEST
[2026-04-25 21:04:57] [WARN]   Skipping ZCN (DB fund_type=OKS) → KIRA
[2026-04-25 21:04:57] [WARN]   Skipping ZP6 (DB fund_type=SRF) → SERBEST
[2026-04-25 21:04:57] [WARN]   Skipping ZP8 (DB fund_type=SRF) → SERBEST
[2026-04-25 21:04:57] [WARN]   Skipping ZP9 (DB fund_type=SRF) → SERBEST
[2026-04-25 21:04:57] [WARN]   Skipping ZPA (DB fund_type=SRF) → SERBEST
[2026-04-25 21:04:57] [WARN]   Skipping ZSG (DB fund_type=OKS) → KIRA
[2026-04-25 21:04:57] [WARN]   Skipping ZTG (DB fund_type=OKS) → KIRA
[2026-04-25 21:04:57] [WARN]   Skipping ZVO (DB fund_type=SRF) → SERBEST
[2026-04-25 21:04:57] [INFO] Skipped: {'SERBEST': 37, 'KIRA': 7} | Processing: 20 funds
[2026-04-25 21:04:57] [WARN] _create_job_run exception: Expecting value: line 1 column 1 (char 0)
[2026-04-25 21:04:58] [INFO] [1/20] Processing ECA (ECA_4028328c.pdf)
[2026-04-25 21:04:58] [INFO]   DB → KAP category=KARMA
[2026-04-25 21:04:58] [INFO]   KARMA fund: GLM directly (no pdfplumber)
[2026-04-25 21:05:19] [INFO]   ✅ JSON from reasoning_content for RIK (attempt 1)
[2026-04-25 21:05:19] [INFO]   ✅ KARMA GLM success: stock=55.45%
[2026-04-25 21:05:19] [INFO]   ✅ Upserted RIK
[2026-04-25 21:05:21] [INFO] [9/10] Processing SOS (SOS_4028328d.pdf)
[2026-04-25 21:05:21] [INFO]   DB → KAP category=KARMA
[2026-04-25 21:05:21] [INFO]   KARMA fund: GLM directly (no pdfplumber)
[2026-04-25 21:05:42] [INFO]   ✅ JSON from reasoning_content for ECA (attempt 1)
[2026-04-25 21:05:42] [INFO]   ✅ KARMA GLM success: stock=48.57%
[2026-04-25 21:05:42] [INFO]   ✅ Upserted ECA
[2026-04-25 21:05:43] [INFO] [2/20] Processing OHK (OHK_4028328c.pdf)
[2026-04-25 21:05:43] [INFO]   DB → KAP category=KARMA
[2026-04-25 21:05:43] [INFO]   KARMA fund: GLM directly (no pdfplumber)
[2026-04-25 21:05:44] [WARN]   PDF read (maxpages=3) failed for OHK: Unexpected EOF
[2026-04-25 21:05:46] [WARN]   PDF read (maxpages=1) failed for OHK: Unexpected EOF
[2026-04-25 21:05:46] [ERROR]   ❌ PDF read failed for OHK (all attempts)
[2026-04-25 21:05:47] [INFO] [3/20] Processing OYL (OYL_4028328c.pdf)
[2026-04-25 21:05:47] [INFO]   DB → KAP category=KARMA
[2026-04-25 21:05:47] [INFO]   KARMA fund: GLM directly (no pdfplumber)
[2026-04-25 21:05:53] [WARN]   PDF read (maxpages=3) failed for OYL: Unexpected EOF
[2026-04-25 21:05:59] [WARN]   PDF read (maxpages=1) failed for OYL: Unexpected EOF
[2026-04-25 21:05:59] [ERROR]   ❌ PDF read failed for OYL (all attempts)
[2026-04-25 21:06:00] [INFO] [4/20] Processing RIK (RIK_4028328d.pdf)
[2026-04-25 21:06:00] [INFO]   DB → KAP category=KARMA
[2026-04-25 21:06:00] [INFO]   KARMA fund: GLM directly (no pdfplumber)
[2026-04-25 21:06:03] [INFO]   ✅ JSON from reasoning_content for SOS (attempt 1)
[2026-04-25 21:06:03] [INFO]   ✅ KARMA GLM success: stock=0.0%
[2026-04-25 21:06:03] [INFO]   ✅ Upserted SOS
[2026-04-25 21:06:04] [INFO] [10/10] Processing SSK (SSK_4028328c.pdf)
[2026-04-25 21:06:04] [INFO]   DB → KAP category=KARMA
[2026-04-25 21:06:04] [INFO]   KARMA fund: GLM directly (no pdfplumber)
[2026-04-25 21:06:25] [INFO] ============================================================
[2026-04-25 21:06:25] [INFO] KAP Portfolio Parser — pdfplumber + GLM fallback
[2026-04-25 21:06:25] [INFO] PDF dir: /Users/admin/Desktop/projects/fon-app/pdfs/portfoy_dagilim
[2026-04-25 21:06:25] [INFO] Zhipu key: SET
[2026-04-25 21:06:25] [INFO] Supabase key: SET
[2026-04-25 21:06:25] [INFO] ============================================================
[2026-04-25 21:06:25] [INFO] Found 507 PDF files in /Users/admin/Desktop/projects/fon-app/pdfs/portfoy_dagilim
[2026-04-25 21:06:25] [INFO] Pending: 78 PDFs (resume=False)
[2026-04-25 21:06:25] [INFO] DB fund_type lookup: 71/78 found
[2026-04-25 21:06:25] [WARN]   Skipping GTY (DB fund_type=SRF) → SERBEST
[2026-04-25 21:06:25] [WARN]   Skipping GZM (DB fund_type=SRF) → SERBEST
[2026-04-25 21:06:25] [WARN]   Skipping GZN (DB fund_type=SRF) → SERBEST
[2026-04-25 21:06:25] [WARN]   Skipping KTS (DB fund_type=SRF) → SERBEST
[2026-04-25 21:06:25] [WARN]   Skipping KVK (DB fund_type=SRF) → SERBEST
[2026-04-25 21:06:25] [WARN]   Skipping MJG (DB fund_type=OKS) → KIRA
[2026-04-25 21:06:25] [WARN]   Skipping MRI (DB fund_type=SRF) → SERBEST
[2026-04-25 21:06:25] [WARN]   Skipping MTG (DB fund_type=SRF) → SERBEST
[2026-04-25 21:06:25] [WARN]   Skipping ODD (DB fund_type=SRF) → SERBEST
[2026-04-25 21:06:25] [WARN]   Skipping OFS (DB fund_type=OKS) → KIRA
[2026-04-25 21:06:25] [WARN]   Skipping ONE (DB fund_type=SRF) → SERBEST
[2026-04-25 21:06:25] [WARN]   Skipping PBK (DB fund_type=SRF) → SERBEST
[2026-04-25 21:06:25] [WARN]   Skipping PBN (DB fund_type=SRF) → SERBEST
[2026-04-25 21:06:25] [WARN]   Skipping PFO (DB fund_type=OKS) → KIRA
[2026-04-25 21:06:25] [WARN]   Skipping PKD (DB fund_type=SRF) → SERBEST
[2026-04-25 21:06:25] [WARN]   Skipping PPE (DB fund_type=SRF) → SERBEST
[2026-04-25 21:06:25] [WARN]   Skipping PPM (DB fund_type=SRF) → SERBEST
[2026-04-25 21:06:25] [WARN]   Skipping PPS (DB fund_type=SRF) → SERBEST
[2026-04-25 21:06:25] [WARN]   Skipping RBI (DB fund_type=SRF) → SERBEST
[2026-04-25 21:06:25] [WARN]   Skipping RBN (DB fund_type=SRF) → SERBEST
[2026-04-25 21:06:25] [WARN]   Skipping RBR (DB fund_type=SRF) → SERBEST
[2026-04-25 21:06:25] [WARN]   Skipping RDT (DB fund_type=SRF) → SERBEST
[2026-04-25 21:06:25] [WARN]   Skipping RIH (DB fund_type=SRF) → SERBEST
[2026-04-25 21:06:25] [WARN]   Skipping RPL (DB fund_type=SRF) → SERBEST
[2026-04-25 21:06:25] [WARN]   Skipping RTP (DB fund_type=SRF) → SERBEST
[2026-04-25 21:06:25] [WARN]   Skipping SSF (DB fund_type=SRF) → SERBEST
[2026-04-25 21:06:25] [WARN]   Skipping TCF (DB fund_type=OKS) → KIRA
[2026-04-25 21:06:25] [WARN]   Skipping TGN (DB fund_type=SRF) → SERBEST
[2026-04-25 21:06:25] [WARN]   Skipping TJT (DB fund_type=SRF) → SERBEST
[2026-04-25 21:06:25] [WARN]   Skipping TLY (DB fund_type=SRF) → SERBEST
[2026-04-25 21:06:25] [WARN]   Skipping TPJ (DB fund_type=SRF) → SERBEST
[2026-04-25 21:06:25] [WARN]   Skipping TPP (DB fund_type=SRF) → SERBEST
[2026-04-25 21:06:25] [WARN]   Skipping ULH (DB fund_type=SRF) → SERBEST
[2026-04-25 21:06:25] [WARN]   Skipping UP2 (DB fund_type=SRF) → SERBEST
[2026-04-25 21:06:25] [WARN]   Skipping UPD (DB fund_type=SRF) → SERBEST
[2026-04-25 21:06:25] [WARN]   Skipping VMV (DB fund_type=SRF) → SERBEST
[2026-04-25 21:06:25] [WARN]   Skipping ZCN (DB fund_type=OKS) → KIRA
[2026-04-25 21:06:25] [WARN]   Skipping ZP6 (DB fund_type=SRF) → SERBEST
[2026-04-25 21:06:25] [WARN]   Skipping ZP8 (DB fund_type=SRF) → SERBEST
[2026-04-25 21:06:25] [WARN]   Skipping ZP9 (DB fund_type=SRF) → SERBEST
[2026-04-25 21:06:25] [WARN]   Skipping ZPA (DB fund_type=SRF) → SERBEST
[2026-04-25 21:06:25] [WARN]   Skipping ZSG (DB fund_type=OKS) → KIRA
[2026-04-25 21:06:25] [WARN]   Skipping ZTG (DB fund_type=OKS) → KIRA
[2026-04-25 21:06:25] [WARN]   Skipping ZVO (DB fund_type=SRF) → SERBEST
[2026-04-25 21:06:25] [INFO] Skipped: {'SERBEST': 37, 'KIRA': 7} | Processing: 10 funds
[2026-04-25 21:06:26] [WARN] _create_job_run exception: Expecting value: line 1 column 1 (char 0)
[2026-04-25 21:06:26] [INFO] [1/10] Processing OHK (OHK_4028328c.pdf)
[2026-04-25 21:06:26] [INFO]   DB → KAP category=KARMA
[2026-04-25 21:06:26] [INFO]   KARMA fund: GLM directly (no pdfplumber)
[2026-04-25 21:06:27] [WARN]   PDF read (maxpages=3) failed for OHK: Unexpected EOF
[2026-04-25 21:06:28] [WARN]   PDF read (maxpages=1) failed for OHK: Unexpected EOF
[2026-04-25 21:06:28] [ERROR]   ❌ PDF read failed for OHK (all attempts)
[2026-04-25 21:06:29] [INFO] [2/10] Processing OYL (OYL_4028328c.pdf)
[2026-04-25 21:06:29] [INFO]   DB → KAP category=KARMA
[2026-04-25 21:06:29] [INFO]   KARMA fund: GLM directly (no pdfplumber)
[2026-04-25 21:06:36] [WARN]   PDF read (maxpages=3) failed for OYL: Unexpected EOF
[2026-04-25 21:06:42] [WARN]   PDF read (maxpages=1) failed for OYL: Unexpected EOF
[2026-04-25 21:06:42] [ERROR]   ❌ PDF read failed for OYL (all attempts)
[2026-04-25 21:06:43] [INFO]   ✅ KARMA GLM success: stock=55.45%
[2026-04-25 21:06:43] [INFO]   ✅ Upserted RIK
[2026-04-25 21:06:43] [INFO] [3/10] Processing SSK (SSK_4028328c.pdf)
[2026-04-25 21:06:43] [INFO]   DB → KAP category=KARMA
[2026-04-25 21:06:43] [INFO]   KARMA fund: GLM directly (no pdfplumber)
[2026-04-25 21:06:44] [INFO] [5/20] Processing SOS (SOS_4028328d.pdf)
[2026-04-25 21:06:44] [INFO]   DB → KAP category=KARMA
[2026-04-25 21:06:44] [INFO]   KARMA fund: GLM directly (no pdfplumber)
[2026-04-25 21:07:10] [INFO] ============================================================
[2026-04-25 21:07:10] [INFO] KAP Portfolio Parser — pdfplumber + GLM fallback
[2026-04-25 21:07:10] [INFO] PDF dir: /Users/admin/Desktop/projects/fon-app/pdfs/portfoy_dagilim
[2026-04-25 21:07:10] [INFO] Zhipu key: SET
[2026-04-25 21:07:10] [INFO] Supabase key: SET
[2026-04-25 21:07:10] [INFO] ============================================================
[2026-04-25 21:07:10] [INFO] Found 507 PDF files in /Users/admin/Desktop/projects/fon-app/pdfs/portfoy_dagilim
[2026-04-25 21:07:10] [INFO] Pending: 78 PDFs (resume=False)
[2026-04-25 21:07:11] [INFO] DB fund_type lookup: 71/78 found
[2026-04-25 21:07:11] [WARN]   Skipping GTY (DB fund_type=SRF) → SERBEST
[2026-04-25 21:07:11] [WARN]   Skipping GZM (DB fund_type=SRF) → SERBEST
[2026-04-25 21:07:11] [WARN]   Skipping GZN (DB fund_type=SRF) → SERBEST
[2026-04-25 21:07:11] [WARN]   Skipping KTS (DB fund_type=SRF) → SERBEST
[2026-04-25 21:07:11] [WARN]   Skipping KVK (DB fund_type=SRF) → SERBEST
[2026-04-25 21:07:11] [WARN]   Skipping MJG (DB fund_type=OKS) → KIRA
[2026-04-25 21:07:11] [WARN]   Skipping MRI (DB fund_type=SRF) → SERBEST
[2026-04-25 21:07:11] [WARN]   Skipping MTG (DB fund_type=SRF) → SERBEST
[2026-04-25 21:07:11] [WARN]   Skipping ODD (DB fund_type=SRF) → SERBEST
[2026-04-25 21:07:11] [WARN]   Skipping OFS (DB fund_type=OKS) → KIRA
[2026-04-25 21:07:11] [WARN]   Skipping ONE (DB fund_type=SRF) → SERBEST
[2026-04-25 21:07:11] [WARN]   Skipping PBK (DB fund_type=SRF) → SERBEST
[2026-04-25 21:07:11] [WARN]   Skipping PBN (DB fund_type=SRF) → SERBEST
[2026-04-25 21:07:11] [WARN]   Skipping PFO (DB fund_type=OKS) → KIRA
[2026-04-25 21:07:11] [WARN]   Skipping PKD (DB fund_type=SRF) → SERBEST
[2026-04-25 21:07:11] [WARN]   Skipping PPE (DB fund_type=SRF) → SERBEST
[2026-04-25 21:07:11] [WARN]   Skipping PPM (DB fund_type=SRF) → SERBEST
[2026-04-25 21:07:11] [WARN]   Skipping PPS (DB fund_type=SRF) → SERBEST
[2026-04-25 21:07:11] [WARN]   Skipping RBI (DB fund_type=SRF) → SERBEST
[2026-04-25 21:07:11] [WARN]   Skipping RBN (DB fund_type=SRF) → SERBEST
[2026-04-25 21:07:11] [WARN]   Skipping RBR (DB fund_type=SRF) → SERBEST
[2026-04-25 21:07:11] [WARN]   Skipping RDT (DB fund_type=SRF) → SERBEST
[2026-04-25 21:07:11] [WARN]   Skipping RIH (DB fund_type=SRF) → SERBEST
[2026-04-25 21:07:11] [WARN]   Skipping RPL (DB fund_type=SRF) → SERBEST
[2026-04-25 21:07:11] [WARN]   Skipping RTP (DB fund_type=SRF) → SERBEST
[2026-04-25 21:07:11] [WARN]   Skipping SSF (DB fund_type=SRF) → SERBEST
[2026-04-25 21:07:11] [WARN]   Skipping TCF (DB fund_type=OKS) → KIRA
[2026-04-25 21:07:11] [WARN]   Skipping TGN (DB fund_type=SRF) → SERBEST
[2026-04-25 21:07:11] [WARN]   Skipping TJT (DB fund_type=SRF) → SERBEST
[2026-04-25 21:07:11] [WARN]   Skipping TLY (DB fund_type=SRF) → SERBEST
[2026-04-25 21:07:11] [WARN]   Skipping TPJ (DB fund_type=SRF) → SERBEST
[2026-04-25 21:07:11] [WARN]   Skipping TPP (DB fund_type=SRF) → SERBEST
[2026-04-25 21:07:11] [WARN]   Skipping ULH (DB fund_type=SRF) → SERBEST
[2026-04-25 21:07:11] [WARN]   Skipping UP2 (DB fund_type=SRF) → SERBEST
[2026-04-25 21:07:11] [WARN]   Skipping UPD (DB fund_type=SRF) → SERBEST
[2026-04-25 21:07:11] [WARN]   Skipping VMV (DB fund_type=SRF) → SERBEST
[2026-04-25 21:07:11] [WARN]   Skipping ZCN (DB fund_type=OKS) → KIRA
[2026-04-25 21:07:11] [WARN]   Skipping ZP6 (DB fund_type=SRF) → SERBEST
[2026-04-25 21:07:11] [WARN]   Skipping ZP8 (DB fund_type=SRF) → SERBEST
[2026-04-25 21:07:11] [WARN]   Skipping ZP9 (DB fund_type=SRF) → SERBEST
[2026-04-25 21:07:11] [WARN]   Skipping ZPA (DB fund_type=SRF) → SERBEST
[2026-04-25 21:07:11] [WARN]   Skipping ZSG (DB fund_type=OKS) → KIRA
[2026-04-25 21:07:11] [WARN]   Skipping ZTG (DB fund_type=OKS) → KIRA
[2026-04-25 21:07:11] [WARN]   Skipping ZVO (DB fund_type=SRF) → SERBEST
[2026-04-25 21:07:11] [INFO] Skipped: {'SERBEST': 37, 'KIRA': 7} | Processing: 34 funds
[2026-04-25 21:07:11] [WARN] _create_job_run exception: Expecting value: line 1 column 1 (char 0)
[2026-04-25 21:07:11] [INFO] [1/34] Processing OHK (OHK_4028328c.pdf)
[2026-04-25 21:07:11] [INFO]   DB → KAP category=KARMA
[2026-04-25 21:07:11] [INFO]   KARMA fund: GLM directly (no pdfplumber)
[2026-04-25 21:07:13] [WARN]   PDF read (maxpages=3) failed for OHK: Unexpected EOF
[2026-04-25 21:07:14] [WARN]   PDF read (maxpages=1) failed for OHK: Unexpected EOF
[2026-04-25 21:07:14] [ERROR]   ❌ PDF read failed for OHK (all attempts)
[2026-04-25 21:07:15] [INFO] [2/34] Processing OYL (OYL_4028328c.pdf)
[2026-04-25 21:07:15] [INFO]   DB → KAP category=KARMA
[2026-04-25 21:07:15] [INFO]   KARMA fund: GLM directly (no pdfplumber)
[2026-04-25 21:07:21] [WARN]   PDF read (maxpages=3) failed for OYL: Unexpected EOF
[2026-04-25 21:07:27] [WARN]   PDF read (maxpages=1) failed for OYL: Unexpected EOF
[2026-04-25 21:07:27] [ERROR]   ❌ PDF read failed for OYL (all attempts)
[2026-04-25 21:07:28] [INFO] [3/34] Processing SSK (SSK_4028328c.pdf)
[2026-04-25 21:07:28] [INFO]   DB → KAP category=KARMA
[2026-04-25 21:07:28] [INFO]   KARMA fund: GLM directly (no pdfplumber)
[2026-04-25 21:07:34] [INFO]   ✅ JSON from reasoning_content for SSK (attempt 1)
[2026-04-25 21:07:34] [INFO]   ✅ KARMA GLM success: stock=66.4%
[2026-04-25 21:07:34] [INFO]   ✅ Upserted SSK
[2026-04-25 21:07:35] [INFO]   ✅ JSON from reasoning_content for SOS (attempt 1)
[2026-04-25 21:07:35] [INFO]   ✅ KARMA GLM success: stock=0.0%
[2026-04-25 21:07:35] [INFO]   ✅ Upserted SOS
[2026-04-25 21:07:35] [INFO] [4/10] Processing SUA (SUA_4028328d.pdf)
[2026-04-25 21:07:35] [INFO]   DB → KAP category=KARMA
[2026-04-25 21:07:35] [INFO]   KARMA fund: GLM directly (no pdfplumber)
[2026-04-25 21:07:36] [INFO] [6/20] Processing SSK (SSK_4028328c.pdf)
[2026-04-25 21:07:36] [INFO]   DB → KAP category=KARMA
[2026-04-25 21:07:36] [INFO]   KARMA fund: GLM directly (no pdfplumber)
[2026-04-25 21:07:44] [WARN]   PDF read (maxpages=3) failed for SUA: No /Root object! - Is this really a PDF?
[2026-04-25 21:07:52] [WARN]   PDF read (maxpages=1) failed for SUA: No /Root object! - Is this really a PDF?
[2026-04-25 21:07:52] [ERROR]   ❌ PDF read failed for SUA (all attempts)
[2026-04-25 21:07:53] [INFO] [5/10] Processing SUB (SUB_4028328d.pdf)
[2026-04-25 21:07:53] [INFO]   DB → KAP category=KARMA
[2026-04-25 21:07:53] [INFO]   KARMA fund: GLM directly (no pdfplumber)
[2026-04-25 21:08:17] [INFO]   ✅ KARMA GLM success: stock=66.4%
[2026-04-25 21:08:18] [INFO]   ✅ Upserted SSK
[2026-04-25 21:08:19] [INFO] [4/34] Processing SUA (SUA_4028328d.pdf)
[2026-04-25 21:08:19] [INFO]   DB → KAP category=KARMA
[2026-04-25 21:08:19] [INFO]   KARMA fund: GLM directly (no pdfplumber)
[2026-04-25 21:08:23] [WARN] GLM empty content for SSK (attempt 1)
[2026-04-25 21:08:27] [WARN]   PDF read (maxpages=3) failed for SUA: No /Root object! - Is this really a PDF?
[2026-04-25 21:08:35] [WARN]   PDF read (maxpages=1) failed for SUA: No /Root object! - Is this really a PDF?
[2026-04-25 21:08:35] [ERROR]   ❌ PDF read failed for SUA (all attempts)
[2026-04-25 21:08:36] [INFO] [5/34] Processing SUB (SUB_4028328d.pdf)
[2026-04-25 21:08:36] [INFO]   DB → KAP category=KARMA
[2026-04-25 21:08:36] [INFO]   KARMA fund: GLM directly (no pdfplumber)
[2026-04-25 21:08:42] [WARN] GLM empty content for SUB (attempt 1)
[2026-04-25 21:09:32] [WARN] GLM empty content for SUB (attempt 1)
[2026-04-25 21:09:36] [WARN] GLM empty content for SUB (attempt 2)
[2026-04-25 21:10:07] [INFO] ============================================================
[2026-04-25 21:10:07] [INFO] KAP Portfolio Parser — pdfplumber + GLM fallback
[2026-04-25 21:10:07] [INFO] PDF dir: /Users/admin/Desktop/projects/fon-app/pdfs/portfoy_dagilim
[2026-04-25 21:10:07] [INFO] Zhipu key: SET
[2026-04-25 21:10:07] [INFO] Supabase key: SET
[2026-04-25 21:10:07] [INFO] ============================================================
[2026-04-25 21:10:07] [INFO] Found 507 PDF files in /Users/admin/Desktop/projects/fon-app/pdfs/portfoy_dagilim
[2026-04-25 21:10:07] [INFO] Pending: 77 PDFs (resume=False)
[2026-04-25 21:10:08] [INFO] DB fund_type lookup: 70/77 found
[2026-04-25 21:10:08] [WARN]   Skipping GTY (DB fund_type=SRF) → SERBEST
[2026-04-25 21:10:08] [WARN]   Skipping GZM (DB fund_type=SRF) → SERBEST
[2026-04-25 21:10:08] [WARN]   Skipping GZN (DB fund_type=SRF) → SERBEST
[2026-04-25 21:10:08] [WARN]   Skipping KTS (DB fund_type=SRF) → SERBEST
[2026-04-25 21:10:08] [WARN]   Skipping KVK (DB fund_type=SRF) → SERBEST
[2026-04-25 21:10:08] [WARN]   Skipping MJG (DB fund_type=OKS) → KIRA
[2026-04-25 21:10:08] [WARN]   Skipping MRI (DB fund_type=SRF) → SERBEST
[2026-04-25 21:10:08] [WARN]   Skipping MTG (DB fund_type=SRF) → SERBEST
[2026-04-25 21:10:08] [WARN]   Skipping ODD (DB fund_type=SRF) → SERBEST
[2026-04-25 21:10:08] [WARN]   Skipping OFS (DB fund_type=OKS) → KIRA
[2026-04-25 21:10:08] [WARN]   Skipping ONE (DB fund_type=SRF) → SERBEST
[2026-04-25 21:10:08] [WARN]   Skipping PBK (DB fund_type=SRF) → SERBEST
[2026-04-25 21:10:08] [WARN]   Skipping PBN (DB fund_type=SRF) → SERBEST
[2026-04-25 21:10:08] [WARN]   Skipping PFO (DB fund_type=OKS) → KIRA
[2026-04-25 21:10:08] [WARN]   Skipping PKD (DB fund_type=SRF) → SERBEST
[2026-04-25 21:10:08] [WARN]   Skipping PPE (DB fund_type=SRF) → SERBEST
[2026-04-25 21:10:08] [WARN]   Skipping PPM (DB fund_type=SRF) → SERBEST
[2026-04-25 21:10:08] [WARN]   Skipping PPS (DB fund_type=SRF) → SERBEST
[2026-04-25 21:10:08] [WARN]   Skipping RBI (DB fund_type=SRF) → SERBEST
[2026-04-25 21:10:08] [WARN]   Skipping RBN (DB fund_type=SRF) → SERBEST
[2026-04-25 21:10:08] [WARN]   Skipping RBR (DB fund_type=SRF) → SERBEST
[2026-04-25 21:10:08] [WARN]   Skipping RDT (DB fund_type=SRF) → SERBEST
[2026-04-25 21:10:08] [WARN]   Skipping RIH (DB fund_type=SRF) → SERBEST
[2026-04-25 21:10:08] [WARN]   Skipping RPL (DB fund_type=SRF) → SERBEST
[2026-04-25 21:10:08] [WARN]   Skipping RTP (DB fund_type=SRF) → SERBEST
[2026-04-25 21:10:08] [WARN]   Skipping SSF (DB fund_type=SRF) → SERBEST
[2026-04-25 21:10:08] [WARN]   Skipping TCF (DB fund_type=OKS) → KIRA
[2026-04-25 21:10:08] [WARN]   Skipping TGN (DB fund_type=SRF) → SERBEST
[2026-04-25 21:10:08] [WARN]   Skipping TJT (DB fund_type=SRF) → SERBEST
[2026-04-25 21:10:08] [WARN]   Skipping TLY (DB fund_type=SRF) → SERBEST
[2026-04-25 21:10:08] [WARN]   Skipping TPJ (DB fund_type=SRF) → SERBEST
[2026-04-25 21:10:08] [WARN]   Skipping TPP (DB fund_type=SRF) → SERBEST
[2026-04-25 21:10:08] [WARN]   Skipping ULH (DB fund_type=SRF) → SERBEST
[2026-04-25 21:10:08] [WARN]   Skipping UP2 (DB fund_type=SRF) → SERBEST
[2026-04-25 21:10:08] [WARN]   Skipping UPD (DB fund_type=SRF) → SERBEST
[2026-04-25 21:10:08] [WARN]   Skipping VMV (DB fund_type=SRF) → SERBEST
[2026-04-25 21:10:08] [WARN]   Skipping ZCN (DB fund_type=OKS) → KIRA
[2026-04-25 21:10:08] [WARN]   Skipping ZP6 (DB fund_type=SRF) → SERBEST
[2026-04-25 21:10:08] [WARN]   Skipping ZP8 (DB fund_type=SRF) → SERBEST
[2026-04-25 21:10:08] [WARN]   Skipping ZP9 (DB fund_type=SRF) → SERBEST
[2026-04-25 21:10:08] [WARN]   Skipping ZPA (DB fund_type=SRF) → SERBEST
[2026-04-25 21:10:08] [WARN]   Skipping ZSG (DB fund_type=OKS) → KIRA
[2026-04-25 21:10:08] [WARN]   Skipping ZTG (DB fund_type=OKS) → KIRA
[2026-04-25 21:10:08] [WARN]   Skipping ZVO (DB fund_type=SRF) → SERBEST
[2026-04-25 21:10:08] [INFO] Skipped: {'SERBEST': 37, 'KIRA': 7} | Processing: 20 funds
[2026-04-25 21:10:08] [WARN] _create_job_run exception: Expecting value: line 1 column 1 (char 0)
[2026-04-25 21:10:08] [INFO] [1/20] Processing OHK (OHK_4028328c.pdf)
[2026-04-25 21:10:08] [INFO]   DB → KAP category=KARMA
[2026-04-25 21:10:08] [INFO]   KARMA fund: GLM directly (no pdfplumber)
[2026-04-25 21:10:09] [WARN]   PDF read (maxpages=3) failed for OHK: Unexpected EOF
[2026-04-25 21:10:10] [WARN]   PDF read (maxpages=1) failed for OHK: Unexpected EOF
[2026-04-25 21:10:10] [ERROR]   ❌ PDF read failed for OHK (all attempts)
[2026-04-25 21:10:11] [INFO] [2/20] Processing OYL (OYL_4028328c.pdf)
[2026-04-25 21:10:11] [INFO]   DB → KAP category=KARMA
[2026-04-25 21:10:11] [INFO]   KARMA fund: GLM directly (no pdfplumber)
[2026-04-25 21:10:18] [WARN]   PDF read (maxpages=3) failed for OYL: Unexpected EOF
[2026-04-25 21:10:23] [WARN] GLM empty content for SUB (attempt 2)
[2026-04-25 21:10:24] [WARN]   PDF read (maxpages=1) failed for OYL: Unexpected EOF
[2026-04-25 21:10:24] [ERROR]   ❌ PDF read failed for OYL (all attempts)
[2026-04-25 21:10:25] [INFO] [3/20] Processing SUA (SUA_4028328d.pdf)
[2026-04-25 21:10:25] [INFO]   DB → KAP category=KARMA
[2026-04-25 21:10:25] [INFO]   KARMA fund: GLM directly (no pdfplumber)
[2026-04-25 21:10:26] [WARN] GLM empty content for SUB (attempt 3)
[2026-04-25 21:10:28] [ERROR]   ❌ KARMA GLM failed
[2026-04-25 21:10:29] [INFO] [6/10] Processing SUC (SUC_4028328d.pdf)
[2026-04-25 21:10:29] [INFO]   DB → KAP category=KARMA
[2026-04-25 21:10:29] [INFO]   KARMA fund: GLM directly (no pdfplumber)
[2026-04-25 21:10:34] [WARN]   PDF read (maxpages=3) failed for SUA: No /Root object! - Is this really a PDF?
[2026-04-25 21:10:42] [WARN]   PDF read (maxpages=1) failed for SUA: No /Root object! - Is this really a PDF?
[2026-04-25 21:10:42] [ERROR]   ❌ PDF read failed for SUA (all attempts)
[2026-04-25 21:10:43] [INFO] [4/20] Processing SUB (SUB_4028328d.pdf)
[2026-04-25 21:10:43] [INFO]   DB → KAP category=KARMA
[2026-04-25 21:10:43] [INFO]   KARMA fund: GLM directly (no pdfplumber)
[2026-04-25 21:11:14] [INFO]   ✅ JSON from reasoning_content for SUB (attempt 3)
[2026-04-25 21:11:14] [INFO]   ✅ KARMA GLM success: stock=0.0%
[2026-04-25 21:11:14] [INFO]   ✅ Upserted SUB
[2026-04-25 21:11:15] [INFO] [6/34] Processing SUC (SUC_4028328d.pdf)
[2026-04-25 21:11:15] [INFO]   DB → KAP category=KARMA
[2026-04-25 21:11:15] [INFO]   KARMA fund: GLM directly (no pdfplumber)
[2026-04-25 21:11:21] [WARN] GLM empty content for SUC (attempt 1)
[2026-04-25 21:11:34] [WARN] GLM empty content for SUB (attempt 1)
[2026-04-25 21:12:03] [INFO]   ✅ JSON from reasoning_content for SUC (attempt 1)
[2026-04-25 21:12:03] [INFO]   ✅ KARMA GLM success: stock=0.58%
[2026-04-25 21:12:03] [INFO]   ✅ Upserted SUC
[2026-04-25 21:12:04] [INFO] [7/34] Processing TAO (TAO_4028328c.pdf)
[2026-04-25 21:12:04] [INFO]   DB → KAP category=KARMA
[2026-04-25 21:12:04] [INFO]   KARMA fund: GLM directly (no pdfplumber)
[2026-04-25 21:12:09] [INFO]   ✅ JSON from reasoning_content for SUC (attempt 2)
[2026-04-25 21:12:09] [INFO]   ✅ KARMA GLM success: stock=0.58%
[2026-04-25 21:12:09] [INFO]   ✅ Upserted SUC
[2026-04-25 21:12:11] [INFO] [7/10] Processing TAO (TAO_4028328c.pdf)
[2026-04-25 21:12:11] [INFO]   DB → KAP category=KARMA
[2026-04-25 21:12:11] [INFO]   KARMA fund: GLM directly (no pdfplumber)
[2026-04-25 21:12:23] [WARN] GLM empty content for SUB (attempt 2)
[2026-04-25 21:12:53] [INFO]   ✅ KARMA GLM success: stock=59.16%
[2026-04-25 21:12:54] [INFO]   ✅ Upserted TAO
[2026-04-25 21:12:54] [INFO]   ✅ JSON from reasoning_content for TAO (attempt 1)
[2026-04-25 21:12:54] [INFO]   ✅ KARMA GLM success: stock=59.16%
[2026-04-25 21:12:54] [INFO]   ✅ Upserted TAO
[2026-04-25 21:12:55] [INFO] [8/10] Processing TLE (TLE_4028328c.pdf)
[2026-04-25 21:12:55] [INFO]   DB → KAP category=KARMA
[2026-04-25 21:12:55] [INFO]   KARMA fund: GLM directly (no pdfplumber)
[2026-04-25 21:12:55] [INFO] [8/34] Processing TLE (TLE_4028328c.pdf)
[2026-04-25 21:12:55] [INFO]   DB → KAP category=KARMA
[2026-04-25 21:12:55] [INFO]   KARMA fund: GLM directly (no pdfplumber)
[2026-04-25 21:13:13] [WARN] GLM empty content for SUB (attempt 3)
[2026-04-25 21:13:15] [ERROR]   ❌ KARMA GLM failed
[2026-04-25 21:13:16] [INFO] [5/20] Processing SUC (SUC_4028328d.pdf)
[2026-04-25 21:13:16] [INFO]   DB → KAP category=KARMA
[2026-04-25 21:13:16] [INFO]   KARMA fund: GLM directly (no pdfplumber)
[2026-04-25 21:13:35] [INFO]   ✅ KARMA GLM success: stock=0.0%
[2026-04-25 21:13:35] [INFO]   ✅ Upserted TLE
[2026-04-25 21:13:36] [INFO] [9/34] Processing TP2 (TP2_4028328d.pdf)
[2026-04-25 21:13:36] [INFO]   DB → KAP category=KARMA
[2026-04-25 21:13:36] [INFO]   KARMA fund: GLM directly (no pdfplumber)
[2026-04-25 21:13:45] [INFO]   ✅ JSON from reasoning_content for TLE (attempt 1)
[2026-04-25 21:13:45] [INFO]   ✅ KARMA GLM success: stock=0.81%
[2026-04-25 21:13:46] [INFO]   ✅ Upserted TLE
[2026-04-25 21:13:47] [INFO] [9/10] Processing TP2 (TP2_4028328d.pdf)
[2026-04-25 21:13:47] [INFO]   DB → KAP category=KARMA
[2026-04-25 21:13:47] [INFO]   KARMA fund: GLM directly (no pdfplumber)
[2026-04-25 21:14:09] [INFO]   ✅ JSON from reasoning_content for SUC (attempt 1)
[2026-04-25 21:14:09] [INFO]   ✅ KARMA GLM success: stock=0.58%
[2026-04-25 21:14:09] [INFO]   ✅ Upserted SUC
[2026-04-25 21:14:10] [INFO] [6/20] Processing TAO (TAO_4028328c.pdf)
[2026-04-25 21:14:10] [INFO]   DB → KAP category=KARMA
[2026-04-25 21:14:10] [INFO]   KARMA fund: GLM directly (no pdfplumber)
[2026-04-25 21:14:28] [WARN] GLM empty content for TP2 (attempt 1)
[2026-04-25 21:14:36] [INFO]   ✅ JSON from reasoning_content for TP2 (attempt 1)
[2026-04-25 21:14:36] [INFO]   ✅ KARMA GLM success: stock=0.0%
[2026-04-25 21:14:36] [INFO]   ✅ Upserted TP2
[2026-04-25 21:14:38] [INFO] [10/10] Processing TPC (TPC_4028328c.pdf)
[2026-04-25 21:14:38] [INFO]   DB → KAP category=KARMA
[2026-04-25 21:14:38] [INFO]   KARMA fund: GLM directly (no pdfplumber)
[2026-04-25 21:14:58] [INFO]   ✅ KARMA GLM success: stock=59.16%
[2026-04-25 21:14:58] [INFO]   ✅ Upserted TAO
[2026-04-25 21:14:59] [INFO] [7/20] Processing TLE (TLE_4028328c.pdf)
[2026-04-25 21:14:59] [INFO]   DB → KAP category=KARMA
[2026-04-25 21:14:59] [INFO]   KARMA fund: GLM directly (no pdfplumber)
[2026-04-25 21:15:11] [INFO]   ✅ JSON from reasoning_content for TP2 (attempt 2)
[2026-04-25 21:15:11] [INFO]   ✅ KARMA GLM success: stock=0.0%
[2026-04-25 21:15:12] [INFO]   ✅ Upserted TP2
[2026-04-25 21:15:13] [INFO] [10/34] Processing TPC (TPC_4028328c.pdf)
[2026-04-25 21:15:13] [INFO]   DB → KAP category=KARMA
[2026-04-25 21:15:13] [INFO]   KARMA fund: GLM directly (no pdfplumber)
[2026-04-25 21:15:19] [WARN] GLM empty content for TPC (attempt 1)
[2026-04-25 21:15:47] [INFO]   ✅ JSON from reasoning_content for TLE (attempt 1)
[2026-04-25 21:15:47] [INFO]   ✅ KARMA GLM success: stock=0.81%
[2026-04-25 21:15:47] [INFO]   ✅ Upserted TLE
[2026-04-25 21:15:48] [INFO] [8/20] Processing TP2 (TP2_4028328d.pdf)
[2026-04-25 21:15:48] [INFO]   DB → KAP category=KARMA
[2026-04-25 21:15:48] [INFO]   KARMA fund: GLM directly (no pdfplumber)
[2026-04-25 21:16:00] [WARN] GLM empty content for TPC (attempt 1)
[2026-04-25 21:16:07] [WARN] GLM empty content for TPC (attempt 2)
[2026-04-25 21:16:34] [WARN] GLM empty content for TP2 (attempt 1)
[2026-04-25 21:16:45] [INFO]   ✅ JSON from reasoning_content for TPC (attempt 2)
[2026-04-25 21:16:45] [INFO]   ✅ KARMA GLM success: stock=0.0%
[2026-04-25 21:16:45] [INFO]   ✅ Upserted TPC
[2026-04-25 21:16:46] [INFO] [11/34] Processing TPL (TPL_4028328c.pdf)
[2026-04-25 21:16:46] [INFO]   DB → KAP category=SKIP
[2026-04-25 21:16:49] [INFO]   Fund category: SKIP (override=True)
[2026-04-25 21:16:50] [ERROR]   ❌ SKIP extraction failed
[2026-04-25 21:16:51] [INFO] [12/34] Processing TPV (TPV_4028328c.pdf)
[2026-04-25 21:16:51] [INFO]   DB → KAP category=KARMA
[2026-04-25 21:16:51] [INFO]   KARMA fund: GLM directly (no pdfplumber)
[2026-04-25 21:16:52] [INFO]   ✅ JSON from reasoning_content for TPC (attempt 3)
[2026-04-25 21:16:52] [INFO]   ✅ KARMA GLM success: stock=0.0%
[2026-04-25 21:16:52] [INFO]   ✅ Upserted TPC
[2026-04-25 21:16:53] [INFO] === BATCH COMPLETE: 6 ✅  4 ❌ ===
[2026-04-25 21:17:17] [INFO]   ✅ KARMA GLM success: stock=0.0%
[2026-04-25 21:17:17] [INFO]   ✅ Upserted TP2
[2026-04-25 21:17:18] [INFO] [9/20] Processing TPC (TPC_4028328c.pdf)
[2026-04-25 21:17:18] [INFO]   DB → KAP category=KARMA
[2026-04-25 21:17:18] [INFO]   KARMA fund: GLM directly (no pdfplumber)
[2026-04-25 21:17:33] [INFO]   ✅ JSON from reasoning_content for TPV (attempt 1)
[2026-04-25 21:17:33] [INFO]   ✅ KARMA GLM success: stock=34.03%
[2026-04-25 21:17:33] [INFO]   ✅ Upserted TPV
[2026-04-25 21:17:34] [INFO] [13/34] Processing TPZ (TPZ_4028328c.pdf)
[2026-04-25 21:17:34] [INFO]   DB → KAP category=KARMA
[2026-04-25 21:17:34] [INFO]   KARMA fund: GLM directly (no pdfplumber)
[2026-04-25 21:18:01] [WARN] GLM empty content for TPC (attempt 1)
[2026-04-25 21:18:03] [INFO]   ✅ KARMA GLM success: stock=0.0%
[2026-04-25 21:18:03] [INFO]   ✅ Upserted TPZ
[2026-04-25 21:18:04] [INFO] [14/34] Processing TRO (TRO_4028328d.pdf)
[2026-04-25 21:18:04] [INFO]   DB → KAP category=SKIP
[2026-04-25 21:18:05] [INFO]   Fund category: SKIP (override=True)
[2026-04-25 21:18:05] [ERROR]   ❌ SKIP extraction failed
[2026-04-25 21:18:06] [INFO] [15/34] Processing TZL (TZL_4028328c.pdf)
[2026-04-25 21:18:06] [INFO]   DB → KAP category=KARMA
[2026-04-25 21:18:06] [INFO]   KARMA fund: GLM directly (no pdfplumber)
[2026-04-25 21:18:47] [INFO]   ✅ JSON from reasoning_content for TPC (attempt 2)
[2026-04-25 21:18:47] [INFO]   ✅ KARMA GLM success: stock=0.0%
[2026-04-25 21:18:48] [INFO]   ✅ Upserted TPC
[2026-04-25 21:18:49] [INFO] [10/20] Processing TPL (TPL_4028328c.pdf)
[2026-04-25 21:18:49] [INFO]   DB → KAP category=SKIP
[2026-04-25 21:18:52] [INFO]   ✅ KARMA GLM success: stock=0.0%
[2026-04-25 21:18:52] [INFO]   Fund category: SKIP (override=True)
[2026-04-25 21:18:52] [INFO]   ✅ Upserted TZL
[2026-04-25 21:18:53] [ERROR]   ❌ SKIP extraction failed
[2026-04-25 21:18:53] [INFO] [16/34] Processing TZV (TZV_4028328c.pdf)
[2026-04-25 21:18:53] [INFO]   DB → KAP category=KARMA
[2026-04-25 21:18:53] [INFO]   KARMA fund: GLM directly (no pdfplumber)
[2026-04-25 21:18:54] [INFO] [11/20] Processing TPV (TPV_4028328c.pdf)
[2026-04-25 21:18:54] [INFO]   DB → KAP category=KARMA
[2026-04-25 21:18:54] [INFO]   KARMA fund: GLM directly (no pdfplumber)
[2026-04-25 21:19:26] [INFO]   ✅ KARMA GLM success: stock=34.03%
[2026-04-25 21:19:27] [INFO]   ✅ Upserted TPV
[2026-04-25 21:19:28] [INFO] [12/20] Processing TPZ (TPZ_4028328c.pdf)
[2026-04-25 21:19:28] [INFO]   DB → KAP category=KARMA
[2026-04-25 21:19:28] [INFO]   KARMA fund: GLM directly (no pdfplumber)
[2026-04-25 21:19:37] [INFO]   ✅ KARMA GLM success: stock=0.0%
[2026-04-25 21:19:37] [INFO]   ✅ Upserted TZV
[2026-04-25 21:19:38] [INFO] [17/34] Processing UP1 (UP1_4028328d.pdf)
[2026-04-25 21:19:38] [INFO]   DB → KAP category=SKIP
[2026-04-25 21:19:44] [INFO]   Fund category: SKIP (override=True)
[2026-04-25 21:19:50] [ERROR]   ❌ SKIP extraction failed
[2026-04-25 21:19:51] [INFO] [18/34] Processing UPH (UPH_4028328d.pdf)
[2026-04-25 21:19:51] [INFO]   DB → KAP category=KARMA
[2026-04-25 21:19:51] [INFO]   KARMA fund: GLM directly (no pdfplumber)
[2026-04-25 21:19:51] [INFO]   ✅ KARMA GLM success: stock=0.0%
[2026-04-25 21:19:51] [INFO]   ✅ Upserted TPZ
[2026-04-25 21:19:52] [INFO] [13/20] Processing TRO (TRO_4028328d.pdf)
[2026-04-25 21:19:52] [INFO]   DB → KAP category=SKIP
[2026-04-25 21:19:52] [INFO]   Fund category: SKIP (override=True)
[2026-04-25 21:19:53] [ERROR]   ❌ SKIP extraction failed
[2026-04-25 21:19:54] [INFO] [14/20] Processing TZL (TZL_4028328c.pdf)
[2026-04-25 21:19:54] [INFO]   DB → KAP category=KARMA
[2026-04-25 21:19:54] [INFO]   KARMA fund: GLM directly (no pdfplumber)
[2026-04-25 21:19:56] [WARN]   PDF read (maxpages=3) failed for UPH: Unexpected EOF
[2026-04-25 21:20:01] [WARN]   PDF read (maxpages=1) failed for UPH: Unexpected EOF
[2026-04-25 21:20:01] [ERROR]   ❌ PDF read failed for UPH (all attempts)
[2026-04-25 21:20:02] [INFO] [19/34] Processing UPP (UPP_4028328d.pdf)
[2026-04-25 21:20:02] [INFO]   DB → KAP category=KARMA
[2026-04-25 21:20:02] [INFO]   KARMA fund: GLM directly (no pdfplumber)
[2026-04-25 21:20:35] [INFO]   ✅ JSON from reasoning_content for TZL (attempt 1)
[2026-04-25 21:20:35] [INFO]   ✅ KARMA GLM success: stock=0.0%
[2026-04-25 21:20:36] [INFO]   ✅ Upserted TZL
[2026-04-25 21:20:37] [INFO] [15/20] Processing TZV (TZV_4028328c.pdf)
[2026-04-25 21:20:37] [INFO]   DB → KAP category=KARMA
[2026-04-25 21:20:37] [INFO]   KARMA fund: GLM directly (no pdfplumber)
[2026-04-25 21:20:53] [INFO]   ✅ JSON from reasoning_content for UPP (attempt 1)
[2026-04-25 21:20:53] [INFO]   ✅ KARMA GLM success: stock=0.0%
[2026-04-25 21:20:53] [INFO]   ✅ Upserted UPP
[2026-04-25 21:20:54] [INFO] [20/34] Processing USDTR (USDTR_4028328c.pdf)
[2026-04-25 21:20:54] [INFO]   Fund category: PARA (override=False)
[2026-04-25 21:20:54] [ERROR]   ❌ UNKNOWN extraction failed
[2026-04-25 21:20:56] [INFO] [21/34] Processing VRK (VRK_4028328c.pdf)
[2026-04-25 21:20:56] [INFO]   DB → KAP category=KARMA
[2026-04-25 21:20:56] [INFO]   KARMA fund: GLM directly (no pdfplumber)
[2026-04-25 21:21:19] [INFO]   ✅ KARMA GLM success: stock=0.0%
[2026-04-25 21:21:20] [INFO]   ✅ Upserted TZV
[2026-04-25 21:21:21] [INFO] [16/20] Processing UP1 (UP1_4028328d.pdf)
[2026-04-25 21:21:21] [INFO]   DB → KAP category=SKIP
[2026-04-25 21:21:27] [INFO]   Fund category: SKIP (override=True)
[2026-04-25 21:21:32] [ERROR]   ❌ SKIP extraction failed
[2026-04-25 21:21:33] [INFO] [17/20] Processing UPH (UPH_4028328d.pdf)
[2026-04-25 21:21:33] [INFO]   DB → KAP category=KARMA
[2026-04-25 21:21:33] [INFO]   KARMA fund: GLM directly (no pdfplumber)
[2026-04-25 21:21:34] [INFO]   ✅ JSON from reasoning_content for VRK (attempt 1)
[2026-04-25 21:21:34] [INFO]   ✅ KARMA GLM success: stock=0.0%
[2026-04-25 21:21:34] [INFO]   ✅ Upserted VRK
[2026-04-25 21:21:35] [INFO] [22/34] Processing ZBI (ZBI_4028328c.pdf)
[2026-04-25 21:21:35] [INFO]   DB → KAP category=KARMA
[2026-04-25 21:21:35] [INFO]   KARMA fund: GLM directly (no pdfplumber)
[2026-04-25 21:21:39] [WARN]   PDF read (maxpages=3) failed for UPH: Unexpected EOF
[2026-04-25 21:21:44] [WARN]   PDF read (maxpages=1) failed for UPH: Unexpected EOF
[2026-04-25 21:21:44] [ERROR]   ❌ PDF read failed for UPH (all attempts)
[2026-04-25 21:21:45] [INFO] [18/20] Processing UPP (UPP_4028328d.pdf)
[2026-04-25 21:21:45] [INFO]   DB → KAP category=KARMA
[2026-04-25 21:21:45] [INFO]   KARMA fund: GLM directly (no pdfplumber)
[2026-04-25 21:22:13] [INFO]   ✅ JSON from reasoning_content for ZBI (attempt 1)
[2026-04-25 21:22:13] [INFO]   ✅ KARMA GLM success: stock=11.933621%
[2026-04-25 21:22:13] [INFO]   ✅ Upserted ZBI
[2026-04-25 21:22:14] [INFO] [23/34] Processing ZBJ (ZBJ_4028328c.pdf)
[2026-04-25 21:22:14] [INFO]   DB → KAP category=KARMA
[2026-04-25 21:22:14] [INFO]   KARMA fund: GLM directly (no pdfplumber)
[2026-04-25 21:22:37] [INFO]   ✅ JSON from reasoning_content for UPP (attempt 1)
[2026-04-25 21:22:37] [INFO]   ✅ KARMA GLM success: stock=0.0%
[2026-04-25 21:22:37] [INFO]   ✅ Upserted UPP
[2026-04-25 21:22:39] [INFO] [19/20] Processing USDTR (USDTR_4028328c.pdf)
[2026-04-25 21:22:39] [INFO]   Fund category: PARA (override=False)
[2026-04-25 21:22:39] [ERROR]   ❌ UNKNOWN extraction failed
[2026-04-25 21:22:40] [INFO] [20/20] Processing VRK (VRK_4028328c.pdf)
[2026-04-25 21:22:40] [INFO]   DB → KAP category=KARMA
[2026-04-25 21:22:40] [INFO]   KARMA fund: GLM directly (no pdfplumber)
[2026-04-25 21:23:14] [INFO]   ✅ JSON from reasoning_content for VRK (attempt 1)
[2026-04-25 21:23:14] [INFO]   ✅ KARMA GLM success: stock=35.42%
[2026-04-25 21:23:15] [INFO]   ✅ Upserted VRK
[2026-04-25 21:23:16] [INFO] === BATCH COMPLETE: 11 ✅  9 ❌ ===
[2026-04-25 21:24:05] [INFO]   ✅ KARMA GLM success: stock=0.0%
[2026-04-25 21:24:05] [INFO]   ✅ Upserted ZBJ
[2026-04-25 21:24:06] [INFO] [24/34] Processing ZELOT (ZELOT_4028328d.pdf)
[2026-04-25 21:24:06] [INFO]   Fund category: HISSE (override=False)
[2026-04-25 21:24:06] [ERROR]   ❌ UNKNOWN extraction failed
[2026-04-25 21:24:08] [INFO] [25/34] Processing ZGOLD (ZGOLD_4028328d.pdf)
[2026-04-25 21:24:08] [INFO]   Fund category: KIRA (override=False)
[2026-04-25 21:24:08] [WARN]   Skipping KIRA fon — no standard portföy table
[2026-04-25 21:24:08] [ERROR]   ❌ UNKNOWN extraction failed
[2026-04-25 21:24:09] [INFO] [26/34] Processing ZMY (ZMY_4028328c.pdf)
[2026-04-25 21:24:09] [INFO]   DB → KAP category=KARMA
[2026-04-25 21:24:09] [INFO]   KARMA fund: GLM directly (no pdfplumber)
[2026-04-25 21:24:45] [WARN] GLM empty content for ZMY (attempt 1)
[2026-04-25 21:25:23] [INFO]   ✅ JSON from reasoning_content for ZMY (attempt 2)
[2026-04-25 21:25:23] [INFO]   ✅ KARMA GLM success: stock=18.050913%
[2026-04-25 21:25:23] [INFO]   ✅ Upserted ZMY
[2026-04-25 21:25:24] [INFO] [27/34] Processing ZPBDL (ZPBDL_4028328d.pdf)
[2026-04-25 21:25:25] [INFO]   Fund category: PARA (override=False)
[2026-04-25 21:25:25] [ERROR]   ❌ UNKNOWN extraction failed
[2026-04-25 21:25:26] [INFO] [28/34] Processing ZPC (ZPC_4028328c.pdf)
[2026-04-25 21:25:26] [INFO]   DB → KAP category=KARMA
[2026-04-25 21:25:26] [INFO]   KARMA fund: GLM directly (no pdfplumber)
[2026-04-25 21:26:09] [WARN] GLM empty content for ZPC (attempt 1)
[2026-04-25 21:26:45] [INFO]   ✅ JSON from reasoning_content for ZPC (attempt 2)
[2026-04-25 21:26:45] [INFO]   ✅ KARMA GLM success: stock=11.232847%
[2026-04-25 21:26:46] [INFO]   ✅ Upserted ZPC
[2026-04-25 21:26:47] [INFO] [29/34] Processing ZPF (ZPF_4028328c.pdf)
[2026-04-25 21:26:47] [INFO]   DB → KAP category=KARMA
[2026-04-25 21:26:47] [INFO]   KARMA fund: GLM directly (no pdfplumber)
[2026-04-25 21:27:21] [INFO]   ✅ JSON from reasoning_content for ZPF (attempt 1)
[2026-04-25 21:27:21] [INFO]   ✅ KARMA GLM success: stock=0.0%
[2026-04-25 21:27:21] [INFO]   ✅ Upserted ZPF
[2026-04-25 21:27:22] [INFO] [30/34] Processing ZPG (ZPG_4028328c.pdf)
[2026-04-25 21:27:22] [INFO]   DB → KAP category=KARMA
[2026-04-25 21:27:22] [INFO]   KARMA fund: GLM directly (no pdfplumber)
[2026-04-25 21:28:20] [INFO]   ✅ JSON from reasoning_content for ZPG (attempt 1)
[2026-04-25 21:28:20] [INFO]   ✅ KARMA GLM success: stock=0.0%
[2026-04-25 21:28:20] [INFO]   ✅ Upserted ZPG
[2026-04-25 21:28:21] [INFO] [31/34] Processing ZPX30 (ZPX30_4028328d.pdf)
[2026-04-25 21:28:21] [INFO]   Fund category: PARA (override=False)
[2026-04-25 21:28:21] [ERROR]   ❌ UNKNOWN extraction failed
[2026-04-25 21:28:22] [INFO] [32/34] Processing ZSF (ZSF_4028328c.pdf)
[2026-04-25 21:28:22] [INFO]   DB → KAP category=KARMA
[2026-04-25 21:28:22] [INFO]   KARMA fund: GLM directly (no pdfplumber)
[2026-04-25 21:29:09] [INFO]   ✅ JSON from reasoning_content for ZSF (attempt 1)
[2026-04-25 21:29:09] [INFO]   ✅ KARMA GLM success: stock=77.97086%
[2026-04-25 21:29:11] [INFO]   ✅ Upserted ZSF
[2026-04-25 21:29:12] [INFO] [33/34] Processing ZTLRK (ZTLRK_4028328d.pdf)
[2026-04-25 21:29:12] [INFO]   Fund category: KIRA (override=False)
[2026-04-25 21:29:12] [WARN]   Skipping KIRA fon — no standard portföy table
[2026-04-25 21:29:12] [ERROR]   ❌ UNKNOWN extraction failed
[2026-04-25 21:29:13] [INFO] [34/34] Processing ZTM25 (ZTM25_4028328d.pdf)
[2026-04-25 21:29:14] [INFO]   Fund category: HISSE (override=False)
[2026-04-25 21:29:14] [ERROR]   ❌ UNKNOWN extraction failed
[2026-04-25 21:29:15] [INFO] === BATCH COMPLETE: 20 ✅  14 ❌ ===
[2026-04-26 08:46:32] [INFO] ============================================================
[2026-04-26 08:46:32] [INFO] KAP Portfolio Parser — pdfplumber + GLM fallback
[2026-04-26 08:46:32] [INFO] PDF dir: /Users/admin/Desktop/projects/fon-app/pdfs/portfoy_dagilim
[2026-04-26 08:46:32] [INFO] Zhipu key: SET
[2026-04-26 08:46:32] [INFO] Supabase key: SET
[2026-04-26 08:46:32] [INFO] ============================================================
[2026-04-26 08:46:32] [INFO] Found 507 PDF files in /Users/admin/Desktop/projects/fon-app/pdfs/portfoy_dagilim
[2026-04-26 08:46:32] [INFO] Pending: 59 PDFs (resume=False)
[2026-04-26 08:46:34] [INFO] DB fund_type lookup: 52/59 found
[2026-04-26 08:46:34] [WARN]   Skipping GTY (DB fund_type=SRF) → SERBEST
[2026-04-26 08:46:34] [WARN]   Skipping GZM (DB fund_type=SRF) → SERBEST
[2026-04-26 08:46:34] [WARN]   Skipping GZN (DB fund_type=SRF) → SERBEST
[2026-04-26 08:46:34] [WARN]   Skipping KTS (DB fund_type=SRF) → SERBEST
[2026-04-26 08:46:34] [WARN]   Skipping KVK (DB fund_type=SRF) → SERBEST
[2026-04-26 08:46:34] [WARN]   Skipping MJG (DB fund_type=OKS) → KIRA
[2026-04-26 08:46:34] [WARN]   Skipping MRI (DB fund_type=SRF) → SERBEST
[2026-04-26 08:46:34] [WARN]   Skipping MTG (DB fund_type=SRF) → SERBEST
[2026-04-26 08:46:34] [WARN]   Skipping ODD (DB fund_type=SRF) → SERBEST
[2026-04-26 08:46:34] [WARN]   Skipping OFS (DB fund_type=OKS) → KIRA
[2026-04-26 08:46:34] [WARN]   Skipping ONE (DB fund_type=SRF) → SERBEST
[2026-04-26 08:46:34] [WARN]   Skipping PBK (DB fund_type=SRF) → SERBEST
[2026-04-26 08:46:34] [WARN]   Skipping PBN (DB fund_type=SRF) → SERBEST
[2026-04-26 08:46:34] [WARN]   Skipping PFO (DB fund_type=OKS) → KIRA
[2026-04-26 08:46:34] [WARN]   Skipping PKD (DB fund_type=SRF) → SERBEST
[2026-04-26 08:46:34] [WARN]   Skipping PPE (DB fund_type=SRF) → SERBEST
[2026-04-26 08:46:34] [WARN]   Skipping PPM (DB fund_type=SRF) → SERBEST
[2026-04-26 08:46:34] [WARN]   Skipping PPS (DB fund_type=SRF) → SERBEST
[2026-04-26 08:46:34] [WARN]   Skipping RBI (DB fund_type=SRF) → SERBEST
[2026-04-26 08:46:34] [WARN]   Skipping RBN (DB fund_type=SRF) → SERBEST
[2026-04-26 08:46:34] [WARN]   Skipping RBR (DB fund_type=SRF) → SERBEST
[2026-04-26 08:46:34] [WARN]   Skipping RDT (DB fund_type=SRF) → SERBEST
[2026-04-26 08:46:34] [WARN]   Skipping RIH (DB fund_type=SRF) → SERBEST
[2026-04-26 08:46:34] [WARN]   Skipping RPL (DB fund_type=SRF) → SERBEST
[2026-04-26 08:46:34] [WARN]   Skipping RTP (DB fund_type=SRF) → SERBEST
[2026-04-26 08:46:34] [WARN]   Skipping SSF (DB fund_type=SRF) → SERBEST
[2026-04-26 08:46:34] [WARN]   Skipping TCF (DB fund_type=OKS) → KIRA
[2026-04-26 08:46:34] [WARN]   Skipping TGN (DB fund_type=SRF) → SERBEST
[2026-04-26 08:46:34] [WARN]   Skipping TJT (DB fund_type=SRF) → SERBEST
[2026-04-26 08:46:34] [WARN]   Skipping TLY (DB fund_type=SRF) → SERBEST
[2026-04-26 08:46:34] [WARN]   Skipping TPJ (DB fund_type=SRF) → SERBEST
[2026-04-26 08:46:34] [WARN]   Skipping TPP (DB fund_type=SRF) → SERBEST
[2026-04-26 08:46:34] [WARN]   Skipping ULH (DB fund_type=SRF) → SERBEST
[2026-04-26 08:46:34] [WARN]   Skipping UP2 (DB fund_type=SRF) → SERBEST
[2026-04-26 08:46:34] [WARN]   Skipping UPD (DB fund_type=SRF) → SERBEST
[2026-04-26 08:46:34] [WARN]   Skipping VMV (DB fund_type=SRF) → SERBEST
[2026-04-26 08:46:34] [WARN]   Skipping ZCN (DB fund_type=OKS) → KIRA
[2026-04-26 08:46:34] [WARN]   Skipping ZP6 (DB fund_type=SRF) → SERBEST
[2026-04-26 08:46:34] [WARN]   Skipping ZP8 (DB fund_type=SRF) → SERBEST
[2026-04-26 08:46:34] [WARN]   Skipping ZP9 (DB fund_type=SRF) → SERBEST
[2026-04-26 08:46:34] [WARN]   Skipping ZPA (DB fund_type=SRF) → SERBEST
[2026-04-26 08:46:34] [WARN]   Skipping ZSG (DB fund_type=OKS) → KIRA
[2026-04-26 08:46:34] [WARN]   Skipping ZTG (DB fund_type=OKS) → KIRA
[2026-04-26 08:46:34] [WARN]   Skipping ZVO (DB fund_type=SRF) → SERBEST
[2026-04-26 08:46:34] [INFO] Skipped: {'SERBEST': 37, 'KIRA': 7} | Processing: 15 funds
[2026-04-26 08:46:35] [WARN] _create_job_run failed: 400 {"message":"Failed to run sql query: ERROR:  42601: syntax error at or near \"{\"\nLINE 1: INSERT INTO parse_job_runs (total_funds, status, started_at) VALUES ({total_funds}, 'running', NOW()) RETURNI
[2026-04-26 08:46:35] [INFO] [1/15] Processing OHK (OHK_4028328c.pdf)
[2026-04-26 08:46:35] [INFO]   DB → KAP category=KARMA
[2026-04-26 08:46:35] [INFO]   KARMA fund: GLM directly (no pdfplumber)
[2026-04-26 08:46:36] [WARN]   PDF read (maxpages=3) failed for OHK: Unexpected EOF
[2026-04-26 08:46:37] [WARN]   PDF read (maxpages=1) failed for OHK: Unexpected EOF
[2026-04-26 08:46:37] [ERROR]   ❌ PDF read failed for OHK (all attempts)
[2026-04-26 08:46:38] [INFO] [2/15] Processing OYL (OYL_4028328c.pdf)
[2026-04-26 08:46:38] [INFO]   DB → KAP category=KARMA
[2026-04-26 08:46:38] [INFO]   KARMA fund: GLM directly (no pdfplumber)
[2026-04-26 08:46:44] [WARN]   PDF read (maxpages=3) failed for OYL: Unexpected EOF
[2026-04-26 08:46:51] [WARN]   PDF read (maxpages=1) failed for OYL: Unexpected EOF
[2026-04-26 08:46:51] [ERROR]   ❌ PDF read failed for OYL (all attempts)
[2026-04-26 08:46:52] [INFO] [3/15] Processing SUA (SUA_4028328d.pdf)
[2026-04-26 08:46:52] [INFO]   DB → KAP category=KARMA
[2026-04-26 08:46:52] [INFO]   KARMA fund: GLM directly (no pdfplumber)
[2026-04-26 08:47:00] [WARN]   PDF read (maxpages=3) failed for SUA: No /Root object! - Is this really a PDF?
[2026-04-26 08:47:08] [WARN]   PDF read (maxpages=1) failed for SUA: No /Root object! - Is this really a PDF?
[2026-04-26 08:47:08] [ERROR]   ❌ PDF read failed for SUA (all attempts)
[2026-04-26 08:47:09] [INFO] [4/15] Processing SUB (SUB_4028328d.pdf)
[2026-04-26 08:47:09] [INFO]   DB → KAP category=KARMA
[2026-04-26 08:47:09] [INFO]   KARMA fund: GLM directly (no pdfplumber)
[2026-04-26 08:48:05] [WARN] GLM empty content for SUB (attempt 1)
[2026-04-26 08:49:04] [WARN] GLM empty content for SUB (attempt 2)
[2026-04-26 08:49:42] [WARN] GLM empty content for SUB (attempt 3)
[2026-04-26 08:49:44] [ERROR]   ❌ KARMA GLM failed
[2026-04-26 08:49:45] [INFO] [5/15] Processing TPL (TPL_4028328c.pdf)
[2026-04-26 08:49:45] [INFO]   DB → KAP category=SKIP
[2026-04-26 08:49:48] [INFO]   Fund category: SKIP (override=True)
[2026-04-26 08:49:49] [ERROR]   ❌ SKIP extraction failed
[2026-04-26 08:49:50] [INFO] [6/15] Processing TRO (TRO_4028328d.pdf)
[2026-04-26 08:49:50] [INFO]   DB → KAP category=SKIP
[2026-04-26 08:49:50] [INFO]   Fund category: SKIP (override=True)
[2026-04-26 08:49:50] [ERROR]   ❌ SKIP extraction failed
[2026-04-26 08:49:52] [INFO] [7/15] Processing UP1 (UP1_4028328d.pdf)
[2026-04-26 08:49:52] [INFO]   DB → KAP category=SKIP
[2026-04-26 08:49:57] [INFO]   Fund category: SKIP (override=True)
[2026-04-26 08:50:03] [ERROR]   ❌ SKIP extraction failed
[2026-04-26 08:50:04] [INFO] [8/15] Processing UPH (UPH_4028328d.pdf)
[2026-04-26 08:50:04] [INFO]   DB → KAP category=KARMA
[2026-04-26 08:50:04] [INFO]   KARMA fund: GLM directly (no pdfplumber)
[2026-04-26 08:50:10] [WARN]   PDF read (maxpages=3) failed for UPH: Unexpected EOF
[2026-04-26 08:50:15] [WARN]   PDF read (maxpages=1) failed for UPH: Unexpected EOF
[2026-04-26 08:50:15] [ERROR]   ❌ PDF read failed for UPH (all attempts)
[2026-04-26 08:50:16] [INFO] [9/15] Processing USDTR (USDTR_4028328c.pdf)
[2026-04-26 08:50:16] [INFO]   Fund category: PARA (override=False)
[2026-04-26 08:50:16] [ERROR]   ❌ UNKNOWN extraction failed
[2026-04-26 08:50:17] [INFO] [10/15] Processing ZELOT (ZELOT_4028328d.pdf)
[2026-04-26 08:50:17] [INFO]   Fund category: HISSE (override=False)
[2026-04-26 08:50:18] [ERROR]   ❌ UNKNOWN extraction failed
[2026-04-26 08:50:19] [INFO] [11/15] Processing ZGOLD (ZGOLD_4028328d.pdf)
[2026-04-26 08:50:19] [INFO]   Fund category: KIRA (override=False)
[2026-04-26 08:50:19] [WARN]   Skipping KIRA fon — no standard portföy table
[2026-04-26 08:50:19] [ERROR]   ❌ UNKNOWN extraction failed
[2026-04-26 08:50:20] [INFO] [12/15] Processing ZPBDL (ZPBDL_4028328d.pdf)
[2026-04-26 08:50:20] [INFO]   Fund category: PARA (override=False)
[2026-04-26 08:50:20] [ERROR]   ❌ UNKNOWN extraction failed
[2026-04-26 08:50:21] [INFO] [13/15] Processing ZPX30 (ZPX30_4028328d.pdf)
[2026-04-26 08:50:22] [INFO]   Fund category: PARA (override=False)
[2026-04-26 08:50:22] [ERROR]   ❌ UNKNOWN extraction failed
[2026-04-26 08:50:23] [INFO] [14/15] Processing ZTLRK (ZTLRK_4028328d.pdf)
[2026-04-26 08:50:23] [INFO]   Fund category: KIRA (override=False)
[2026-04-26 08:50:23] [WARN]   Skipping KIRA fon — no standard portföy table
[2026-04-26 08:50:23] [ERROR]   ❌ UNKNOWN extraction failed
[2026-04-26 08:50:24] [INFO] [15/15] Processing ZTM25 (ZTM25_4028328d.pdf)
[2026-04-26 08:50:24] [INFO]   Fund category: HISSE (override=False)
[2026-04-26 08:50:25] [ERROR]   ❌ UNKNOWN extraction failed
[2026-04-26 08:50:26] [INFO] === BATCH COMPLETE: 0 ✅  15 ❌ ===
[2026-04-26 08:58:51] [INFO] ============================================================
[2026-04-26 08:58:51] [INFO] KAP Portfolio Parser — pdfplumber + GLM fallback
[2026-04-26 08:58:51] [INFO] PDF dir: /Users/admin/Desktop/projects/fon-app/pdfs/portfoy_dagilim
[2026-04-26 08:58:51] [INFO] Zhipu key: SET
[2026-04-26 08:58:51] [INFO] Supabase key: SET
[2026-04-26 08:58:51] [INFO] ============================================================
[2026-04-26 08:58:51] [INFO] Found 507 PDF files in /Users/admin/Desktop/projects/fon-app/pdfs/portfoy_dagilim
[2026-04-26 08:58:51] [INFO] Pending: 59 PDFs (resume=False)
[2026-04-26 08:58:51] [INFO] DB fund_type lookup: 52/59 found
[2026-04-26 08:58:51] [WARN]   Skipping GTY (DB fund_type=SRF) → SERBEST
[2026-04-26 08:58:51] [WARN]   Skipping GZM (DB fund_type=SRF) → SERBEST
[2026-04-26 08:58:51] [WARN]   Skipping GZN (DB fund_type=SRF) → SERBEST
[2026-04-26 08:58:51] [WARN]   Skipping KTS (DB fund_type=SRF) → SERBEST
[2026-04-26 08:58:51] [WARN]   Skipping KVK (DB fund_type=SRF) → SERBEST
[2026-04-26 08:58:51] [WARN]   Skipping MJG (DB fund_type=OKS) → KIRA
[2026-04-26 08:58:51] [WARN]   Skipping MRI (DB fund_type=SRF) → SERBEST
[2026-04-26 08:58:51] [WARN]   Skipping MTG (DB fund_type=SRF) → SERBEST
[2026-04-26 08:58:51] [WARN]   Skipping ODD (DB fund_type=SRF) → SERBEST
[2026-04-26 08:58:51] [WARN]   Skipping OFS (DB fund_type=OKS) → KIRA
[2026-04-26 08:58:51] [WARN]   Skipping ONE (DB fund_type=SRF) → SERBEST
[2026-04-26 08:58:51] [WARN]   Skipping PBK (DB fund_type=SRF) → SERBEST
[2026-04-26 08:58:51] [WARN]   Skipping PBN (DB fund_type=SRF) → SERBEST
[2026-04-26 08:58:51] [WARN]   Skipping PFO (DB fund_type=OKS) → KIRA
[2026-04-26 08:58:51] [WARN]   Skipping PKD (DB fund_type=SRF) → SERBEST
[2026-04-26 08:58:51] [WARN]   Skipping PPE (DB fund_type=SRF) → SERBEST
[2026-04-26 08:58:51] [WARN]   Skipping PPM (DB fund_type=SRF) → SERBEST
[2026-04-26 08:58:51] [WARN]   Skipping PPS (DB fund_type=SRF) → SERBEST
[2026-04-26 08:58:51] [WARN]   Skipping RBI (DB fund_type=SRF) → SERBEST
[2026-04-26 08:58:51] [WARN]   Skipping RBN (DB fund_type=SRF) → SERBEST
[2026-04-26 08:58:51] [WARN]   Skipping RBR (DB fund_type=SRF) → SERBEST
[2026-04-26 08:58:51] [WARN]   Skipping RDT (DB fund_type=SRF) → SERBEST
[2026-04-26 08:58:51] [WARN]   Skipping RIH (DB fund_type=SRF) → SERBEST
[2026-04-26 08:58:52] [WARN]   Skipping RPL (DB fund_type=SRF) → SERBEST
[2026-04-26 08:58:52] [WARN]   Skipping RTP (DB fund_type=SRF) → SERBEST
[2026-04-26 08:58:52] [WARN]   Skipping SSF (DB fund_type=SRF) → SERBEST
[2026-04-26 08:58:52] [WARN]   Skipping TCF (DB fund_type=OKS) → KIRA
[2026-04-26 08:58:52] [WARN]   Skipping TGN (DB fund_type=SRF) → SERBEST
[2026-04-26 08:58:52] [WARN]   Skipping TJT (DB fund_type=SRF) → SERBEST
[2026-04-26 08:58:52] [WARN]   Skipping TLY (DB fund_type=SRF) → SERBEST
[2026-04-26 08:58:52] [WARN]   Skipping TPJ (DB fund_type=SRF) → SERBEST
[2026-04-26 08:58:52] [WARN]   Skipping TPP (DB fund_type=SRF) → SERBEST
[2026-04-26 08:58:52] [WARN]   Skipping ULH (DB fund_type=SRF) → SERBEST
[2026-04-26 08:58:52] [WARN]   Skipping UP2 (DB fund_type=SRF) → SERBEST
[2026-04-26 08:58:52] [WARN]   Skipping UPD (DB fund_type=SRF) → SERBEST
[2026-04-26 08:58:52] [WARN]   Skipping VMV (DB fund_type=SRF) → SERBEST
[2026-04-26 08:58:52] [WARN]   Skipping ZCN (DB fund_type=OKS) → KIRA
[2026-04-26 08:58:52] [WARN]   Skipping ZP6 (DB fund_type=SRF) → SERBEST
[2026-04-26 08:58:52] [WARN]   Skipping ZP8 (DB fund_type=SRF) → SERBEST
[2026-04-26 08:58:52] [WARN]   Skipping ZP9 (DB fund_type=SRF) → SERBEST
[2026-04-26 08:58:52] [WARN]   Skipping ZPA (DB fund_type=SRF) → SERBEST
[2026-04-26 08:58:52] [WARN]   Skipping ZSG (DB fund_type=OKS) → KIRA
[2026-04-26 08:58:52] [WARN]   Skipping ZTG (DB fund_type=OKS) → KIRA
[2026-04-26 08:58:52] [WARN]   Skipping ZVO (DB fund_type=SRF) → SERBEST
[2026-04-26 08:58:52] [INFO] Skipped: {'SERBEST': 37, 'KIRA': 7} | Processing: 15 funds
[2026-04-26 08:58:52] [WARN] _create_job_run failed: 400 {"message":"Failed to run sql query: ERROR:  42601: syntax error at or near \"{\"\nLINE 1: INSERT INTO parse_job_runs (total_funds, status, started_at) VALUES ({total_funds}, 'running', NOW()) RETURNI
[2026-04-26 08:58:52] [INFO] [1/15] Processing OHK (OHK_4028328c.pdf)
[2026-04-26 08:58:52] [INFO]   DB → KAP category=KARMA
[2026-04-26 08:58:52] [INFO]   KARMA fund: GLM directly (no pdfplumber)
[2026-04-26 08:58:53] [WARN]   PDF read (maxpages=3) failed for OHK: Unexpected EOF
[2026-04-26 08:58:54] [WARN]   PDF read (maxpages=1) failed for OHK: Unexpected EOF
[2026-04-26 08:58:54] [ERROR]   ❌ PDF read failed for OHK (all attempts)
[2026-04-26 08:58:56] [INFO] [2/15] Processing OYL (OYL_4028328c.pdf)
[2026-04-26 08:58:56] [INFO]   DB → KAP category=KARMA
[2026-04-26 08:58:56] [INFO]   KARMA fund: GLM directly (no pdfplumber)
[2026-04-26 08:59:02] [WARN]   PDF read (maxpages=3) failed for OYL: Unexpected EOF
[2026-04-26 08:59:08] [WARN]   PDF read (maxpages=1) failed for OYL: Unexpected EOF
[2026-04-26 08:59:08] [ERROR]   ❌ PDF read failed for OYL (all attempts)
[2026-04-26 08:59:09] [INFO] [3/15] Processing SUA (SUA_4028328d.pdf)
[2026-04-26 08:59:09] [INFO]   DB → KAP category=KARMA
[2026-04-26 08:59:09] [INFO]   KARMA fund: GLM directly (no pdfplumber)
[2026-04-26 08:59:17] [WARN]   PDF read (maxpages=3) failed for SUA: No /Root object! - Is this really a PDF?
[2026-04-26 08:59:26] [WARN]   PDF read (maxpages=1) failed for SUA: No /Root object! - Is this really a PDF?
[2026-04-26 08:59:26] [ERROR]   ❌ PDF read failed for SUA (all attempts)
[2026-04-26 08:59:27] [INFO] [4/15] Processing SUB (SUB_4028328d.pdf)
[2026-04-26 08:59:27] [INFO]   DB → KAP category=KARMA
[2026-04-26 08:59:27] [INFO]   KARMA fund: GLM directly (no pdfplumber)
[2026-04-26 09:00:15] [WARN] GLM empty content for SUB (attempt 1)
[2026-04-26 09:01:03] [WARN] GLM empty content for SUB (attempt 2)
[2026-04-26 09:01:47] [INFO] REUPSERT: Starting re-upsert for 207 missing funds
[2026-04-26 09:02:11] [INFO] REUPSERT: Progress: 20/207 — 20 OK, 0 FAIL
[2026-04-26 09:02:32] [INFO] REUPSERT: Progress: 40/207 — 40 OK, 0 FAIL
[2026-04-26 09:02:37] [WARN] REUPSERT: GOP: empty PDF text
[2026-04-26 09:03:03] [INFO] REUPSERT: Progress: 60/207 — 59 OK, 1 FAIL
[2026-04-26 09:03:30] [INFO] REUPSERT: Progress: 80/207 — 79 OK, 1 FAIL
[2026-04-26 09:04:00] [INFO] REUPSERT: Progress: 100/207 — 99 OK, 1 FAIL
[2026-04-26 09:04:20] [INFO] REUPSERT: Progress: 120/207 — 119 OK, 1 FAIL
[2026-04-26 09:05:03] [INFO] REUPSERT: Progress: 140/207 — 139 OK, 1 FAIL
[2026-04-26 09:05:26] [INFO] REUPSERT: Progress: 160/207 — 159 OK, 1 FAIL
[2026-04-26 09:05:51] [INFO] REUPSERT: Progress: 180/207 — 179 OK, 1 FAIL
[2026-04-26 09:06:21] [INFO] REUPSERT: Progress: 200/207 — 199 OK, 1 FAIL
[2026-04-26 09:06:29] [INFO] REUPSERT: === RE-UPSERT COMPLETE: 206 ✅  1 ❌ ===
[2026-04-26 09:10:19] [INFO]   Fund category: HISSE (override=False)
[2026-04-26 09:10:20] [ERROR]   ❌ UNKNOWN extraction failed
[2026-04-26 09:12:28] [INFO]   Fund category: HISSE (override=False)
[2026-04-26 09:12:29] [ERROR]   ❌ UNKNOWN extraction failed
[2026-04-26 09:12:51] [INFO]   Fund category: HISSE (override=False)
[2026-04-26 09:12:52] [ERROR]   ❌ UNKNOWN extraction failed
[2026-04-26 09:15:53] [WARN] GLM empty content for GTY (attempt 1)
[2026-04-26 09:16:56] [WARN] GLM empty content for GTY (attempt 2)
[2026-04-26 09:22:25] [WARN] GLM empty content for GTY (attempt 1)
[2026-04-26 09:23:38] [INFO] ============================================================
[2026-04-26 09:23:38] [INFO] KAP Portfolio Parser — pdfplumber + GLM fallback
[2026-04-26 09:23:38] [INFO] PDF dir: /Users/admin/Desktop/projects/fon-app/pdfs/portfoy_dagilim
[2026-04-26 09:23:38] [INFO] Zhipu key: SET
[2026-04-26 09:23:38] [INFO] Supabase key: SET
[2026-04-26 09:23:38] [INFO] ============================================================
[2026-04-26 09:23:38] [INFO] Found 507 PDF files in /Users/admin/Desktop/projects/fon-app/pdfs/portfoy_dagilim
[2026-04-26 09:23:38] [INFO] Pending: 59 PDFs (resume=False)
[2026-04-26 09:23:39] [INFO] DB fund_type lookup: 52/59 found
[2026-04-26 09:23:39] [WARN]   Skipping MJG (DB fund_type=OKS) → KIRA
[2026-04-26 09:23:39] [WARN]   Skipping OFS (DB fund_type=OKS) → KIRA
[2026-04-26 09:23:39] [WARN]   Skipping PFO (DB fund_type=OKS) → KIRA
[2026-04-26 09:23:39] [WARN]   Skipping TCF (DB fund_type=OKS) → KIRA
[2026-04-26 09:23:39] [WARN]   Skipping ZCN (DB fund_type=OKS) → KIRA
[2026-04-26 09:23:39] [WARN]   Skipping ZSG (DB fund_type=OKS) → KIRA
[2026-04-26 09:23:39] [WARN]   Skipping ZTG (DB fund_type=OKS) → KIRA
[2026-04-26 09:23:39] [INFO] Skipped: {'SERBEST': 0, 'KIRA': 7} | Processing: 52 funds
[2026-04-26 09:23:40] [WARN] _create_job_run failed: 400 {"message":"Failed to run sql query: ERROR:  42601: syntax error at or near \"{\"\nLINE 1: INSERT INTO parse_job_runs (total_funds, status, started_at) VALUES ({total_funds}, 'running', NOW()) RETURNI
[2026-04-26 09:23:40] [INFO] [1/52] Processing GTY (GTY_4028328d.pdf)
[2026-04-26 09:23:40] [INFO]   DB → KAP category=HISSE
[2026-04-26 09:23:40] [INFO]   Fund category: HISSE (override=True)
[2026-04-26 09:23:41] [WARN]   Fallback: attempting GLM for HISSE...
[2026-04-26 09:24:07] [INFO]   HISSE fund: glm_fallback
[2026-04-26 09:24:07] [INFO]   ✅ Upserted GTY — total=100.5%
[2026-04-26 09:24:08] [INFO] [2/52] Processing GZM (GZM_4028328c.pdf)
[2026-04-26 09:24:08] [INFO]   DB → KAP category=HISSE
[2026-04-26 09:24:11] [INFO]   Fund category: HISSE (override=True)
[2026-04-26 09:24:14] [WARN]   Fallback: attempting GLM for HISSE...
[2026-04-26 09:24:48] [INFO]   HISSE fund: glm_fallback
[2026-04-26 09:24:48] [INFO]   ✅ Upserted GZM — total=100.0%
[2026-04-26 09:24:49] [INFO] [3/52] Processing GZN (GZN_4028328c.pdf)
[2026-04-26 09:24:49] [INFO]   DB → KAP category=HISSE
[2026-04-26 09:24:51] [INFO]   Fund category: HISSE (override=True)
[2026-04-26 09:25:29] [WARN]   Fallback: attempting GLM for HISSE...
[2026-04-26 09:26:17] [INFO]   ✅ JSON from reasoning_content for GZN (attempt 1)
[2026-04-26 09:26:17] [INFO]   HISSE fund: glm_fallback
[2026-04-26 09:26:17] [INFO]   ✅ Upserted GZN — total=101.12%
[2026-04-26 09:26:18] [INFO] [4/52] Processing KTS (KTS_4028328d.pdf)
[2026-04-26 09:26:18] [INFO]   DB → KAP category=HISSE
[2026-04-26 09:26:20] [INFO]   Fund category: HISSE (override=True)
[2026-04-26 09:26:21] [WARN]   Fallback: attempting GLM for HISSE...
[2026-04-26 09:27:21] [INFO]   ✅ JSON from reasoning_content for KTS (attempt 1)
[2026-04-26 09:27:21] [INFO]   HISSE fund: glm_fallback
[2026-04-26 09:27:22] [INFO]   ✅ Upserted KTS — total=97.64%
[2026-04-26 09:27:23] [INFO] [5/52] Processing KVK (KVK_4028328d.pdf)
[2026-04-26 09:27:23] [INFO]   DB → KAP category=HISSE
[2026-04-26 09:27:23] [INFO]   Fund category: HISSE (override=True)
[2026-04-26 09:27:23] [WARN]   Fallback: attempting GLM for HISSE...
[2026-04-26 09:28:09] [INFO]   HISSE fund: glm_fallback
[2026-04-26 09:28:09] [INFO]   ✅ Upserted KVK — total=100%
[2026-04-26 09:28:10] [INFO] [6/52] Processing MRI (MRI_4028328c.pdf)
[2026-04-26 09:28:10] [INFO]   DB → KAP category=HISSE
[2026-04-26 09:28:11] [INFO]   Fund category: HISSE (override=True)
[2026-04-26 09:28:11] [WARN]   Fallback: attempting GLM for HISSE...
[2026-04-26 09:29:06] [INFO]   ✅ JSON from reasoning_content for MRI (attempt 1)
[2026-04-26 09:29:06] [INFO]   HISSE fund: glm_fallback
[2026-04-26 09:29:06] [INFO]   ✅ Upserted MRI — total=100%
[2026-04-26 09:29:07] [INFO] [7/52] Processing MTG (MTG_4028328c.pdf)
[2026-04-26 09:29:07] [INFO]   DB → KAP category=HISSE
[2026-04-26 09:29:07] [INFO]   Fund category: HISSE (override=True)
[2026-04-26 09:29:08] [WARN]   Fallback: attempting GLM for HISSE...
[2026-04-26 09:29:47] [INFO]   HISSE fund: glm_fallback
[2026-04-26 09:29:47] [INFO]   ✅ Upserted MTG — total=100%
[2026-04-26 09:29:48] [INFO] [8/52] Processing ODD (ODD_4028328c.pdf)
[2026-04-26 09:29:48] [INFO]   DB → KAP category=HISSE
[2026-04-26 09:29:48] [INFO]   Fund category: HISSE (override=True)
[2026-04-26 09:29:49] [WARN]   Fallback: attempting GLM for HISSE...
[2026-04-26 09:30:33] [INFO]   HISSE fund: glm_fallback
[2026-04-26 09:30:33] [INFO]   ✅ Upserted ODD — total=100.0%
[2026-04-26 09:30:34] [INFO] [9/52] Processing OHK (OHK_4028328c.pdf)
[2026-04-26 09:30:34] [INFO]   DB → KAP category=KARMA
[2026-04-26 09:30:34] [INFO]   KARMA fund: GLM directly (no pdfplumber)
[2026-04-26 09:30:36] [WARN]   PDF read (maxpages=3) failed for OHK: Unexpected EOF
[2026-04-26 09:30:37] [WARN]   PDF read (maxpages=1) failed for OHK: Unexpected EOF
[2026-04-26 09:30:37] [ERROR]   ❌ PDF read failed for OHK (all attempts)
[2026-04-26 09:30:38] [INFO] [10/52] Processing ONE (ONE_4028328d.pdf)
[2026-04-26 09:30:38] [INFO]   DB → KAP category=HISSE
[2026-04-26 09:30:38] [INFO]   Fund category: HISSE (override=True)
[2026-04-26 09:30:39] [WARN]   Fallback: attempting GLM for HISSE...
[2026-04-26 09:31:29] [WARN] GLM empty content for ONE (attempt 1)
[2026-04-26 09:32:17] [INFO]   HISSE fund: glm_fallback
[2026-04-26 09:32:17] [INFO]   ✅ Upserted ONE — total=100.0%
[2026-04-26 09:32:18] [INFO] [11/52] Processing OYL (OYL_4028328c.pdf)
[2026-04-26 09:32:18] [INFO]   DB → KAP category=KARMA
[2026-04-26 09:32:18] [INFO]   KARMA fund: GLM directly (no pdfplumber)
[2026-04-26 09:32:25] [WARN]   PDF read (maxpages=3) failed for OYL: Unexpected EOF
[2026-04-26 09:32:31] [WARN]   PDF read (maxpages=1) failed for OYL: Unexpected EOF
[2026-04-26 09:32:31] [ERROR]   ❌ PDF read failed for OYL (all attempts)
[2026-04-26 09:32:32] [INFO] [12/52] Processing PBK (PBK_4028328d.pdf)
[2026-04-26 09:32:32] [INFO]   DB → KAP category=HISSE
[2026-04-26 09:32:33] [INFO]   Fund category: HISSE (override=True)
[2026-04-26 09:32:34] [WARN]   Fallback: attempting GLM for HISSE...
[2026-04-26 09:33:37] [INFO]   ✅ JSON from reasoning_content for PBK (attempt 1)
[2026-04-26 09:33:37] [INFO]   HISSE fund: glm_fallback
[2026-04-26 09:33:37] [INFO]   ✅ Upserted PBK — total=100%
[2026-04-26 09:33:39] [INFO] [13/52] Processing PBN (PBN_4028328c.pdf)
[2026-04-26 09:33:39] [INFO]   DB → KAP category=HISSE
[2026-04-26 09:33:40] [INFO]   Fund category: HISSE (override=True)
[2026-04-26 09:33:41] [WARN]   Fallback: attempting GLM for HISSE...
[2026-04-26 09:34:43] [INFO]   ✅ JSON from reasoning_content for PBN (attempt 1)
[2026-04-26 09:34:43] [INFO]   HISSE fund: glm_fallback
[2026-04-26 09:34:43] [INFO]   ✅ Upserted PBN — total=100.0%
[2026-04-26 09:34:44] [INFO] [14/52] Processing PKD (PKD_4028328c.pdf)
[2026-04-26 09:34:44] [INFO]   DB → KAP category=HISSE
[2026-04-26 09:34:45] [INFO]   Fund category: HISSE (override=True)
[2026-04-26 09:34:45] [WARN]   Fallback: attempting GLM for HISSE...
[2026-04-26 09:35:12] [INFO]   HISSE fund: glm_fallback
[2026-04-26 09:35:12] [INFO]   ✅ Upserted PKD — total=100.0%
[2026-04-26 09:35:13] [INFO] [15/52] Processing PPE (PPE_4028328c.pdf)
[2026-04-26 09:35:13] [INFO]   DB → KAP category=HISSE
[2026-04-26 09:35:14] [INFO]   Fund category: HISSE (override=True)
[2026-04-26 09:35:14] [WARN]   Fallback: attempting GLM for HISSE...
[2026-04-26 09:36:03] [INFO]   HISSE fund: glm_fallback
[2026-04-26 09:36:05] [INFO]   ✅ Upserted PPE — total=?%
[2026-04-26 09:36:06] [INFO] [16/52] Processing PPM (PPM_4028328c.pdf)
[2026-04-26 09:36:06] [INFO]   DB → KAP category=HISSE
[2026-04-26 09:36:10] [INFO]   Fund category: HISSE (override=True)
[2026-04-26 09:36:16] [WARN]   Fallback: attempting GLM for HISSE...
[2026-04-26 09:37:12] [INFO]   ✅ JSON from reasoning_content for PPM (attempt 1)
[2026-04-26 09:37:12] [INFO]   HISSE fund: glm_fallback
[2026-04-26 09:37:12] [INFO]   ✅ Upserted PPM — total=99.99%
[2026-04-26 09:37:13] [INFO] [17/52] Processing PPS (PPS_4028328c.pdf)
[2026-04-26 09:37:13] [INFO]   DB → KAP category=HISSE
[2026-04-26 09:37:13] [INFO]   Fund category: HISSE (override=True)
[2026-04-26 09:37:14] [WARN]   Fallback: attempting GLM for HISSE...
[2026-04-26 09:37:42] [INFO]   HISSE fund: glm_fallback
[2026-04-26 09:37:42] [INFO]   ✅ Upserted PPS — total=100.0%
[2026-04-26 09:37:43] [INFO] [18/52] Processing RBI (RBI_4028328d.pdf)
[2026-04-26 09:37:43] [INFO]   DB → KAP category=HISSE
[2026-04-26 09:37:43] [INFO]   Fund category: HISSE (override=True)
[2026-04-26 09:37:43] [WARN]   Fallback: attempting GLM for HISSE...
[2026-04-26 09:38:33] [WARN] GLM empty content for RBI (attempt 1)
[2026-04-26 09:39:26] [INFO]   ✅ JSON from reasoning_content for RBI (attempt 2)
[2026-04-26 09:39:26] [INFO]   HISSE fund: glm_fallback
[2026-04-26 09:39:26] [INFO]   ✅ Upserted RBI — total=100.06%
[2026-04-26 09:39:28] [INFO] [19/52] Processing RBN (RBN_4028328d.pdf)
[2026-04-26 09:39:28] [INFO]   DB → KAP category=HISSE
[2026-04-26 09:39:29] [INFO]   Fund category: HISSE (override=True)
[2026-04-26 09:39:29] [WARN]   Fallback: attempting GLM for HISSE...
[2026-04-26 09:40:02] [INFO]   HISSE fund: glm_fallback
[2026-04-26 09:40:02] [INFO]   ✅ Upserted RBN — total=100%
[2026-04-26 09:40:03] [INFO] [20/52] Processing RBR (RBR_4028328d.pdf)
[2026-04-26 09:40:03] [INFO]   DB → KAP category=HISSE
[2026-04-26 09:40:03] [INFO]   Fund category: HISSE (override=True)
[2026-04-26 09:40:04] [WARN]   Fallback: attempting GLM for HISSE...
[2026-04-26 09:40:56] [INFO]   ✅ JSON from reasoning_content for RBR (attempt 1)
[2026-04-26 09:40:56] [INFO]   HISSE fund: glm_fallback
[2026-04-26 09:40:56] [INFO]   ✅ Upserted RBR — total=100.0%
[2026-04-26 09:40:58] [INFO] [21/52] Processing RDT (RDT_4028328c.pdf)
[2026-04-26 09:40:58] [INFO]   DB → KAP category=HISSE
[2026-04-26 09:40:58] [INFO]   Fund category: HISSE (override=True)
[2026-04-26 09:40:58] [WARN]   Fallback: attempting GLM for HISSE...
[2026-04-26 09:41:48] [INFO]   ✅ JSON from reasoning_content for RDT (attempt 1)
[2026-04-26 09:41:48] [INFO]   HISSE fund: glm_fallback
[2026-04-26 09:41:48] [INFO]   ✅ Upserted RDT — total=100.0%
[2026-04-26 09:41:49] [INFO] [22/52] Processing RIH (RIH_4028328d.pdf)
[2026-04-26 09:41:49] [INFO]   DB → KAP category=HISSE
[2026-04-26 09:41:49] [INFO]   Fund category: HISSE (override=True)
[2026-04-26 09:41:50] [WARN]   Fallback: attempting GLM for HISSE...
[2026-04-26 09:42:26] [INFO]   HISSE fund: glm_fallback
[2026-04-26 09:42:27] [INFO]   ✅ Upserted RIH — total=100.0%
[2026-04-26 09:42:28] [INFO] [23/52] Processing RPL (RPL_4028328d.pdf)
[2026-04-26 09:42:28] [INFO]   DB → KAP category=HISSE
[2026-04-26 09:42:30] [INFO]   Fund category: HISSE (override=True)
[2026-04-26 09:42:37] [WARN]   Fallback: attempting GLM for HISSE...
[2026-04-26 09:43:29] [INFO]   ✅ JSON from reasoning_content for RPL (attempt 1)
[2026-04-26 09:43:29] [INFO]   HISSE fund: glm_fallback
[2026-04-26 09:43:29] [INFO]   ✅ Upserted RPL — total=100%
[2026-04-26 09:43:30] [INFO] [24/52] Processing RTP (RTP_4028328d.pdf)
[2026-04-26 09:43:30] [INFO]   DB → KAP category=HISSE
[2026-04-26 09:43:33] [INFO]   Fund category: HISSE (override=True)
[2026-04-26 09:43:36] [WARN]   Fallback: attempting GLM for HISSE...
[2026-04-26 09:44:39] [WARN] GLM empty content for RTP (attempt 1)
[2026-04-26 09:45:33] [INFO]   ✅ JSON from reasoning_content for RTP (attempt 2)
[2026-04-26 09:45:33] [INFO]   HISSE fund: glm_fallback
[2026-04-26 09:45:33] [INFO]   ✅ Upserted RTP — total=101.04%
[2026-04-26 09:45:34] [INFO] [25/52] Processing SSF (SSF_4028328d.pdf)
[2026-04-26 09:45:34] [INFO]   DB → KAP category=HISSE
[2026-04-26 09:45:35] [INFO]   Fund category: HISSE (override=True)
[2026-04-26 09:45:35] [WARN]   Fallback: attempting GLM for HISSE...
[2026-04-26 09:46:30] [WARN] GLM empty content for SSF (attempt 1)
[2026-04-26 09:47:17] [WARN] GLM empty content for SSF (attempt 2)
[2026-04-26 09:48:05] [WARN] GLM empty content for SSF (attempt 3)
[2026-04-26 09:48:07] [ERROR]   ❌ HISSE extraction failed
[2026-04-26 09:48:08] [INFO] [26/52] Processing SUA (SUA_4028328d.pdf)
[2026-04-26 09:48:08] [INFO]   DB → KAP category=KARMA
[2026-04-26 09:48:08] [INFO]   KARMA fund: GLM directly (no pdfplumber)
[2026-04-26 09:48:17] [WARN]   PDF read (maxpages=3) failed for SUA: No /Root object! - Is this really a PDF?
[2026-04-26 09:48:25] [WARN]   PDF read (maxpages=1) failed for SUA: No /Root object! - Is this really a PDF?
[2026-04-26 09:48:25] [ERROR]   ❌ PDF read failed for SUA (all attempts)
[2026-04-26 09:48:26] [INFO] [27/52] Processing SUB (SUB_4028328d.pdf)
[2026-04-26 09:48:26] [INFO]   DB → KAP category=KARMA
[2026-04-26 09:48:26] [INFO]   KARMA fund: GLM directly (no pdfplumber)
[2026-04-26 09:49:17] [WARN] GLM empty content for SUB (attempt 1)
[2026-04-26 09:50:03] [INFO]   ✅ JSON from reasoning_content for SUB (attempt 2)
[2026-04-26 09:50:03] [INFO]   ✅ KARMA GLM success: stock=0.82%
[2026-04-26 09:50:04] [INFO]   ✅ Upserted SUB
[2026-04-26 09:50:05] [INFO] [28/52] Processing TGN (TGN_4028328c.pdf)
[2026-04-26 09:50:05] [INFO]   DB → KAP category=HISSE
[2026-04-26 09:50:05] [INFO]   Fund category: HISSE (override=True)
[2026-04-26 09:50:06] [WARN]   Fallback: attempting GLM for HISSE...
[2026-04-26 09:50:39] [INFO]   HISSE fund: glm_fallback
[2026-04-26 09:50:39] [INFO]   ✅ Upserted TGN — total=100%
[2026-04-26 09:50:41] [INFO] [29/52] Processing TJT (TJT_4028328c.pdf)
[2026-04-26 09:50:41] [INFO]   DB → KAP category=HISSE
[2026-04-26 09:50:42] [INFO]   Fund category: HISSE (override=True)
[2026-04-26 09:50:42] [WARN]   Fallback: attempting GLM for HISSE...
[2026-04-26 09:51:30] [INFO]   HISSE fund: glm_fallback
[2026-04-26 09:51:30] [INFO]   ✅ Upserted TJT — total=100.0%
[2026-04-26 09:51:31] [INFO] [30/52] Processing TLY (TLY_4028328d.pdf)
[2026-04-26 09:51:31] [INFO]   DB → KAP category=HISSE
[2026-04-26 09:51:32] [INFO]   Fund category: HISSE (override=True)
[2026-04-26 09:51:32] [WARN]   Fallback: attempting GLM for HISSE...
[2026-04-26 09:52:22] [INFO]   ✅ JSON from reasoning_content for TLY (attempt 1)
[2026-04-26 09:52:22] [INFO]   HISSE fund: glm_fallback
[2026-04-26 09:52:22] [INFO]   ✅ Upserted TLY — total=100.0%
[2026-04-26 09:52:23] [INFO] [31/52] Processing TPJ (TPJ_4028328c.pdf)
[2026-04-26 09:52:23] [INFO]   DB → KAP category=HISSE
[2026-04-26 09:52:26] [INFO]   Fund category: HISSE (override=True)
[2026-04-26 09:52:26] [WARN]   Fallback: attempting GLM for HISSE...
[2026-04-26 09:53:14] [INFO]   ✅ JSON from reasoning_content for TPJ (attempt 1)
[2026-04-26 09:53:14] [INFO]   HISSE fund: glm_fallback
[2026-04-26 09:53:15] [INFO]   ✅ Upserted TPJ — total=100%
[2026-04-26 09:53:16] [INFO] [32/52] Processing TPL (TPL_4028328c.pdf)
[2026-04-26 09:53:16] [INFO]   DB → KAP category=SKIP
[2026-04-26 09:53:18] [INFO]   Fund category: SKIP (override=True)
[2026-04-26 09:53:19] [ERROR]   ❌ SKIP extraction failed
[2026-04-26 09:53:20] [INFO] [33/52] Processing TPP (TPP_4028328c.pdf)
[2026-04-26 09:53:20] [INFO]   DB → KAP category=HISSE
[2026-04-26 09:53:22] [INFO]   Fund category: HISSE (override=True)
[2026-04-26 09:53:33] [WARN]   Fallback: attempting GLM for HISSE...
[2026-04-26 09:54:25] [INFO]   ✅ JSON from reasoning_content for TPP (attempt 1)
[2026-04-26 09:54:25] [INFO]   HISSE fund: glm_fallback
[2026-04-26 09:54:25] [INFO]   ✅ Upserted TPP — total=100.09%
[2026-04-26 09:54:27] [INFO] [34/52] Processing TRO (TRO_4028328d.pdf)
[2026-04-26 09:54:27] [INFO]   DB → KAP category=SKIP
[2026-04-26 09:54:27] [INFO]   Fund category: SKIP (override=True)
[2026-04-26 09:54:27] [ERROR]   ❌ SKIP extraction failed
[2026-04-26 09:54:28] [INFO] [35/52] Processing ULH (ULH_4028328d.pdf)
[2026-04-26 09:54:28] [INFO]   DB → KAP category=HISSE
[2026-04-26 09:54:31] [INFO]   Fund category: HISSE (override=True)
[2026-04-26 09:54:33] [WARN]   Fallback: attempting GLM for HISSE...
[2026-04-26 09:55:32] [WARN] GLM empty content for ULH (attempt 1)
[2026-04-26 09:57:28] [WARN] GLM empty content for ULH (attempt 2)
[2026-04-26 09:58:18] [INFO]   ✅ JSON from reasoning_content for ULH (attempt 3)
[2026-04-26 09:58:18] [INFO]   HISSE fund: glm_fallback
[2026-04-26 09:58:19] [INFO]   ✅ Upserted ULH — total=100%
[2026-04-26 09:58:20] [INFO] [36/52] Processing UP1 (UP1_4028328d.pdf)
[2026-04-26 09:58:20] [INFO]   DB → KAP category=SKIP
[2026-04-26 09:58:26] [INFO]   Fund category: SKIP (override=True)
[2026-04-26 09:58:32] [ERROR]   ❌ SKIP extraction failed
[2026-04-26 09:58:33] [INFO] [37/52] Processing UP2 (UP2_4028328d.pdf)
[2026-04-26 09:58:33] [INFO]   DB → KAP category=HISSE
[2026-04-26 09:58:35] [WARN] parse_portfolio_tables error UP2_4028328d.pdf: No /Root object! - Is this really a PDF?
[2026-04-26 09:58:35] [WARN]   Fallback: attempting GLM for HISSE...
[2026-04-26 11:49:22] [INFO] ============================================================
[2026-04-26 11:49:22] [INFO] KAP Portfolio Parser — pdfplumber + GLM fallback
[2026-04-26 11:49:22] [INFO] PDF dir: /Users/admin/Desktop/projects/fon-app/pdfs/portfoy_dagilim
[2026-04-26 11:49:22] [INFO] Zhipu key: SET
[2026-04-26 11:49:22] [INFO] Supabase key: SET
[2026-04-26 11:49:22] [INFO] ============================================================
[2026-04-26 11:49:22] [INFO] Found 507 PDF files in /Users/admin/Desktop/projects/fon-app/pdfs/portfoy_dagilim
[2026-04-26 11:49:22] [INFO] Pending: 30 PDFs (resume=False)
[2026-04-26 11:49:23] [INFO] DB fund_type lookup: 23/30 found
[2026-04-26 11:49:23] [WARN]   Skipping MJG (DB fund_type=OKS) → KIRA
[2026-04-26 11:49:23] [WARN]   Skipping OFS (DB fund_type=OKS) → KIRA
[2026-04-26 11:49:23] [WARN]   Skipping PFO (DB fund_type=OKS) → KIRA
[2026-04-26 11:49:23] [WARN]   Skipping TCF (DB fund_type=OKS) → KIRA
[2026-04-26 11:49:23] [WARN]   Skipping TPL (DB fund_type=DÖVİZ) → SKIP
[2026-04-26 11:49:23] [WARN]   Skipping TRO (DB fund_type=ALTIN) → SKIP
[2026-04-26 11:49:23] [WARN]   Skipping UP1 (DB fund_type=ALTIN) → SKIP
[2026-04-26 11:49:23] [WARN]   Skipping ZCN (DB fund_type=OKS) → KIRA
[2026-04-26 11:49:23] [WARN]   Skipping ZSG (DB fund_type=OKS) → KIRA
[2026-04-26 11:49:23] [WARN]   Skipping ZTG (DB fund_type=OKS) → KIRA
[2026-04-26 11:49:23] [INFO] Skipped: {'SERBEST': 0, 'KIRA': 7, 'SKIP': 3} | Processing: 20 funds
[2026-04-26 11:49:24] [WARN] _create_job_run failed: 400 {"message":"Failed to run sql query: ERROR:  42601: syntax error at or near \"{\"\nLINE 1: INSERT INTO parse_job_runs (total_funds, status, started_at) VALUES ({total_funds}, 'running', NOW()) RETURNI
[2026-04-26 11:49:24] [INFO] [1/20] Processing OHK (OHK_4028328c.pdf)
[2026-04-26 11:49:24] [INFO]   DB → KAP category=KARMA
[2026-04-26 11:49:24] [INFO]   KARMA fund: GLM directly (no pdfplumber)
[2026-04-26 11:49:25] [WARN]   PDF read (maxpages=3) failed for OHK: Unexpected EOF
[2026-04-26 11:49:26] [WARN]   PDF read (maxpages=1) failed for OHK: Unexpected EOF
[2026-04-26 11:49:26] [ERROR]   ❌ PDF read failed for OHK (all attempts)
[2026-04-26 11:49:27] [INFO] [2/20] Processing OYL (OYL_4028328c.pdf)
[2026-04-26 11:49:27] [INFO]   DB → KAP category=KARMA
[2026-04-26 11:49:27] [INFO]   KARMA fund: GLM directly (no pdfplumber)
[2026-04-26 11:49:33] [WARN]   PDF read (maxpages=3) failed for OYL: Unexpected EOF
[2026-04-26 11:49:40] [WARN]   PDF read (maxpages=1) failed for OYL: Unexpected EOF
[2026-04-26 11:49:40] [ERROR]   ❌ PDF read failed for OYL (all attempts)
[2026-04-26 11:49:41] [INFO] [3/20] Processing SSF (SSF_4028328d.pdf)
[2026-04-26 11:49:41] [INFO]   DB → KAP category=HISSE
[2026-04-26 11:49:41] [INFO]   Fund category: HISSE (override=True)
[2026-04-26 11:49:41] [WARN]   Fallback: attempting GLM for HISSE...
[2026-04-26 11:50:27] [INFO]   ✅ JSON from reasoning_content for SSF (attempt 1)
[2026-04-26 11:50:27] [INFO]   HISSE fund: glm_fallback
[2026-04-26 11:50:28] [INFO]   ✅ Upserted SSF — total=100.0%
[2026-04-26 11:50:29] [INFO] [4/20] Processing SUA (SUA_4028328d.pdf)
[2026-04-26 11:50:29] [INFO]   DB → KAP category=KARMA
[2026-04-26 11:50:29] [INFO]   KARMA fund: GLM directly (no pdfplumber)
[2026-04-26 11:50:38] [WARN]   PDF read (maxpages=3) failed for SUA: No /Root object! - Is this really a PDF?
[2026-04-26 11:50:46] [WARN]   PDF read (maxpages=1) failed for SUA: No /Root object! - Is this really a PDF?
[2026-04-26 11:50:46] [ERROR]   ❌ PDF read failed for SUA (all attempts)
[2026-04-26 11:50:47] [INFO] [5/20] Processing UP2 (UP2_4028328d.pdf)
[2026-04-26 11:50:47] [INFO]   DB → KAP category=HISSE
[2026-04-26 11:50:49] [WARN] parse_portfolio_tables error UP2_4028328d.pdf: No /Root object! - Is this really a PDF?
[2026-04-26 11:50:49] [WARN]   Fallback: attempting GLM for HISSE...
[2026-04-26 11:54:15] [INFO] ============================================================
[2026-04-26 11:54:15] [INFO] KAP Portfolio Parser — pdfplumber + GLM fallback
[2026-04-26 11:54:15] [INFO] PDF dir: /Users/admin/Desktop/projects/fon-app/pdfs/portfoy_dagilim
[2026-04-26 11:54:15] [INFO] Zhipu key: SET
[2026-04-26 11:54:15] [INFO] Supabase key: SET
[2026-04-26 11:54:15] [INFO] ============================================================
[2026-04-26 11:54:15] [INFO] Found 507 PDF files in /Users/admin/Desktop/projects/fon-app/pdfs/portfoy_dagilim
[2026-04-26 11:54:15] [INFO] Pending: 29 PDFs (resume=False)
[2026-04-26 11:54:16] [INFO] DB fund_type lookup: 22/29 found
[2026-04-26 11:54:16] [WARN]   Skipping MJG (DB fund_type=OKS) → KIRA
[2026-04-26 11:54:16] [WARN]   Skipping OFS (DB fund_type=OKS) → KIRA
[2026-04-26 11:54:16] [WARN]   Skipping PFO (DB fund_type=OKS) → KIRA
[2026-04-26 11:54:16] [WARN]   Skipping TCF (DB fund_type=OKS) → KIRA
[2026-04-26 11:54:16] [WARN]   Skipping TPL (DB fund_type=DÖVİZ) → SKIP
[2026-04-26 11:54:16] [WARN]   Skipping TRO (DB fund_type=ALTIN) → SKIP
[2026-04-26 11:54:16] [WARN]   Skipping UP1 (DB fund_type=ALTIN) → SKIP
[2026-04-26 11:54:16] [WARN]   Skipping ZCN (DB fund_type=OKS) → KIRA
[2026-04-26 11:54:16] [WARN]   Skipping ZSG (DB fund_type=OKS) → KIRA
[2026-04-26 11:54:16] [WARN]   Skipping ZTG (DB fund_type=OKS) → KIRA
[2026-04-26 11:54:16] [INFO] Skipped: {'SERBEST': 0, 'KIRA': 7, 'SKIP': 3} | Processing: 19 funds
[2026-04-26 11:54:17] [INFO] [1/19] Processing OHK (OHK_4028328c.pdf)
[2026-04-26 11:54:17] [INFO]   DB → KAP category=KARMA
[2026-04-26 11:54:17] [INFO]   KARMA fund: GLM directly (no pdfplumber)
[2026-04-26 11:54:18] [WARN]   PDF read (maxpages=3) failed for OHK: Unexpected EOF
[2026-04-26 11:54:19] [WARN]   PDF read (maxpages=1) failed for OHK: Unexpected EOF
[2026-04-26 11:54:19] [ERROR]   ❌ PDF read failed for OHK (all attempts)
[2026-04-26 11:54:20] [INFO] [2/19] Processing OYL (OYL_4028328c.pdf)
[2026-04-26 11:54:20] [INFO]   DB → KAP category=KARMA
[2026-04-26 11:54:20] [INFO]   KARMA fund: GLM directly (no pdfplumber)
[2026-04-26 11:54:26] [WARN]   PDF read (maxpages=3) failed for OYL: Unexpected EOF
[2026-04-26 11:54:33] [WARN]   PDF read (maxpages=1) failed for OYL: Unexpected EOF
[2026-04-26 11:54:33] [ERROR]   ❌ PDF read failed for OYL (all attempts)
[2026-04-26 11:54:34] [INFO] [3/19] Processing SUA (SUA_4028328d.pdf)
[2026-04-26 11:54:34] [INFO]   DB → KAP category=KARMA
[2026-04-26 11:54:34] [INFO]   KARMA fund: GLM directly (no pdfplumber)
[2026-04-26 11:54:42] [WARN]   PDF read (maxpages=3) failed for SUA: No /Root object! - Is this really a PDF?
[2026-04-26 11:54:50] [WARN]   PDF read (maxpages=1) failed for SUA: No /Root object! - Is this really a PDF?
[2026-04-26 11:54:50] [ERROR]   ❌ PDF read failed for SUA (all attempts)
[2026-04-26 11:54:51] [INFO] [4/19] Processing UP2 (UP2_4028328d.pdf)
[2026-04-26 11:54:51] [INFO]   DB → KAP category=HISSE
[2026-04-26 11:54:54] [WARN] parse_portfolio_tables error UP2_4028328d.pdf: No /Root object! - Is this really a PDF?
[2026-04-26 11:54:54] [WARN]   Fallback: attempting GLM for HISSE...
[2026-04-26 11:54:56] [WARN]   Fallback PDF read failed for UP2: No /Root object! - Is this really a PDF?
[2026-04-26 11:54:57] [ERROR]   ❌ HISSE extraction failed
[2026-04-26 11:54:58] [INFO] [5/19] Processing UPD (UPD_4028328d.pdf)
[2026-04-26 11:54:58] [INFO]   DB → KAP category=HISSE
[2026-04-26 11:55:01] [INFO]   Fund category: HISSE (override=True)
[2026-04-26 11:55:03] [WARN]   Fallback: attempting GLM for HISSE...
[2026-04-26 11:55:55] [WARN] GLM empty content for UPD (attempt 1)
[2026-04-26 11:56:40] [INFO]   ✅ JSON from reasoning_content for UPD (attempt 2)
[2026-04-26 11:56:40] [INFO]   HISSE fund: glm_fallback
[2026-04-26 11:56:41] [INFO]   ✅ Upserted UPD — total=100.99%
[2026-04-26 11:56:42] [INFO] [6/19] Processing UPH (UPH_4028328d.pdf)
[2026-04-26 11:56:42] [INFO]   DB → KAP category=KARMA
[2026-04-26 11:56:42] [INFO]   KARMA fund: GLM directly (no pdfplumber)
[2026-04-26 11:56:47] [WARN]   PDF read (maxpages=3) failed for UPH: Unexpected EOF
[2026-04-26 11:56:52] [WARN]   PDF read (maxpages=1) failed for UPH: Unexpected EOF
[2026-04-26 11:56:52] [ERROR]   ❌ PDF read failed for UPH (all attempts)
[2026-04-26 11:56:53] [INFO] [7/19] Processing USDTR (USDTR_4028328c.pdf)
[2026-04-26 11:56:54] [INFO]   Fund category: PARA (override=False)
[2026-04-26 11:56:54] [ERROR]   ❌ UNKNOWN extraction failed
[2026-04-26 11:56:55] [INFO] [8/19] Processing VMV (VMV_4028328c.pdf)
[2026-04-26 11:56:55] [INFO]   DB → KAP category=HISSE
[2026-04-26 11:56:57] [INFO]   Fund category: HISSE (override=True)
[2026-04-26 11:56:57] [WARN]   Fallback: attempting GLM for HISSE...
[2026-04-26 11:57:42] [WARN] GLM empty content for VMV (attempt 1)
[2026-04-26 11:58:14] [INFO]   HISSE fund: glm_fallback
[2026-04-26 11:58:15] [INFO]   ✅ Upserted VMV — total=97.54%
[2026-04-26 11:58:16] [INFO] [9/19] Processing ZELOT (ZELOT_4028328d.pdf)
[2026-04-26 11:58:16] [INFO]   Fund category: HISSE (override=False)
[2026-04-26 11:58:16] [ERROR]   ❌ UNKNOWN extraction failed
[2026-04-26 11:58:17] [INFO] [10/19] Processing ZGOLD (ZGOLD_4028328d.pdf)
[2026-04-26 11:58:18] [INFO]   Fund category: KIRA (override=False)
[2026-04-26 11:58:18] [WARN]   Skipping KIRA fon — no standard portföy table
[2026-04-26 11:58:18] [ERROR]   ❌ UNKNOWN extraction failed
[2026-04-26 11:58:19] [INFO] [11/19] Processing ZP6 (ZP6_4028328c.pdf)
[2026-04-26 11:58:19] [INFO]   DB → KAP category=HISSE
[2026-04-26 11:58:19] [INFO]   Fund category: HISSE (override=True)
[2026-04-26 11:58:19] [WARN]   Fallback: attempting GLM for HISSE...
[2026-04-26 11:59:00] [INFO]   ✅ JSON from reasoning_content for ZP6 (attempt 1)
[2026-04-26 11:59:00] [INFO]   HISSE fund: glm_fallback
[2026-04-26 11:59:00] [INFO]   ✅ Upserted ZP6 — total=100%
[2026-04-26 11:59:01] [INFO] [12/19] Processing ZP8 (ZP8_4028328c.pdf)
[2026-04-26 11:59:01] [INFO]   DB → KAP category=HISSE
[2026-04-26 11:59:01] [INFO]   Fund category: HISSE (override=True)
[2026-04-26 11:59:02] [WARN]   Fallback: attempting GLM for HISSE...
[2026-04-26 11:59:39] [INFO] ============================================================
[2026-04-26 11:59:39] [INFO] KAP Portfolio Parser — pdfplumber + GLM fallback
[2026-04-26 11:59:39] [INFO] PDF dir: /Users/admin/Desktop/projects/fon-app/pdfs/portfoy_dagilim
[2026-04-26 11:59:39] [INFO] Zhipu key: SET
[2026-04-26 11:59:39] [INFO] Supabase key: SET
[2026-04-26 11:59:39] [INFO] ============================================================
[2026-04-26 11:59:39] [INFO] Found 507 PDF files in /Users/admin/Desktop/projects/fon-app/pdfs/portfoy_dagilim
[2026-04-26 11:59:39] [INFO] Pending: 26 PDFs (resume=False)
[2026-04-26 11:59:41] [INFO] DB fund_type lookup: 19/26 found
[2026-04-26 11:59:41] [WARN]   Skipping MJG (DB fund_type=OKS) → KIRA
[2026-04-26 11:59:41] [WARN]   Skipping OFS (DB fund_type=OKS) → KIRA
[2026-04-26 11:59:41] [WARN]   Skipping PFO (DB fund_type=OKS) → KIRA
[2026-04-26 11:59:41] [WARN]   Skipping TCF (DB fund_type=OKS) → KIRA
[2026-04-26 11:59:41] [WARN]   Skipping TPL (DB fund_type=DÖVİZ) → SKIP
[2026-04-26 11:59:41] [WARN]   Skipping TRO (DB fund_type=ALTIN) → SKIP
[2026-04-26 11:59:41] [WARN]   Skipping UP1 (DB fund_type=ALTIN) → SKIP
[2026-04-26 11:59:41] [WARN]   Skipping ZCN (DB fund_type=OKS) → KIRA
[2026-04-26 11:59:41] [WARN]   Skipping ZSG (DB fund_type=OKS) → KIRA
[2026-04-26 11:59:41] [WARN]   Skipping ZTG (DB fund_type=OKS) → KIRA
[2026-04-26 11:59:41] [INFO] Skipped: {'SERBEST': 0, 'KIRA': 7, 'SKIP': 3} | Processing: 16 funds
[2026-04-26 11:59:42] [INFO] [1/16] Processing OHK (OHK_4028328c.pdf)
[2026-04-26 11:59:42] [INFO]   DB → KAP category=KARMA
[2026-04-26 11:59:42] [INFO]   KARMA fund: GLM directly (no pdfplumber)
[2026-04-26 11:59:43] [WARN]   PDF read (maxpages=3) failed for OHK: Unexpected EOF
[2026-04-26 11:59:44] [WARN]   PDF read (maxpages=1) failed for OHK: Unexpected EOF
[2026-04-26 11:59:44] [ERROR]   ❌ PDF read failed for OHK (all attempts)
[2026-04-26 11:59:45] [INFO] [2/16] Processing OYL (OYL_4028328c.pdf)
[2026-04-26 11:59:45] [INFO]   DB → KAP category=KARMA
[2026-04-26 11:59:45] [INFO]   KARMA fund: GLM directly (no pdfplumber)
[2026-04-26 11:59:52] [WARN]   PDF read (maxpages=3) failed for OYL: Unexpected EOF
[2026-04-26 11:59:58] [WARN]   PDF read (maxpages=1) failed for OYL: Unexpected EOF
[2026-04-26 11:59:58] [ERROR]   ❌ PDF read failed for OYL (all attempts)
[2026-04-26 11:59:59] [INFO] [3/16] Processing SUA (SUA_4028328d.pdf)
[2026-04-26 11:59:59] [INFO]   DB → KAP category=KARMA
[2026-04-26 11:59:59] [INFO]   KARMA fund: GLM directly (no pdfplumber)
[2026-04-26 12:00:07] [WARN]   PDF read (maxpages=3) failed for SUA: No /Root object! - Is this really a PDF?
[2026-04-26 12:00:15] [WARN]   PDF read (maxpages=1) failed for SUA: No /Root object! - Is this really a PDF?
[2026-04-26 12:00:15] [ERROR]   ❌ PDF read failed for SUA (all attempts)
[2026-04-26 12:00:16] [INFO] [4/16] Processing UP2 (UP2_4028328d.pdf)
[2026-04-26 12:00:16] [INFO]   DB → KAP category=HISSE
[2026-04-26 12:00:19] [WARN] parse_portfolio_tables error UP2_4028328d.pdf: No /Root object! - Is this really a PDF?
[2026-04-26 12:00:19] [WARN]   Fallback: attempting GLM for HISSE...
[2026-04-26 12:00:21] [WARN]   Fallback PDF read failed for UP2: No /Root object! - Is this really a PDF?
[2026-04-26 12:00:21] [ERROR]   ❌ HISSE extraction failed
[2026-04-26 12:00:23] [INFO] [5/16] Processing UPH (UPH_4028328d.pdf)
[2026-04-26 12:00:23] [INFO]   DB → KAP category=KARMA
[2026-04-26 12:00:23] [INFO]   KARMA fund: GLM directly (no pdfplumber)
[2026-04-26 12:00:28] [WARN]   PDF read (maxpages=3) failed for UPH: Unexpected EOF
[2026-04-26 12:00:33] [WARN]   PDF read (maxpages=1) failed for UPH: Unexpected EOF
[2026-04-26 12:00:33] [ERROR]   ❌ PDF read failed for UPH (all attempts)
[2026-04-26 12:00:34] [INFO] [6/16] Processing USDTR (USDTR_4028328c.pdf)
[2026-04-26 12:00:34] [INFO]   Fund category: PARA (override=False)
[2026-04-26 12:00:34] [ERROR]   ❌ UNKNOWN extraction failed
[2026-04-26 12:00:35] [INFO] [7/16] Processing ZELOT (ZELOT_4028328d.pdf)
[2026-04-26 12:00:36] [INFO]   Fund category: HISSE (override=False)
[2026-04-26 12:00:36] [ERROR]   ❌ UNKNOWN extraction failed
[2026-04-26 12:00:37] [INFO] [8/16] Processing ZGOLD (ZGOLD_4028328d.pdf)
[2026-04-26 12:00:37] [INFO]   Fund category: KIRA (override=False)
[2026-04-26 12:00:37] [WARN]   Skipping KIRA fon — no standard portföy table
[2026-04-26 12:00:37] [ERROR]   ❌ UNKNOWN extraction failed
[2026-04-26 12:00:38] [INFO] [9/16] Processing ZP8 (ZP8_4028328c.pdf)
[2026-04-26 12:00:38] [INFO]   DB → KAP category=HISSE
[2026-04-26 12:00:39] [INFO]   Fund category: HISSE (override=True)
[2026-04-26 12:00:39] [WARN]   Fallback: attempting GLM for HISSE...
[2026-04-26 12:01:16] [INFO]   ✅ JSON from reasoning_content for ZP8 (attempt 1)
[2026-04-26 12:01:16] [INFO]   HISSE fund: glm_fallback
[2026-04-26 12:01:17] [INFO]   ✅ Upserted ZP8 — total=100%
[2026-04-26 12:01:18] [INFO] [10/16] Processing ZP9 (ZP9_4028328c.pdf)
[2026-04-26 12:01:18] [INFO]   DB → KAP category=HISSE
[2026-04-26 12:01:18] [INFO]   Fund category: HISSE (override=True)
[2026-04-26 12:01:18] [WARN]   Fallback: attempting GLM for HISSE...
[2026-04-26 12:01:54] [INFO]   ✅ JSON from reasoning_content for ZP9 (attempt 1)
[2026-04-26 12:01:54] [INFO]   HISSE fund: glm_fallback
[2026-04-26 12:01:54] [INFO]   ✅ Upserted ZP9 — total=96.280206%
[2026-04-26 12:01:55] [INFO] [11/16] Processing ZPA (ZPA_4028328c.pdf)
[2026-04-26 12:01:55] [INFO]   DB → KAP category=HISSE
[2026-04-26 12:01:55] [INFO]   Fund category: HISSE (override=True)
[2026-04-26 12:01:56] [WARN]   Fallback: attempting GLM for HISSE...
[2026-04-26 12:02:34] [INFO]   ✅ JSON from reasoning_content for ZPA (attempt 1)
[2026-04-26 12:02:34] [INFO]   HISSE fund: glm_fallback
[2026-04-26 12:02:34] [INFO]   ✅ Upserted ZPA — total=100%
[2026-04-26 12:02:36] [INFO] [12/16] Processing ZPBDL (ZPBDL_4028328d.pdf)
[2026-04-26 12:02:36] [INFO]   Fund category: PARA (override=False)
[2026-04-26 12:02:36] [ERROR]   ❌ UNKNOWN extraction failed
[2026-04-26 12:02:37] [INFO] [13/16] Processing ZPX30 (ZPX30_4028328d.pdf)
[2026-04-26 12:02:37] [INFO]   Fund category: PARA (override=False)
[2026-04-26 12:02:37] [ERROR]   ❌ UNKNOWN extraction failed
[2026-04-26 12:02:38] [INFO] [14/16] Processing ZTLRK (ZTLRK_4028328d.pdf)
[2026-04-26 12:02:38] [INFO]   Fund category: KIRA (override=False)
[2026-04-26 12:02:38] [WARN]   Skipping KIRA fon — no standard portföy table
[2026-04-26 12:02:38] [ERROR]   ❌ UNKNOWN extraction failed
[2026-04-26 12:02:39] [INFO] [15/16] Processing ZTM25 (ZTM25_4028328d.pdf)
[2026-04-26 12:02:40] [INFO]   Fund category: HISSE (override=False)
[2026-04-26 12:02:40] [ERROR]   ❌ UNKNOWN extraction failed
[2026-04-26 12:02:41] [INFO] [16/16] Processing ZVO (ZVO_4028328c.pdf)
[2026-04-26 12:02:41] [INFO]   DB → KAP category=HISSE
[2026-04-26 12:02:42] [INFO]   Fund category: HISSE (override=True)
[2026-04-26 12:02:44] [WARN]   Fallback: attempting GLM for HISSE...
[2026-04-26 12:03:20] [WARN] GLM empty content for ZVO (attempt 1)
[2026-04-26 12:04:03] [WARN] GLM empty content for ZVO (attempt 2)
[2026-04-26 12:04:41] [INFO]   ✅ JSON from reasoning_content for ZVO (attempt 3)
[2026-04-26 12:04:41] [INFO]   HISSE fund: glm_fallback
[2026-04-26 12:04:41] [INFO]   ✅ Upserted ZVO — total=122.710793%
[2026-04-26 12:04:43] [INFO] === BATCH COMPLETE: 4 ✅  12 ❌ ===
[2026-04-26 13:06:50] [INFO] ============================================================
[2026-04-26 13:06:50] [INFO] KAP Portfolio Parser — pdfplumber + GLM fallback
[2026-04-26 13:06:50] [INFO] PDF dir: /Users/admin/Desktop/projects/fon-app/pdfs/portfoy_dagilim
[2026-04-26 13:06:50] [INFO] Zhipu key: SET
[2026-04-26 13:06:50] [INFO] Supabase key: SET
[2026-04-26 13:06:50] [INFO] ============================================================
[2026-04-26 13:06:50] [INFO] Found 507 PDF files in /Users/admin/Desktop/projects/fon-app/pdfs/portfoy_dagilim
[2026-04-26 13:06:50] [INFO] Pending: 22 PDFs (resume=False)
[2026-04-26 13:06:50] [INFO] DB fund_type lookup: 0/22 found
[2026-04-26 13:06:50] [INFO] Skipped: {'SERBEST': 0, 'KIRA': 0, 'SKIP': 0} | Processing: 22 funds
[2026-04-26 13:06:51] [WARN] _create_job_run failed: 401 {"message":"Unauthorized"}
[2026-04-26 13:06:51] [INFO] [1/22] Processing MJG (MJG_4028328d.pdf)
[2026-04-26 13:06:52] [INFO]   Fund category: PARA (override=False)
[2026-04-26 13:06:52] [INFO]   PARA fund: section4_total_only
[2026-04-26 13:06:53] [INFO]   ✅ Upserted MJG — total=100.88%
[2026-04-26 13:06:54] [INFO] [2/22] Processing OFS (OFS_4028328c.pdf)
[2026-04-26 13:06:55] [INFO]   Fund category: PARA (override=False)
[2026-04-26 13:06:55] [ERROR]   ❌ UNKNOWN extraction failed
[2026-04-26 13:06:57] [INFO] [3/22] Processing OHK (OHK_4028328c.pdf)
[2026-04-26 13:06:58] [WARN] parse_portfolio_tables error OHK_4028328c.pdf: Unexpected EOF
[2026-04-26 13:06:58] [ERROR]   ❌ UNKNOWN extraction failed
[2026-04-26 13:06:59] [INFO] [4/22] Processing OYL (OYL_4028328c.pdf)
[2026-04-26 13:07:05] [WARN] parse_portfolio_tables error OYL_4028328c.pdf: Unexpected EOF
[2026-04-26 13:07:05] [ERROR]   ❌ UNKNOWN extraction failed
[2026-04-26 13:07:06] [INFO] [5/22] Processing PFO (PFO_4028328c.pdf)
[2026-04-26 13:07:07] [INFO]   Fund category: PARA (override=False)
[2026-04-26 13:07:07] [ERROR]   ❌ UNKNOWN extraction failed
[2026-04-26 13:07:08] [INFO] [6/22] Processing SUA (SUA_4028328d.pdf)
[2026-04-26 13:07:16] [WARN] parse_portfolio_tables error SUA_4028328d.pdf: No /Root object! - Is this really a PDF?
[2026-04-26 13:07:16] [ERROR]   ❌ UNKNOWN extraction failed
[2026-04-26 13:07:17] [INFO] [7/22] Processing TCF (TCF_4028328c.pdf)
[2026-04-26 13:07:19] [INFO]   Fund category: PARA (override=False)
[2026-04-26 13:07:19] [INFO]   PARA fund: section4_total_only
[2026-04-26 13:07:20] [INFO]   ✅ Upserted TCF — total=100.36%
[2026-04-26 13:07:21] [INFO] [8/22] Processing TPL (TPL_4028328c.pdf)
[2026-04-26 13:07:23] [INFO]   Fund category: PARA (override=False)
[2026-04-26 13:07:23] [ERROR]   ❌ UNKNOWN extraction failed
[2026-04-26 13:07:24] [INFO] [9/22] Processing TRO (TRO_4028328d.pdf)
[2026-04-26 13:07:25] [INFO]   Fund category: PARA (override=False)
[2026-04-26 13:07:25] [ERROR]   ❌ UNKNOWN extraction failed
[2026-04-26 13:07:26] [INFO] [10/22] Processing UP1 (UP1_4028328d.pdf)
[2026-04-26 13:07:32] [INFO]   Fund category: PARA (override=False)
[2026-04-26 13:07:32] [ERROR]   ❌ UNKNOWN extraction failed
[2026-04-26 13:07:33] [INFO] [11/22] Processing UP2 (UP2_4028328d.pdf)
[2026-04-26 13:07:35] [WARN] parse_portfolio_tables error UP2_4028328d.pdf: No /Root object! - Is this really a PDF?
[2026-04-26 13:07:35] [ERROR]   ❌ UNKNOWN extraction failed
[2026-04-26 13:07:36] [INFO] [12/22] Processing UPH (UPH_4028328d.pdf)
[2026-04-26 13:07:42] [WARN] parse_portfolio_tables error UPH_4028328d.pdf: Unexpected EOF
[2026-04-26 13:07:42] [ERROR]   ❌ UNKNOWN extraction failed
[2026-04-26 13:07:43] [INFO] [13/22] Processing USDTR (USDTR_4028328c.pdf)
[2026-04-26 13:07:43] [INFO]   Fund category: PARA (override=False)
[2026-04-26 13:07:43] [ERROR]   ❌ UNKNOWN extraction failed
[2026-04-26 13:07:44] [INFO] [14/22] Processing ZCN (ZCN_4028328c.pdf)
[2026-04-26 13:07:44] [INFO]   Fund category: PARA (override=False)
[2026-04-26 13:07:44] [ERROR]   ❌ UNKNOWN extraction failed
[2026-04-26 13:07:45] [INFO] [15/22] Processing ZELOT (ZELOT_4028328d.pdf)
[2026-04-26 13:07:46] [INFO]   Fund category: HISSE (override=False)
[2026-04-26 13:07:46] [ERROR]   ❌ UNKNOWN extraction failed
[2026-04-26 13:07:47] [INFO] [16/22] Processing ZGOLD (ZGOLD_4028328d.pdf)
[2026-04-26 13:07:47] [INFO]   Fund category: KIRA (override=False)
[2026-04-26 13:07:47] [WARN]   Skipping KIRA fon — no standard portföy table
[2026-04-26 13:07:47] [ERROR]   ❌ UNKNOWN extraction failed
[2026-04-26 13:07:48] [INFO] [17/22] Processing ZPBDL (ZPBDL_4028328d.pdf)
[2026-04-26 13:07:48] [INFO]   Fund category: PARA (override=False)
[2026-04-26 13:07:48] [ERROR]   ❌ UNKNOWN extraction failed
[2026-04-26 13:07:50] [INFO] [18/22] Processing ZPX30 (ZPX30_4028328d.pdf)
[2026-04-26 13:07:50] [INFO]   Fund category: PARA (override=False)
[2026-04-26 13:07:50] [ERROR]   ❌ UNKNOWN extraction failed
[2026-04-26 13:07:51] [INFO] [19/22] Processing ZSG (ZSG_4028328c.pdf)
[2026-04-26 13:07:51] [INFO]   Fund category: PARA (override=False)
[2026-04-26 13:07:51] [ERROR]   ❌ UNKNOWN extraction failed
[2026-04-26 13:07:52] [INFO] [20/22] Processing ZTG (ZTG_4028328c.pdf)
[2026-04-26 13:07:53] [INFO]   Fund category: PARA (override=False)
[2026-04-26 13:07:53] [ERROR]   ❌ UNKNOWN extraction failed
[2026-04-26 13:07:54] [INFO] [21/22] Processing ZTLRK (ZTLRK_4028328d.pdf)
[2026-04-26 13:07:54] [INFO]   Fund category: KIRA (override=False)
[2026-04-26 13:07:54] [WARN]   Skipping KIRA fon — no standard portföy table
[2026-04-26 13:07:54] [ERROR]   ❌ UNKNOWN extraction failed
[2026-04-26 13:07:55] [INFO] [22/22] Processing ZTM25 (ZTM25_4028328d.pdf)
[2026-04-26 13:07:55] [INFO]   Fund category: HISSE (override=False)
[2026-04-26 13:07:56] [ERROR]   ❌ UNKNOWN extraction failed
[2026-04-26 13:07:57] [INFO] === BATCH COMPLETE: 2 ✅  20 ❌ ===
[2026-04-26 13:17:04] [INFO] ============================================================
[2026-04-26 13:17:04] [INFO] KAP Portfolio Parser — pdfplumber + GLM fallback
[2026-04-26 13:17:04] [INFO] PDF dir: /Users/admin/Desktop/projects/fon-app/pdfs/portfoy_dagilim
[2026-04-26 13:17:04] [INFO] Zhipu key: SET
[2026-04-26 13:17:04] [INFO] Supabase key: SET
[2026-04-26 13:17:04] [INFO] ============================================================
[2026-04-26 13:17:04] [INFO] Found 507 PDF files in /Users/admin/Desktop/projects/fon-app/pdfs/portfoy_dagilim
[2026-04-26 13:17:04] [INFO] Pending: 20 PDFs (resume=False)
[2026-04-26 13:17:04] [INFO] DB fund_type lookup: 0/20 found
[2026-04-26 13:17:04] [INFO] Skipped: {'SERBEST': 0, 'KIRA': 0, 'SKIP': 0} | Processing: 20 funds
[2026-04-26 13:17:04] [WARN] _create_job_run failed: 401 {"message":"Unauthorized"}
[2026-04-26 13:17:04] [INFO] [1/20] Processing OFS (OFS_4028328c.pdf)
[2026-04-26 13:17:06] [INFO]   Fund category: PARA (override=False)
[2026-04-26 13:17:06] [ERROR]   ❌ UNKNOWN extraction failed
[2026-04-26 13:17:07] [INFO] [2/20] Processing OHK (OHK_4028328c.pdf)
[2026-04-26 13:17:08] [WARN] parse_portfolio_tables error OHK_4028328c.pdf: Unexpected EOF
[2026-04-26 13:17:08] [ERROR]   ❌ UNKNOWN extraction failed
[2026-04-26 13:17:09] [INFO] [3/20] Processing OYL (OYL_4028328c.pdf)
[2026-04-26 13:17:15] [WARN] parse_portfolio_tables error OYL_4028328c.pdf: Unexpected EOF
[2026-04-26 13:17:15] [ERROR]   ❌ UNKNOWN extraction failed
[2026-04-26 13:17:17] [INFO] [4/20] Processing PFO (PFO_4028328c.pdf)
[2026-04-26 13:17:17] [INFO]   Fund category: PARA (override=False)
[2026-04-26 13:17:17] [ERROR]   ❌ UNKNOWN extraction failed
[2026-04-26 13:17:18] [INFO] [5/20] Processing SUA (SUA_4028328d.pdf)
[2026-04-26 13:17:26] [WARN] parse_portfolio_tables error SUA_4028328d.pdf: No /Root object! - Is this really a PDF?
[2026-04-26 13:17:26] [ERROR]   ❌ UNKNOWN extraction failed
[2026-04-26 13:17:27] [INFO] [6/20] Processing TPL (TPL_4028328c.pdf)
[2026-04-26 13:17:30] [INFO]   Fund category: PARA (override=False)
[2026-04-26 13:17:30] [ERROR]   ❌ UNKNOWN extraction failed
[2026-04-26 13:17:31] [INFO] [7/20] Processing TRO (TRO_4028328d.pdf)
[2026-04-26 13:17:31] [INFO]   Fund category: PARA (override=False)
[2026-04-26 13:17:31] [ERROR]   ❌ UNKNOWN extraction failed
[2026-04-26 13:17:32] [INFO] [8/20] Processing UP1 (UP1_4028328d.pdf)
[2026-04-26 13:17:38] [INFO]   Fund category: PARA (override=False)
[2026-04-26 13:17:38] [ERROR]   ❌ UNKNOWN extraction failed
[2026-04-26 13:17:39] [INFO] [9/20] Processing UP2 (UP2_4028328d.pdf)
[2026-04-26 13:17:42] [WARN] parse_portfolio_tables error UP2_4028328d.pdf: No /Root object! - Is this really a PDF?
[2026-04-26 13:17:42] [ERROR]   ❌ UNKNOWN extraction failed
[2026-04-26 13:17:43] [INFO] [10/20] Processing UPH (UPH_4028328d.pdf)
[2026-04-26 13:17:48] [WARN] parse_portfolio_tables error UPH_4028328d.pdf: Unexpected EOF
[2026-04-26 13:17:48] [ERROR]   ❌ UNKNOWN extraction failed
[2026-04-26 13:17:49] [INFO] [11/20] Processing USDTR (USDTR_4028328c.pdf)
[2026-04-26 13:17:49] [INFO]   Fund category: PARA (override=False)
[2026-04-26 13:17:49] [ERROR]   ❌ UNKNOWN extraction failed
[2026-04-26 13:17:50] [INFO] [12/20] Processing ZCN (ZCN_4028328c.pdf)
[2026-04-26 13:17:51] [INFO]   Fund category: PARA (override=False)
[2026-04-26 13:17:51] [ERROR]   ❌ UNKNOWN extraction failed
[2026-04-26 13:17:52] [INFO] [13/20] Processing ZELOT (ZELOT_4028328d.pdf)
[2026-04-26 13:17:52] [INFO]   Fund category: HISSE (override=False)
[2026-04-26 13:17:52] [ERROR]   ❌ UNKNOWN extraction failed
[2026-04-26 13:17:53] [INFO] [14/20] Processing ZGOLD (ZGOLD_4028328d.pdf)
[2026-04-26 13:17:53] [INFO]   Fund category: KIRA (override=False)
[2026-04-26 13:17:53] [WARN]   Skipping KIRA fon — no standard portföy table
[2026-04-26 13:17:53] [ERROR]   ❌ UNKNOWN extraction failed
[2026-04-26 13:17:55] [INFO] [15/20] Processing ZPBDL (ZPBDL_4028328d.pdf)
[2026-04-26 13:17:55] [INFO]   Fund category: PARA (override=False)
[2026-04-26 13:17:55] [ERROR]   ❌ UNKNOWN extraction failed
[2026-04-26 13:17:56] [INFO] [16/20] Processing ZPX30 (ZPX30_4028328d.pdf)
[2026-04-26 13:17:56] [INFO]   Fund category: PARA (override=False)
[2026-04-26 13:17:56] [ERROR]   ❌ UNKNOWN extraction failed
[2026-04-26 13:17:57] [INFO] [17/20] Processing ZSG (ZSG_4028328c.pdf)
[2026-04-26 13:17:58] [INFO]   Fund category: PARA (override=False)
[2026-04-26 13:17:58] [ERROR]   ❌ UNKNOWN extraction failed
[2026-04-26 13:17:59] [INFO] [18/20] Processing ZTG (ZTG_4028328c.pdf)
[2026-04-26 13:17:59] [INFO]   Fund category: PARA (override=False)
[2026-04-26 13:17:59] [ERROR]   ❌ UNKNOWN extraction failed
[2026-04-26 13:18:00] [INFO] [19/20] Processing ZTLRK (ZTLRK_4028328d.pdf)
[2026-04-26 13:18:00] [INFO]   Fund category: KIRA (override=False)
[2026-04-26 13:18:00] [WARN]   Skipping KIRA fon — no standard portföy table
[2026-04-26 13:18:00] [ERROR]   ❌ UNKNOWN extraction failed
[2026-04-26 13:18:01] [INFO] [20/20] Processing ZTM25 (ZTM25_4028328d.pdf)
[2026-04-26 13:18:02] [INFO]   Fund category: HISSE (override=False)
[2026-04-26 13:18:02] [ERROR]   ❌ UNKNOWN extraction failed
[2026-04-26 13:18:03] [INFO] === BATCH COMPLETE: 0 ✅  20 ❌ ===
[2026-04-26 13:25:49] [INFO] ============================================================
[2026-04-26 13:25:49] [INFO] KAP Portfolio Parser — pdfplumber + GLM fallback
[2026-04-26 13:25:49] [INFO] PDF dir: /Users/admin/Desktop/projects/fon-app/pdfs/portfoy_dagilim
[2026-04-26 13:25:49] [INFO] Zhipu key: SET
[2026-04-26 13:25:49] [INFO] Supabase key: SET
[2026-04-26 13:25:49] [INFO] ============================================================
[2026-04-26 13:25:49] [INFO] Found 507 PDF files in /Users/admin/Desktop/projects/fon-app/pdfs/portfoy_dagilim
[2026-04-26 13:25:49] [INFO] Pending: 20 PDFs (resume=False)
[2026-04-26 13:25:49] [INFO] DB fund_type lookup: 0/20 found
[2026-04-26 13:25:49] [INFO] Skipped: {'SERBEST': 0, 'KIRA': 0, 'SKIP': 0} | Processing: 20 funds
[2026-04-26 13:25:49] [WARN] _create_job_run failed: 401 {"message":"Unauthorized"}
[2026-04-26 13:25:49] [INFO] [1/20] Processing OFS (OFS_4028328c.pdf)
[2026-04-26 13:25:51] [INFO]   Fund category: PARA (override=False)
[2026-04-26 13:25:51] [ERROR]   ❌ UNKNOWN extraction failed
[2026-04-26 13:25:52] [INFO] [2/20] Processing OHK (OHK_4028328c.pdf)
[2026-04-26 13:25:53] [WARN] parse_portfolio_tables error OHK_4028328c.pdf: Unexpected EOF
[2026-04-26 13:25:53] [ERROR]   ❌ UNKNOWN extraction failed
[2026-04-26 13:25:54] [INFO] [3/20] Processing OYL (OYL_4028328c.pdf)
[2026-04-26 13:26:01] [WARN] parse_portfolio_tables error OYL_4028328c.pdf: Unexpected EOF
[2026-04-26 13:26:01] [ERROR]   ❌ UNKNOWN extraction failed
[2026-04-26 13:26:02] [INFO] [4/20] Processing PFO (PFO_4028328c.pdf)
[2026-04-26 13:26:02] [INFO]   Fund category: PARA (override=False)
[2026-04-26 13:26:02] [ERROR]   ❌ UNKNOWN extraction failed
[2026-04-26 13:26:03] [INFO] [5/20] Processing SUA (SUA_4028328d.pdf)
[2026-04-26 13:26:11] [WARN] parse_portfolio_tables error SUA_4028328d.pdf: No /Root object! - Is this really a PDF?
[2026-04-26 13:26:11] [ERROR]   ❌ UNKNOWN extraction failed
[2026-04-26 13:26:13] [INFO] [6/20] Processing TPL (TPL_4028328c.pdf)
[2026-04-26 13:26:15] [INFO]   Fund category: PARA (override=False)
[2026-04-26 13:26:15] [ERROR]   ❌ UNKNOWN extraction failed
[2026-04-26 13:26:16] [INFO] [7/20] Processing TRO (TRO_4028328d.pdf)
[2026-04-26 13:26:16] [INFO]   Fund category: PARA (override=False)
[2026-04-26 13:26:16] [ERROR]   ❌ UNKNOWN extraction failed
[2026-04-26 13:26:18] [INFO] [8/20] Processing UP1 (UP1_4028328d.pdf)
[2026-04-26 13:26:23] [INFO]   Fund category: PARA (override=False)
[2026-04-26 13:26:23] [ERROR]   ❌ UNKNOWN extraction failed
[2026-04-26 13:26:24] [INFO] [9/20] Processing UP2 (UP2_4028328d.pdf)
[2026-04-26 13:26:27] [WARN] parse_portfolio_tables error UP2_4028328d.pdf: No /Root object! - Is this really a PDF?
[2026-04-26 13:26:27] [ERROR]   ❌ UNKNOWN extraction failed
[2026-04-26 13:26:28] [INFO] [10/20] Processing UPH (UPH_4028328d.pdf)
[2026-04-26 13:26:33] [WARN] parse_portfolio_tables error UPH_4028328d.pdf: Unexpected EOF
[2026-04-26 13:26:33] [ERROR]   ❌ UNKNOWN extraction failed
[2026-04-26 13:26:34] [INFO] [11/20] Processing USDTR (USDTR_4028328c.pdf)
[2026-04-26 13:26:34] [INFO]   Fund category: PARA (override=False)
[2026-04-26 13:26:34] [ERROR]   ❌ UNKNOWN extraction failed
[2026-04-26 13:26:35] [INFO] [12/20] Processing ZCN (ZCN_4028328c.pdf)
[2026-04-26 13:26:36] [INFO]   Fund category: PARA (override=False)
[2026-04-26 13:26:36] [ERROR]   ❌ UNKNOWN extraction failed
[2026-04-26 13:26:37] [INFO] [13/20] Processing ZELOT (ZELOT_4028328d.pdf)
[2026-04-26 13:26:37] [INFO]   Fund category: HISSE (override=False)
[2026-04-26 13:26:37] [ERROR]   ❌ UNKNOWN extraction failed
[2026-04-26 13:26:38] [INFO] [14/20] Processing ZGOLD (ZGOLD_4028328d.pdf)
[2026-04-26 13:26:38] [INFO]   Fund category: KIRA (override=False)
[2026-04-26 13:26:38] [WARN]   Skipping KIRA fon — no standard portföy table
[2026-04-26 13:26:38] [ERROR]   ❌ UNKNOWN extraction failed
[2026-04-26 13:26:40] [INFO] [15/20] Processing ZPBDL (ZPBDL_4028328d.pdf)
[2026-04-26 13:26:40] [INFO]   Fund category: PARA (override=False)
[2026-04-26 13:26:40] [ERROR]   ❌ UNKNOWN extraction failed
[2026-04-26 13:26:41] [INFO] [16/20] Processing ZPX30 (ZPX30_4028328d.pdf)
[2026-04-26 13:26:41] [INFO]   Fund category: PARA (override=False)
[2026-04-26 13:26:41] [ERROR]   ❌ UNKNOWN extraction failed
[2026-04-26 13:26:42] [INFO] [17/20] Processing ZSG (ZSG_4028328c.pdf)
[2026-04-26 13:26:42] [INFO]   Fund category: PARA (override=False)
[2026-04-26 13:26:42] [ERROR]   ❌ UNKNOWN extraction failed
[2026-04-26 13:26:44] [INFO] [18/20] Processing ZTG (ZTG_4028328c.pdf)
[2026-04-26 13:26:44] [INFO]   Fund category: PARA (override=False)
[2026-04-26 13:26:44] [ERROR]   ❌ UNKNOWN extraction failed
[2026-04-26 13:26:45] [INFO] [19/20] Processing ZTLRK (ZTLRK_4028328d.pdf)
[2026-04-26 13:26:45] [INFO]   Fund category: KIRA (override=False)
[2026-04-26 13:26:45] [WARN]   Skipping KIRA fon — no standard portföy table
[2026-04-26 13:26:45] [ERROR]   ❌ UNKNOWN extraction failed
[2026-04-26 13:26:46] [INFO] [20/20] Processing ZTM25 (ZTM25_4028328d.pdf)
[2026-04-26 13:26:46] [INFO]   Fund category: HISSE (override=False)
[2026-04-26 13:26:47] [ERROR]   ❌ UNKNOWN extraction failed
[2026-04-26 13:26:48] [INFO] === BATCH COMPLETE: 0 ✅  20 ❌ ===
[2026-04-26 13:27:35] [INFO]   Fund category: PARA (override=True)
[2026-04-26 13:27:35] [WARN]   Fallback: attempting GLM for PARA...
[2026-04-26 13:28:19] [INFO]   ✅ JSON from reasoning_content for PFO (attempt 1)
[2026-04-26 13:28:19] [INFO]   PARA fund: glm_fallback
[2026-04-26 13:28:19] [INFO]   ✅ Upserted PFO — total=100%
[2026-04-26 13:28:41] [INFO] ============================================================
[2026-04-26 13:28:41] [INFO] KAP Portfolio Parser — pdfplumber + GLM fallback
[2026-04-26 13:28:41] [INFO] PDF dir: /Users/admin/Desktop/projects/fon-app/pdfs/portfoy_dagilim
[2026-04-26 13:28:41] [INFO] Zhipu key: SET
[2026-04-26 13:28:41] [INFO] Supabase key: SET
[2026-04-26 13:28:41] [INFO] ============================================================
[2026-04-26 13:28:41] [INFO] Found 507 PDF files in /Users/admin/Desktop/projects/fon-app/pdfs/portfoy_dagilim
[2026-04-26 13:28:41] [INFO] Pending: 19 PDFs (resume=False)
[2026-04-26 13:28:41] [INFO] DB fund_type lookup: 0/19 found
[2026-04-26 13:28:41] [INFO] Skipped: {'SERBEST': 0, 'KIRA': 0, 'SKIP': 0} | Processing: 5 funds
[2026-04-26 13:28:42] [WARN] _create_job_run failed: 401 {"message":"Unauthorized"}
[2026-04-26 13:28:42] [INFO] [1/5] Processing OFS (OFS_4028328c.pdf)
[2026-04-26 13:28:43] [INFO]   Fund category: PARA (override=False)
[2026-04-26 13:28:43] [ERROR]   ❌ UNKNOWN extraction failed
[2026-04-26 13:28:44] [INFO] [2/5] Processing OHK (OHK_4028328c.pdf)
[2026-04-26 13:28:46] [WARN] parse_portfolio_tables error OHK_4028328c.pdf: Unexpected EOF
[2026-04-26 13:28:46] [ERROR]   ❌ UNKNOWN extraction failed
[2026-04-26 13:28:47] [INFO] [3/5] Processing OYL (OYL_4028328c.pdf)
[2026-04-26 13:28:53] [WARN] parse_portfolio_tables error OYL_4028328c.pdf: Unexpected EOF
[2026-04-26 13:28:53] [ERROR]   ❌ UNKNOWN extraction failed
[2026-04-26 13:28:54] [INFO] [4/5] Processing SUA (SUA_4028328d.pdf)
[2026-04-26 13:29:02] [WARN] parse_portfolio_tables error SUA_4028328d.pdf: No /Root object! - Is this really a PDF?
[2026-04-26 13:29:02] [ERROR]   ❌ UNKNOWN extraction failed
[2026-04-26 13:29:03] [INFO] [5/5] Processing TPL (TPL_4028328c.pdf)
[2026-04-26 13:29:06] [INFO]   Fund category: PARA (override=False)
[2026-04-26 13:29:06] [ERROR]   ❌ UNKNOWN extraction failed
[2026-04-26 13:29:07] [INFO] === BATCH COMPLETE: 0 ✅  5 ❌ ===
[2026-04-26 13:29:24] [INFO]   Fund category: PARA (override=False)
[2026-04-26 13:29:24] [ERROR]   ❌ UNKNOWN extraction failed
[2026-04-26 13:29:25] [INFO]   Fund category: PARA (override=False)
[2026-04-26 13:29:25] [ERROR]   ❌ UNKNOWN extraction failed
[2026-04-26 13:29:27] [INFO]   Fund category: PARA (override=False)
[2026-04-26 13:29:27] [ERROR]   ❌ UNKNOWN extraction failed
[2026-04-26 13:29:27] [INFO]   Fund category: PARA (override=False)
[2026-04-26 13:29:27] [ERROR]   ❌ UNKNOWN extraction failed
[2026-04-26 13:34:41] [INFO]   Fund category: PARA (override=False)
[2026-04-26 13:34:41] [ERROR]   ❌ UNKNOWN extraction failed
[2026-04-26 13:34:47] [INFO]   Fund category: PARA (override=False)
[2026-04-26 13:34:47] [ERROR]   ❌ UNKNOWN extraction failed
[2026-04-26 13:36:01] [INFO]   Fund category: PARA (override=False)
[2026-04-26 13:40:49] [INFO]   Fund category: PARA (override=False)
[2026-04-26 13:40:49] [INFO]     Section IV pcts: {}
[2026-04-26 13:40:49] [INFO]     Section III grup_totals: {'other': 4.26}
[2026-04-26 13:40:49] [WARN]   Fallback: attempting GLM for UNKNOWN...
[2026-04-26 13:41:32] [WARN] GLM empty content for TRO (attempt 1)
[2026-04-26 13:42:09] [INFO]   ✅ JSON from reasoning_content for TRO (attempt 2)
[2026-04-26 13:42:09] [INFO]   PARA fund: glm_fallback
[2026-04-26 13:42:09] [INFO]   ✅ Upserted TRO — total=100.0%
[2026-04-26 13:42:20] [INFO] ============================================================
[2026-04-26 13:42:20] [INFO] KAP Portfolio Parser — pdfplumber + GLM fallback
[2026-04-26 13:42:20] [INFO] PDF dir: /Users/admin/Desktop/projects/fon-app/pdfs/portfoy_dagilim
[2026-04-26 13:42:20] [INFO] Zhipu key: SET
[2026-04-26 13:42:20] [INFO] Supabase key: SET
[2026-04-26 13:42:20] [INFO] ============================================================
[2026-04-26 13:42:20] [INFO] Found 507 PDF files in /Users/admin/Desktop/projects/fon-app/pdfs/portfoy_dagilim
[2026-04-26 13:42:20] [INFO] Pending: 19 PDFs (resume=False)
[2026-04-26 13:42:20] [INFO] DB fund_type lookup: 0/19 found
[2026-04-26 13:42:20] [INFO] Skipped: {'SERBEST': 0, 'KIRA': 0, 'SKIP': 0} | Processing: 19 funds
[2026-04-26 13:42:20] [WARN] _create_job_run failed: 401 {"message":"Unauthorized"}
[2026-04-26 13:42:20] [INFO] [1/19] Processing OFS (OFS_4028328c.pdf)
[2026-04-26 13:42:22] [INFO]   Fund category: PARA (override=False)
[2026-04-26 13:42:22] [INFO]     Section IV pcts: {}
[2026-04-26 13:42:22] [INFO]     Section III grup_totals: {}
[2026-04-26 13:42:22] [WARN]   Fallback: attempting GLM for UNKNOWN...
[2026-04-26 13:43:05] [INFO]   ✅ JSON from reasoning_content for OFS (attempt 1)
[2026-04-26 13:43:07] [INFO]   PARA fund: glm_fallback
[2026-04-26 13:43:07] [INFO]   ✅ Upserted OFS — total=100.99%
[2026-04-26 13:43:08] [INFO] [2/19] Processing OHK (OHK_4028328c.pdf)
[2026-04-26 13:43:10] [WARN] parse_portfolio_tables error OHK: Unexpected EOF
[2026-04-26 13:43:10] [WARN]   Fallback: attempting GLM for UNKNOWN...
[2026-04-26 13:43:11] [WARN]   Fallback PDF read failed for OHK: Unexpected EOF
[2026-04-26 13:43:11] [ERROR]   ❌ UNKNOWN extraction failed
[2026-04-26 13:43:12] [INFO] [3/19] Processing OYL (OYL_4028328c.pdf)
[2026-04-26 13:43:18] [WARN] parse_portfolio_tables error OYL: Unexpected EOF
[2026-04-26 13:43:18] [WARN]   Fallback: attempting GLM for UNKNOWN...
[2026-04-26 13:43:25] [WARN]   Fallback PDF read failed for OYL: Unexpected EOF
[2026-04-26 13:43:25] [ERROR]   ❌ UNKNOWN extraction failed
[2026-04-26 13:43:26] [INFO] [4/19] Processing PFO (PFO_4028328c.pdf)
[2026-04-26 13:43:26] [INFO]   Fund category: PARA (override=False)
[2026-04-26 13:43:26] [INFO]     Section IV pcts: {}
[2026-04-26 13:43:26] [INFO]     Section III grup_totals: {}
[2026-04-26 13:43:26] [WARN]   Fallback: attempting GLM for UNKNOWN...
[2026-04-26 13:43:58] [INFO]   PARA fund: glm_fallback
[2026-04-26 13:43:58] [INFO]   ✅ Upserted PFO — total=100%
[2026-04-26 13:44:00] [INFO] [5/19] Processing SUA (SUA_4028328d.pdf)
[2026-04-26 13:44:08] [WARN] parse_portfolio_tables error SUA: No /Root object! - Is this really a PDF?
[2026-04-26 13:44:08] [WARN]   Fallback: attempting GLM for UNKNOWN...
[2026-04-26 13:44:16] [WARN]   Fallback PDF read failed for SUA: No /Root object! - Is this really a PDF?
[2026-04-26 13:44:16] [ERROR]   ❌ UNKNOWN extraction failed
[2026-04-26 13:44:18] [INFO] [6/19] Processing TPL (TPL_4028328c.pdf)
[2026-04-26 13:44:20] [INFO]   Fund category: PARA (override=False)
[2026-04-26 13:44:20] [INFO]     Section IV pcts: {}
[2026-04-26 13:44:20] [INFO]     Section III grup_totals: {'other': 2.76, 'term_deposit': 2.0}
[2026-04-26 13:44:20] [WARN]   Fallback: attempting GLM for UNKNOWN...
[2026-04-26 13:45:00] [WARN] GLM empty content for TPL (attempt 1)
[2026-04-26 13:45:39] [INFO]   ✅ JSON from reasoning_content for TPL (attempt 2)
[2026-04-26 13:45:40] [INFO]   PARA fund: glm_fallback
[2026-04-26 13:45:41] [INFO]   ✅ Upserted TPL — total=96.66%
[2026-04-26 13:45:42] [INFO] [7/19] Processing UP1 (UP1_4028328d.pdf)
[2026-04-26 13:49:38] [INFO]   Fund category: HISSE (override=False)
[2026-04-26 13:49:38] [WARN]   Fallback: attempting GLM for UNKNOWN...
[2026-04-26 13:49:54] [INFO]   HISSE fund: glm_fallback
[2026-04-26 13:49:54] [INFO]   ✅ Upserted TEST1595931 — total=0%
[2026-04-26 13:54:28] [INFO]   Fund category: HISSE (override=False)
[2026-04-26 13:54:28] [WARN]   Fallback: attempting GLM for UNKNOWN...
[2026-04-26 13:54:45] [INFO]   HISSE fund: glm_fallback
[2026-04-26 13:54:45] [INFO]   ✅ Upserted SAS — total=0%
[2026-04-26 14:02:33] [INFO]   Fund category: PARA (override=False)
[2026-04-26 14:02:33] [INFO]     Section IV pcts: {}
[2026-04-26 14:02:33] [INFO]     Section III grup_totals: {}
[2026-04-26 14:02:33] [WARN]   Fallback: attempting GLM for UNKNOWN...
[2026-04-26 14:03:22] [WARN] GLM empty content for UP1 (attempt 1)
[2026-04-26 14:42:27] [INFO]   Fund category: HISSE (override=False)
[2026-04-26 14:42:27] [WARN]   Fallback: attempting GLM for UNKNOWN...
[2026-04-26 14:43:00] [INFO]   HISSE fund: glm_fallback
[2026-04-26 14:43:01] [INFO]   ✅ Upserted AK — total=0%
[2026-04-26 14:43:01] [INFO]   Fund category: SERBEST (override=False)
[2026-04-26 14:43:01] [WARN]   Skipping SERBEST fon — no standard portföy table
[2026-04-26 14:43:01] [WARN]   Fallback: attempting GLM for UNKNOWN...
[2026-04-26 14:43:13] [INFO]   SERBEST fund: glm_fallback
[2026-04-26 14:43:13] [INFO]   ✅ Upserted HP2 — total=0%
